idx,db_id,iro,final_score,base_score,impact_score,scale,scope,probability,irreversibility,fin_scale,fin_prob,financial_score,polarity,confidence,similarity,issue_group,domain,sub_issue_name,text
1,24,opportunity,0.1762,0.5664,0.3013,3,3,3,1,1,2,0.1623,neutral,0.8692,0.6516298651695251,에너지 관리,E,신재생에너지 전환,AI 데이터센터(AIDC) 진흥 법안의 핵심 쟁점인 전력 직접구매계약(PPA) 허용 여부를 두고 과학기술정보통신부와 기후에너지환경부 간 의견 차이가 발생하면서 법안 처리가 보류됐다. PPA는 발전사업자와 직접 계약을 체결해 전력 비용을 절감하고 전력 수요를 지방으로 분산하는 방식이다. 해당 제도는 대규모 전력 수요가 발생하는 데이터센터 산업의 경쟁력과 직결되는 정책으로 논의되고 있다. 글로벌 사례로는 오픈AI의 스타게이트(Stargate) 프로젝트에 약 5000억달러 규모 투자가 추진되는 점이 언급됐다.
2,25,opportunity,0.1367,0.558,0.1201,1,1,1,1,1,1,0.1201,neutral,0.901,0.6192905902862549,에너지 관리,E,신재생에너지 전환,OCI홀딩스 자회사 OCI에너지는 아라바파워(Arava Power)와 공동 개발 중인 미국 텍사스 Sun Roper 태양광 프로젝트의 금융 조달을 완료했다. 조달 규모는 약 3억9400만달러이며 ING Capital이 단독 주관사로 참여했다. 발전 용량은 260MW이며 텍사스 전력시장과 20년 전력구매계약(PPA)을 체결해 수익 구조를 확보했다. 해당 프로젝트는 투자세액공제(ITC) 30%와 에너지 커뮤니티 보너스 10%를 합쳐 최대 40%의 투자비 환급이 가능하며 2027년 3분기 상업 운전을 시작할 예정이다.
3,26,opportunity,0.1585,0.5965,0.1663,1,3,1,1,1,2,0.1663,neutral,0.8908,0.6695858836174011,에너지 관리,E,신재생에너지 전환,글로벌 식품 기업 마스(Mars)는 스웨덴 쾨발렌 풍력발전소 발전량의 약 70%를 장기 전력구매계약(PPA)을 통해 확보했다. 해당 풍력발전소는 설비용량 277.2MW로 연간 약 670GWh 전력을 생산한다. 마스는 이 전력을 자사 운영 시설뿐 아니라 공급망 전반에 활용할 계획이라고 밝혔다. 이번 계약은 유럽 가치사슬의 탈탄소화를 추진하는 동시에 프로젝트 금융 조달 안정성 확보에도 기여하는 구조로 설명됐다.
4,27,risk,0.1472,0.4355,0.1496,1,1,2,1,3,2,0.2991,neutral,0.8629,0.5046456456184387,에너지 관리,E,신재생에너지 전환,AI 데이터센터를 국가 전략 인프라로 육성하기 위한 특별법이 국회 법안소위원회에 상정됐다. 법안 논의에서는 전력 직접거래(PPA) 허용과 전력계통영향평가 면제 여부가 핵심 쟁점으로 부각됐다. 1GW급 데이터센터의 연간 전기요금이 약 1조원에 달하는 만큼 안정적인 전력 조달 체계 마련이 산업 경쟁력과 직결되는 사안으로 제시됐다. 법안의 실효성은 전력 특례의 적용 범위와 방식에 따라 달라질 가능성이 제기됐다.
5,28,risk,0.1648,0.5166,0.2234,3,1,2,1,2,2,0.2351,neutral,0.8818,0.585831880569458,에너지 관리,E,신재생에너지 전환,정부가 분산형 전력망 확대를 위해 총 3210억원을 투입하는 계획을 추진했다. 올해 20개를 시작으로 2030년까지 배전망 85곳에 에너지저장장치(ESS)를 구축하는 방안이 포함됐다. 이를 통해 약 485MW 규모의 태양광 발전 추가 접속이 가능해질 것으로 제시됐다. 제주 시범 운영을 기반으로 육지 확대와 전력 시장 제도 개편도 함께 추진된다.
6,29,opportunity,0.1381,0.4796,0.1666,1,3,1,1,1,2,0.1666,neutral,0.8927,0.5372421741485596,에너지 관리,E,신재생에너지 전환,"SK그룹은 글로벌 사모펀드 운용사 KKR과 신재생에너지 사업 통합을 추진한다. SK이터닉스와 SK이노베이션 E S, SK에코플랜트의 신재생에너지 사업을 KKR에 패키지로 매각한 뒤 합작법인(JV) 지분을 취득하는 구조다. 매각 대상에는 SK디스커버리가 보유한 SK이터닉스 경영권 지분 30.98%도 포함됐다. 이를 통해 신재생에너지 사업을 통합 운영하는 체계를 구축할 계획이다."
7,30,opportunity,0.1399,0.5507,0.1449,1,2,1,1,1,1,0.1207,neutral,0.9055,0.6081240177154541,에너지 관리,E,신재생에너지 전환,"메타는 미국에서 최대 6.6GW 규모의 원전 전력 확보를 목표로 비스트라 테라파워 오클로와 2035년까지의 계약을 체결했다. 20년간 전력구매계약(PPA)과 원전 개발 자금 지원, 기존 원전 수명 연장을 포함하는 합의로 AI 데이터센터 확장을 뒷받침하기로 했다. 나트리움 원전 2기 자금 지원과 최대 2.8GW 확대 계획, 오하이오주 원전 수명 연장 및 433MW 용량 증강 지원이 포함됐다. 이는 전력 공급망 안정과 지역사회 영향 확대를 고려한 조치로 설명됐다."
8,31,opportunity,0.1435,0.5976,0.1197,1,1,1,1,1,1,0.1197,neutral,0.8981,0.6653997302055359,에너지 관리,E,신재생에너지 전환,영국 정부가 신재생에너지 차액계약제도(CfD)를 통해 14 15GW 규모의 신규 재생에너지 발전용량을 확보했다고 가디언이 10일(현지시간) 보도했다. 이는 2014년 하반기 CfD 시행 이후 최대 규모 계약이다. 태양광이 가장 큰 비중을 차지하며 육상풍력과 조력 발전도 포함됐다. 정부는 향후 수년간 해당 설비를 순차적으로 완공해 전력망에 연결할 계획이다.
9,32,opportunity,0.1142,0.416,0.1426,1,1,2,1,1,1,0.1097,neutral,0.8225,0.5057842135429382,인적자원 관리,S,다양성 및 형평성 (DEI),"미국 연방 고용평등기회위원회(EEOC)가 나이키의 다양성 형평성 포용성(DEI) 정책이 백인 직원에 대한 역차별에 해당하는지 여부를 조사하고 있다. EEOC는 2월 4일 미주리 동부 연방법원에 소환장 집행을 요청하는 문건을 제출했으며, 해당 문건에서 나이키가 DEI 프로그램과 관련해 의도적 인종 차별을 했을 가능성이 있다 고 밝히고 공식 조사에 착수했다고 설명했다. 이번 사안에서는 나이키가 공시한 DEI 목표와 활동 정보가 정부 조사 근거로 활용됐다는 점이 주목된다. EEOC는 나이키가 백인 직원과 지원자, 교육 프로그램 참가자에게 불리한 대우를 했는지 여부를 확인하고 있다."
10,33,opportunity,0.1469,0.5944,0.1479,1,1,2,1,1,1,0.1137,neutral,0.853,0.6968280673027039,ESG 데이터 거버넌스,G,ESG 데이터 내부통제,EU 집행위원회는 3일(현지시각) 유럽감사감독기구위원회(CEAOB)에 9월 30일까지 지속가능성 검증 기준 개발을 위한 기술 자문을 제출해달라고 요청했다. 이는 개정된 기업지속가능성보고지침(CSRD)에 따라 2027년 7월까지 제한적 보증(limited assurance) 기준을 담은 위임입법(Delegated Act)을 채택해야 하기 때문이다. 제한적 보증은 검증인이 ESG 보고서를 검토한 결과 중요한 오류가 발견되지 않았다는 소극적 결론을 제시하는 방식이다. 이는 질문과 분석적 절차 중심으로 수행되며 재무제표 반기 검토와 유사한 수준으로 설명됐다.
11,34,opportunity,0.1397,0.5766,0.1194,1,1,1,1,1,1,0.1194,neutral,0.8956,0.6437972187995911,에너지 관리,E,신재생에너지 전환,공공기관의 재생에너지 사용 확대를 위한 K-RE100 이 출범했다. 정부는 올해부터 경영평가 대상 88개 공공기관에 K-RE100 가입 및 이행실적 을 평가지표로 반영한다. 이에 따라 공공기관은 매년 재생에너지 사용 실적을 평가받게 된다. 기후부는 현재 평균 14% 수준인 공공기관 재생에너지 사용 비율을 2030년까지 60%로 높인다는 계획이다.
12,35,opportunity,0.1361,0.5058,0.1687,1,3,1,1,1,1,0.1205,neutral,0.9037,0.5597145557403564,에너지 관리,E,신재생에너지 전환,태양광 업계에 따르면 삼성물산은 최근 펀드를 조성해 전국 소규모 태양광 발전소를 매입하고 있다. 이는 분산된 태양광과 에너지저장장치(ESS) 자원을 묶어 판매하는 애그리게이터 사업 진출을 위한 조치다. 애그리게이터는 분산 에너지 자원을 포트폴리오화해 기업과 전력시장에 공급하는 사업자를 의미한다. 국내에서는 SK이터닉스와 브라이트에너지파트너스 등이 관련 사업을 영위하고 있다.
13,36,opportunity,0.1421,0.4934,0.2157,3,2,1,1,1,1,0.1198,neutral,0.8987,0.5489668250083923,에너지 관리,E,신재생에너지 전환,"한국전력은 3일 미국 괌에서 5억달러(약 7000억원) 규모의 태양광 에너지저장장치(ESS) 연계 재생에너지 사업 프로젝트파이낸스(PF) 계약을 체결했다고 밝혔다. 해당 사업은 괌 전력청이 발주했으며, 요나 지역에 태양광 132MW와 ESS 84MW 325MWh를 구축하는 프로젝트다. 모회사 상환보증 없이 현지 법인의 사업성과 장기 전력판매계약(PPA)을 기반으로 자금을 조달하는 구조다. 완공 시 연간 약 222GWh 전력 공급이 가능하다."
14,37,risk,0.1384,0.3461,0.1858,3,1,1,1,3,2,0.3019,neutral,0.8708,0.3974890410900116,에너지 관리,E,신재생에너지 전환,월스트리트저널은 2일(현지시각) 구글 모회사 알파벳이 풍력 태양광 발전업체 인터섹트를 47억5000만달러(약 6조9000억원)에 인수하기로 했다고 보도했다. 인수가 완료되면 구글은 미국 빅테크 기업 중 발전 자회사를 보유한 유일한 기업이 된다. 이번 인수는 인공지능(AI) 데이터센터에 공급할 전력을 직접 확보하기 위한 조치다. 월스트리트저널은 이를 통해 구글이 경쟁사 대비 차별화된 전력 조달 구조를 갖추게 된다고 분석했다.
15,38,opportunity,0.1229,0.394,0.1925,1,3,3,1,1,2,0.1348,neutral,0.722,0.5456619262695312,에너지 관리,E,신재생에너지 전환,글로벌 금융그룹 ING는 2일(현지시각) 에너지 전망 2026 보고서를 발표했다. 보고서는 2026년 태양광과 풍력 성장이 이어지겠지만 전력망 제약과 무역 보호주의 정책으로 설치 과정이 복잡해질 것이라고 분석했다. EU가 중국산 칩과 부품을 공급망에서 배제할 경우 비용 상승과 설치 지연이 발생할 수 있다는 진단이다. 재생에너지 전환이 단기적으로 부담 요인에 직면했다고 평가했다.
16,39,risk,0.1286,0.3893,0.1555,1,3,1,1,2,2,0.2221,neutral,0.833,0.4673038721084595,에너지 관리,E,신재생에너지 전환,전력업계에 따르면 미국 전력회사의 설비투자액은 2024년 1730억달러에서 지난해 2147억달러로 24.1% 증가했다. 2000억달러를 넘어선 것은 이번이 처음이다. 이는 인공지능(AI) 데이터센터와 태양광 등 신재생에너지 단지 확산에 따른 전력 수요 증가에 대응하기 위한 투자다. 미국 전력기기 시장이 확대 국면에 진입한 흐름으로 전해졌다.
17,40,opportunity,0.1635,0.5889,0.2453,3,2,2,1,1,1,0.1168,neutral,0.8761,0.6721985340118408,에너지 관리,E,신재생에너지 전환,아랍에미리트 국영 재생에너지 기업 마스다르는 우즈베키스탄에서 태양광과 에너지저장장치(ESS)를 결합한 최대 1GW 규모 재생에너지 프로젝트를 검토하고 있다. 마스다르는 22일 아부다비 지속가능성 주간(ADSW) 2026에서 우즈베키스탄 에너지부와 에미리트 유틸리티 개발회사(EUDC)와 협력 계약을 체결했다고 밝혔다. 이번 협력은 대규모 태양광 발전과 배터리를 결합해 연중무휴 전력을 공급하는 구조를 목표로 한다. 해당 프로젝트는 중앙아시아 지역에서 기저부하 재생에너지 모델을 구현하려는 시도로 소개됐다.
18,41,opportunity,0.1452,0.4974,0.1899,3,1,1,1,1,2,0.1661,neutral,0.89,0.5588579773902893,에너지 관리,E,신재생에너지 전환,"현대건설은 미국 태양광 개발 사업 루시(LUCY) 의 본공사에 착수했다고 28일 밝혔다. 현대건설은 27일 미국 텍사스주 댈러스에서 350MW 규모 태양광 발전 사업 착공식을 개최했다. 해당 프로젝트는 텍사스주 콘초 카운티 일대에 대규모 태양광 발전소를 건설 운영하는 사업이다. 현대건설, 한국중부발전, 한국해외인프라도시개발지원공사(KIND), EIP자산운용, PIS펀드 등이 참여한 팀 코리아 가 공동 추진하며, 현대건설은 개발 단계부터 지분 투자와 기술 검토, 태양광 모듈 공급을 담당한다."
19,42,opportunity,0.1363,0.5074,0.1683,1,3,1,1,1,1,0.1202,neutral,0.9016,0.5628066658973694,에너지 관리,E,신재생에너지 전환,"GS건설은 인도 마하라슈트라주에 위치한 파투르 태양광 발전단지 를 준공하고 상업운전에 돌입했다고 27일 밝혔다. 해당 발전단지는 총 12.75MWp 규모다. 연간 약 1800만 2000만kWh의 전력을 생산할 수 있다. GS건설은 개발사업자로 참여해 시공과 운영을 맡으며, 생산 전력 중 약 69%에 해당하는 13.9GWh를 일진글로벌 인디아에 25년간 공급할 예정이다."
20,43,opportunity,0.1614,0.5257,0.2352,1,1,3,3,2,1,0.1882,neutral,0.882,0.5960132479667664,에너지 관리,E,신재생에너지 전환,"인도 정부가 희토류 영구자석 제조 생태계 구축을 위한 보조금 계획을 확정했다. 블룸버그 통신에 따르면, 총 지원 규모는 730억 루피로 집계됐다. 전기차와 신재생에너지 산업에 필수적인 자석을 직접 생산해 중국 의존도 90%에서 벗어나는 것이 목표다. 인도 정부는 7년 내 연간 6000톤 규모의 생산 능력을 확보할 계획이며, 베단타와 JSW 그룹, 소나BLW 등이 참여 의사를 밝혔다."
21,44,opportunity,0.1052,0.4063,0.1049,1,1,1,1,1,1,0.1049,neutral,0.7866,0.5164926052093506,에너지 관리,E,신재생에너지 전환,"클라이밋 그룹과 탄소공개정보프로젝트(CDP) 위원회가 20일 발간한 RE100 2024 연례보고서 에 따르면, 한국에서 재생에너지 조달에 어려움을 겪은 기업은 70곳으로 조사됐다. 이는 미국(20곳)의 3.5배 수준이다. 2022년 대비 약 80% 증가했다. 응답 기업의 51.4%는 높은 비용을 주요 애로사항으로 꼽았다."
22,45,risk,0.1535,0.6122,0.1205,1,1,1,1,1,2,0.1687,neutral,0.9035,0.6776284575462341,에너지 관리,E,신재생에너지 전환,"탑솔라가 현대건설과 국내 최대 규모의 재생에너지 전력 공급 협약을 체결했다. 탑솔라는 19일 현대건설과 재생에너지 전력공급계약(PPA) 체결을 위한 협약을 맺었다고 밝혔다. 합의된 전력 공급량은 총 1.5GW로, 대형 원전 1기 발전용량에 해당한다. 이는 국내 단일 기업 간 직접 전력 거래 가운데 최대 규모다. 공급되는 전력은 현대건설을 통해 RE100 이행을 추진하는 국내 주요 기업들에 전달될 예정이다."
23,46,risk,0.1683,0.4992,0.1933,3,1,1,1,3,2,0.3141,neutral,0.906,0.5509727597236633,ESG 데이터 거버넌스,G,ESG 데이터 내부통제,"기후에너지환경부가 올해 녹색정책금융 활성화 사업을 통해 기업 대출 이자 지원 규모를 3조원으로 확대한다. 기후부는 18일 신규 대출에 대한 이차보전 규모를 지난해 1조5500억원 대비 약 2배 수준으로 늘려 추진한다고 밝혔다. 지원 대상은 온실가스 감축 목적의 기업 투자 대출이다. 중소 중견기업의 접근성을 높이기 위해 100억원 이하 대출의 감축계획 외부검증 절차를 간소화하고, 금융회사의 녹색여신 검증으로 대체해 비용과 행정 부담을 줄일 방침이다."
24,47,opportunity,0.1524,0.498,0.2056,2,1,3,1,1,3,0.1948,neutral,0.8116,0.6136358380317688,이사회 구조,G,이사회 구성 및 독립성,"유럽연합(EU)이 2026년부터 기업 경영진에 직접 법적 책임을 묻는 강력한 정보기술 보안 규제를 시행한다. 네트워크 정보 시스템 지침(NIS2)과 금융 부문 디지털운영탄력성법(DORA)이 핵심으로, 침해 사고 발생 시 경영진이 충분한 주의를 기울였음을 입증하도록 요구한다. 규정을 위반할 경우 기업은 최대 1000만 유로 또는 전 세계 연간 매출액의 상당 부분에 해당하는 벌금을 부과받을 수 있다. 적절한 거버넌스 체계를 갖추지 못한 상태에서 사고가 발생하면 이사회 구성원이 개인적으로 법적 책임을 질 수 있을 것으로 전망된다."
25,48,opportunity,0.0976,0.3361,0.1552,3,3,1,1,1,1,0.0776,neutral,0.5819,0.5775976181030273,기후변화·온실가스,E,Scope 1·2 배출량,국내 상장사의 지속가능경영보고서 공시는 증가했지만 기후 리스크의 정량적 재무 영향 공시는 여전히 부족한 것으로 나타났다. 한국거래소는 지난해 유가증권시장 상장사 225곳이 지속가능경영보고서를 공시했다고 밝혔다. 기후 시나리오 분석을 수행한 기업은 85곳으로 늘었으나 전체 대비 비중은 38%에 그쳤다. 온실가스 배출 공시에서 Scope 1 2는 대부분 공개했지만 연결기준으로 공시한 기업은 3곳에 불과했다.
26,49,opportunity,0.1239,0.5034,0.11,1,1,1,1,1,1,0.11,neutral,0.8249,0.6103148460388184,에너지 관리,E,신재생에너지 전환,"중국 밍양 스마트에너지그룹이 독자 개발한 30메가와트(MW)급 순수 수소 가스터빈 목성 1호 가 발전에 성공했다. 이는 풍력 태양광 발전과 전기분해 기반 수소 생산을 결합한 실증 프로젝트가 실제 운영 단계에 들어섰다는 의미다. 해당 프로젝트는 재생에너지로 수소를 생산하고, 그 수소로 다시 전력을 생산하는 구조다. 중국은 이를 통해 전기와 수소를 연계한 에너지 전환 모델을 구축하고 있다."
27,50,opportunity,0.1583,0.5907,0.169,1,3,1,1,1,2,0.169,neutral,0.9056,0.6523222327232361,에너지 관리,E,신재생에너지 전환,정부가 신재생에너지공급의무화 제도를 폐지하고 재생에너지 입찰제도로 전환하는 방안을 추진 중이다. 이에 따라 태양광 현물시장 물량이 RE100 이행용 전력으로 거래될 수 있는 구조가 마련된다. 업계는 약 7GW 규모의 태양광 물량이 대상이 될 수 있다고 보고 있다. 실제 물량 이동 규모는 입찰 단가와 PPA 가격에 따라 결정될 것으로 전해졌다.
28,51,opportunity,0.1397,0.5124,0.1861,3,1,1,1,1,1,0.1163,neutral,0.8725,0.5873287916183472,에너지 관리,E,신재생에너지 전환,넥스트에라 에너지가 구글과 메타 등 빅테크 기업과 대규모 전력구매계약(PPA)을 체결했다. 회사는 재생에너지뿐 아니라 천연가스와 원자력 발전까지 포함하는 공급 체계를 구축하고 있다. 동시에 가스 소매업체 인수와 신규 가스 발전소 개발에도 나섰다. AI 확산으로 증가하는 전력 수요에 대응하기 위한 전략으로 풀이된다.
29,52,risk,0.1454,0.5674,0.1197,1,1,1,1,1,2,0.1676,neutral,0.8981,0.6317884922027588,에너지 관리,E,신재생에너지 전환,정부가 2030년까지 육상풍력을 6GW 규모로 보급하고 발전단가를 1kWh당 150원으로 낮추는 목표를 제시했다. 기후에너지환경부는 육상풍력 보급 가속 전담반 첫 회의를 열어 입찰 확대와 민간 직접 PPA 활성화 방안을 논의했다. 정부는 2035년까지 육상풍력을 12GW로 늘리고 내년 상반기 중 입찰 로드맵을 발표할 계획이다. 또한 국내에서 터빈 300기 이상을 공급해 산업 경쟁력을 강화하겠다고 밝혔다.
30,53,risk,0.155,0.505,0.1838,3,1,1,1,2,2,0.2297,neutral,0.8614,0.5862461924552917,에너지 관리,E,신재생에너지 전환,LS일렉트릭이 미국 대형 민간 전력 유틸리티(IOU)와 4598억원 규모의 초고압 변압기 공급 계약을 체결했다고 26일 밝혔다. 계약 규모는 회사가 체결한 단일 초고압 변압기 계약 중 역대 최대다. LS일렉트릭은 2027 2029년 미국 동남부 데이터센터 전력을 공급할 신재생에너지 발전소에 525kV급 변압기를 납품하며 기존 115kV 354kV 중심 공급 범위를 확대한다.
31,54,opportunity,0.16,0.6343,0.1824,3,1,1,1,1,1,0.114,neutral,0.855,0.7419259548187256,에너지 관리,E,신재생에너지 전환,"SK이터닉스(SK eternix)가 100MW 규모 태양광 전력 공급을 위한 직접전력거래계약(Power Purchase Agreement, PPA)을 25일 체결했다고 밝혔다. 회사는 향후 25년간 총 5023억원 규모의 태양광 전력을 RE100 이행 기업에 공급할 계획이다. 이번 계약은 지난해 11월과 올해 6월에 이어 세 번째 대규모 직접 PPA 성과다."
32,55,risk,0.1484,0.59,0.1171,1,1,1,1,1,2,0.164,neutral,0.8785,0.6715924143791199,에너지 관리,E,신재생에너지 전환,쿠웨이트 민간협력청이 샤가야 재생에너지 단지 내 500MW(메가와트) 규모의 태양광 발전소 2곳의 개발 입찰을 본격화했다. 10월 사전 자격 심사를 통과한 주요 사업자에게 입찰 제안서 제출이 요청됐으며 한국서부발전도 포함됐다. 사업자는 EPC와 함께 소유 운영 유지보수 등을 맡게 된다. 운영권은 30년간 보장된다.
33,56,opportunity,0.1614,0.6328,0.1885,3,1,1,1,1,1,0.1178,neutral,0.8836,0.7162118554115295,기후변화·온실가스,E,Scope 1·2 배출량,"과학기반감축목표 이니셔티브(SBTi)가 기업의 넷제로 검증 체계를 전면 개편한 기업 넷제로 표준 V2 초안을 공개했다. 새 기준은 업종과 규모별로 다양한 감축 경로를 선택할 수 있도록 유연성을 확대했다. 직접배출(Scope 1)은 선형 감축, 저탄소 활동 확대, 자산 탈탄소화 계획 등 세 가지 접근을 병행할 수 있게 했다. 간접배출(Scope 2)과 가치사슬 배출(Scope 3)은 기업 유형에 따라 단기 장기 목표 설정 방식과 지표 선택 방식을 조정했다."
34,57,opportunity,0.1614,0.6328,0.1885,3,1,1,1,1,1,0.1178,neutral,0.8836,0.7162118554115295,기후변화·온실가스,E,Scope 3 배출량,"과학기반감축목표 이니셔티브(SBTi)가 기업의 넷제로 검증 체계를 전면 개편한 기업 넷제로 표준 V2 초안을 공개했다. 새 기준은 업종과 규모별로 다양한 감축 경로를 선택할 수 있도록 유연성을 확대했다. 직접배출(Scope 1)은 선형 감축, 저탄소 활동 확대, 자산 탈탄소화 계획 등 세 가지 접근을 병행할 수 있게 했다. 간접배출(Scope 2)과 가치사슬 배출(Scope 3)은 기업 유형에 따라 단기 장기 목표 설정 방식과 지표 선택 방식을 조정했다."
35,58,risk,0.1545,0.4553,0.1785,3,1,1,1,3,2,0.2901,neutral,0.8368,0.5440930724143982,인적자원 관리,S,다양성 및 형평성 (DEI),"한국거래소는 2024년 사업연도 기준 기업지배구조 보고서를 공시한 기업이 총 549개로 집계됐다고 밝혔다. 자산총액 5000억원 이상 의무공시 기업은 541개였으며 핵심지표 준수율은 전반적으로 높아졌다. 다만 자산 2조원 이상 기업의 준수율은 67.1%였고 자산 5000억원 이상 기업은 38.6%로 격차가 나타났다. 내부감사기구 외부감사인 소통, 이사회 내 성별 다양성, 배당 정책 통지 등 항목에서 차이가 두드러졌다."
36,59,risk,0.1337,0.5036,0.1184,1,1,1,1,1,2,0.1658,neutral,0.888,0.5671634674072266,에너지 관리,E,신재생에너지 전환,"메타가 엔지 북미법인과 600MW 규모의 전력구매계약(PPA)을 체결하고, 트리티오크 클린에너지와 385MW 계약을 추가로 맺었다. 두 계약은 총 1GW 규모로, 미국 텍사스주와 루이지애나주에서 2027년 이후 전력을 공급받게 된다. 이는 AI 데이터센터 전력 수요 급증에 대응하기 위한 조치다. 메타는 100% 재생에너지 전력 사용 원칙을 유지하며 이번 계약을 추진했다."
37,60,opportunity,0.1429,0.4768,0.2379,3,3,1,1,1,1,0.1189,neutral,0.8921,0.5345163941383362,기후변화·온실가스,E,Scope 1·2 배출량,"캐나다 스타트업 큐라가 고온 가열(킬른) 대신 전기화학 분해 방식을 적용한 시멘트 생산 기술을 공개했다. 이 공정은 생산 과정의 이산화탄소 배출을 최대 85% 줄일 수 있다. 전력 사용량은 늘지만, 재생에너지 기반 전력을 활용하면 전체 탄소배출을 크게 낮출 수 있다."
38,61,risk,0.1608,0.6516,0.1216,1,1,1,1,1,2,0.1703,neutral,0.9122,0.7143718004226685,에너지 관리,E,신재생에너지 전환,"기후에너지환경부가 바이오가스 공급인증제 도입을 위한 제도 설계에 착수했다. 이번 제도는 신재생에너지 공급인증서(REC) 제도를 참고해, 생산자가 인증서를 거래하거나 발전소 도시가스망에 바이오가스를 공급할 수 있도록 하는 방식이다. 정부는 내년 중 제도안을 마련하고, 2027년 시행을 목표로 관련 법령 개정을 추진한다."
39,62,opportunity,0.1559,0.5508,0.2381,3,3,1,1,1,1,0.1191,neutral,0.8929,0.6168925762176514,에너지 관리,E,신재생에너지 전환,"머크 라이프사이언스가 SK이노베이션 E S와 20년 장기 전력구매계약(PPA)을 체결했다. 이는 머크가 아시아태평양 지역에서 체결한 최장기 재생에너지 계약으로, 16MW 규모의 재생에너지를 공급받는다. 대전과 송도 생산시설에 매년 2만1000MWh가량의 전력이 공급돼 한국 사업장 전체 전력 수요의 약 75%를 충당할 수 있다. 계약은 2027년 12월부터 본격 시행된다."
40,63,opportunity,0.1147,0.386,0.1754,3,1,1,1,1,1,0.1096,neutral,0.822,0.4695734977722168,에너지 관리,E,신재생에너지 전환,"삼성물산 상사부문 일본 법인이 현지 신재생에너지 기업 이렉스와 손잡고 에너지저장장치(ESS) 사업을 확대한다. 양사는 50대50 출자 비율로 합작법인을 설립하고, 일본 전역에 대규모 ESS 인프라를 구축할 계획이다. 첫 프로젝트는 미야자키현 구시마시에서 진행 중인 2000 규모 ESS 사업이며, 이후 20 이상 대형 프로젝트로 확대할 예정이다. 삼성물산은 양산 기술 개발과 설비 구축을 담당한다."
41,64,risk,0.1419,0.4778,0.1153,1,1,1,1,3,1,0.2536,neutral,0.8647,0.5525931715965271,에너지 관리,E,신재생에너지 전환,"인도 정부가 2070년 탄소중립과 빈곤 탈피라는 두 목표를 동시에 달성하기 위한 국가 청사진을 공개했다. 초안에 따르면 향후 45년간 최대 21조달러(약 2경9841조원)가 투입돼, 산업 주거 인프라 저탄소 전환과 신재생에너지 확대, 원전 건설, 탄소포집기술 개발에 사용된다. 이는 인도 누적 GDP의 연평균 5 7%에 해당하는 규모다. 블룸버그통신은 이번 계획이 기후목표와 경제성장을 병행하기 위한 첫 국가 단위 자금 산출 사례라고 전했다."
42,65,opportunity,0.1343,0.46,0.2081,3,2,1,1,1,1,0.1156,neutral,0.867,0.5306024551391602,에너지 관리,E,신재생에너지 전환,"SK그룹이 베트남 칸호아성에 대규모 에너지 물류 복합 단지 투자를 제안했다. 베트남 현지 언론에 따르면 SK는 베트남 정부에 3개 핵심 사업을 포함한 녹색성장 프로젝트를 제시했다. 주요 사업은 카나와 반퐁 지역에 최대 3000MW 규모의 LNG 발전소 건설, 카나 지역 물류 인프라 확충, 신재생에너지 기술 연구개발이다. 이번 제안은 SK의 동남아 친환경 에너지 포트폴리오 확장 전략의 일환으로 평가된다."
43,66,opportunity,0.1375,0.5042,0.1872,1,3,2,1,1,1,0.1101,neutral,0.826,0.6103734374046326,에너지 관리,E,신재생에너지 전환,"정부가 30년 이상 된 액화천연가스(LNG) 화력발전소를 신설할 때 기존 설비의 절반 용량만 허용하는 방안을 검토 중이다. 김성환 기후에너지환경부 장관이 탈원전 시즌2 를 예고한 가운데, 탈가스 전환까지 병행될 경우 전력 수급 불안정과 요금 상승이 우려된다는 지적이 나온다. 발전 공기업 다섯 곳은 해당 방안에 대한 정부 요청을 받고 의견 수렴에 착수했다. 발전업계는 이번 조치를 재생에너지 전환 속도를 높이기 위한 정부의 구조적 개편으로 보고 있다."
44,67,opportunity,0.0481,0.1945,0.0432,1,1,1,1,1,1,0.0432,neutral,0.3239,0.6004117727279663,에너지 관리,E,신재생에너지 전환,"국내 기업이 사용하는 재생에너지의 85%가 실질적인 온실가스 감축 효과가 없는 것으로 나타났다. 국회 기후에너지환경노동위원회 이용우 의원에 따르면, K-RE100 참여기업 967곳이 사용한 38TWh 중 33TWh가 녹색프리미엄 방식으로, 감축 효과 없이 금전으로 친환경 인증을 대체한 구조다. 제도는 기업의 재생에너지 전환을 유도하기 위해 도입됐으나 실질적 전환을 저해한다는 비판이 제기됐다. 전문가들은 실질 감축을 위한 추가성 기준 강화와 제도 개편이 필요하다고 지적했다."
45,68,opportunity,0.1123,0.424,0.1311,1,1,2,1,1,1,0.1008,neutral,0.7563,0.5606333017349243,기후변화·온실가스,E,Scope 1·2 배출량,"세일즈포스가 2030년까지 절대 배출량을 절반 줄이겠다는 기존 약속을 철회하고, 배출 집약도 감축으로 목표를 수정했다. 이는 배출 총량이 늘더라도 수익 증가 속도가 더 빠르면 목표 달성이 가능해 사실상 완화된 기준이라는 지적이 나왔다. 세일즈포스는 AI 데이터센터 확장과 인수 합병으로 스코프3 배출이 급증했으며, 이미 2019년 이후 집약도를 62% 줄여 새 목표(68%)에 근접한 상태다. 기후 전문매체 트렐리스와 뉴클라이밋연구소는 이번 조정이 숫자 맞추기식 ESG 로 흐를 우려가 크다고 비판했다."
46,69,opportunity,0.1265,0.3934,0.2398,3,3,2,1,1,1,0.1043,neutral,0.782,0.5031182765960693,에너지 관리,E,신재생에너지 전환,"영국 광고심의위원회(ASA)는 셸의 태양광 전력구매계약(PPA) 광고가 소비자를 오도하지 않았다고 판정하며 그린워싱 제소를 기각했다. 해당 광고는 베이커휴즈와의 협력을 강조하며 석유 가스 사업을 언급하지 않아 논란이 일었지만, ASA는 이를 기업 간 거래(B2B) 광고로 판단했다. ASA는 광고가 셸의 전체 사업 모델이나 저탄소 전략을 대표한다고 보기 어렵고, 일반 소비자 대상이 아니기 때문에 오해 소지가 낮다고 설명했다. 이에 따라 셸은 별도의 광고 수정이나 철회 없이 해당 광고를 유지할 수 있게 됐다."
47,70,opportunity,0.1607,0.572,0.203,1,3,2,1,1,2,0.1672,neutral,0.8957,0.6385627388954163,에너지 관리,E,신재생에너지 전환,"전력거래소가 전국 재생에너지 발전 현황을 실시간으로 감시 제어할 수 있는 재생e 통합관제체계 구축에 나섰다. 이번 사업은 태양광 풍력뿐 아니라 한전이 관리하던 PPA 기반 소규모 재생에너지 발전량까지 통합해 관리하는 시스템으로, 총 23억6100만원이 투입된다. 구축이 완료되면 송전망 중심의 기존 체계가 배전망 단위까지 확대돼 분산형 재생에너지의 실측 데이터 관리와 전압 안정도 예측이 가능해진다. 전력거래소는 출력제어 알림을 실시간으로 전송하는 모바일 앱과 3D 가상 홍보관도 함께 도입해 전국 재생에너지 운영을 통합 관리할 계획이다."
48,71,opportunity,0.1363,0.5568,0.1198,1,1,1,1,1,1,0.1198,neutral,0.8985,0.6197406053543091,에너지 관리,E,신재생에너지 전환,"한국중부발전이 오만 수 전력 조달공사와 이브리3 태양광 BESS 발전 사업 전력 판매 계약 을 체결했다. 이브리3는 오만에서 발주된 최대 용량의 BESS(배터리형 에너지저장장치) 연계형 태양광 발전 프로젝트다. 중부발전은 UAE 국영기업 마스다르, 오만 국영 OQAE, 알 카드라와 컨소시엄을 구성해 사업에 참여했다."
49,72,risk,0.1171,0.427,0.11,1,1,1,1,1,2,0.1541,neutral,0.8253,0.5173519849777222,인적자원 관리,S,다양성 및 형평성 (DEI),블랙록과 뱅가드가 올해 기업 경영진과의 미팅 횟수를 크게 줄였다. 미국 증권거래위원회(SEC)가 기후변화와 다양성 등 ESG 이슈 논의를 제한하는 새 지침을 발표한 이후 나타난 변화다. 이번 지침은 공시와 의결권 자문사 역할을 축소하려는 공화당 흐름과 맞물려 있다.
50,73,risk,0.1547,0.4782,0.1862,3,1,1,1,3,1,0.256,neutral,0.8727,0.547947883605957,에너지 관리,E,신재생에너지 전환,"삼성물산 건설 부문이 카타르 국영에너지회사 카타르에너지가 발주한 2000MW 규모 태양광 발전 프로젝트를 단독 수주했다. EPC 금액만 약 1조4600억원 규모로, 설계부터 시공까지 전 과정을 삼성물산이 수행한다. 태양 추적식 트래커와 고온 환경에 최적화된 인버터를 적용해 발전 효율을 극대화할 계획이다. 이번 프로젝트는 카타르 최대 규모 태양광 사업으로 꼽힌다."
51,74,risk,0.1148,0.3863,0.1402,1,1,2,1,1,2,0.151,neutral,0.8087,0.4777379333972931,에너지 관리,E,신재생에너지 전환,"현대건설이 호주 최대 전력망 사업자인 오스넷과 업무협약을 맺고 전력망 재구축 사업에 참여한다. 양사는 송변전 인프라, 태양광 해상풍력 수소 등 신재생에너지 분야 협력을 확대하기로 했다. 현대건설은 지난해 시드니 지사를 설립하고 남호주 주정부와 협약을 체결하는 등 호주 시장 기반을 강화해왔다. 이번 협력으로 오세아니아 에너지 인프라 시장 진출이 본격화될 전망이다."
52,75,opportunity,0.1666,0.5026,0.2419,3,3,1,1,2,2,0.2419,neutral,0.907,0.5541402101516724,에너지 관리,E,신재생에너지 전환,독일 정부가 재생에너지 전력구매계약(PPA) 확대를 위해 5억유로(약 8143억원) 규모 지원책을 추진한다. 이는 제조업 전력비 부담을 낮추고 산업 경쟁력을 유지하기 위한 조치다. 독일은 EU 집행위원회와 협의에 착수했다. 재생에너지 전환 속도 둔화와 산업계 비용 압박이 논의의 배경으로 꼽힌다.
53,76,opportunity,0.1492,0.5578,0.1919,1,1,3,1,1,1,0.1199,neutral,0.8996,0.6200670599937439,에너지 관리,E,신재생에너지 전환,"산업통상자원부가 제6차 신재생에너지 기본계획 수립 작업에 본격 착수했다. 이번 계획은 신재생에너지법에 따른 법정 중장기 계획으로 10년 단위로 수립되고, 5년마다 개정된다. 정부는 올해 말까지 최종안을 확정해 재생에너지 중심의 에너지 전환 전략을 구체화할 방침이다."
54,77,opportunity,0.1152,0.4546,0.1096,1,1,1,1,1,1,0.1096,neutral,0.8221,0.552996814250946,인적자원 관리,S,다양성 및 형평성 (DEI),"국내 500대 기업의 올해 다양성 지수가 57점으로 집계되며 3년 연속 개선세를 이어갔다. 여성 임원 비중은 처음으로 8%를 넘어섰고, 여성 평균 급여도 남성의 70%를 돌파했다. 근속연수 격차 축소 역시 지수 상승을 견인한 요인으로 꼽혔다. 이번 평가는 리더스인덱스와 사단법인 위민인이노베이션(WIN)이 사업보고서를 제출한 376개사를 대상으로 진행됐다."
55,78,opportunity,0.1319,0.503,0.1555,1,3,1,1,1,1,0.1111,neutral,0.8331,0.603818416595459,이사회 구조,G,이사회 구성 및 독립성,코스피200 기업의 70%가 이사회 구성의 적정성을 평가하는 이사회 역량 진단표(BSM) 를 공시한 것으로 나타났다. 그러나 작성 관리 활용까지 체계적으로 운영하는 기업은 26%에 불과했다. 한국 딜로이트그룹 기업지배기구발전센터(CCG)가 발표한 보고서는 코스피200 기업의 BSM 공시 현황을 분석하고 국내외 모범사례와 시사점을 제시했다.
56,79,opportunity,0.1484,0.5784,0.1674,1,3,1,1,1,1,0.1196,neutral,0.8968,0.6449744701385498,에너지 관리,E,에너지 소비 및 효율화,"소니가 중기 환경경영 계획 그린 매니지먼트 2030 을 발표하며 협력사에 100% 재생에너지 전환을 요구했다. 소니는 2026 2030년 5년간 그룹 온실가스 배출량을 2025년 대비 25% 이상 감축한다는 목표를 세웠다. 스코프 1 2 배출량은 60% 줄이고, 스코프 3도 25% 감축하며, 잔여분은 탄소 제거로 상쇄한다는 방침이다. 이를 위해 제품 효율 개선과 글로벌 재생에너지 확대, 공급망 감축 관리가 병행된다."
57,80,opportunity,0.1484,0.5784,0.1674,1,3,1,1,1,1,0.1196,neutral,0.8968,0.6449744701385498,에너지 관리,E,신재생에너지 전환,"소니가 중기 환경경영 계획 그린 매니지먼트 2030 을 발표하며 협력사에 100% 재생에너지 전환을 요구했다. 소니는 2026 2030년 5년간 그룹 온실가스 배출량을 2025년 대비 25% 이상 감축한다는 목표를 세웠다. 스코프 1 2 배출량은 60% 줄이고, 스코프 3도 25% 감축하며, 잔여분은 탄소 제거로 상쇄한다는 방침이다. 이를 위해 제품 효율 개선과 글로벌 재생에너지 확대, 공급망 감축 관리가 병행된다."
58,81,risk,0.1391,0.3501,0.186,3,1,1,1,3,2,0.3023,neutral,0.8719,0.40149182081222534,에너지 관리,E,신재생에너지 전환,정부가 내년도 RE100 산업단지와 차세대 전력망 구축에 4조2000억원을 배정했다. 올해보다 50% 늘어난 규모다. 통상 대응 예산은 300억원에서 2조1000억원으로 70배 확대됐다. 이재명 정부의 첫 예산안은 29일 국무회의에서 의결됐다.
59,82,risk,0.1664,0.4343,0.2567,3,1,3,1,3,2,0.3033,neutral,0.875,0.4963502287864685,에너지 관리,E,신재생에너지 전환,"산업통상자원부가 2026년도 예산안을 역대 최대 규모인 13조8778억원으로 확정했다. 관행적 지출과 유사 중복 사업을 정비해 절감한 재원은 첨단산업 육성, 에너지 전환, 공급망 강화 등에 재배치했다. 재생에너지 예산은 전년 대비 42% 늘어난 1조2703억원으로 확대됐다. 특히 신재생에너지 금융지원사업은 6480억원으로 두 배 수준으로 증액됐다."
60,83,risk,0.1491,0.4218,0.1798,3,1,1,1,3,2,0.2922,neutral,0.8429,0.500414252281189,에너지 관리,E,신재생에너지 전환,현대건설이 녹색채권 수요예측 목표액의 5배가 넘는 주문을 확보했다. 당초 2000억원의 수요를 예측했으나 1조900억원이 몰리며 시장 인기를 입증했다. 현대건설은 이에 3100억원으로 증액하여 발행하기로 했다. 조달 자금은 LUCY 태양광 발전 등 친환경 건축 사업에 투입될 예정이다.
61,84,opportunity,0.1275,0.3937,0.2345,3,3,1,1,1,1,0.1173,neutral,0.8795,0.44764626026153564,기후변화·온실가스,E,Scope 3 배출량,"말레이시아 정부가 가공되지 않은 희토류 금속 수출을 전면 금지했다. 이는 세계 최대 공급국인 중국을 견제하며, 미국 등 서방의 투자 유치와 자국 다운스트림 산업 육성을 목표로 한 조치다. 외국인 투자자는 현지에서 광물 가공, 일자리 창출, 기술 이전 프로젝트에 참여해야만 희토류 부문에 진입할 수 있다. SCMP는 이번 결정이 글로벌 희토류 공급망 재편을 가속화할 수 있다고 전했다."
62,85,opportunity,0.1193,0.4625,0.1182,1,1,1,1,1,1,0.1182,neutral,0.8867,0.5215574502944946,에너지 관리,E,신재생에너지 전환,"환경부는 기업 탄소배출권 중 유상할당 비중을 현행 10%에서 내년부터 발전 외 부문은 15%로, 발전 부문은 2030년까지 50%로 점진적으로 상향한다. 2026 2030년 배출허용총량은 직전 5년 대비 82% 수준으로 줄어든다. 이는 제4차 배출권 할당계획 의 일환으로, 배출권 가격 정상화와 온실가스 감축을 촉진하려는 목적이다. 정부는 재생에너지 전환과 탈석탄을 본격적으로 유도한다는 방침이다."
63,86,opportunity,0.1466,0.4613,0.2231,3,3,1,1,2,1,0.1785,neutral,0.8366,0.5514050126075745,에너지 관리,E,에너지 소비 및 효율화,"포스코가 500억원 규모의 기업형벤처캐피탈(CVC) 1호 펀드 를 결성한다. 포스코가 400억원, 포스코기술투자가 100억원을 출자했으며, 결성 총회는 29일 열린다. 투자 대상은 디지털 전환, 에너지 절감, 탄소저감, 재생에너지 등 핵심 기술을 보유한 벤처기업이다. 전체 펀드의 20%는 해외 유망 벤처기업에도 투자해 글로벌 혁신 생태계와의 연계를 강화할 계획이다."
64,87,opportunity,0.1373,0.4644,0.183,1,1,3,1,1,2,0.1601,neutral,0.8577,0.5414203405380249,윤리경영·준법,G,반부패 및 컴플라이언스,유럽은행감독청(EBA)이 자본요건규제(CRR3) 내 ESG 위험 공시 의무 항목 가운데 일부에 대해 집행 유예를 권고했다. EBA는 노 액션 레터 를 통해 옴니버스 I 법안이 확정되기 전까지 각국 당국이 관련 의무를 추진하지 말 것을 요청했다. 이는 CRR3 개정안과 옴니버스 법안이 동시에 ESG 공시 체계를 손질할 가능성이 높다는 점에서 비롯됐다. 금융기관이 상충 규제나 과도한 컴플라이언스 부담에 직면하는 상황을 방지하기 위한 조치다.
65,88,opportunity,0.1421,0.5882,0.1203,1,1,1,1,1,1,0.1203,neutral,0.9025,0.6516923308372498,에너지 관리,E,신재생에너지 전환,"LS일렉트릭이 태양광 발전소 매매와 가상발전소(VPP) 참여가 가능한 디지털 플랫폼 햇빛길중개 를 출시했다. 발전소 거래 시 과거 발전량 데이터를 기반으로 수익성을 분석하고, VPP 사업자 등록도 지원한다."
66,89,opportunity,0.1217,0.4715,0.1306,1,2,1,1,1,1,0.1088,neutral,0.8163,0.5775893330574036,인적자원 관리,S,다양성 및 형평성 (DEI),"트럼프 행정부가 연방기금을 받는 공공기관의 다양성 형평성 포용성(DEI) 프로그램을 제한하도록 촉구하는 9페이지 분량의 비구속 메모를 배포했다. 이번 지침은 학력 기반 장학금, 채용 기준, 교육훈련 등 DEI 관련 사례를 차별적 이라고 규정하고, 연방기금이 DEI 활동이나 이를 지원하는 제3자에게 사용되는 것을 금지했다. 특히 저소득층 지리적 소외지역 퍼스트 제너레이션 학생 지원 등이 인종 성별을 대리하는 수단으로 간주될 수 있다고 명시했다. 메모를 작성한 팸 본디 법무장관은 소수집단 전용 학습공간, 다양성 워크숍, 채용 과정의 문화적 배경에 대한 설명 요구 등 대학 내 관행과 트랜스젠더 여성의 여성 공간 포함도 문제 삼았다."
67,90,risk,0.1618,0.5321,0.1896,3,1,1,1,2,2,0.237,neutral,0.8887,0.598737895488739,에너지 관리,E,신재생에너지 전환,"산업통상자원부가 에너지 다소비 산업단지를 대상으로 탄소중립산단 대표 모델 구축 사업 공모를 시작했다. 선정된 한 곳의 산단에 2029년까지 국비 500억원이 투입되며, 민간 자본을 포함하면 총 1300억원 규모의 투자가 집행된다. 사업은 신재생에너지 설비 확대와 입주 기업의 에너지 고효율화를 통해 탄소 배출 저감을 목표로 한다. 이번 공모는 9월 4일까지 접수를 받는다."
68,91,opportunity,0.1488,0.5334,0.181,3,1,1,1,1,2,0.1584,neutral,0.8486,0.6285409927368164,에너지 관리,E,신재생에너지 전환,"정부는 전기사업법 시행령 개정을 통해 재생에너지 발전사업자가 1MW 이하 설비로도 직접 PPA(전력구매계약)에 참여할 수 있도록 규제를 완화했다고 밝혔다. 해당 개정안은 7월 22일 국무회의를 통과했으며, 산업단지 내 중소 중견기업의 RE100 이행을 촉진할 수 있을 것으로 기대된다. 기존에는 발전 용량 1MW를 초과해야만 직접 PPA에 참여할 수 있었으나, 이번 개정으로 소규모 사업자의 시장 진입이 가능해졌다."
69,92,opportunity,0.1181,0.4096,0.1728,3,1,1,1,1,1,0.108,neutral,0.8102,0.5054981708526611,에너지 관리,E,신재생에너지 전환,"안토니우 구테흐스 유엔 사무총장이 AI 데이터센터의 전력원을 2030년까지 전면 재생에너지로 전환해야 한다고 강조했다. 구테흐스 총장은 재생에너지 전환이 선택이 아닌 필수라며, 태양광 풍력 활용을 통해 지속가능한 미래를 열어야 한다고 발언했다. 일부 기업과 국가의 화석연료 의존이 여전하지만, 전환 흐름은 되돌릴 수 없다고 언급했다."
70,93,opportunity,0.1261,0.3931,0.2292,3,3,1,1,1,1,0.1146,neutral,0.8595,0.4574105143547058,기후변화·온실가스,E,Scope 3 배출량,"구글이 2025년 환경보고서를 통해 2024년 데이터센터 탄소배출을 전년 대비 12% 감축했다고 밝혔다. AI 확산과 에너지 수요 증가에도 불구하고 인프라 효율 개선과 청정에너지 사용 확대가 주요 원인으로 분석됐다. 그러나 스코프3(공급망) 배출 증가로 전체 탄소발자국은 오히려 증가한 것으로 나타났다. 데이터센터의 전력 수요는 같은 기간 27% 증가했으며, AI 서비스 확대와 직결된 공급망 배출 관리가 과제로 부각되고 있다."
71,94,opportunity,0.1261,0.3931,0.2292,3,3,1,1,1,1,0.1146,neutral,0.8595,0.4574105143547058,에너지 관리,E,에너지 소비 및 효율화,"구글이 2025년 환경보고서를 통해 2024년 데이터센터 탄소배출을 전년 대비 12% 감축했다고 밝혔다. AI 확산과 에너지 수요 증가에도 불구하고 인프라 효율 개선과 청정에너지 사용 확대가 주요 원인으로 분석됐다. 그러나 스코프3(공급망) 배출 증가로 전체 탄소발자국은 오히려 증가한 것으로 나타났다. 데이터센터의 전력 수요는 같은 기간 27% 증가했으며, AI 서비스 확대와 직결된 공급망 배출 관리가 과제로 부각되고 있다."
72,95,risk,0.1187,0.4361,0.1101,1,1,1,1,1,2,0.1542,neutral,0.826,0.5279974341392517,에너지 관리,E,신재생에너지 전환,"정부가 울산을 후보지로 한 RE100 산업단지 조성에 속도를 내며 연내 가시화 목표를 설정했다. 산업통상자원부는 16일 관계부처 합동 태스크포스(TF)를 출범하고, 재생에너지 인프라 구축 및 기업 유치 전략을 논의했다. 회의 참석자들은 산단 개발, 정주 여건 조성 등 부처별 과제를 구체화하기로 했다. TF는 산업부 국토부 공동 주관으로 격주 정례회의를 이어가며 특별법 제정도 함께 추진할 계획이다."
73,96,opportunity,0.1061,0.4011,0.1104,1,1,1,1,1,1,0.1104,neutral,0.8281,0.48439472913742065,에너지 관리,E,신재생에너지 전환,"OCI홀딩스의 미국 자회사인 OCI에너지가 텍사스주에 위치한 120MW 규모 태양광 발전소 프로젝트 페퍼 를 튀르키예 에너지기업 사반치 리뉴어블스에 매각했다. 이번 거래는 양사 간 첫 협력 사례이며, OCI 측은 추가 프로젝트 매각도 검토 중이라고 밝혔다. 최근 태양광 개발 사업의 성과가 본격화되면서 OCI의 수익성 확대와 북미 재생에너지 시장 공략이 본궤도에 오르고 있다."
74,97,opportunity,0.127,0.5112,0.1154,1,1,1,1,1,1,0.1154,neutral,0.8653,0.5908228158950806,기후변화·온실가스,E,Scope 1·2 배출량,"남동발전이 기아와 재생에너지 전력구매계약(PPA)을 체결해, 화성공장에 연간 1215MWh 규모의 태양광 전력을 직접 공급하고 있다. 이는 약 3200가구의 월간 전력 사용량에 해당하며, 전기차 1만5000대를 완충할 수 있는 수준이다. 공기업이 자가 설비에서 생산한 전력을 민간 기업에 직접 판매한 것은 국내 최초 사례다."
75,98,opportunity,0.127,0.5112,0.1154,1,1,1,1,1,1,0.1154,neutral,0.8653,0.5908228158950806,에너지 관리,E,신재생에너지 전환,"남동발전이 기아와 재생에너지 전력구매계약(PPA)을 체결해, 화성공장에 연간 1215MWh 규모의 태양광 전력을 직접 공급하고 있다. 이는 약 3200가구의 월간 전력 사용량에 해당하며, 전기차 1만5000대를 완충할 수 있는 수준이다. 공기업이 자가 설비에서 생산한 전력을 민간 기업에 직접 판매한 것은 국내 최초 사례다."
76,99,risk,0.099,0.2879,0.1161,3,1,1,1,3,2,0.1886,neutral,0.5441,0.5290705561637878,에너지 관리,E,신재생에너지 전환,"한국사회책임투자포럼(KoSIF)과 김현정 의원실이 발표한 2024 화석연료금융 백서에 따르면, 국내 금융기관의 화석연료 관련 금융자산 보유액은 총 173조7000억원에 달했다. 여기에 보험 자산까지 포함하면 372조3000억원에 이르며, 이 중 55조2000억원이 한전과 자회사에 집중돼 구조적 쏠림 현상이 지적됐다. 반면, 같은 해 신재생에너지 투자 대출은 24조원에도 미치지 못한 것으로 나타났다. 이는 정부의 석탄화력 폐쇄와 에너지 전환 목표와는 다른 자금 흐름이라는 비판이 제기되고 있다."
77,100,opportunity,0.1457,0.526,0.2038,1,3,2,1,1,1,0.1199,neutral,0.8993,0.5849359631538391,인적자원 관리,S,다양성 및 형평성 (DEI),"글로벌 지속가능성 기준기구(GSSB)는 다양성 포용성(GRI 405)과 비차별 기회 균등(GRI 406)을 중심으로 한 GRI 노동 기준 개정안을 공개하고, 9월 15일까지 의견 수렴을 시작했다. 이번 개정안은 국제노동기구(ILO) 핵심 협약을 반영해, GRI 405와 406 기준의 보고 범위를 확대하고 조직 전략 경영 책임까지 명시했다. 특히 직접적 간접적 차별, 소수집단 채용 기회 보장 여부 등을 구체적으로 공시하도록 요구했다. 개정안은 2026년 중반부터 단계적으로 적용될 예정이며, 인권 기반 접근법과 실사 기반 보고 원칙을 강화했다."
78,101,risk,0.1584,0.6282,0.1385,1,2,1,1,1,2,0.1616,neutral,0.8659,0.7255370616912842,에너지 관리,E,신재생에너지 전환,"현대건설은 중국 신재생에너지 기업 콩코드 뉴에너지 그룹과 전력구매계약(PPA)을 체결했다. 이번 계약은 강원도 평창에서 추진되는 21MW 규모의 개수리 태양광 프로젝트에 대한 것으로, 내년부터 30년 간 전력을 공급받게 된다. 두 회사는 이번 협력을 계기로 녹색에너지 분야에서의 공동 프로젝트 확대를 추진할 계획이다. 또한 지역 에너지 구조의 최적화 및 저탄소 전환도 함께 추진하기로 했다."
79,102,risk,0.1477,0.4039,0.2148,3,2,1,1,3,1,0.2625,neutral,0.8949,0.45130395889282227,에너지 관리,E,신재생에너지 전환,"미쓰비시상사가 2028년까지 미국 내 태양광 발전 용량을 현재보다 약 160% 확대하는 계획을 수립했다. 이를 위해 약 39억달러(5조3000억원)를 투입하며, 자회사 넥스앰프를 통해 2.9GW까지 발전자산을 확대할 예정이다. 이번 투자는 미국 내 친환경 에너지 보조금 및 공급망 현지화 유인을 반영한 것으로 분석된다. 닛케이에 따르면 총사업비는 5500억엔에 달하며, 태양광 설비뿐 아니라 지역 내 인프라 투자도 포함된다."
80,103,risk,0.1472,0.5509,0.1508,1,1,2,1,1,2,0.1624,neutral,0.8699,0.6333449482917786,기후변화·온실가스,E,Scope 3 배출량,영국 에너지안보 넷제로부가 북해 석유 가스 사업 승인 시 스코프3 배출량을 의무적으로 반영하는 지침을 발표했다. 신규 사업뿐 아니라 기존 승인 사업에도 소급 적용돼 화석연료 산업 전반에 환경평가 기준이 강화될 전망이다. 환경영향평가(EIA) 시 다운스트림 배출까지 포함해 영향 분석이 이뤄져야 한다고 정부는 밝혔다. 이번 지침은 승인 절차 전반에 실질적 기후 기준을 도입한 첫 사례로 평가된다.
81,104,risk,0.1071,0.3392,0.1418,1,1,2,1,1,2,0.1527,neutral,0.8179,0.4146604835987091,에너지 관리,E,신재생에너지 전환,"마이크로소프트, 구글, 아마존 등이 포함된 미국 데이터센터연합은 신재생에너지 산업 지원을 축소하는 세액공제 종료안에 반대 입장을 밝혔다. 이들은 공화당 상원 원내대표에게 공식 서한을 보내며, 해당 정책 변화가 데이터센터 산업과 재생에너지 전환에 미치는 영향을 우려했다. 이에 따라 국내 K-태양광 기업들에 대한 세액공제 축소 가능성도 완화될 수 있다는 전망이 제기됐다."
82,105,risk,0.0843,0.2907,0.0993,1,1,2,1,1,2,0.1069,neutral,0.5729,0.507494330406189,에너지 관리,E,신재생에너지 전환,"KB증권 분석에 따르면 지난해 5월부터 1년간 밸류업 프로그램에 참여한 상장사 143개 중 ESG 관련 내용을 공시한 기업은 42개로, 70% 이상이 ESG를 언급하지 않은 것으로 나타났다. ESG 내용을 공시한 기업도 대부분 대략적인 목표 수준에 그쳐, 구체성이 부족한 것으로 조사됐다. RE100 참여 의사를 밝힌 기업은 10곳, TCFD 공시 계획을 밝힌 기업은 3곳에 불과했다. KB증권은 이재명 정부의 정책 기조에 따라 수출 제조업 중심으로 ESG 공시가 확대될 것으로 전망했다."
83,106,risk,0.1718,0.5461,0.229,3,1,2,1,2,2,0.2411,neutral,0.9041,0.6039789319038391,에너지 관리,E,신재생에너지 전환,"현대자동차 인도법인이 인도 FPEL TN 풍력발전소 지분 26.13%를 인수하고, 자사 공장에 재생에너지를 직접 공급하기 위한 기반을 마련했다. 이는 지난해 체결한 약 63억원 규모의 전력구매계약(PPA)에 따른 첫 투자로, 타밀나두 공장은 앞으로 25년간 고정된 가격으로 전력을 공급받게 된다. 현대차는 이번 조치를 지속가능성 로드맵의 일환으로 추진했다."
84,107,risk,0.1842,0.5461,0.2394,3,3,1,1,3,2,0.3113,neutral,0.8979,0.6081703901290894,에너지 관리,E,신재생에너지 전환,"한국수출입은행이 7억5000만유로(약 1조1730억원) 규모의 글로벌본드 발행에 성공했다. 이번 채권은 3년 만기로, 신재생에너지 등 친환경 프로젝트에 자금을 조달하기 위한 그린본드로 발행됐다. 수은은 유럽 투자자의 수요를 반영해 유로화로 채권을 발행했으며, 조달 자금은 녹색 프로젝트에 전액 투입될 예정이다. 이는 수은의 ESG 금융 확대 전략의 일환이다."
85,108,opportunity,0.1325,0.529,0.1227,1,1,1,1,1,1,0.1227,neutral,0.92,0.5750486850738525,에너지 관리,E,신재생에너지 전환,"현대모비스는 2026년까지 태양광 발전으로 생산된 알루미늄 CelestiAL 의 연간 공급량을 1만5000톤으로 늘리기로 했다. 공급사는 UAE의 EGA로, 현재 8000톤 공급 중이다. 이 알루미늄은 기존 생산 방식보다 탄소 배출이 크게 적다. 현대모비스는 소재 공급망 친환경화를 강화하고 있다."
86,109,opportunity,0.0895,0.3472,0.0885,1,1,1,1,1,1,0.0885,neutral,0.6634,0.5234102606773376,인적자원 관리,S,다양성 및 형평성 (DEI),"월마트와 넷플릭스는 각각의 정기 주주총회에서 보수단체 NCPPR이 제출한 반 DEI(다양성 형평성 포용성) 주주제안을 1% 미만 찬성률로 부결시켰다. NCPPR은 월마트의 DEI 용어 삭제와 조직개편이 외부 압박에 따른 형식적 조치였는지 해명을 요구했으며, 넷플릭스에도 차별 리스크 평가 보고서를 요구했다. 양사 이사회는 각각 소속감 있는 문화 조성 , 법적 평등 기회 보장 등의 이유로 해당 제안에 반대 권고했다. 이번 결정은 최근 애플, 아마존 등에서도 유사 제안이 기각된 흐름과 맞물려 기업들이 DEI 정책을 유지하고 있다는 점을 보여줬다."
87,110,risk,0.1323,0.4997,0.1164,1,1,1,1,1,2,0.1629,neutral,0.8728,0.5725720524787903,에너지 관리,E,신재생에너지 전환,"RGE와 토탈에너지스가 인도네시아 리아우주에 태양광 발전소와 BESS를 건설하는 공동 프로젝트에 착수했다. 양사는 50 50 출자 비율로 싱가 리뉴어블즈 를 설립해 단계적으로 사업을 추진한다. 전력은 현지 친환경 산업단지에 공급하고, 남는 전력은 싱가포르로 수출하는 방식이다. 해당 사업은 자카르타 대통령궁에서 공동 투자 계약을 체결하며 공식화됐다."
88,111,risk,0.1484,0.4384,0.1887,3,1,2,1,3,2,0.2582,neutral,0.7447,0.5886352062225342,에너지 관리,E,신재생에너지 전환,"2023년 국내 ESG 채권 발행 규모는 47조2000억원으로 전년 대비 12.2% 증가했다. 그러나 발행에 참여한 기업 수는 2021년 154개사에서 2023년 91개사로 줄어 성장성 저하 우려가 제기됐다. 특히 일반기업의 녹색채권 발행 참여가 크게 감소하며, 전기차 이차전지 기업의 이탈도 이어지고 있다. 한국신용평가는 신재생에너지 투자 회복이 탄소중립 및 RE100 이행을 위한 조건이라고 밝혔다."
89,112,opportunity,0.1154,0.4507,0.1124,1,1,1,1,1,1,0.1124,neutral,0.8427,0.5347906351089478,에너지 관리,E,신재생에너지 전환,"국내 RE100 가입 기업 36곳의 재생에너지 사용률이 지난해 24%로 전년 대비 1.2%포인트 상승했다. 그러나 국내 사업장 기준으로 이행률 50%를 넘긴 기업은 LG에너지솔루션(50%)과 LG이노텍(61%) 두 곳뿐이었다. 반면 해외 사업장에서는 SK하이닉스, 삼성디스플레이, SK스페셜티 등이 100%를 달성했고, 삼성전자와 아모레퍼시픽도 97%를 기록했다. 국내 전환 속도가 지지부진한 상황으로 분석됐다."
90,113,risk,0.1175,0.4126,0.1177,1,1,1,1,1,2,0.1648,neutral,0.8826,0.46752411127090454,에너지 관리,E,신재생에너지 전환,"프랑스 토탈에너지스가 스페인 세비야에 유럽 최대 규모의 태양광 발전소를 가동하며 에너지 전환 전략을 강화했다. 해당 단지는 총 263MW 규모로 연간 5억1500만kWh 전력을 생산할 수 있고, 약 15만 가구에 전력 공급이 가능하다. 이를 통해 연간 24만5000톤의 탄소 배출 저감 효과도 기대된다."
91,114,risk,0.1256,0.3933,0.1005,1,1,1,1,3,2,0.2613,neutral,0.7538,0.52180016040802,에너지 관리,E,신재생에너지 전환,태양광 발전 비중이 2050년 50%로 확대될 경우 에너지저장장치(ESS) 설치에만 464조원이 소요된다는 분석이 나왔다. 전문가들은 ESS 구축비 부담이 전기요금 상승과 전력망 불안정성을 초래할 수 있다고 지적했다. 원자력 관련 14개 단체는 이에 대한 대응으로 원전 확대를 제안하는 정책 제안서를 이재명 후보 캠프에 전달했다.
92,115,opportunity,0.115,0.354,0.1897,3,3,1,1,1,2,0.1328,neutral,0.7113,0.49770399928092957,인적자원 관리,S,다양성 및 형평성 (DEI),"트럼프 미국 대통령이 다양성 형평성 포용성(DEI) 정책 폐기를 추진하는 가운데, 글로벌 기업들이 여성할당제를 폐지하는 움직임을 보이고 있다. 독일 IT 대기업 SAP는 전체 직원의 40%를 여성으로 채용하던 여성할당제를 더 이상 유지하지 않겠다고 밝혔다. 미국 내 빅테크 기업들도 비슷한 방향으로 정책 전환을 시작했다."
93,116,opportunity,0.1268,0.4672,0.1599,1,3,1,1,1,1,0.1142,neutral,0.8567,0.545401394367218,기후변화·온실가스,E,기후 거버넌스·인벤토리,오는 11월 브라질 벨렘에서 열릴 COP30의 의장국 브라질이 글로벌 기후 거버넌스 강화를 공식 제안했다. 의장 안드레 코레아 두 라고는 참여국에 서한을 보내 다자주의에 기반한 협약 체계 강화 필요성을 강조했다. 지정학적 긴장이 고조되는 상황에서 기후 대응의 일관성과 실행력을 높이기 위한 방안으로 제시됐다. 그는 UN 기후체제의 리더십 회복을 위한 국제적 결집을 요청했다.
94,117,opportunity,0.1082,0.4096,0.1126,1,1,1,1,1,1,0.1126,neutral,0.8442,0.4851836860179901,에너지 관리,E,신재생에너지 전환,노르웨이 국부펀드가 석탄 비중을 5% 이하로 줄인 독일 에너지기업 RWE에 대한 투자 제한을 해제했다. GPFG는 RWE의 재생에너지 전환과 해상풍력 프로젝트 지분 인수 등을 이유로 윤리 기준 충족을 인정했다. 특히 RWE는 2030년까지 갈탄 발전을 중단하기로 독일 정부와 합의해 탈석탄 성과를 입증했다.
95,118,opportunity,0.1551,0.5418,0.2411,1,3,3,1,1,1,0.1206,neutral,0.9042,0.5992045402526855,안전보건,S,사업장 안전보건 관리체계,"고용노동부와 대한상공회의소가 전국 39개 지역 상공회의소를 돌며 중대재해처벌법 순회 설명회를 연다. 이번 설명회는 5월 9일 제주를 시작으로 6월 말까지 이어지며, 특히 위험성 평가 중심으로 구성된다. 전문가들은 지역 주요 업종별로 위험성 평가 개념 및 우수사례 안전보건관리체계 구축 방안 정부 지원제도를 설명할 예정이다. 2024년까지 법원 판결이 난 31건 중 24건이 위험성 평가 위반인 점에서 그 중요성이 강조되고 있으며, 대한상의는 이를 단순 교육이 아닌 정책 개선 제안의 장으로 활용할 방침이다. 법 시행 이후에도 재해 건수는 소폭 감소에 그친 만큼, 법 취지를 살리기 위해 실효성 중심의 제도 개선 필요성이 제기되고 있다."
96,119,risk,0.1122,0.3749,0.0923,1,1,1,1,3,1,0.2031,neutral,0.6923,0.5415626168251038,인적자원 관리,S,다양성 및 형평성 (DEI),"골드만삭스는 올해 주주총회에서 DEI(다양성 형평성 포용성) 정책 삭제를 요구하는 제안을 압도적 반대로 부결시켰다. 보수 성향 싱크탱크 NCPPR이 DEI 정책의 불법성과 리스크를 문제 삼아 독립 감사를 요구했지만, 두 건의 제안 모두 2% 찬성에 그쳤다. 이사회는 DEI가 골드만삭스의 사업 성공에 필수적이며 차별은 용납하지 않는다는 입장을 재확인했고, 데이비드 솔로몬 CEO도 포용성을 핵심 원칙으로 유지하겠다고 밝혔다. 미국 내 반DEI 흐름에도 불구하고 DEI 방침을 고수한 결정으로 평가된다."
97,120,opportunity,0.1882,0.6869,0.2429,3,3,1,1,1,2,0.17,neutral,0.9107,0.7542455196380615,에너지 관리,E,신재생에너지 전환,"한화큐셀은 국내외 기업의 RE100 이행을 지원하기 위해 직접 전력구매계약(PPA) 사업을 본격화한다고 밝혔다. 탄소중립을 추진하는 기업들은 한화큐셀과 장기 계약을 통해 재생에너지를 안정적으로 공급받을 수 있으며, 태양광 발전사업자도 안정적인 수익을 기대할 수 있다. 한화큐셀은 2025년까지 누적 100MW 이상의 PPA 공급 규모를 달성하는 것을 목표로 하고 있다."
98,121,risk,0.131,0.4832,0.1382,1,1,2,1,1,2,0.1488,neutral,0.7971,0.6061360239982605,기후변화·온실가스,E,Scope 3 배출량,"금융위원회는 2026년부터 단계적으로 시행 예정인 ESG 공시 의무화에서 재무 중요도가 낮은 자회사를 제외하는 방안을 검토 중이다. 온실가스 공급망 배출(스코프3) 공시에 대해서도 정보 유용성과 국제 정합성 등을 고려해 일정 기간 유예하거나, 측정이 어려운 경우 추정을 허용하는 방안을 논의하고 있다. 김소영 금융위원회 부위원장은 EU의 2029년 역외기업 공시 의무화 일정을 참고해, 국내 공시 적용 시기를 조정할 수 있다고 밝혔다. 한국사회책임투자포럼(KoSIF)은 이에 대해 2029년 도입 검토 정황에 깊은 우려를 표한다 며, 공시 의무화 시기의 지연 가능성에 문제를 제기했다."
99,122,opportunity,0.1221,0.4779,0.1185,1,1,1,1,1,1,0.1185,neutral,0.8884,0.5379398465156555,에너지 관리,E,신재생에너지 전환,"애플은 연간 환경 보고서를 통해 2015년 대비 온실가스 배출량을 60% 이상 감축했다고 17일 밝혔다. 애플은 공급망 전반에 걸쳐 재생에너지 전환을 확대해 2024년 한 해 동안 약 4100만 톤의 온실가스 배출을 방지했다고 설명했다. 보고서에는 애플이 설정한 목표인 탄소 배출권 이전 기준 75% 감축 달성을 위해 재활용 소재 활용, 반도체 협력사의 불소화 온실가스 감축, 제품 설계 혁신 등을 지속해 나가겠다는 내용도 포함됐다. 리사 잭슨 부사장은 2030년 목표 달성을 위해서는 더욱 강력한 노력이 필요하다 며 혁신과 협력을 강조했다."
100,123,opportunity,0.1246,0.4567,0.1538,1,1,2,1,1,1,0.1183,neutral,0.8872,0.5147973299026489,에너지 관리,E,신재생에너지 전환,"사우디아라비아에서는 전력 보조금 삭감 이후 대형 사업체들이 에너지 비용 절감을 위해 태양광 발전으로 전환하고 있다고 FT는 전했다. 물류, 소매업 등 다양한 업종에서 지붕형 태양광 패널 설치가 확산되고 있다. 태양광 장비 가격 하락과 정부의 지속가능성 목표 설정도 보급 확대에 영향을 주고 있는 것으로 확인된다."
101,124,risk,0.1429,0.5305,0.1205,1,1,1,1,2,1,0.1929,neutral,0.9041,0.5867819786071777,에너지 관리,E,신재생에너지 전환,"LS전선은 싱가포르 전력청으로부터 230kV 초고압 전력 케이블 공급 계약을 수주했다. 케이블은 인도네시아 태양광 발전 전력을 싱가포르로 송전하는 프로젝트에 사용된다. 제조부터 시공, 설치까지 포함한 턴키 방식으로 수행된다. 추가 지중 케이블 구간에 대한 협상도 진행 중이다."
102,125,opportunity,0.1213,0.4848,0.1122,1,1,1,1,1,1,0.1122,neutral,0.8415,0.5761234760284424,에너지 관리,E,신재생에너지 전환,"중국 트리나솔라가 수소 생산 장치의 효율 신기록을 수립했다고 클린테크니카가 보도했다. 태양광 발전, 에너지 저장 시스템을 결합한 수소 생산 통합 솔루션도 개발 중이다. 연간 최대 500대 전해조 생산이 가능한 설비를 구축하고 있다. 산업용 수소 시장 공략이 목표로 제시됐다."
103,126,risk,0.1442,0.4266,0.1533,1,3,1,1,3,2,0.2847,neutral,0.8212,0.5194616913795471,에너지 관리,E,신재생에너지 전환,"전력직접구매제(PPA) 확산에 따라 산업계의 탈한전 움직임이 가속화되고 있다. 산업용 전력 수요처 중 29%를 차지하는 을( )요금 기업들이 직접 전력시장에 참여하면, 한전의 연간 매출 손실이 최대 14조원에 이를 수 있다는 분석이 나왔다."
104,127,opportunity,0.114,0.3886,0.1712,1,1,3,1,1,1,0.107,neutral,0.8023,0.4843565821647644,인적자원 관리,S,다양성 및 형평성 (DEI),"미국 공화당 소속 12개 주의 법무장관들이 20개 대형 로펌에 대해 다양성 형평성 포용성(DEI) 관련 채용 관행 자료 제출을 요구했다. 이번 조치는 EEOC가 DEI 정책이 민권법 제7편을 위반할 수 있다고 본 판단에 따른 후속 대응이다. 텍사스주 법무장관 켄 팩스턴이 주도한 이 요청은 2025년 4월 15일까지 인종, 성별, 성적지향별 채용 보상 내역과 인턴십 장학금 운영 정보 등을 제출하라는 내용을 담았다."
105,128,risk,0.1341,0.3837,0.2018,3,3,2,1,2,3,0.2106,neutral,0.6582,0.5829424262046814,인적자원 관리,S,다양성 및 형평성 (DEI),"정부가 발전사에 부과되는 탄소배출권 유상 할당 비율을 현행 10%에서 30%로 상향하는 방안을 검토 중이다. 환경부는 제4차 계획기간(2026 2030) 국가배출권 할당계획 초안을 통해 이같은 조정을 추진하고 있으며, 에너지 업계는 비용 급증으로 인한 난방 요금 인상을 우려하고 있다. 발전 효율과 무관하게 일괄 적용될 경우 형평성 논란도 제기된다. 연간 600억원 규모의 추가 비용이 지역난방 요금에 전가될 수 있다는 지적도 나왔다."
106,129,risk,0.1134,0.3664,0.1466,1,1,2,1,1,2,0.1579,neutral,0.846,0.43308842182159424,에너지 관리,E,신재생에너지 전환,"김윤상 기획재정부 2차관이 칠레 산티아고에서 열린 제65차 미주개발은행(IDB) 연차총회에 참석해 리튬 구리 등 핵심광물 공급망 협력 방안을 논의했다. 김 차관은 칠레 재무장관과의 면담을 통해 신재생에너지, IT 등 경제협력 확대 의지도 확인했다. 한국은 올해 10월 APEC 재무장관회의 개최국으로서 칠레의 적극적인 참여를 요청했다. 양국 간 자원 기반 경제협력의 범위가 한층 넓어질 전망이다."
107,130,opportunity,0.1441,0.5575,0.1648,1,3,1,1,1,1,0.1177,neutral,0.883,0.6313427686691284,에너지 관리,E,신재생에너지 전환,"에퀴닉스가 트리나솔라의 일본 법인과 30MW 규모의 재생에너지 전력구매계약(PPA)을 체결했다. 이번 계약은 2028년부터 20년간 지속될 예정이며, 에퀴닉스는 해당 계약을 통해 일본 내 신규 재생에너지원을 확보하게 된다. 이는 일본 내 데이터센터 운영과 전력 수요 대응을 위한 장기 재생에너지 확보 전략의 일환이다. 글로벌 ICT 인프라 기업의 지역 맞춤형 에너지 전환 투자 사례로 주목받고 있다."
108,131,opportunity,0.0833,0.2603,0.1339,1,3,1,1,1,1,0.0956,neutral,0.7172,0.36298519372940063,인적자원 관리,S,다양성 및 형평성 (DEI),"도널드 트럼프 행정부가 프랑스 등 유럽 기업에도 다양성 형평성 포용성(DEI) 정책 폐지를 요구한 것으로 알려졌다. 프랑스 파리 주재 미국 대사관은 일부 프랑스 대기업에 트럼프 대통령의 행정명령을 준수하라는 서한을 전달했으며, 항공 방산 인프라 업계가 대상인 것으로 추정됐다. 프랑스 정부는 해당 요구를 주권 침해로 간주하고 받아들일 수 없는 개입 행위 라며 강하게 반발했다. ABC 등 미국 내 미디어그룹 단속에서 시작된 DEI 폐지 캠페인이 유럽으로 확산되고 있다."
109,132,opportunity,0.0498,0.1891,0.0515,1,1,1,1,1,1,0.0515,neutral,0.3861,0.4897784888744354,이사회 구조,G,이사회 구성 및 독립성,"국내 상장사들이 이사회 구성에서 전문성과 다양성이 부족하다는 지적이 제기됐다. 국제경영개발원(IMD) 자료에 따르면, 한국은 경영 관행 부문에서 67개국 중 28위에 머물렀다. 이사회 감독 기능이 약하고, 의사결정 체계가 불투명하다는 점이 평가에 반영됐다. 제도적 인센티브를 통해 우수한 이사회 운영 모델을 확산할 필요성이 커지고 있다."
110,133,opportunity,0.1404,0.3772,0.2291,3,3,1,1,2,2,0.2291,neutral,0.8592,0.4390266537666321,에너지 관리,E,신재생에너지 전환,"애플이 중국에서 재생에너지 확대를 위해 1456억원 규모의 청정에너지 펀드를 조성한다. 이 펀드는 애플과 현지 협력사가 공동 출자해, 연간 55MWh의 풍력 태양광 발전 용량을 확보할 예정이다. 이는 2018년에 이어 두 번째 조성되는 대규모 펀드다. 애플은 100% 재생에너지 사용을 위한 글로벌 전략의 일환으로 추진 중이다."
111,134,opportunity,0.1348,0.3355,0.2538,3,1,3,2,2,2,0.2115,neutral,0.7931,0.4230794608592987,인적자원 관리,S,다양성 및 형평성 (DEI),구글이 백인 아시아계 직원 우대 및 소수 인종 차별 혐의로 제기된 집단소송에서 406억원 규모의 합의금을 지급하기로 했다. 해당 소송은 DEI 정책이 후퇴하는 가운데 제기돼 사회적 파장이 컸다. 캘리포니아 고등법원은 이 합의안에 대해 예비 승인을 내렸다. 구글은 반복되는 다양성 논란에 대한 대응을 강화해야 하는 상황에 처했다.
112,135,risk,0.1435,0.5562,0.1199,1,1,1,1,1,2,0.1678,neutral,0.8989,0.6187860369682312,윤리경영·준법,G,반부패 및 컴플라이언스,"방위사업청이 국내 방산기업에 윤리경영 및 ESG 체계를 도입하고 이를 평가해 인센티브를 제공하는 방안을 추진한다. 방위사업청은 올해 하반기부터 본격적으로 방산기업 윤리경영 체계 도입을 위한 연구를 진행할 예정이다. 윤리경영 평가기준에는 투명성 강화와 반부패 등 ESG 핵심 요소가 포함될 계획이다. 방사청은 한국적 상황에 맞는 구체적인 ESG 평가기준을 마련하고, 기준을 충족한 방산기업에 대해 정부 차원에서 인센티브를 제공하는 제도를 검토 중이다."
113,136,opportunity,0.1475,0.5314,0.173,1,2,2,1,1,2,0.1614,neutral,0.8648,0.6145104765892029,에너지 관리,E,신재생에너지 전환,"고려아연의 호주 자회사 아크에너지가 한화에너지를 호주 최대 규모의 배터리에너지저장장치(BESS) 사업 파트너로 선정했다. 두 회사는 최근 BESS 공급 계약을 체결했으며, 2027년까지 호주 뉴사우스웨일스(NSW) 북부에 위치한 리치몬드 밸리 지역에서 500 규모의 태양광 발전과 연계한 BESS 사업을 추진할 계획이다. 이번 계약으로 한화에너지는 호주 시장에서의 입지를 강화하고, 기업공개(IPO)에도 긍정적 영향을 미칠 전망이다."
114,137,risk,0.164,0.5268,0.1583,1,3,1,1,3,2,0.2939,neutral,0.8478,0.6213564872741699,에너지 관리,E,신재생에너지 전환,"영국 정부가 2030년까지 풍력과 태양광 발전 등 다수의 청정 에너지 프로젝트를 최우선적으로 추진하기 위한 법안을 의회에 제출한다고 밝혔다. 이는 영국이 마련한 플랜포체인지(Plan for Change) 정책의 일환으로, 관련 프로젝트들을 우선적으로 전력망에 연결할 예정이다. 총 2000억파운드(약 332조원)의 투자를 통해 경제성장을 촉진하고 화석연료 시장의 불안정성에서 벗어나 에너지 안보를 강화하는 것이 목표다. 영국은 이번 조치로 글로벌 친환경 시장에서의 경쟁력을 높이고, 재생에너지 전환 속도를 가속화할 계획이다."
115,138,risk,0.1081,0.3762,0.1098,1,1,1,1,1,2,0.1537,neutral,0.8232,0.456987589597702,에너지 관리,E,신재생에너지 전환,"중국이 우주 공간에 초대형 태양광 발전소 건설 계획을 추진 중이라고 사우스차이나모닝포스트가 보도했다. 중국은 이를 위해 초중량급 재사용 로켓인 창정(Long March) 9호를 개발하고 있다. 해당 발전소는 길이가 약 1km에 달하는 초대형 태양광 패널을 지구에서 3만6000km 떨어진 정지궤도에 설치하는 방식이다. 이 프로젝트는 중국이 추진하는 미래형 에너지 전략의 일환으로, 향후 우주 에너지 개발 시장 선점을 위한 포석으로 해석된다."
116,139,opportunity,0.1155,0.3876,0.1811,1,3,2,1,1,1,0.1065,neutral,0.7991,0.48501256108283997,인적자원 관리,S,다양성 및 형평성 (DEI),"영국 금융행위감독청(FCA)과 프루덴셜규제청(PRA)이 금융기관에 다양성 형평성 포용성(DEI) 개선을 의무화하려던 규제 도입 계획을 철회했다. 두 금융당국은 2023년 DEI 규제 도입을 제안했으나, 최근 산업계의 강력한 반대와 규제 비용 우려를 이유로 규제를 진행하지 않기로 결정했다. 이번 결정은 트럼프 전 대통령 이후 미국에서 확산된 규제 완화 움직임과 비슷한 맥락이다. 다만 금융당국은 DEI 의무 규제는 철회하지만, 금융기관 내의 비재무적 부정행위(non-financial misconduct)와 같은 문화적 문제에 대한 감독은 계속 강화할 방침이다."
117,140,risk,0.1714,0.4793,0.2542,3,3,2,1,3,2,0.2873,neutral,0.8288,0.5782544016838074,ESG 데이터 거버넌스,G,ESG 데이터 내부통제,"독일 금융기업 알리안츠가 보험업계 최초로 EU의 기업지속가능성보고지침(CSRD)을 준수한 보고서를 발표했다. 알리안츠는 이번 보고서에서 지속가능 투자 규모를 전년 대비 45억유로(약 7조1296억원) 증가시키고, 직원당 온실가스(GHG) 배출량을 61.5% 감축했다고 밝혔다. 이 보고서는 EU CSRD 규정을 준수하고 합리적 보증(Reasonable Assurance)을 받은 최초의 보험업계 보고서로, 타 금융기관들에 ESG 정보공개의 기준이 될 전망이다. 알리안츠의 보고서는 지속가능성 목표의 투명한 달성과 기업 간 ESG 성과 비교 가능성을 높였다는 평가를 받는다."
118,141,opportunity,0.1548,0.5203,0.1961,3,1,1,1,2,1,0.1961,neutral,0.9193,0.5659433007240295,에너지 관리,E,신재생에너지 전환,"LS전선이 미국 태양광 발전단지에 메가볼트(MV)급 알루미늄 전력 케이블을 최초로 공급하며 미국 시장 진출을 가속화하고 있다고 6일 밝혔다. 이번 공급 규모는 총 2500만달러(약 363억원)에 이르며, LS에코에너지와 함께 미국 내 태양광 EPC(설계 조달 시공) 업체에 제공된다. LS전선은 이번 프로젝트를 통해 중국산 제품 의존도를 낮추는 탈중국 공급망 전략으로 경쟁력을 확보할 계획이다. 향후 LS전선은 미국 시장에서 전력 인프라 사업의 확대를 목표로 하고 있다."
119,142,opportunity,0.1291,0.419,0.2321,3,3,2,1,1,1,0.1009,neutral,0.7569,0.553630530834198,에너지 관리,E,신재생에너지 전환,"중국 정부가 기후변화 대응을 위한 대규모 에너지 프로젝트 계획을 발표했다. 이번 프로젝트는 신재생에너지 인프라 확대와 에너지 효율화를 핵심 내용으로 하며, 글로벌 기후 리더십 확보를 목적으로 한다. 다만, 중국 정부는 석탄발전 비중을 당분간 유지한다고 밝혀 국제 사회의 우려가 이어지고 있다. 전문가들은 중국이 석탄 의존도를 낮추지 않으면 실질적인 탄소 감축 효과는 미미할 것이라고 지적했다."
120,143,opportunity,0.1454,0.5063,0.1905,1,3,2,1,1,2,0.1569,neutral,0.8404,0.6024265289306641,인적자원 관리,S,다양성 및 형평성 (DEI),글로벌 의결권 자문사 글래스루이스가 이사회의 다양성 평가 기준을 유지하기로 결정했다. 이는 또 다른 의결권 자문기관 ISS가 다양성 평가 기준을 폐지한 것과는 다른 결정으로 주목받고 있다. 글래스루이스의 결정으로 이사회 다양성을 유지하거나 높이려는 기업의 압박은 지속될 전망이다. 이사회의 다양성 기준을 유지한 글래스루이스와 폐지한 ISS 간 평가 결과의 차이가 커질 것으로 예상된다.
121,144,opportunity,0.1284,0.4885,0.1478,1,1,2,1,1,1,0.1137,neutral,0.8527,0.5728686451911926,에너지 관리,E,신재생에너지 전환,"중국 전기차 배터리 제조업체 BYD의 에너지 저장 부문이 폴란드에서 1.6GWh 규모의 대형 에너지 저장 프로젝트 계약을 체결했다. 이 프로젝트는 BYD가 포르투갈의 그린볼트 그룹 자회사 그린볼트 파워와 공동으로 진행하며, 현재 현지 변전소 인프라 건설이 진행 중이다. BYD는 이번 프로젝트를 통해 유럽 에너지 저장 시스템(ESS) 시장 진출을 본격화했으며, 앞으로 유럽 내 신재생에너지 확대 및 전력망 안정화에 기여할 계획이다. 중국 배터리 기업들의 유럽 시장 진출 움직임이 더욱 가속화될 것으로 예상된다."
122,145,opportunity,0.1033,0.3447,0.1434,1,2,1,1,1,1,0.1195,neutral,0.8965,0.3845164477825165,에너지 관리,E,신재생에너지 전환,"삼성물산과 한국전력공사(KEPCO), 한국동서발전이 주도하는 한국 기업 컨소시엄(KES 요나 솔라)이 괌 요나 지역에 132MW 규모 태양광 발전소 건설 프로젝트를 최종 승인받았다. 이번 발전소는 괌 내 최대 규모로, 약 25만 개의 태양광 패널이 설치될 예정이다. 발전소 부지는 약 76만8291평 규모로, 삼성 E C 아메리카가 공사 수행을 맡았다."
123,146,opportunity,0.1708,0.5748,0.2637,3,3,2,1,1,2,0.1605,neutral,0.8599,0.6684288382530212,에너지 관리,E,신재생에너지 전환,"정부가 소규모 태양광 사업자의 난립을 초래했다는 지적을 받아온 재생에너지 공급인증서(REC) 제도를 폐지하기로 했다. 이에 따라 대형 발전사는 2027년부터 REC 구매 대신 직접 재생에너지 발전소를 짓거나 설비에 지분 투자하는 방식으로 의무공급비율을 충족해야 한다. 정부와 에너지 업계에 따르면, 산업통상자원부는 이를 포함한 신재생에너지 개발이용보급 촉진법 개정을 추진 중이다. 정책 변경으로 인해 재생에너지 시장의 구조적 변화가 예상된다."
124,147,risk,0.1283,0.4609,0.1417,1,1,2,1,1,2,0.1526,neutral,0.8175,0.5638059973716736,기후변화·온실가스,E,Scope 1·2 배출량,"더불어민주당이 상장사 대상 ESG 공시 의무화를 위한 법안을 상반기 내 통과시키는 방안을 추진하고 있다. 유럽연합(EU)의 ESG 공시 의무화 시행에 맞춰 국내에서도 조속한 입법이 필요하다는 입장이다. 그러나 기업들은 준비 기간 없이 해외 공장의 탄소배출량을 수시로 집계해야 한다면 현실적으로 불가능하다고 반발하고 있다. 해당 법안은 사업보고서와 반기보고서에 ESG 정보를 필수적으로 공시하도록 하며, 스코프3(온실가스 기타 간접 배출량)까지 포함될 가능성이 커 부담이 더욱 커질 전망이다."
125,148,risk,0.1517,0.5199,0.1496,1,1,2,1,2,2,0.2301,neutral,0.8628,0.6026092171669006,에너지 관리,E,신재생에너지 전환,"아랍에미리트(UAE)가 탄소중립 목표 달성을 위해 태양광과 에너지저장장치(ESS) 프로젝트를 추가 발주했다. 블룸버그에 따르면, 두바이 전력수자원국(PJSC)은 무함마드 빈 라쉬드 알 막툼 솔라파크에 1.6GW 규모의 태양광과 1GW 배터리 저장 장치를 통합하는 계획을 발표했다. 이는 에미레이트 항공이 추진하는 두 번째 태양광 발전 프로젝트로, 조만간 수주 업체를 선정할 예정이다. 해당 프로젝트는 2027 2029년 가동될 전망이다."
126,149,risk,0.1313,0.4884,0.1189,1,1,1,1,1,2,0.1664,neutral,0.8914,0.5479053258895874,에너지 관리,E,에너지 소비 및 효율화,"GS칼텍스가 정유 석유화학 산업 공정 최적화와 온실가스 배출 저감을 위해 AI 자율제조 플랫폼을 구축한다. 산업부 국책과제인 AI 자율제조 선도 프로젝트 의 일환으로 추진되며, 2028년까지 2단계에 걸쳐 진행될 예정이다. GS칼텍스는 AI 기반 제조 시스템을 개발하고 실증하는 역할을 맡아, 공정 자동화와 에너지 효율 개선을 목표로 한다."
127,150,opportunity,0.1075,0.2931,0.1784,1,2,2,1,1,2,0.1665,neutral,0.8921,0.32858794927597046,에너지 관리,E,신재생에너지 전환,브라질 정부가 환경 논란에도 불구하고 아마존 강 하구 지역의 석유 탐사를 추진하면서 국제 사회의 주목을 받고 있다. 루이스 이나시우 룰라 다 실바 대통령은 기존에 거부됐던 석유 탐사 프로젝트 승인을 위해 국가환경규제기관(IBAMA)에 압력을 가하고 있는 것으로 알려졌다. 브라질 정부는 신규 화석연료 개발을 통해 확보한 수익이 오히려 재생에너지 전환을 가속화하는 데 도움이 될 것이라고 주장하고 있다.
128,151,opportunity,0.1019,0.3842,0.1067,1,1,1,1,1,1,0.1067,neutral,0.8003,0.48004424571990967,인적자원 관리,S,다양성 및 형평성 (DEI),"미국 주요 기업들이 다양성(Diversity), 형평성(Equity), 포용성(Inclusion) 정책(DEI)을 폐지하거나 축소하고 있다. 2023년 미국 대법원의 소수자 우대 정책 폐지 판결과 2024년 트럼프 대통령 취임 이후 연방정부의 DEI 프로그램 종료가 기업들의 정책 변화에 영향을 미쳤다."
129,152,opportunity,0.0776,0.2943,0.0804,1,1,1,1,1,1,0.0804,neutral,0.6027,0.48827287554740906,인적자원 관리,S,다양성 및 형평성 (DEI),"트랙터 서플라이, 디어 앤 컴퍼니, 포드, 로우스, 보잉 등은 DEI 부서를 해체하거나 외부 다양성 조사 참여를 중단했다. 아마존, 펩시코, 메타, 맥도날드, 구글 등도 DEI 관련 정책을 조용히 철회하며 연례 보고서에서 관련 내용을 삭제했다. 보수층 반발과 정치적 환경 변화 속에서 DEI 정책 후퇴가 가속화되는 흐름이다."
130,153,opportunity,0.1309,0.4433,0.164,1,3,1,1,1,2,0.164,neutral,0.8784,0.5046399831771851,에너지 관리,E,신재생에너지 전환,삼성물산이 호주에서 250MW 규모의 태양광 ESS 프로젝트를 추진한다. 현재 환경 보호 및 생물다양성 보전법(EPBC) 승인 절차를 진행 중이다. 이번 프로젝트는 호주 정부의 친환경 에너지 확대 정책에 맞춰 추진된다. 삼성물산은 글로벌 신재생에너지 시장에서 입지를 확대할 계획이다.
131,154,opportunity,0.0924,0.3279,0.1078,1,1,1,1,1,1,0.1078,neutral,0.8085,0.4055899679660797,인적자원 관리,S,다양성 및 형평성 (DEI),"트럼프 대통령 당선 이후, 메타, 구글 모회사 알파벳, 아마존, 맥도날드, 월마트 등 미국 대기업들이 다양성 형평성 포용성(DEI) 목표를 하향 조정하거나 관련 프로그램을 폐지하고 있다. 이러한 흐름 속에서도 세계 최대 의결권 자문기구인 ISS는 애플 투자자들에게 DEI 정책 폐지 제안에 반대할 것을 권고했다. ISS는 DEI 정책이 기업의 장기적인 가치 창출과 경쟁력 강화에 기여한다고 평가하며, 애플의 DEI 정책 유지를 지지했다."
132,155,risk,0.1543,0.5831,0.1553,1,1,2,1,1,2,0.1672,neutral,0.8958,0.6509145498275757,에너지 관리,E,신재생에너지 전환,"토탈에너지스는 ST마이크로일렉트로닉스(ST)와 프랑스 내 ST 시설에 재생 에너지를 공급하기 위한 15년간의 전력구매계약(PPA)을 체결했다. 이번 계약은 2025년 1월부터 시작되며, 총 1.5테라와트시(TWh)의 재생 에너지가 공급될 예정이다. 토탈에너지스는 운영 중인 75메가와트(MW) 규모의 최신 풍력 및 태양광 발전소 두 곳에서 생산된 전력을 ST에 제공할 계획이다. 이 계약은 프랑스에서 이러한 유형의 15년 장기 계약으로는 최초 사례로, ST의 2027년까지 100% 재생 에너지 조달 목표 달성에 기여할 것으로 전망된다."
133,156,opportunity,0.0769,0.2608,0.0961,1,1,1,1,1,1,0.0961,neutral,0.7206,0.36191239953041077,윤리경영·준법,G,반부패 및 컴플라이언스,"노르웨이 국부펀드(NBIM)는 지난해 49개 기업에 대한 투자를 철회하며 ESG 리스크 관리를 강화했다. 이는 전년의 86개 기업 대비 감소한 수치다. 특히 기후 리스크 관련 5개, 인권 리스크 관리 미흡 15개, 반부패 노력 부족으로 8개 기업에 대한 투자를 중단했다. 이러한 결정은 미국을 중심으로 한 ESG 반발에도 불구하고 지속가능한 투자에 대한 NBIM의 의지를 보여준다."
134,157,opportunity,0.0708,0.2434,0.1073,1,3,2,1,1,1,0.0631,neutral,0.4732,0.5142646431922913,에너지 관리,E,에너지 소비 및 효율화,"한국경제인협회는 기업 10곳 중 8곳(82.7%)이 정부가 올해 UN에 제출할 2035 온실가스 감축목표(NDC) 설정 시 산업부문 감축목표를 현 수준으로 유지해야 한다고 주장한다고 밝혔다. 설문 결과에 따르면, 산업계가 평가하는 2030 산업부문 온실가스 감축목표의 달성가능성은 평균 38.6%로 낮음 수준으로 나타났다. 산업계는 감축목표 달성이 어려운 주요 원인으로 저탄소 산업구조로의 전환 어려움(31.0%)과 에너지효율 개선 지연(26.2%), 경제 및 생산 위축(20.2%), 저탄소기술 혁신 및 상용화 지연(19.0%)을 제시했다."
135,158,opportunity,0.1333,0.4249,0.1977,1,3,2,1,1,2,0.1628,neutral,0.8722,0.48717445135116577,에너지 관리,E,신재생에너지 전환,"글로벌 에너지저장장치(ESS) 시장이 향후 10년간 현재의 7배 규모로 성장할 것으로 전망된다. 배터리 가격 하락과 인공지능(AI) 데이터센터, 신재생에너지 확대가 주요 성장 동력으로 예상된다. 시장조사업체 우드맥킨지는 향후 10년간 ESS 시장이 지난해 대비 7배 성장할 것으로 전망했다. 지난해 배터리 에너지저장장치(BESS) 설치 용량은 69GW 161GWh로, 전년 대비 44% 증가했다. 배터리 가격 하락이 ESS 시장 확대의 핵심 요인으로 작용하고 있다."
136,159,opportunity,0.1132,0.4534,0.104,1,1,1,1,1,1,0.104,neutral,0.7803,0.5810773968696594,에너지 관리,E,신재생에너지 전환,"에너지 기후테크 기업 엔라이튼이 삼성전자의 공식 RE100 자가용 태양광 공급사업자로 선정돼 협력사들의 재생에너지 전환을 주도하는 핵심 파트너로 나선다고 밝혔다. 이번 사업의 첫 성과로, 엔라이튼은 리모트솔루션(리모컨 개발 제조)과 한국에바라정밀기계(반도체 제조용 기계 제조)와 계약을 체결하며 본격적인 사업에 착수했다."
137,160,opportunity,0.1179,0.4228,0.1512,1,1,2,1,1,1,0.1163,neutral,0.8724,0.4845973253250122,에너지 관리,E,신재생에너지 전환,"국내 재생에너지 발전량이 RE100 가입 대기업들의 수요를 100% 충족하지 못하고 있다. 현재 공급량은 대기업 총 수요의 88.4% 수준으로, 기업들의 재생에너지 확보 경쟁이 심화될 것으로 예상된다. 기업들은 안정적인 재생에너지 확보를 위해 추가적인 정책 지원이 필요하다고 요구하고 있다. 이에 따라 정부의 재생에너지 확대 정책이 더욱 중요한 시점이다."
138,161,opportunity,0.1053,0.3234,0.1548,1,2,2,1,1,2,0.1444,neutral,0.7738,0.41790327429771423,인적자원 관리,S,다양성 및 형평성 (DEI),"정부가 전기요금 차등제 도입을 추진하면서 지역 분할 기준을 둘러싼 논란이 확산되고 있다. 일부 지역에서는 전기요금 인상 우려가 나오고 있으며, 형평성 문제도 제기되고 있다. 정부는 지역별 에너지 소비 구조를 고려해 공정한 요금 체계를 마련할 계획이다. 이에 따른 기업과 소비자의 부담 변화에 관심이 집중되고 있다."
139,162,risk,0.1062,0.346,0.1125,1,1,2,1,2,2,0.1731,neutral,0.649,0.5331666469573975,에너지 관리,E,신재생에너지 전환,"국내 배터리 3사가 사상 첫 동반 적자가 예상되는 가운데, 에너지저장장치(ESS) 사업을 새로운 성장 동력으로 보고 있다. ESS 시장은 신재생에너지 확대와 함께 성장하면서 배터리 업체들에게 기회가 될 전망이다. 기업들은 ESS 기술 개발과 신규 프로젝트 수주에 집중하고 있다. 이를 통해 배터리 시장의 변동성을 극복하려는 전략이 추진되고 있다."
140,163,opportunity,0.1086,0.4363,0.0994,1,1,1,1,1,1,0.0994,neutral,0.7453,0.5853866338729858,에너지 관리,E,신재생에너지 전환,"세계 최대 반도체 파운드리 기업 TSMC가 증가하는 전력 수요를 충족하기 위해 액화천연가스(LNG) 사용을 고려하고 있다. TSMC는 2040년까지 RE100(재생에너지 100%)을 달성하겠다고 선언했지만, LNG 의존이 증가하면 탄소 감축 목표 달성이 어려워질 수 있다. 환경단체들은 해당 계획이 기후 목표에 역행한다고 지적했다."
141,164,opportunity,0.1113,0.4314,0.1101,1,1,1,1,1,1,0.1101,neutral,0.8254,0.5226362943649292,기후변화·온실가스,E,Scope 1·2 배출량,"한국거래소 발표에 따르면, 2024년 국내 대기업 집단의 약 70%가 지속가능경영보고서를 자율 공시했으며, 이는 전년 대비 27% 증가한 수치다. 주요 그룹별로는 현대차(11개사), 삼성(10개사), 롯데(9개사), SK(9개사), LG(9개사)가 포함됐다. 보고서 공시 기업 중 99%는 Scope 1 2 배출량을 공개했으나 연결기준 공시는 3%에 그쳤다."
142,165,risk,0.1736,0.4731,0.2635,3,3,2,1,3,2,0.2978,neutral,0.8591,0.5506914258003235,기후변화·온실가스,E,Scope 3 배출량,"S P 글로벌에 따르면 2025년 클린테크 분야 투자 규모가 약 978조원에 달해 화석연료 업스트림 부문 투자 규모를 처음으로 넘어설 전망이다. 특히 태양광 발전이 전체 투자의 절반을 차지할 것으로 예상되며, 배터리 에너지 저장장치(BESS)와 AI 기술이 시장 변화에 핵심 역할을 할 것으로 예측된다."
143,166,risk,0.1736,0.4731,0.2635,3,3,2,1,3,2,0.2978,neutral,0.8591,0.5506914258003235,에너지 관리,E,신재생에너지 전환,"S P 글로벌에 따르면 2025년 클린테크 분야 투자 규모가 약 978조원에 달해 화석연료 업스트림 부문 투자 규모를 처음으로 넘어설 전망이다. 특히 태양광 발전이 전체 투자의 절반을 차지할 것으로 예상되며, 배터리 에너지 저장장치(BESS)와 AI 기술이 시장 변화에 핵심 역할을 할 것으로 예측된다."
144,167,opportunity,0.1203,0.4711,0.1165,1,1,1,1,1,1,0.1165,neutral,0.8735,0.5392827391624451,에너지 관리,E,신재생에너지 전환,"정부가 신규 대형 원자력발전 건설 목표를 3기에서 2기로 축소하고 재생에너지를 확대하는 제11차 전력수급기본계획 조정안을 마련했다. 산업통상자원부는 국회 산업통상중기벤처위원회에 2038년까지 태양광 발전 설비용량 2.4GW를 추가 확대하고, 대형 신규원전을 2기만 건설하는 내용의 조정안을 제출했다."
145,168,opportunity,0.1496,0.6012,0.1529,1,1,2,1,1,1,0.1176,neutral,0.8821,0.6815381050109863,기후변화·온실가스,E,Scope 1·2 배출량,KT G가 2045년 탄소중립 달성을 위해 한화솔루션 큐셀부문과 재생에너지 직접전력구매계약(PPA)을 맺었다. KT G는 향후 20년간 연간 최대 8.8GWh의 재생전력을 공급받게 된다. 이를 통해 연간 전력 사용량의 4.5%가 재생전력으로 대체되고 온실가스 4050톤이 줄어들 것으로 예상했다.
146,169,opportunity,0.1496,0.6012,0.1529,1,1,2,1,1,1,0.1176,neutral,0.8821,0.6815381050109863,에너지 관리,E,신재생에너지 전환,KT G가 2045년 탄소중립 달성을 위해 한화솔루션 큐셀부문과 재생에너지 직접전력구매계약(PPA)을 맺었다. KT G는 향후 20년간 연간 최대 8.8GWh의 재생전력을 공급받게 된다. 이를 통해 연간 전력 사용량의 4.5%가 재생전력으로 대체되고 온실가스 4050톤이 줄어들 것으로 예상했다.
147,170,opportunity,0.1148,0.4531,0.1093,1,1,1,1,1,1,0.1093,neutral,0.8194,0.5529064536094666,에너지 관리,E,신재생에너지 전환,기아가 현대자동차그룹 계열사 중 처음으로 재생에너지 전력구매계약(PPA) 사업을 진행하기로 했다. 내년 1분기 안으로 한 발전공기업과 PPA를 맺고 오토랜드 화성에 1.1MW 규모의 태양광 전력을 도입할 계획이다. 거래단가 협상까지 마무리된 것으로 알려졌다.
148,171,opportunity,0.1322,0.5382,0.117,1,1,1,1,1,1,0.117,neutral,0.8775,0.6132994294166565,에너지 관리,E,신재생에너지 전환,"LS머트리얼즈가 신재생에너지와 AI데이터센터 전력 안정화 사업을 확대하고 있다. 최근 전력 안정화를 위한 신제품 LS UltraGrid의 첫 출하식을 열었다. 이 제품은 MW급 전력을 안정적으로 공급할 수 있는 랙형 울트라커패시터 시스템으로, 풍력 태양광 등 신재생에너지 설비의 전력 안정화를 위해 공급될 예정이다."
149,172,opportunity,0.1358,0.5578,0.1175,1,1,1,1,1,1,0.1175,neutral,0.8814,0.6328972578048706,기후변화·온실가스,E,기후 거버넌스·인벤토리,"세계경제포럼과 협력해 설립된 기후 거버넌스 이니셔티브(CGI)가 내년 상반기 한국 본부를 열기로 했다. 국제 ESG협회는 CGI 한국 본부 유치를 결정했다. 딜로이트 그룹 ESG센터장은 한국 본부 출범 준비위원회 멤버로 참여해 협력하기로 했다. CGI는 전세계 73개국, 33개 챕터, 10만 이상의 이사회 네트워크를 보유하고 있다."
150,173,risk,0.1147,0.3827,0.1417,1,1,2,1,1,2,0.1526,neutral,0.8176,0.4681302309036255,에너지 관리,E,신재생에너지 전환,"삼성물산 건설부문이 말레이시아 재생에너지 회사 솔라베스트와 태양광 사업에 협력하기로 했다. 삼성의 동남아시아 주요 사업장에 태양광 발전소 건설을 모색할 것으로 전망된다. 양사는 태양광 발전 사업 협력을 위한 업무협약을 체결했다. 세부 사업 계획은 정해지지 않았으나, 솔라베스트는 대만과 캄보디아, 말레이시아, 브루나이에 위치한 삼성 사업장에 태양광 발전소를 설치한다고 밝혔다. 삼성물산 건설부문에서 시공을, 솔라베스트에서 패널과 인버터 등 태양광 솔루션을 제공할 것으로 예상된다."
151,174,opportunity,0.1225,0.453,0.1672,1,1,3,2,1,1,0.0929,neutral,0.6966,0.6502326130867004,인적자원 관리,S,다양성 및 형평성 (DEI),"미국 항소법원은 나스닥이 상장사에게 이사회 다양성 데이터 공시를 요구하는 것이 부당하다고 판결했다. 나스닥은 2020년 미국 증권거래위원회(SEC)에 이사회 다양성 공시와 관련된 새로운 상장 규정을 채택하자는 제안서를 제출한 바 있다. 이후 1년 뒤인 2021년 8월 SEC는 이 규정을 승인했다. 그러나 나스닥의 다양성 목표 요구가 기업에게 불필요한 인원 할당을 요구한다고 여긴 싱크탱크인 국립 공공정책 연구 센터와 공정한 이사회 채용을 위한 연합(Alliance for Fair Board Recruitment, AFFBR) 이 SEC를 대상으로 소송을 제기했다. 이번 판결로 SEC가 소송에서 패소하면서 해당 규정은 무효화되었다고 로이터통신, 월스트리트저널 등이 보도했다."
152,175,risk,0.1429,0.4266,0.1789,3,1,1,1,3,1,0.2459,neutral,0.8384,0.5088554620742798,에너지 관리,E,신재생에너지 전환,"필리핀이 세계 최대 규모의 태양광 발전소 건설에 착수하며 재생에너지 확대에 박차를 가했다. 필리핀 최대 전력 유통업체 메랄코(Meralco)는 수도 마닐라 북쪽에 3500 메가와트(MW) 규모의 태양광 발전소와 4500MWh 용량의 에너지 저장시설을 건설할 계획이라고 일본의 경제신문 닛케이 아시아가 보도했다. 총 35억달러(약 4조8000억원)가 투입되는 이 프로젝트는 2026년 1단계 가동을 시작으로, 2027년부터 본격적인 전력 생산에 돌입할 예정이다."
153,176,opportunity,0.1367,0.4902,0.1567,1,3,1,1,1,2,0.1567,neutral,0.8392,0.5841655135154724,에너지 관리,E,신재생에너지 전환,"일본이 원자력 발전소 20개 이상을 합친 것보다 많은 전력을 생산할 수 있는 슈퍼 태양광 발전소를 구축하겠다는 계획을 세계에서 처음으로 밝혔다. 친환경에너지 전문매체 ECO뉴스에 따르면, 일본 정부의 지원 속에 PSC 기술의 상업화를 추진 중인 세키스이화학공업은 PSC에 기반한 태양광 모듈을 2030년 이후 출시 목표로 현재 개발 중이라고 발표했다. ECO뉴스는 세키스이의 이번 발표는 글로벌 태양광 시장에서 뒤처진 일본이 다시 선도주자로 재도약하기 위한 움직임의 일환 이라고 전했다."
154,177,risk,0.158,0.5288,0.1745,1,2,2,1,2,2,0.2327,neutral,0.8727,0.6059028506278992,에너지 관리,E,신재생에너지 전환,"OCI홀딩스의 미국 태양광 발전 자회사 OCI 에너지가 신규 에너지저장장치(ESS) 프로젝트를 수주했다. 9일 OCI 에너지에 따르면, 회사는 최근 CPS 에너지와 알라모 시티 ESS(Alamo City ESS) 라는 ESS 프로젝트를 위한 장기 계약을 체결했다. 이로써 텍사스주 벡사카운티 남동부 지역에 120MW(메가와트 480MWh)급 ESS를 구축한다. 이 ESS 프로젝트는 오는 2026년 말께 가동할 예정이며, 향후 20년 간 텍사스주 샌안토니오 지역의 에너지 공급원이 될 전망이다."
155,178,risk,0.1782,0.6303,0.1873,3,1,1,1,2,2,0.2341,neutral,0.8778,0.7179956436157227,에너지 관리,E,신재생에너지 전환,"GS에너지의 태양광 발전사업 자회사 넥스트리뉴어블스솔루션(NRS)이 RE100 수요자와의 직접전력공급사업(PPA)을 위한 자금 조달에 성공했다. GS에너지와 재생에너지 솔루션 기업 해줌이 각각 90%, 10%의 비율로 출자한 NRS는 KDB인프라자산운용 및 NH투자증권과 200억원 규모의 프로젝트파이낸싱(PF) 금융약정을 지난 6일 체결했다. 또, GS에너지는 NH투자증권과 향후 RE100 직접 PPA 사업 확대를 위한 업무협약(MOU)을 9일 체결했다."
156,179,opportunity,0.1351,0.4726,0.2097,3,3,1,1,1,1,0.1049,neutral,0.7864,0.6009179949760437,인적자원 관리,S,다양성 및 형평성 (DEI),"미국 주요 기업들의 이사회 다양성 증가세가 둔화하고 있다는 보고서가 발표됐다. 비영리 싱크탱크 컨퍼런스 보드(Conference Board)가 ESG 데이터 분석업체 이에스게이지(ESGAUGE)의 데이터를 활용해 발표한 보고서 2024년 이사회 관행과 구성(Board Practices and Composition 2024 Edition)에 따르면, 다양성의 증가가 주춤하는 모습이다. 보고서에 따르면, S P 500 기업 이사회에서 히스패닉 라틴계를 포함한 백인이 아닌 이사의 비율은 2020년 20.4%에서 2023년 25.6%로 상승했다. 그러나 지난 1년 동안의 상승폭은 단 0.1%포인트에 그쳤다. 이사회 전체의 다양성 비율과 주요 리더십 직위의 다양성 비율 간 차이도 눈에 띄었다."
157,180,opportunity,0.1381,0.4859,0.1631,1,3,1,1,1,2,0.1631,neutral,0.8737,0.5560911893844604,에너지 관리,E,신재생에너지 전환,"삼성물산 상사부문(이하 삼성물산)이 LS일렉트릭과 공동으로 글로벌 신재생에너지 사업을 추진했다. 삼성물산은 LS일렉트릭과 25일 글로벌 신사업 개발 공동 추진 양해각서(MOU) 서명식을 가졌다고 밝혔다. 양사는 합작사를 설립하고, 첫 협업 대상으로 현재 삼성물산이 미국에서 개발 중인 500메가와트(MW) 규모의 에너지저장장치(BESS) 프로젝트를 선정했다. 초기 개발 단계에 있는 프로젝트를 LS일렉트릭과 공동으로 진행하며 가치를 제고한다는 계획이다. 삼성물산은 각종 인허가 취득을 포함한 개발 분야를, LS일렉트릭은 전력 솔루션 제공 등 기술 분야를 담당한다."
158,181,opportunity,0.1468,0.5681,0.1679,1,3,1,1,1,1,0.1199,neutral,0.8996,0.6314558386802673,에너지 관리,E,신재생에너지 전환,"현대자동차가 인도 타밀나두 공장 운영을 위한 118MW 규모에 달하는 전력 공급망을 확보했다. 현지 재생에너지 기업과 25년 동안 재생에너지를 공급하는 내용을 골자로 한 전력구매계약을 체결하고 발전소 지분도 확보했다. 21일 업계에 따르면, 현대차 인도판매법인(HMIL)은 FPEL TN 풍력발전소와 재생에너지 공급계약(PPA)을 체결했다. 양사 PPA 기간은 FPEL TN이 HMIL를 위해 새로 마련하는 재생에너지 발전소 운영 시작일로부터 25년이다. 이를 위해 FPEL TN은 타밀나두 지역에 75MW 규모 태양광 발전소와 42.9MW 규모 풍력 발전소를 설립할 계획이다."
159,182,risk,0.1359,0.4566,0.1179,1,1,2,1,3,2,0.2358,neutral,0.6803,0.6712307333946228,이사회 구조,G,이사회 구성 및 독립성,"감사위원 전원 분리선출주(대주주 3% 의결권 제한), 집중투표제 의무화 등의 내용을 담은 상법 개정안이 통과되면, 자산 기준 30대 상장기업(지난해 말 기준) 중 8개사(26.7%)의 이사회가 외국 기관투자자 연합에 넘어갈 수 있다는 분석이 나왔다. 14일 한국경제인협회는 자산 2조원 이상 상장기업 150개(자산은 개별 기준)를 대상으로 지배구조 규제 강화 시 상장사 이사회 구성변화 분석 을 통해 이같이 밝히며, 현재 논의되고 있는 상법 개정안에 대한 우려를 표시했다."
160,183,opportunity,0.1206,0.4633,0.1359,1,1,2,1,1,1,0.1045,neutral,0.784,0.5909137725830078,인적자원 관리,S,다양성 및 형평성 (DEI),"미국 공화당 중심 보수진영의 반ESG 공세 속에서도 지속가능성 공시(ESG 공시)에 나서는 미국 기업이 크게 늘었다고 로이터통신이 보도했다. ESG 투자 자문사 HIP 인베스터(HIP Investor)에 따르면, 지난해 미국 대기업의 85%가 세부적인 온실가스 배출량 정보를 공개했다. 2019년보다 온실가스 배출량 공개 기업이 54%나 증가했다. 인종이나 젠더 다양성 정보 공개도 크게 늘었다. 다양성 데이터를 추적하는 다이버IQ(DiverIQ)에 따르면, S P500 지수 편입 기업 중 올 9월 1일 임직원의 인종과 성별에 관한 정보를 공개한 기업 비중이 82.6%에 달했다. 2019년에는 이런 정보를 공개한 기업이 5.3%에 불과했다."
161,184,opportunity,0.104,0.3797,0.1154,1,1,1,1,1,1,0.1154,neutral,0.8653,0.43886131048202515,에너지 관리,E,신재생에너지 전환,"독일 정부가 보조금을 받을 수 있는 태양광 발전소의 범위를 축소할 계획이라고 블룸버그가 보도했다. 블룸버그가 입수한 독일 정부의 보조금 축소 법안 초안에 따르면, 정부는 최근 재생에너지 전력 공급 확대로 보조금 지급 부담이 늘어난 것으로 보여졌다. 블룸버그가 입수한 법안 초안에 따르면, 현재는 100킬로와트(kW) 용량 이상의 태양광 발전소는 정부의 보조금 대상이 아니지만, 이러한 기준은 2026년에는 90킬로와트 이상으로 낮아진다. 2027년에는 75킬로와트로 낮아지고, 그 이후에는 25킬로와트로 낮아질 예정이다."
162,185,risk,0.1434,0.5335,0.1429,1,2,1,1,1,2,0.1667,neutral,0.8932,0.5972812175750732,에너지 관리,E,신재생에너지 전환,"블룸버그는 주거용 태양광 및 배터리 시스템을 전문으로 하는 미국 태양광업체 선런(Sunrun)이 데이터센터 개발업체들과 분산형 태양광 발전을 공급하기 위해 논의 중이라고 보도했다. 선런의 CEO 메리 파월은 데르보스 2024 컨퍼런스에서 데이터센터 개발업체들과 분산형 태양광 발전 공급을 위한 몇 가지 협력 모델을 논의 중이라고 밝혔다. 전기 유틸리티와 협력해 신규 데이터센터에 맞춤형 태양광 시스템을 제공하거나, 인근 지역의 기존 선런 시스템을 활용하는 것이 포함될 수 있다고 파월은 말했다."
163,186,opportunity,0.1349,0.5479,0.1201,1,1,1,1,1,1,0.1201,neutral,0.9004,0.6085382699966431,에너지 관리,E,신재생에너지 전환,"현대자동차는 현대건설, SK E S, GS E R, 엔라이튼과 국내 최대 규모의 재생에너지 공급 계약(PPA)을 체결했다고 30일 밝혔다. 현대차는 이번 PPA를 통해 향후 20년간 현대건설, SK E S, GS E R, 엔라이튼으로부터 국내 사업장에 재생에너지 연간 610GWh(기가와트시)를 공급받는다. 이는 84kWh의 배터리가 장착된 아이오닉5를 700만회 이상 완충할 수 있는 전력량이다. 또, 현대차는 판매 부진을 겪고 있는 중국을 재공략하고 신흥 시장으로 떠오른 인도 내 점유율을 빠르게 높이기 위해 현지 맞춤형 내장시스템 연구개발에 속도를 내고 있다."
164,187,risk,0.1213,0.4315,0.119,1,1,1,1,1,2,0.1666,neutral,0.8925,0.48350077867507935,에너지 관리,E,신재생에너지 전환,"호주에 세계 최대 태양광 발전소를 건설하고 생산 전력을 4천여 길이 해저 케이블로 싱가포르에 공급하는 사업이 싱가포르 정부의 조건부 승인을 받아 속도를 내게 됐다. 로이터 블룸버그 통신에 따르면, 이 같은 내용의 호주-아시아 파워링크 프로젝트에 대해 싱가포르 에너지시장국(EMA)이 기술적 상업적 타당성 검토 절차를 거쳐 조건부 승인 결정을 내렸다고 이 사업을 추진하는 호주 기업 선케이블이 밝혔다. 선케이블은 호주 북부 노던 준주에 축구장 1만6천800개 또는 서울 강남 3구(강남 서초 송파)를 합한 면적인 120 규모의 태양광 발전소를 지을 계획이다."
165,188,opportunity,0.1076,0.3711,0.1423,1,2,1,1,1,1,0.1185,neutral,0.8891,0.4173770546913147,에너지 관리,E,신재생에너지 전환,"일본의 대표적인 에너지 기업 J-Power가 미국 내 화석연료 발전 사업을 축소하고 재생에너지 전환에 박차를 가한다고 밝혔다. J-Power에 따르면, 자사가 보유 중인 11개 미국 발전소 지분 중 최대 9개를 매각하고 이를 통해 확보한 자금을 해외 재생에너지 사업에 투자할 계획이다. 이번 결정은 미국 정부의 강화된 환경 규제와 급증하는 재생에너지 수요에 대응하기 위한 전략적 선택으로 풀이됐다. J-Power는 미국 화석연료 발전소 매각으로 확보한 자금을 호주와 동남아시아 지역의 재생에너지 사업에 투자할 계획이다."
166,189,risk,0.1671,0.5414,0.1523,1,1,2,1,3,2,0.3047,neutral,0.8788,0.6161169409751892,에너지 관리,E,신재생에너지 전환,"두산퓨얼셀이 중국 최대 에너지 기업 중 하나인 중국에너지건설유한공사(China Energy Engineering Corporation Limited, CEEC) 등과 중국 내 신재생 수소에너지 분야 협력에 나섰다. 중국은 2025년 수소 산업 총생산액이 1조위안(약 191조원)에 달할 것으로 예상됐다. 중국 언론 스지신넝위안왕( 세기신에너지망)의 최근 보도에 따르면, 두산퓨얼셀은 CEEC, CEEC 자회사 CEEC수소에너지, 산시진준( )그룹과 수소 등 신재생에너지 관련 전략적 협약을 맺었다. 협약은 지난 8월에 이뤄졌지만 계약상 이유로 늦게 알려졌다."
167,190,risk,0.1422,0.4947,0.1607,1,3,1,1,2,1,0.1837,neutral,0.861,0.5745830535888672,에너지 관리,E,신재생에너지 전환,"현대엔지니어링이 세르비아에서 역대 최대 규모 태양광 발전 사업을 따냈다. 16일 건설업계에 따르면, 현대엔지니어링은 미국 태양광업체 UGT리뉴어블스와 컨소시엄을 이뤄 세르비아 정부가 발주한 태양광 발전소 사업을 수주했다. 지난해 11월 우선협상자로 선정된 지 약 11개월 만이다. 이 사업은 세르비아 남동부 지역에 1기가와트(GW) 규모의 태양광 발전소와 200메가와트(MW)급 전력저장 시스템을 짓는 사업이다. 현대엔지니어링은 설계 조달 시공(EPC)을 담당한다."
168,191,opportunity,0.1145,0.4123,0.1414,1,2,1,1,1,1,0.1178,neutral,0.8836,0.46656712889671326,인적자원 관리,S,다양성 및 형평성 (DEI),"30대 기업의 대다수(89.7%)가 지속가능경영 전략의 일환으로 다양성, 형평성 및 포용성 관련 정책(이하 DE I 및 DEI)을 고려하고 있는 것으로 나타났다. 지속가능경영보고서에 DE I를 비롯해 다양성 및 포용성 등을 표기한 곳은 26곳이며, 언급이 없는 곳은 이마트, HD한국조선해양, DB손해보험 등 3곳이었다. 특히, 8개 기업(삼성전자, 현대차, 기아, 현대모비스, LG에너지솔루션, 현대건설, 현대제철, 현대글로비스)은 구체적으로 DE I 관련 정책을 제정하고 있었다. 이 중 6곳이 현대그룹사에 해당했다. 30대 기업이 지속가능경영보고서에 DEI 성과로 가장 많이 언급한 것은 임직원 다양성 존중 을 비롯한 여성 임직원 확대 였다."
169,192,risk,0.1744,0.5136,0.2222,3,1,2,1,3,2,0.3041,neutral,0.8771,0.5855347514152527,에너지 관리,E,신재생에너지 전환,"사우디아라비아 국부펀드 공공투자기금(PIF)이 그린수소(녹색수소) 분야에 약 13조5150억원을 투입할 방침이다. 블룸버그통신 등에 따르면, PIF는 그린수소 전력 생산을 위한 자금을 조달하기 위해 자회사 에너지솔루션스(Energy Solutions)를 설립할 예정이다. 이르면 이달 말 공식 출범할 것으로 알려졌다. PIF는 이를 통해 그린수소 분야에 최소 100억 달러(약 13조5150억원)를 투자할 전망이다. 사우디아라비아는 2030년에는 천연가스와 신재생 에너지만으로 전력을 생산하고 석유를 더 이상 전력원으로 활용하지 않을 계획이다. 이에 따라 태양, 풍력 등 신재생에너지 부문에도 대규모 투자 계획을 갖고 있다. 이 과정에서 그린수소를 생산에 수출한다는 방침이다."
170,193,opportunity,0.0888,0.3171,0.1183,1,3,1,1,1,1,0.0845,neutral,0.6336,0.5005106925964355,에너지 관리,E,신재생에너지 전환,"미국 정치권의 반( ) ESG 영향력은 과장된 것이라는 분석이 나왔다. JP모건 지속가능솔루션 글로벌 책임자 추카 우문나는 런던에서 개최된 로이터 에너지 전환 컨퍼런스(Reuters Energy Transition conference)에서 최근 ESG에 대한 정치적 반발은 과장됐으며, 미국의 녹색경제는 오히려 성장하고 있다 고 밝혔다. ESG 용어의 사용 빈도가 전보다 줄어들었을 뿐 미국 투자자들의 실질적인 ESG 투자 흐름은 유럽 투자자들과 크게 다르지 않다는 것이다. 실제로 글로벌 자산운용사들은 미주 지역에서 활발한 ESG 투자 활동을 이어가고 있다."
171,194,opportunity,0.1061,0.4133,0.1038,1,1,1,1,1,1,0.1038,neutral,0.7782,0.5310415029525757,에너지 관리,E,신재생에너지 전환,"고려아연이 지분 30%를 보유한 호주 남반구 최대 풍력발전소가 가동을 시작했다. 영풍 MBK파트너스와 경영권 분쟁을 겪는 와중에도 최윤범 회장이 이끌어온 신재생에너지 등 신( ) 사업이 순항하고 있다는 평가가 나왔다. 8일 고려아연은 호주 자회사 아크에너지가 지분 투자한 맥킨타이어(MacIntyre) 풍력발전소가 지난 4일 첫 가동에 들어갔다고 밝혔다. 2022년 3월 착공에 들어가 현재 공정율은 85%가 넘어섰으며, 이번에 1차로 27개의 풍력 터빈의 부분가동을 통해 첫 전력을 생산한다."
172,195,opportunity,0.0962,0.3329,0.1167,1,1,1,1,1,1,0.1167,neutral,0.8751,0.3804611563682556,기후변화·온실가스,E,Scope 3 배출량,"프랑스의 토탈에너지는 루이스 에너지 그룹과 텍사스 이글 포드 분지에 있는 일부 건식 가스 생산 자산의 지분 45%를 인수하는 계약을 체결해 미국 내 천연가스 발자국을 확장하고 있다고 밝혔다. 토탈에너지의 탐사 및 생산 사장인 니콜라스 테라즈는 이번 인수로 미국 내 업스트림 가스 입지가 더욱 강화되고, 저렴한 업스트림 가스 공급으로 통합 LNG 입지에 기여하게 됐다 고 말했다."
173,196,risk,0.1308,0.4637,0.1196,1,1,1,1,2,1,0.1914,neutral,0.8973,0.5168144106864929,에너지 관리,E,신재생에너지 전환,"한화솔루션의 태양광 부문인 한화큐셀이 미국 에너지 회사 퓨짓 사운드 에너지(Puget Sound Energy, 이하 PSE) 가 발주한 애팔루사 태양광 프로젝트(Appaloosa Solar Project)에 참여한다. 유타주 풍력발전 단지 부지를 활용해 142 태양광 발전소를 짓는다. 내년부터 건설에 돌입해 2026년 말 가동하며, 북미에서 태양광 수주를 확대할 예정이다."
174,197,opportunity,0.1588,0.5632,0.2408,3,3,1,1,1,1,0.1204,neutral,0.9029,0.6237778663635254,에너지 관리,E,신재생에너지 전환,"CJ제일제당이 인도네시아 사료 생산시설에 태양광발전 설비를 준공하고 친환경 에너지 발전을 시작했다. 신재생에너지 사용 확대를 통한 탄소 배출량 감축에 앞장서겠다는 방침이다. CJ제일제당 자회사 CJ피드앤케어는 인도네시아 스마랑 지역에 자리한 사료 공장 전체에 태양관 패널을 설치했다. 인도네시아 다빈 에너지 솔루션(Dabin Energy Solution), 한국남방개발(KODECO) 등 파트너사들과 협력해 최대 989kWp(킬로와트피크) 규모의 전력을 생산할 수 있는 태양광발전 시설을 도입했다."
175,198,opportunity,0.1301,0.472,0.1769,1,1,3,1,1,1,0.1106,neutral,0.8294,0.5690634846687317,에너지 관리,E,신재생에너지 전환,일본에서 가장 오래된 중공업 기업인 IHI가 태양광발전소에서 발생하는 잉여 직류(DC) 전력을 탄소 배출 없는 증기로 변환하는 시스템을 개발했다고 발표했다. 2024년 4월부터 일본 후쿠시마 현 소마시 하수 처리장에서 시범 운영 중인 이 시스템은 현재까지 안정적인 성능을 보여줬다. 태양광 발전의 특성상 일조량 변동에 따라 발생하는 잉여 전력을 효과적으로 활용해 열에너지를 생성하고 저장하는 기술이다.
176,199,opportunity,0.0891,0.2806,0.123,1,3,1,1,1,2,0.123,neutral,0.6587,0.425933301448822,에너지 관리,E,신재생에너지 전환,삼성물산 상사부문이 유럽 신재생에너지 거점 확보를 위해 독일에 법인 설립을 추진했다. 북미와 호주 등 글로벌 시장에서 쌓은 신재생에너지 사업 노하우를 유럽에 이식해 저변 확대에 나섰다는 분석이다. 업계에서도 삼성물산 상사부문의 신재생에너지 사업 경쟁력을 높게 평가하고 있는 만큼 향후 유럽 시장에서의 행보에 관심이 모아졌다.
177,200,opportunity,0.1337,0.4943,0.1673,1,3,1,1,1,1,0.1195,neutral,0.8964,0.5514205098152161,에너지 관리,E,신재생에너지 전환,"말레이시아와 인도네시아가 신재생에너지 협력 강화를 모색했다. 양국 간 협력을 확대해 지속 가능한 개발을 촉진한다는 계획이다. 관련 업계에 따르면, 다투크 세리 파딜라 유소프 말레이시아 부총리 겸 에너지 물 전환부 장관은 루훗 빈사르 판자이탄 인도네시아 해양투자업무 조정장관과 2024 인도네시아 지속가능포럼 에서 양자회담을 진행했다. 유소프 총리는 인도네시아와 에너지 공급망 및 신재생에너지 역량 강화를 위한 협력 방안을 모색했다고 발표했다. 또, 역내 국가 간 협력을 확대해 신재생에너지 전환 및 지속 가능한 개발을 촉진할 계획이라고 부연했다."
178,201,risk,0.1425,0.5268,0.1213,1,1,1,1,2,1,0.194,neutral,0.9095,0.5792150497436523,에너지 관리,E,에너지 소비 및 효율화,"환경부는 기후 변화에 대응해 대체 수자원 확보에 속도를 내고 있다. 우선, 내년부터 5년간 국고 354억5천만원을 투입하고 95억5천만원의 민간투자를 확보해, 세계 최고 수준의 해수담수화 기술을 확보할 방침이라고 밝혔다. 환경부는 이번 연구개발(R D)로 전처리와 역삼투 등 해수담수화 본 공정 에너지 소비량을 1 당 2.2kWh 이하로 낮추는 기술을 확보할 계획이다."
179,202,opportunity,0.1388,0.5332,0.1565,1,1,2,1,1,1,0.1203,neutral,0.9026,0.5907766819000244,안전보건,S,사업장 안전보건 관리체계,"한국선급(KR)은 미국 휴스턴에서 열린 가스텍 2024에서 HD현대중공업과 위험성 평가를 통한 진보된 암모니아 연료 공급 시스템 개발 에 관한 업무협약을 17일 체결했다고 18일 밝혔다. HD현대중공업은 암모니아 운반선에 암모니아 연료를 적용하기 위한 주요 시스템 배치를 설계하고, KR은 암모니아 연료 공급 시스템에 대한 위험성 평가를 수행해 개념 승인(AIP)을 수여할 계획이다."
180,203,opportunity,0.1274,0.516,0.1142,1,1,1,1,1,1,0.1142,neutral,0.8567,0.6022871732711792,에너지 관리,E,신재생에너지 전환,프랑스의 거대 에너지기업 토탈에너지스(TotalEnergies)와 인도 최대 재생에너지 기업인 아다니 그린(Adani Green Energy Limited)이 합작회사를 설립했다. 로이터는 두 회사가 인도 구자라트주의 카브다에 위치한 태양광 합작회사 설립 계약을 체결했다고 보도했다. 합작회사는 최대 1575메가와트(MW) 규모의 태양광 발전 프로젝트를 구축하게 된다. 로이터는 이번 합작투자가 인도의 재생에너지 시장을 겨냥한 두 회사의 전략적 제휴를 강화하는 동시에 인도의 청정 에너지 목표 달성에 기여할 것이라고 보도했다.
181,204,opportunity,0.0916,0.3533,0.0917,1,1,1,1,1,1,0.0917,neutral,0.6874,0.5139468908309937,기후변화·온실가스,E,Scope 3 배출량,"독일 연방환경청(UBA)은 석유기업들이 중국의 기후 프로젝트를 통해 생성한 탄소크레딧 21만5000톤을 인정하지 않겠다고 발표했다. 바이오연료 생산기업들이 1년 전 해당 프로젝트에 대해 그린워싱 문제를 지적했는데, 정부가 이를 받아들인 결과다. 문제가 된 프로젝트들은 바이오 연료보다 상대적으로 저렴한 업스트림 배출 감축(UER) 프로젝트라고 로이터 통신은 전했다."
182,205,opportunity,0.0984,0.3809,0.0976,1,1,1,1,1,1,0.0976,neutral,0.732,0.5203559994697571,인적자원 관리,S,다양성 및 형평성 (DEI),"정치가 ESG에 영향을 미치면서 기업 내 다양성, 포용성 이슈를 없애는 기업들이 늘었다. 로이터통신은 기업 성명서를 검토한 결과, JP 모건 체이스(JP Morgan Chase)를 포함한 최소 6개 주요 미국 기업이 2024년에 DEI 정책을 수정한 것으로 나타났다고 보도했다. 미국의 가정용품 소매업체 기업인 로우즈(Lowe s)는 회사 내부 문서를 통해, 더 이상 LGBTQ 권익 옹호 단체인 인권 캠페인(HRC)에 대한 설문 조사에 참여하지 않는다고 전했다. 할리 데이비슨(Harley-Davidson)은 성명을 통해, 데이비슨은 현재 DEI 기능 이 없으며 2024년 4월 이후로 그러한 프로그램을 운영하지 않았다고 말했다."
183,206,risk,0.1098,0.3645,0.1195,1,1,1,1,1,2,0.1674,neutral,0.8966,0.40651625394821167,기후변화·온실가스,E,Scope 3 배출량,"인도네시아 정부가 니켈 투자를 촉진하는 데 역량을 집중했다. 자국 경제 성장을 촉진하기 위해 니켈 다운스트림 프로그램을 계속해서 장려한다는 방침이다. 에릭 토히르 인도네시아 국영기업부 장관은 자신의 인스타그램 계정을 통해, 인도네시아 자카르타에서 로산 로슬라니 인도네시아 투자부 장관 겸 투자조정위원회(BKPM) 위원장을 만나 인도네시아 니켈 투자와 니켈 다운스트림 개발에 대해 논의했다고 밝혔다."
184,207,opportunity,0.123,0.4828,0.1185,1,1,1,1,1,1,0.1185,neutral,0.8891,0.542996346950531,에너지 관리,E,신재생에너지 전환,"신성이엔지는 쌍용건설과 12MW 규모 태양광 모듈 공급 계약을 체결했다고 2일 밝혔다. 이번 계약은 단일 모듈 수출로는 최대 규모이며, 창사 이래 첫 수출 사례이다. 본격적인 해외시장 진출을 위한 첫걸음으로 평가됐다. 계약에 따라 신성이엔지는 오는 10월까지 12MW 규모 태양광 모듈을 쌍용건설에 공급한다. 쌍용건설은 해당 모듈을 중남미 아이티의 카라콜 산업단지에 구축되는 태양광 발전소 프로젝트에 사용하게 된다."
185,208,opportunity,0.1174,0.4566,0.1395,1,1,3,1,1,1,0.0872,neutral,0.6541,0.6981170773506165,기후변화·온실가스,E,Scope 3 배출량,총 외부 배출량을 의미하는 스코프 3(Scope 3) 관리 방안을 두고 논란이 확산됐다. 블룸버그는 과학기반 감축목표 이니셔티브(SBTi)가 발표한 탄소 상쇄 인정 정책이 결국 빅오일의 승리 이자 에너지 전환 실패로 이어질 것이라고 보도했다. SBTi가 당장 탄소 상쇄를 허용하지는 않을 것으로 보여졌다. 실제로 SBTi가 발표한 중간 보고서를 보면 다양한 종류의 탄소 상쇄권들이 의도된 기후위기 완화 효과성을 입증하지 못하고 있다 고 명시했다. SBTi는 올해 말 기업 넷제로 표준 개정안을 마련해 2025년에는 확정할 계획이다.
186,209,risk,0.1208,0.4268,0.1198,1,1,1,1,1,2,0.1677,neutral,0.8983,0.4751613140106201,에너지 관리,E,신재생에너지 전환,"김동연 경기지사가 임기 후반기 역점 정책으로 주 4.5일 근무제, 저소득층 노인 간병비 지원, 재생에너지 이익 공유제 등을 도입했다. 김 지사는 14일 열린 민선8기 후반기 중점과제 발표 기자 간담회 에서 중점과제로 기회 돌봄 기후 평화 등 4개 경제 분야의 신규 사업 구상을 발표했다. 기회 분야에서는 노동시간 단축과 저출생 대책으로 임금 삭감 없는 주 4.5일제 와 경력단절 없는 0.5 0.75잡 프로젝트를 내년에 시범사업으로 추진한다. 돌봄 분야에서는 경기도형 간병 SOS 프로젝트 를 시행한다. 기후위기 대응책으로는 RE100 펀드 조성, 기후위성 발사, 기후보험 가입 등을 추진한다."
187,210,risk,0.1316,0.4261,0.101,1,1,1,1,3,2,0.2626,neutral,0.7574,0.5625430941581726,에너지 관리,E,신재생에너지 전환,"올해 초 인도 재벌 아다니 그룹이 재생에너지에 31조원을 투자한다고 발표했다. 아다니 그룹의 라이벌인 릴라이언스도 이에 질세라 분주하게 움직이고 있다. 로이터의 보도에 의하면, 릴라이언스가 인도 최대 재생에너지 프로젝트 개발업체가 되는 것을 목표로 한다. 2030년까지 100GW의 재생에너지 설비 구축을 목표로 하는 릴라이언스는 잠나가르에 있는 10GW 규모의 태양광 발전(PV) 기가팩토리에서 저가형 태양광 셀과 모듈을 만드는 데 사용되는 잉곳과 웨이퍼 생산을 시작할 예정이다."
188,211,opportunity,0.0854,0.3025,0.1,1,1,1,1,1,1,0.1,neutral,0.7499,0.40344637632369995,인적자원 관리,S,다양성 및 형평성 (DEI),"이어 폐기물 재활용(1.76점), 육아휴직(1.72점), 장애인 고용(1.62점), 사회공헌(1.24점) 순으로 나타났다."
189,212,risk,0.1669,0.5347,0.2202,3,1,2,1,2,2,0.2318,neutral,0.8694,0.6150517463684082,에너지 관리,E,신재생에너지 전환,LS일렉트릭이 초고압 전력기기 사업 확대를 위해 1000억원을 투자한다. 전 세계적으로 신재생에너지 증가와 노후 전력망 교체로 급증하고 있는 초고압 전력기기 수요에 적극 대응하기 위해서다. LS일렉트릭은 13일 이사회에서 부산사업장의 초고압 변압기 시설 투자를 위해 205억원을 추가 투자하는 안건을 의결했다고 공시했다. 이번 투자에 따른 라인 최적화 및 비용 절감을 통해 2027년부터는 총 7000억원 규모로 캐파 가 늘어날 것으로 전망됐다.
190,213,opportunity,0.1104,0.3314,0.1991,1,3,2,1,1,1,0.1171,neutral,0.8784,0.37732115387916565,에너지 관리,E,신재생에너지 전환,"삼성물산 상사부문이 미국에서 본격적으로 전기차 충전 사업에 뛰어들었다. 이를 위한 별도 법인까지 설립했다. 2일 업계에 따르면, 삼성물산은 지난 4월 미국 델라웨어주에 삼성물산 차징 솔루션 이라는 별도 법인을 설립했다. 이 법인은 미국 법인인 삼성물산 아메리카 의 산하 계열사로 미국 내 전기차 충전 사업을 전담한다. 삼성물산이 전기차 충전 사업을 시작하면서 기존에 진행 중인 태양광 발전 및 ESS 개발 사업 등 다른 신재생 에너지 사업과의 연계도 예상됐다."
191,214,opportunity,0.1581,0.6013,0.2009,1,3,2,1,1,1,0.1182,neutral,0.8862,0.6785643100738525,기후변화·온실가스,E,Scope 3 배출량,"도이치 은행은 글로벌 화학기업 바스프(BASF)의 첫 ESG 연계 공급망 금융지원(Sustainable Supply Chain Finance, SSCF) 프로그램을 출범했다. BASF는 중국을 중심으로 아시아의 협력사에게 금융지원 프로그램을 제공하고 있었으나, 이를 ESG 성과와 연계하는 지속가능 금융지원 형태로 전환했다. 이를 통해 BASF는 협력사의 지속가능성을 장려하고 스코프 3(Scope 3 공급망간접배출) 배출 감축을 도모하겠다고 밝혔다. 바스프는 대표적인 공급망 지속가능성 평가업체 에코바디스(EcoVadis)를 통해 협력사의 ESG 성과를 측정할 예정이다."
192,215,risk,0.161,0.4776,0.2219,3,1,2,1,3,1,0.257,neutral,0.8761,0.5451354384422302,에너지 관리,E,신재생에너지 전환,"거대 에너지 기업 셰브론이 아이오와에 있는 바이오 디젤 공장의 전력을 태양광 패널로 43% 대체하는 작업을 시작했다. 영국의 지속가능성 미디어 환경리더에 의하면, 이 프로젝트는 2028년까지 저탄소 계획에 80억달러(약 11조원), 특히 탄소 감소 프로젝트에 20억달러(약 2조7830억원)를 투자하려는 셰브론의 전략이다. 이 작업을 실제로 실행하는 기업은 셰브론 재생에너지 그룹(Chevron Renewable Energy Group)이다. 셰브론 재생에너지 그룹은 아이오와의 메이슨 시티(Mason City)에 있는 바이오디젤 생산 시설의 대대적인 개선에 착수했다."
193,216,opportunity,0.1036,0.4047,0.1007,1,1,1,1,1,1,0.1007,neutral,0.7554,0.5357033610343933,인적자원 관리,S,다양성 및 형평성 (DEI),"해외 기업들이 미국 공화당과 일부 자산 관리자들의 압박을 못 이기고 다양성과 환경 관련 조치를 철회하고 있는 것으로 나타났다. 파이낸셜타임스(FT)는 어드밴스드 마이크로 디바이시스를 포함한 약 12개 기업이 올해 임원 인센티브 계획에서 다양성 형평성 포용성(DEI) 기준을 제외했다고 보도했다. 이들 12개 기업은 도널드 트럼프 전 대통령의 지지자인 비벡 라마스와미가 설립한 반ESG 자산운용사 스트라이브의 압력으로 임원 보수 계획에서 ESG 인센티브를 제외한 60개 기업 중 일부이기도 하다. 매트 콜 스트라이브 최고경영자(CEO)는 기업들이 DEI와 ESG 측정 기준에서 벗어나는 움직임을 환영하며, 이 결정이 임원 인센티브 제도를 개선했다 고 말했다."
194,217,opportunity,0.0723,0.2061,0.1117,1,1,1,1,1,1,0.1117,neutral,0.8379,0.24591366946697235,인적자원 관리,S,다양성 및 형평성 (DEI),"공화당의 기업 DEI 이니셔티브에 대한 압력이 증가하는 가운데, 기업들은 이를 축소하기 위해 서두르고 있다."
195,218,opportunity,0.1292,0.4829,0.1583,1,3,1,1,1,1,0.1131,neutral,0.8479,0.569499671459198,에너지 관리,E,신재생에너지 전환,"태양광 발전 패널도 시장 가격을 실시간으로 평가받게 됐다. S P글로벌은 미국, 유럽, 아시아의 태양광 발전 패널에 대한 일별 현물시장 가격 평가를 최초로 시작했다고 밝혔다. S P글로벌은 태양광 기술이 점차 상품화되면서 태양광 모듈 가격이 투명하게 공개되도록 하기 위해 이 서비스를 시작했다고 설명했다."
196,219,risk,0.1588,0.6508,0.1166,1,1,1,1,1,2,0.1632,neutral,0.8743,0.744422197341919,기후변화·온실가스,E,기후 거버넌스·인벤토리,"SK에코플랜트의 기업 탄소관리 플랫폼 웨이블 디카본(WAYBLE decarbon)이 한국경영인증원(KMR)으로부터 국내 첫 GIS(온실가스 인벤토리 시스템) 인증을 획득했다고 밝혔다. GIS 인증은 탄소배출량 산정 시스템의 적합성을 검증하는 인증체계로, SK에코플랜트는 배출계수 산정방법, 배출량 산정 근거, 데이터의 적합성 등 심사를 통과해 인증을 취득했다. 이번 인증으로 웨이블 디카본의 고객은 탄소배출량 산정 작업의 효율성 증대와 더불어 온실가스 배출 검증과정에서 비용과 시간 부담도 줄일 수 있을 것으로 기대된다."
197,220,opportunity,0.1522,0.5368,0.1999,1,2,3,1,1,2,0.1555,neutral,0.8331,0.6443681120872498,에너지 관리,E,신재생에너지 전환,"수소-석탄 혼소 발전이 재생에너지로 생산한 전기를 100% 쓴다 는 재생에너지100(RE100) 인증에서 제외될 것으로 보여졌다. 수소-석탄을 섞어 발전하는 게 RE100 기준에 맞지 않다는 뜻이다. 우리나라 기업들이 추진하는 다양한 형태의 혼소 발전에도 영향을 줄 것으로 전망됐다. 15일 탄소정보공개프로젝트(CDP) 한국위원회 등에 따르면, 이 위원회 김태한 수석연구원은 산업통상자원부와 한국에너지공단이 주최한 자발적 재생에너지 정책 설명회 에서 2024년 RE100 기술기준 개정을 위한 의견 수렴 결과 대다수가 수소-석탄 혼소 발전에 부정적 의견을 보였다 고 밝혔다. 이에 따라 올해 말 이사회를 통해 최종 확정될 새로운 RE100 기술 기준에서는 수소-석탄 혼소 발전을 제외할 것으로 예상됐다."
198,221,opportunity,0.1557,0.462,0.2305,3,3,1,1,2,2,0.2305,neutral,0.8642,0.5345603823661804,에너지 관리,E,신재생에너지 전환,"신한자산운용이 미국 민자발전사업자(Independent Power Producer, IPP)인 엔피니티 글로벌(Enfinity Global)의 일본 태양광 프로젝트에 자금을 지원했다. 프로젝트 규모는 250MW(메가와트)에 이른다. 엔피니티 글로벌은 신한자산운용과 맥쿼리 캐피탈이 주도하는 신디케이트 파트너십을 통해 1억6400만달러(약 2270억원)의 자금을 조달했다고 밝혔다. 이번 자금은 엔피니티 글로벌이 일본에서 추진 중인 250MW 규모 태양광 발전 프로젝트에 투입된다."
199,222,opportunity,0.1498,0.4889,0.2262,3,1,3,1,2,1,0.1645,neutral,0.7712,0.6339974403381348,에너지 관리,E,신재생에너지 전환,"기후솔루션은 한국서부발전이 재생에너지 녹색채권으로 조달한 자금을 가스발전에 사용하는 등 거짓 기재했다며, 자본시장과 금융투자업에 관한 법률 위반 혐의로 금융감독원에 4일 신고했다. 기후솔루션에 따르면, 서부발전은 신재생에너지 사업 투자 목적으로 2회에 걸쳐 3200억원 규모의 녹색채권을 발행해 조달한 자금을 전액 가스 열병합발전소 건설에 투입했다. 서부발전은 한국형 녹색분류체계 가이드라인에 따르면, LNG 및 혼합가스 기반 발전설비도 녹색채권 투자대상 이라며 52회 집행내역은 발행시점인 2022년 5월 자금집행이 미확정인 상황에서 향후 변경가능성을 고려해 작성된 것으로, 당사 및 한국거래소 홈페이지 사후보고서에는 김포열병합 건설사업에 사용한 것으로 공시했다 고 입장을 냈다."
200,223,opportunity,0.1182,0.4248,0.1509,1,1,2,1,1,1,0.1161,neutral,0.8704,0.4880341589450836,ESG 데이터 거버넌스,G,ESG 데이터 내부통제,"한국지속가능성인증협회(KOSRA, Korea Sustainability Reporting Assurance Association)가 17일 한국프레스센터에서 창립총회를 열고 공식 출범했다."
201,224,opportunity,0.1598,0.4554,0.2522,3,2,2,1,2,2,0.2402,neutral,0.9006,0.5056435465812683,에너지 관리,E,신재생에너지 전환,"한국수출입은행(이하 수은)이 호주 희토류 광산 개발사업에 프로젝트파이낸싱(PF) 방식으로 대출 7500만달러(약 1036억원), 보증 7500만달러(약 1036억원) 등 총 1억5000만달러(약 2073억원)를 지원했다. 3일 수출입은행에 따르면, 호주 희토류 광산 개발사업은 아라푸라사가 호주 중북부 노던준주의 앨리스스프링스 인근 지역에서 희토류를 개발하는 프로젝트다. 수은의 금융지원으로 전기차와 신재생에너지 제조공정에 필요한 희토류의 일종인 네오디뮴-프라세오디뮴(NdPr) 산화물을 연간 1500톤 정도 규모로 최대 12년간 우리 기업에 공급할 수 있을 것으로 전망됐다."
202,225,risk,0.1679,0.5714,0.1874,3,1,1,1,2,2,0.2343,neutral,0.8786,0.6503869891166687,에너지 관리,E,신재생에너지 전환,"LS일렉트릭이 국내 최대 규모 간척지 태양광발전소 구축 사업자로 선정되며 신재생에너지 발전 시장 공략에 재시동을 걸었다. LS일렉트릭 컨소시엄(LS일렉트릭 탑솔라)은 최근 GS에너지 자회사 지에스당진솔라팜과 사업비 약 1062억원 규모, 발전용량 120메가와트( )급 태양광발전소 구축 EPC(설계 조달 시공) 사업 계약을 체결했다고 26일 밝혔다. LS일렉트릭에 따르면, 이번 사업은 지에스당진솔라팜이 충남 당진시 석문면에 대호만 방조제 건설로 조성된 간척지 100만 부지에 120 급 태양광 발전소를 구축하는 프로젝트다. 국내 최대 규모로 사업기간은 내년 12월까지다."
203,226,opportunity,0.1315,0.534,0.1171,1,1,1,1,1,1,0.1171,neutral,0.8786,0.6077807545661926,에너지 관리,E,신재생에너지 전환,"한화솔루션 큐셀부문(이하 한화큐셀)이 국내 기업의 재생에너지 확대와 RE100 달성을 지원하는 에너지컨설팅 사업을 본격적으로 전개한다. 한화큐셀은 국내 사업장을 보유한 재생에너지 수요 기업을 대상으로 에너지 컨설팅부터 주요 기자재(태양광 모듈 인버터) 공급, 시공, 금융, 연계 사업에 이르는 토털 솔루션을 제공한다고 밝혔다. 한화큐셀은 태양광 제조 역량을 발판 삼아 한국에서도 그린에너지 확대를 돕는 원스톱 솔루션을 제공하는 에너지 기업으로 나아갈 방침이다."
204,227,opportunity,0.1313,0.4595,0.1896,3,1,1,1,1,1,0.1185,neutral,0.8887,0.5170152187347412,에너지 관리,E,신재생에너지 전환,"효성중공업은 미국 테네시주 멤피스와 경남 창원에서 각각 운영하는 초고압변압기 공장을 증설한다고 밝혔다. 약 1000억원을 투자해 총 생산능력을 40% 확대한다는 계획이다. 신재생에너지 발전 수요와 AI, 전기차, 반도체 산업의 급부상으로 세계 각국에서 전력망 인프라 수요가 늘어난 데 따른 결정이다."
205,228,risk,0.1297,0.4832,0.1172,1,1,1,1,1,2,0.1641,neutral,0.8789,0.549813449382782,에너지 관리,E,신재생에너지 전환,삼성물산이 카자흐스탄에 태양광 발전 및 에너지 저장 시설 등 재생에너지(RES) 사업 진출을 도모했다. 카자흐스탄 투자위원회는 정승찬 현지 법인장과 가비돌라 오스판쿨로브 투자위원회 위원장의 회담을 통해 이 같은 내용의 협력 방안을 논의했다고 밝혔다. 양측은 이번 회담을 통해 에너지 분야 협력을 강화하고 향후 프로젝트 실행을 위한 구체적인 방안을 논의하기로 합의했다.
206,229,risk,0.1337,0.5208,0.1105,1,1,1,1,1,2,0.1547,neutral,0.8287,0.6284378170967102,에너지 관리,E,신재생에너지 전환,"SK에코플랜트가 올해 베트남 산업단지 내 지붕 태양광(Roof Top Solar) 조성 사업에 본격적으로 나섰다. 태양광 전력 생산은 물론 탄소배출권 확보를 통해 부가가치 창출에도 속도를 내겠다는 방침이다. SK에코플랜트는 베트남 산업단지를 중심으로 자가소비형 지붕 태양광 발전설비 보급을 확대해 나갈 계획이다. 또, SK에코플랜트와 한국지질자원연구원이 윤석열 대통령의 카자흐스탄 순방 길에 동행해 리튬 광구 개발 등 핵심 광물 자원 확보와 에너지 분야 사업 협력을 논의했다."
207,230,risk,0.1578,0.5026,0.1927,3,1,1,1,2,2,0.2408,neutral,0.9031,0.5565390586853027,에너지 관리,E,신재생에너지 전환,KB국민은행이 미국 재생에너지 기업 베스퍼에너지(Vesper Energy)에 자금을 지원했다. 기후변화에 대응하기 위한 ESG 금융을 지속해서 확대하는 모습이다. 베스퍼에너지는 5억9200만달러(약 8200억원) 규모 신디케이트론(집단대출) 조달을 완료했다고 밝혔다. 베스퍼에너지는 이번에 조달한 자금을 텍사스 북서부 스위셔 카운티에 개발 중인 태양광 발전 사업에 투입할 방침이다.
208,231,risk,0.1665,0.6516,0.1559,1,1,2,1,1,2,0.1679,neutral,0.8993,0.7245737314224243,에너지 관리,E,에너지 소비 및 효율화,"산업통상자원부는 31일 제11차 전력수급기본계획(이하 전기본) 실무안을 공개하며, 신재생에너지와 원자력 발전의 중장기적 확대 방안을 제시했다. 이번 계획은 무탄소 에너지 비중을 높이고, 국가 온실가스 감축 목표(NDC) 달성을 위해 중요한 정책적 전환을 예고했다. 특히, 무탄소 전원 비중을 70%까지 끌어올려 전력 공급의 안정성을 확보하면서도 환경적 지속가능성을 추구하는 것이 이번 계획의 핵심이다. 이를 위해 태양광 및 풍력 설비의 대폭 확대, 수소 발전의 적극적인 도입, 에너지 효율 개선을 위한 다양한 정책이 함께 추진된다."
209,232,opportunity,0.0846,0.2708,0.1487,3,3,1,1,1,1,0.0743,neutral,0.5575,0.4856570065021515,이사회 구조,G,이사회 구성 및 독립성,"금융권 여성 사외이사 비율이 20%에 불과한 것으로 나타났다. 지난해보다 소폭 증가했지만 전체 사외이사 수가 증가함에 따라 여성 사외이사가 늘어났다는 지적이 나왔다. 이사회 다양성은 다양한 이해관계자들의 시각을 반영하는 만큼 지배구조(G) 강화에 필수 요건이지만, 금융권은 ESG 추세에 역행하고 있다는 지적이다. 23일 금융감독원 전자공시시스템에 따르면, 16개 금융지주와 은행의 이사회를 분석한 결과, 지난 1분기 기준 전체 100명의 사외이사 중 여성은 20명에 불과했다. 비율로는 20%였다."
210,233,risk,0.1691,0.5723,0.1901,3,1,1,1,2,2,0.2377,neutral,0.8912,0.6421219706535339,에너지 관리,E,신재생에너지 전환,"산업부가 신재생에너지 핵심기술 고도화를 통해 온실가스를 감축하고자 풍력, 수소, 연료전지 관련 연구개발사업에 총 649억7500만원을 투입한다. 산업부는 이 같은 내용을 골자로 하는 2024년도 제2차 신재생에너지R D 신규지원대상 연구개발과제 의 신청 접수를 6월 3 24일까지 받는다고 24일 밝혔다. 구체적으로 풍력(5개 과제 279억원) 수소(5개 과제 138억원) 연료전지(3개 과제 96억7500만원) 중소형급 무탄소 가스터빈 발전기술개발 및 실증(2개 과제 20억원) 차세대 태양전지 실증사업(1개 과제 10억원) 태양광(5개 과제 106억원) 등 분야서 총 26개 과제가 추진된다."
211,234,opportunity,0.1493,0.4853,0.2299,2,3,2,1,1,2,0.1609,neutral,0.8622,0.5629041194915771,에너지 관리,E,신재생에너지 전환,"고려아연이 자회사 아크에너지를 통해 호주 뉴잉글랜드 지역에 340메가와트(MW)급 풍력발전 단지 조성을 추진하는 것으로 나타났다. 고려아연이 신사업으로 추진 중인 그린수소사업 강화의 일환으로, 호주 현지 내 신재생에너지 생산에 상당한 보탬이 될 것으로 전망됐다. 16일 투자은행(IB) 업계에 따르면, 아크에너지는 뉴사우스웨일스(NSW)주 뉴잉글랜드의 아미데일(Armidale) 지역에 풍력발전소 프로젝트 도우보이 윈드팜(Doughboy Wind Farm) 개발을 추진 중이다."
212,235,risk,0.1277,0.4357,0.1529,1,1,2,1,1,2,0.1647,neutral,0.8822,0.4938787519931793,에너지 관리,E,신재생에너지 전환,"미국 연방 에너지규제위원회(FERC)가 바이든 정부의 친환경 에너지 인프라 구축 계획의 핵심으로 꼽히는 전력망 강화 계획을 승인했다. FERC는 찬반투표를 거쳐, 미국 전역의 전력 공급을 안정화해 친환경 에너지 수요에 대응하기 위한 개혁 안건이 통과됐다고 밝혔다. 뉴욕타임스는 이번 전력망 개혁안에 따라 풍력 및 태양광 발전소와 고전압 전선을 연결하는 일이 쉬워질 것이라고 전망했다."
213,236,opportunity,0.12,0.4665,0.1181,1,1,1,1,1,1,0.1181,neutral,0.8859,0.526631772518158,에너지 관리,E,신재생에너지 전환,"15일 관계부처에 따르면, 산업부는 이르면 다음주 신규 원전 건설 방향 등을 담은 11차 전력수급기본계획(전기본) 초안을 공개한다고 밝혔다. 이번 11차 전기본에는 2024년부터 2038년까지의 전력수급계획이 담겼다. 이번 전기본 발표의 핵심은 신규 원전 건설 여부다. 정부는 당초 11차 전기본에 총 10기의 기존 원전 계속운전과 신규 원전 2 4기 건설을 포함하고, 신재생에너지 보급 속도를 조절하는 내용을 계획한 것으로 알려졌다. 그러나 총선 이후엔 여소야대 국회에서 야당과의 협치를 이유로 원전 확대보단 신재생에너지 확대 정책에 무게가 실릴 것이라는 관측이 나왔다."
214,237,opportunity,0.1143,0.3883,0.1759,1,3,2,1,1,1,0.1035,neutral,0.776,0.5004301071166992,에너지 관리,E,신재생에너지 전환,"한미 양국이 중국산 저가 태양광 제품에 공동 대응하기로 한 가운데, 우리 정부가 탄소 장벽 을 앞세워 중국산 패널에 대한 금융 지원을 차단하기로 했다. 7일 산업통상자원부 등에 따르면, 한국에너지공단을 통해 진행되는 신재생에너지 금융 지원 사업의 자격 요건이 대폭 강화됐다. 막대한 보조금을 등에 업고 물량 공세를 펴고 있는 중국산 저가 태양광으로 인해 국내 무탄소에너지 생태계가 붕괴할 수 있다는 우려에서라는 설명이다. 준조세 성격인 전력산업기반기금이 중국 제품에 대거 지원되는 것을 막아야 한다는 산업계의 주장에 정부가 호응한 것이라는 평가도 나왔다."
215,238,risk,0.1349,0.4738,0.1546,1,1,2,1,1,2,0.1665,neutral,0.8922,0.5309956073760986,인적자원 관리,S,다양성 및 형평성 (DEI),"해양수산부는 해양생물 다양성의 체계적인 보전과 지속 가능한 이용을 위해 해양생물 다양성 보전대책 을 마련하고, 18일 국무총리 주재로 열린 제37회 국정현안 관계장관회의 에서 발표했다. 해수부는 보전과 지속 가능 이용을 통한 해양생물다양성 가치 실현 이라는 비전 아래 해양생물 다양성 보전 및 증진 해양생물 다양성 위험요인 관리 해양생물 다양성 지속 가능한 이용 국제협력 및 인식증진 등 네 가지 전략을 담았다. 이외에도 국제협력 강화를 위해 생물다양성 협약, 람사르 협약 등 관련 국제협약을 충실히 이행하고, 도서국 대상 해양생물 다양성 역량 강화 공적 개발 원조(ODA) 사업도 추진할 계획이다."
216,239,risk,0.1368,0.5228,0.1177,1,1,1,1,1,2,0.1648,neutral,0.8827,0.5922780632972717,에너지 관리,E,신재생에너지 전환,"현대자동차그룹이 미국 조지아주에 건설 중인 전기차 전용 공장을 재생에너지로 운영하기 위해 147메가와트( ) 규모 태양광 발전 전력구매계약을 체결했다고 22일 밝혔다. 현대차그룹은 스페인 재생에너지 개발업체 매트릭스 리뉴어블스 가 주도하는 태양광 발전 프로젝트와 15년(2025 2040년) 장기 전력구매계약(PPA)을 체결했다. 이는 국내 기업이 미국 사업장의 재생에너지 사용을 위해 체결한 PPA 중 최대 규모다. 향후 에너지 조달을 통해 기대되는 탄소 저감 효과는 연간 약 14만톤으로 추산되는데, 이는 준중형세단 8만4000여대가 1년간 배출하는 탄소를 흡수하는 것과 동일하다."
217,240,opportunity,0.1478,0.4504,0.2339,3,3,1,1,2,1,0.1871,neutral,0.8771,0.5135031938552856,에너지 관리,E,신재생에너지 전환,"고려아연이 호주에 위치한 풍력발전소에 7억5300만호주달러(약 6787억원)를 투자하고 신재생에너지 사업을 강화했다. 고려아연의 해외 자회사 아크에너지가 호주 퀸즐랜드주에 건설 중인 맥킨타이어 풍력발전소의 지분 30%에 대해 최종 투자를 결정했다고 21일 전했다. 이번 투자는 아크에너지의 계열사인 아크에너지 맥킨타이어를 통해 이뤄지며, 한화 약 6700억원 규모다. 이번 최종 투자 결정으로 아크에너지는 전체 923.4MW의 발전 용량 중 30%를 확보하게 됐다. 고려아연은 이를 호주자회사인 썬메탈(SMC)에 공급한다는 계획이다."
218,241,opportunity,0.0805,0.2992,0.0866,1,1,1,1,1,1,0.0866,neutral,0.6493,0.4607848823070526,인적자원 관리,S,다양성 및 형평성 (DEI),"올해 들어 미국 기업들이 연례 보고서에서 다양성, 형평성, 포용성(DEI) 을 언급하는 문구가 제거되고 있는 것으로 나타났다. DEI 프로그램이 추구하는 깨어있는(Woke 워크) 자본주의 에 대한 반발 심리가 커지자, 기업들이 선제적으로 대응했다는 분석이 나왔다. 월스트리트저널(WSJ)은 미국 기업들이 미국 증권거래위원회(SEC)에 제출한 10-K(연차보고서) 를 검토한 결과, DEI에 대한 장기 목표가 사라졌다고 분석했다. 기업들이 DEI를 축소하는 배경엔 정치적 갈등이 있었다. 사회적 갈등이 증폭되며 피로감을 호소하는 투자자들이 늘면서 워크 자본주의에 대한 반발심리가 증폭했다는 분석이다."
219,242,risk,0.1567,0.4952,0.1932,3,1,1,1,2,2,0.2415,neutral,0.9055,0.5468651652336121,에너지 관리,E,신재생에너지 전환,"고려아연은 내달 3일 자회사 아크에너지(Ark Energy)를 통해 스페인 신재생에너지기업 악시오나(Acciona)가 호주에 건설 중인 풍력발전소 지분 30%를 취득한다고 밝혔다. 취득 금액은 총 7억5300만호주달러(한화 약 6737억원)로, 오는 2025년까지 분할 납부할 예정이다. 회사 측은 신재생에너지 전력사업을 영위하기 위해 발전소 지분을 인수했다 며 취득 금액 및 일정은 양사 합의에 따라 일부 변동될 수 있다 고 설명했다."
220,243,risk,0.1041,0.3695,0.1025,1,1,1,1,1,2,0.1435,neutral,0.7689,0.4805062413215637,에너지 관리,E,신재생에너지 전환,"일본과 EU가 오는 4월부터 협력해 첨단 소재를 개발할 예정이라고 니혼게이자이신문이 보도했다. 양측은 전기자동차 배터리로 쓰일 수 있는 차세대 나트륨 이온 배터리, 반도체 재료 분야에서 협력할 것으로 기대됐다. 이외에도 태양광 발전 패널 효율을 높일 금속 나노 입자 개발도 논의 대상인 것으로 알려졌다. 니혼게이자이신문은 일본과 EU는 공동 연구개발 프로젝트를 늘려 나가는 동시에 정기적으로 협력 방안을 논의해 첨단 소재를 개발함으로써 중국에 대한 의존도를 낮출 예정 이라고 했다."
221,244,risk,0.1871,0.5969,0.211,3,2,1,1,3,2,0.3048,neutral,0.8793,0.6788010597229004,에너지 관리,E,신재생에너지 전환,다자개발은행(MDB)이 동유럽 독립국가연합(CIS)을 중심으로 태양광 풍력 등 재생에너지 100% 사용(RE100) 프로젝트에 대대적으로 자금을 지원했다. 세계은행(WB)은 유럽 중앙아시아 지역 에너지 안보와 경제개발 역량을 강화를 위해 재생에너지 이니셔티브에 착수해 20억달러(약 2조7110억원) 규모의 자금 지원 계획을 승인했다고 밝혔다. 향후 10년 동안 단계적으로 추진되는 유럽 중앙아시아 재생에너지 스케일업(ECARES) 프로그램의 1단계 사업이다. 연간 6억5000만대 전기차를 충전할 수 있는 15GW규모의 재생에너지를 공급해 탄소배출량을 2억4000만톤 감축할 계획이다. WB 이사회가 승인한 ECARES 이니셔티브 첫 프로젝트 수혜국은 튀르키예다.
222,245,risk,0.1762,0.5779,0.1793,1,1,3,1,3,2,0.2914,neutral,0.8406,0.6875109672546387,인적자원 관리,S,다양성 및 형평성 (DEI),내년부터 국민연금이 이사회 성별 다양성을 고려하지 않은 상장사에 대한 의결권 행사를 강화한다. 28일 국민연금 기금운용위원회는 2차 회의를 열고 수탁자 책임 활동에 관한 지침을 개정했다고 밝혔다. 이번 개정으로 국민연금은 내년 3월 이후 주주총회부터 시가총액 2조원 이상 상장사에 대한 의결권 행사 시 이사회의 성별 다양성을 고려한다. 향후 국민연금은 이사회 성별 다양성 관련 자본시장법 규정을 위반한 회사에 대해 이사 후보 추천 권한이 있는 이사회 위원장이 차기 이사로 선임되는 것을 반대할 수 있다.
223,246,opportunity,0.1531,0.6525,0.1198,1,1,1,1,1,1,0.1198,neutral,0.8986,0.7261258363723755,에너지 관리,E,신재생에너지 전환,"SK에코플랜트는 지난 26일 환경부와 폐배터리 재생원료 인증 시범사업 관련 협약식을 가졌다고 27일 밝혔다. 이번 사업은 전기차 배터리의 재생원료 사용 인증체계를 구축하는 것을 골자로 한다. 향후 폐배터리 인증체계를 국내 배터리 제조사 및 재활용사에 도입하는 것이 목표다. 또, SK에코플랜트는 베트남을 대표하는 신재생에너지 기업 BCGE(Bamboo Capital Group Energy)와 손잡고 700MW 규모의 태양광 및 풍력발전 프로젝트를 공동 개발한다고 22일 밝혔다. SK에코플랜트는 이 프로젝트의 사업 개발 단계부터 참여하며, 탄소배출권 확보에도 나설 계획이다."
224,247,opportunity,0.1326,0.5432,0.1155,1,1,1,1,1,1,0.1155,neutral,0.8659,0.6273168921470642,에너지 관리,E,신재생에너지 전환,영국의 거대 석유회사인 셸(Shell)이 기후 전환 로드맵과 목표를 간략하게 설명하는 에너지 전환 전략 2024(Energy Transition Strategy 2024) 를 발표했다. 지난 2021년에 출시한 파워링 프로그레스(Powering Progress) 전략을 처음으로 업데이트해 내놓은 것이다. 새롭게 수정된 전략에는 스코프 3 배출량을 줄이려는 셸의 첫 번째 임시 목표가 포함돼 있다. 셸은 2030년 스코프 3 저감 목표를 이전의 20%에서 15 20%로 다소 약화시켰다.
225,248,risk,0.1326,0.4631,0.1531,1,1,2,1,1,2,0.1648,neutral,0.8831,0.5243666768074036,에너지 관리,E,신재생에너지 전환,"지속가능성 미디어 ESG투데이(ESG Today)는 미국 재생에너지 개발 업체 프라이머지(Primergy)가 텍사스에서 개발 중인 408메가와트(MW) 규모의 태양광 발전 프로젝트의 향후 생산량에 대해 마이크로소프트와 전력구매계약(PPA)을 체결했다고 보도했다. 현재 텍사스주 힐 카운티에서 개발 중인 애쉬 크릭 태양광 프로젝트는 3480에이커의 부지를 대상으로 하며, 연간 약 9만 가구에 전력을 공급할 수 있는 양의 에너지를 생산할 전망이다."
226,249,opportunity,0.114,0.4463,0.1106,1,1,1,1,1,1,0.1106,neutral,0.8298,0.5378124117851257,에너지 관리,E,신재생에너지 전환,"재생에너지 인프라 투자자 엑셀시어 에너지 캐피털(Excelsior Energy Capital) 은 세계 최대 자산운용사 블랙록의 에버그린 인프라 파트너스 펀드(Evergreen Infrastructure Partners Fund)에 자사의 38개 태양광 및 에너지 저장 프로젝트 포트폴리오를 매각했다고 밝혔다. 엑셀시어는 보도자료를 통해, 회사의 초기 펀드인 엑셀시어 재생에너지 투자 펀드 I LP(Excelsior Renewable Energy Investment Fund I LP) 의 태양광 자산 포트폴리오를 블랙록에 매각했다고 밝혔다. 이 포트폴리오는 총용량 89메가와트(MWDC)의 태양광 및 배터리저장 분산발전 프로젝트로 구성돼 있다."
227,250,opportunity,0.0873,0.3267,0.0929,1,1,1,1,1,1,0.0929,neutral,0.6971,0.4687124788761139,기후변화·온실가스,E,Scope 3 배출량,"LX인터내셔널이 인도네시아에 이어 호주에서도 리튬 광산 매입 준비에 착수했다. 향후 호주 광산을 매입한 이후에는 리튬 제조사와의 합작 투자도 진행할 예정이다. 이외에도 인도네시아에 니켈 광산을 추가 확보를 위한 물색 작업을 시작했다. 또, 제련소 구축을 위한 투자 절차에도 돌입한 상태다. 2차전지 핵심광물 공급망 경쟁이 심화하고 있는 상황에서 인도네시아와 호주 등 주요 광산 매입 등으로 업스트림(up-stream) 분야의 경쟁력을 확실히 다지겠다는 의도로 풀이됐다."
228,251,risk,0.1196,0.4279,0.1162,1,1,1,1,1,2,0.1627,neutral,0.8716,0.49088454246520996,에너지 관리,E,신재생에너지 전환,"석유 기업 셸의 자회사인 미국 태양광발전 사업자 사비온이 보유한 재생에너지 자산 매각을 추진하고 있다고 로이터통신이 보도했다. 로이터가 입수한 자료에 따르면, 셸은 현재 발전용량 10.6GW의 미국 북동부와 서부의 태양광 발전시설 및 에너지저장 시설 매각을 진행하고 있다. 매각 주간사는 투자은행 제프리스가 맡았다. 셸과 제프리스는 셸의 재생에너지 자산 매각에 관해 언급을 피했다. 로이터는 입수한 자료에 따르면, 사비온은 재생에너지 자산 매각 후 셸의 발전시장 전략 수행에 집중하게 될 것 이라고 밝혔다."
229,252,opportunity,0.0932,0.2979,0.1265,1,3,1,1,1,2,0.1265,neutral,0.6775,0.43969592452049255,에너지 관리,E,신재생에너지 전환,삼성물산이 미래 성장 동력으로 낙점한 태양광 개발 사업 확대에 박차를 가하고 있다. 삼성물산 상사부문인 자회사 카리나솔라를 통해 미국 인디애나 주 바르톨로뮤 카운티에 1886에이커(약 763만 평방미터) 규모의 태양광 발전 프로젝트를 추진한다. 이번 프로젝트는 삼성물산의 글로벌 친환경 에너지 기업으로서 도약을 본격화하는 계기가 될 것으로 기대됐다.
230,253,opportunity,0.1153,0.4062,0.1525,1,1,2,1,1,1,0.1173,neutral,0.8797,0.46174076199531555,이사회 구조,G,이사회 구성 및 독립성,"기아가 다음 달 15일 정기 주주총회에서 여성 사외이사 비율이 50%를 넘어설 것으로 예상됐다. 기아의 사외이사진은 조화순 교수, 전찬혁 세스코 대표이사 회장, 신재용 서울대 경영학과 교수, 신현정 한국과학기술원(KAIST) 기계공학과 교수, 이인경 부사장으로 총 5명으로 구성될 예정이며, 이 중 3명이 여성이다."
231,254,risk,0.1606,0.5229,0.1907,3,1,1,1,2,2,0.2383,neutral,0.8938,0.5850726962089539,에너지 관리,E,신재생에너지 전환,"산업통상자원부가 올해 온실가스 국제감축 사업 지원 규모를 큰 폭으로 늘렸다. 산업통상자원부는 오는 19일 2024년 온실가스 국제감축 사업 공고를 한다고 18일 밝혔다. 올해 산업부의 지원 예산은 330억원으로 작년의 60억원에서 5.5배 늘어났다. 사업 한 건당 최대 지원액도 작년의 30억원에서 60억원으로 증액됐다. 정부는 해외에서 신재생에너지 설비 설치, 에너지 설비 고효율화 투자, 저탄소 설비 설치 등 사업을 진행하는 기업에 사업비의 50%까지 지원한다. 기업들은 향후 관련 사업을 통해 확보되는 온실가스 감축분으로 10년에 걸쳐 정부 지원금을 대신 갚게 됐다."
232,255,risk,0.1628,0.5378,0.1895,3,1,1,1,2,2,0.2368,neutral,0.8881,0.6055554747581482,에너지 관리,E,신재생에너지 전환,"정부가 신재생에너지 사업을 위한 금융지원 예산으로 3633억원을 배정하고 사업에 착수했다. 이번 지원사업은 지난해와 마찬가지로 RE100 및 도심지 분산에너지 공급에 중점을 뒀으며, 장기저리 융자를 지원한다는 게 특징이다. 한국에너지공단은 이 같은 내용을 담은 2024년도 신재생에너지 금융지원사업 지원공고 를 공개했다. 총예산은 지난해(4623억원) 대비 약 1000억원 감소한 3633억원으로, 예산의 대부분인 3593억원이 시설자금에 배정됐다."
233,256,opportunity,0.1404,0.4825,0.1778,1,2,2,1,1,2,0.1659,neutral,0.8888,0.54287189245224,에너지 관리,E,신재생에너지 전환,"환경부가 관리 중인 34곳의 댐을 활용해 재생에너지를 생산하는 방안을 추진한다. 이들 댐 중 일부의 수면에 태양광 발전 시설을 배치하고, 신재생에너지를 생산하는 목표를 세웠다. 환경부 관계자는 수상 태양광을 통해 댐 활용 가능성이 확대되도록 할 것 이라고 밝혔다. 댐은 가뭄과 집중호우 등 계절과 기후변화 등에 따라 수위 변동성이 있다. 환경부는 비교적 안정적인 수위를 유지하는 지역을 파악해 실증 사업을 벌이고, 확대 여부를 파악할 전망이다. 환경부는 태양광 확대를 위해 올해 관련 규제의 완화도 추진할 방침이다."
234,257,opportunity,0.1374,0.4673,0.2226,3,3,1,1,1,1,0.1113,neutral,0.8348,0.559717059135437,인적자원 관리,S,다양성 및 형평성 (DEI),"비금융지주사업종 20개 기업 중 16개 사가 지속가능경영보고서를 발간한 가운데 지난해 7월 이전 보고서 공시를 한 기업은 11개 사였다. 보고서를 발간하지 않은 기업은 HD현대 LS 한미사이언스 대성홀딩스 등 4곳이다. 비금융지주사업종의 공시율은 IT 반도체와 같은 80%를 기록했다. 다양성 형평성 포용성(DEI)을 강조했다. 여성 임원의 경우 LS 대성홀딩스 F F홀딩스 대웅 등 4개 사를 제외한 16개 사가 선임했다. 여성 등기임원을 비율로 따지면 평균 11%였다. 장애인 고용의 경우, 200대 기업의 장애인 고용률은 평균 1.89%로 의무 고용률보다 현저히 낮고, 업계는 평균 1.63%로, 전체 평균을 밑돌았다."
235,258,opportunity,0.097,0.3486,0.1276,1,3,1,1,1,1,0.0911,neutral,0.6835,0.5099632143974304,인적자원 관리,S,다양성 및 형평성 (DEI),"업계 내 고용률이 가장 높은 포스코홀딩스도 3%로, 의무 고용률을 넘지는 못했고, HD한국조선해양은 0.1%로 가장 낮았다. 한편, SK GS 롯데지주 한진칼 LS 한미사이언스 대성홀딩스 F F홀딩스 대웅 등 업계 절반가량은 장애인 고용률을 공개하지 않았다."
236,259,opportunity,0.1534,0.5364,0.2381,3,3,1,1,1,1,0.1191,neutral,0.893,0.6006622910499573,에너지 관리,E,신재생에너지 전환,"영국-호주 광산 회사 리오 틴토(Rio Tinto)가 호주 최대 규모의 태양광 발전소(PV)로부터 재생 가능한 전기를 공급받아 퀸즐랜드주 글래드스톤(Gladstone) 알루미늄 프로젝트의 이산화탄소 배출량을 크게 줄일 계획이라고 발표했다. 이 계약에 따라, 리오 틴토는 2026 2027년경 가동될 예정인 1.1GW 규모의 어퍼 칼리오페(Upper Calliope) 태양광 발전 프로젝트의 전체 출력을 구매할 예정이다."
237,260,risk,0.1376,0.5197,0.1124,1,1,1,1,2,1,0.1799,neutral,0.8431,0.6164509654045105,에너지 관리,E,신재생에너지 전환,"LG에너지솔루션과 삼성SDI의 배터리를 활용한 미국 최대 에너지저장장치(ESS) 연계 태양광 발전소가 상업운전을 시작했다. 지속 성장하는 미국 ESS 시장에서 LG 삼성의 품질 경쟁력을 재확인할 수 있는 부분이다. 추가 수주 기회의 발판이 마련된 셈이다. 미국 시공사 모텐슨에 따르면, 이 회사는 현지 재생에너지 기업 테라젠 과 에드워즈 산본 솔라 스토리지(Edwards Sanborn Solar Storage) 프로젝트를 성공적으로 완료했다. 미국 캘리포니아주 소재 4600에이커(약 1861만 ) 부지에 875 규모 태양광 발전소와 3.3GWh의 ESS를 완공해 가동에 돌입했다. 태양광 발전소에는 미국 퍼스트솔라가 현지에서 생산한 패널 약 190만 개가 쓰였다."
238,261,opportunity,0.1096,0.4315,0.105,1,1,1,1,1,1,0.105,neutral,0.7878,0.5477097034454346,이사회 구조,G,이사회 구성 및 독립성,PwC는 이번 설문조사에서 이사회 구성원 교체에 대한 이사들의 생각도 조사했다. 이사회 구성원을 교체해야 한다고 응답한 비율은 45%에 달했다.
239,262,opportunity,0.1598,0.6524,0.1619,1,3,1,1,1,1,0.1157,neutral,0.8675,0.7520017027854919,기후변화·온실가스,E,Scope 3 배출량,"에너지 관리 및 자동화 분야 디지털 혁신을 선도하는 글로벌기업 슈나이더일렉트릭이 비영리협회 WAS(Women Action Sustainability)와 함께 공급망 탈탄소화에 대한 새로운 보고서를 발표했다고 밝혔다. 슈나이더일렉트릭은 보고서가 조직 공급망 파트너들이 업스트림 및 다운스트림 작업을 통해 간접적으로 생성되는 탄소 배출을 줄이는 데 중요한 역할을 강조하며, 관련 내용을 스코프 3(Scope 3)로 분류하고 있다고 설명했다."
240,263,risk,0.1409,0.4172,0.1873,3,1,1,1,2,2,0.2341,neutral,0.878,0.4751405119895935,에너지 관리,E,신재생에너지 전환,LS일렉트릭이 미국 신재생에너지 발전단지에 1200억원 규모의 전력설비를 공급한다. 급성장이 기대되는 북미 변압기 시장에서 본격적인 교두보를 확보했다는 평가가 나왔다. LS일렉트릭이 공급하는 변압기는 발전단지에서 생산한 전기를 고압으로 바꾸는 데 쓰일 예정이다. LS일렉트릭이 미국 시장에 수백 억원 단위의 변압기를 납품한 것은 처음이다.
241,264,risk,0.0993,0.3664,0.0914,1,1,1,1,1,2,0.1279,neutral,0.6852,0.5347306132316589,에너지 관리,E,신재생에너지 전환,"일본 화학기업 카네카가 빌딩 벽면에 붙여 발전할 수 있는 태양광 발전 패널 건자재의 생산을 2030년까지 3배로 늘린다. 향후 건자재 일체형 태양광 발전이 활성화되면, 현재 일본 국내에서 가동되는 태양광 발전에 맞먹는 실적을 올릴 것으로 기대됐다. 회사는 2030년까지 현재의 3배인 연간 30만 생산량을 목표로 하고 있다. 이는 도쿄 돔 6.4개를 모두 두를 수 있는 규모다."
242,265,risk,0.1639,0.4967,0.1839,3,1,1,1,3,2,0.2988,neutral,0.8619,0.5763263702392578,에너지 관리,E,신재생에너지 전환,"일본 최대급 규모의 태양광 발전소가 나가사키에 들어선다. 올봄부터 본격적으로 착공해, 2025년 완공 및 상업 운전을 목표로 하고 있다. 나가사키신문은 최근 나가사키현 우쿠지마에 일본 최대급 태양광 발전소가 설립될 예정이라고 보도했다. 이에 따르면, 사업 투자액은 200억엔(약 1조8200억원)으로, 일본의 주요 전기 시공사 큐덴코와 쿄세라가 출자에 참가했다. 발전 능력은 480메가와트(MW)로, 연간 일반 가정 약 17만3000 세대에 공급할 수 있는 용량이다."
243,266,opportunity,0.1532,0.5332,0.2398,3,3,1,1,1,1,0.1199,neutral,0.8993,0.5928548574447632,에너지 관리,E,신재생에너지 전환,"삼일PwC에 따르면, 이 회사는 이달 들어 에너지트랜지션센터(Energy Transition Center)를 설립했다. 센터는 기존 에너지 산업 인수 합병(M A) 전문가들이 모인 조직이다. 친환경 저탄소 에너지 시스템 전환을 위한 세계적인 움직임에 따른 산업의 근본적 변화에 대응한다. 삼정KPMG도 새해를 겨냥해 다양한 태스크포스(TF)를 신설하고 있으며, 지난달에는 디지털 전환 전문가인 조재박 부대표를 센터장으로, 전사 인공지능(AI) 역량을 집결한 AI센터 를 업계 최초로 발족했다. AI 기술로 운영 업무 효율화, 리스크 사전 탐지 내부통제, AI 기반 회계처리 결산 검증대사 재무분석을 수행하는 상품을 제공한다. EY한영도 생성형 AI TF를 상설화했다."
244,267,risk,0.1588,0.6111,0.154,1,1,2,1,1,2,0.1658,neutral,0.8884,0.6878743171691895,기후변화·온실가스,E,Scope 1·2 배출량,"KT G가 탄소중립 실천을 위해 전력구매계약(Power Purchase Agreement PPA)을 맺었다고 3일 밝혔다. 이번 체결을 통해 KT G는 총 전력 사용량의 7.5%를 재생전력으로 대체함으로써, 온실가스 배출량 6640톤 감축할 것으로 전망했다. KT G는 앞으로 PPA 추가 계약을 통해 재생에너지 사용을 지속적으로 확대하겠다고 했다."
245,268,risk,0.1588,0.6111,0.154,1,1,2,1,1,2,0.1658,neutral,0.8884,0.6878743171691895,에너지 관리,E,신재생에너지 전환,"KT G가 탄소중립 실천을 위해 전력구매계약(Power Purchase Agreement PPA)을 맺었다고 3일 밝혔다. 이번 체결을 통해 KT G는 총 전력 사용량의 7.5%를 재생전력으로 대체함으로써, 온실가스 배출량 6640톤 감축할 것으로 전망했다. KT G는 앞으로 PPA 추가 계약을 통해 재생에너지 사용을 지속적으로 확대하겠다고 했다."
246,269,opportunity,0.1442,0.5961,0.1373,2,1,1,1,1,1,0.1056,neutral,0.7923,0.7523494958877563,이사회 구조,G,이사회 구성 및 독립성,"한국ESG기준원은 최근 기업의 사외이사후보추천위원회의 현황을 분석해서 발표했다. 현황을 조사한 결과, 독립성 확보를 위해 개선이 필요한 측면이 상당수 발견됐다. 사외이사후보추천위 기능의 제한은 이사회 경영감독 기능의 악화로 이어지게 되므로, 기관투자자는 사외이사후보추천위가 제 기능을 발휘해 이사회 구성원의 전문성과 다양성을 충분히 고려해 사외이사 후보를 추천할 수 있도록 해야 한다고 주장했다. 최근 3년간 비금융 상장기업에 대한 사외이사후보추천위원회 운영 현황을 분석한 결과, 이사회 내 사외이사후보추천위원회를 자발적으로 설치하는 기업이 지속적으로 증가하고 있는 점은 긍정적이었다. 그러나 사외이사후보추천위원회 구성의 독립성 측면에서 개선 활동이 필요한 상장기업이 상당수 발견됐다."
247,270,opportunity,0.157,0.5437,0.1904,3,1,1,1,2,1,0.1904,neutral,0.8923,0.6093235611915588,에너지 관리,E,신재생에너지 전환,"신한은행이 지난해 총 1500억원 규모의 한국형 녹색채권 발행에 성공했다고 밝혔다. 신한은행에 따르면, 2023년 8월 1000억원에 이어 12월에 500억원을 추가 발행했다. 신한은행은 환경부 주관 한국형 녹색채권 발행 이차보전 지원사업 에 참여 중이다. 2023년 발행된 녹색채권 중 1000억원은 태양광 바이오매스 발전사업 등 신재생에너지 프로젝트에 지원됐고, 500억원은 녹색분류체계 적합성 검토를 받은 전기차 구입 대출에 쓰일 예정이다."
248,271,risk,0.1134,0.4265,0.1005,1,1,1,1,1,2,0.1407,neutral,0.7535,0.5659598112106323,기후변화·온실가스,E,Scope 3 배출량,"에쓰오일이 지난달 서울 마곡산업단지에 미래 성장을 위한 기술개발(TS D)센터를 준공하고, 현재 울산에 건설 중인 샤힌(아랍어로 매 라는 뜻) 프로젝트에 적용할 석유화학 선도 기술을 집중적으로 개발하고 있다. TS D센터는 샤힌 프로젝트가 완공되는 오는 2026년 이후 양산되는 올레핀 다운스트림 분야에서 신기술 역량 강화를 위한 핵심 역할을 수행하게 된다. 에쓰오일은 TS D센터 건설을 성공적으로 마무리함에 따라 샤힌 프로젝트의 기술 경쟁력도 안정적으로 확보될 것으로 기대하고 있다."
249,272,opportunity,0.1432,0.5915,0.1222,1,1,1,1,1,1,0.1222,neutral,0.9167,0.6452301740646362,기후변화·온실가스,E,기후 거버넌스·인벤토리,"기업 내부 및 외부기관 시스템과 연동한 데이터 자동입력을 지원해 탄소 데이터 관리의 편의성을 개선했고, 최신 탄소 관련 제도 및 정보에 맞춰 배출계수 등을 지속적으로 업데이트해 데이터의 신뢰성을 높일 수 있다."
250,273,opportunity,0.135,0.5218,0.1505,1,1,2,1,1,1,0.1158,neutral,0.8682,0.6010288596153259,기후변화·온실가스,E,Scope 3 배출량,"EU 의회와 이사회는 기업 지속가능성실사지침(CSDDD 이하 공급망실사법)의 적용 범위에서 금융업종을 제외하기로 잠정 합의했다. EU 정책 전문 매체 유랙티브의 보도에 따르면, 이번에 타결된 합의안의 주요 내용은 공급망실사법의 금융업종 적용 제외와 기후변화를 위한 전환계획의 수립과 시행 의무화의 진전이다. EU 이사회는 최종 합의안에 따라 공급망실사법의 적용 범위에 금융 부문을 잠정 제외하며, 향후 적용을 위한 검토 조항이 포함될 것이라고 밝혔다. 이에 따라 금융기관의 핵심 사업인 투자 및 대출 활동은 EU 공급망실사법의 적용 범위에서 제외되며, 금융기관들은 업스트림 공급망에 대한 실사 의무만을 지게 된다. 금융기관이 사실상 자사의 인권 침해와 환경적 피해 여부만 고려하면 된다는 의미다."
251,274,opportunity,0.07,0.2961,0.0559,1,1,1,1,1,1,0.0559,neutral,0.4195,0.7059544920921326,인적자원 관리,S,다양성 및 형평성 (DEI),"지속가능경영을 위해 이사회의 독립성이 요구되고 있지만, 국내 상장사의 이사회 독립성은 여전히 미흡한 것으로 나타났다. 또, 이사회에 여성 이사를 보유한 회사 비율이 고작 9%에 불과해 다양성 측면에서도 아직 갈 길이 먼 것으로 조사됐다. 삼일PwC 거버넌스센터는 이 같은 내용을 담은 2023 이사회 트렌드 리포트 를 최근 발간했다고 6일 밝혔다. 보고서에 따르면, 이사회 독립성 관련 지표인 대표이사와 이사회 의장의 분리 비율은 국내 상장사 가운데 34%에 그친 것으로 집계됐다. 대표이사와 이사회 의장이 분리된 회사라도 사외이사가 이사회 의장을 맡는 경우는 42%로 절반에 못 미쳤다. 이사회 구성에서 중요한 가치 중 하나인 다양성 측면에서도 국내 기업의 수준은 미흡한 것으로 나타났다."
252,275,opportunity,0.07,0.2961,0.0559,1,1,1,1,1,1,0.0559,neutral,0.4195,0.7059544920921326,이사회 구조,G,이사회 구성 및 독립성,"지속가능경영을 위해 이사회의 독립성이 요구되고 있지만, 국내 상장사의 이사회 독립성은 여전히 미흡한 것으로 나타났다. 또, 이사회에 여성 이사를 보유한 회사 비율이 고작 9%에 불과해 다양성 측면에서도 아직 갈 길이 먼 것으로 조사됐다. 삼일PwC 거버넌스센터는 이 같은 내용을 담은 2023 이사회 트렌드 리포트 를 최근 발간했다고 6일 밝혔다. 보고서에 따르면, 이사회 독립성 관련 지표인 대표이사와 이사회 의장의 분리 비율은 국내 상장사 가운데 34%에 그친 것으로 집계됐다. 대표이사와 이사회 의장이 분리된 회사라도 사외이사가 이사회 의장을 맡는 경우는 42%로 절반에 못 미쳤다. 이사회 구성에서 중요한 가치 중 하나인 다양성 측면에서도 국내 기업의 수준은 미흡한 것으로 나타났다."
253,276,opportunity,0.1557,0.6652,0.121,1,1,1,1,1,1,0.121,neutral,0.9073,0.7331390380859375,기후변화·온실가스,E,기후 거버넌스·인벤토리,"탄소회계의 표준화를 위해 30개가 넘는 탄소회계 분야 조직이 모였다. 해외 미디어 에디에 따르면, 새로운 연맹의 명칭은 탄소회계연맹(Carbon Accounting Alliance)으로, 영국의 플래닛 마크(Planet Mark)와 스위스의 클라이밋파트너(ClimatePartner)가 함께 주도하고 있다. 두 업체 모두 환경 관련 컨설팅 업체다. 탄소회계 관련 조직들이 한곳에 모여 다양한 온실가스 배출량 측정 방법론, 규칙 및 배출계수 데이터베이스에 대한 표준을 만들기 위해 모였다. 연맹은 정책 입안자들과 협력해 탄소 배출량 정보 공시에 대한 규제를 개선하기 위한 활동을 개시한다. 정책 참여 활동 외에 회원 간의 지식 공유를 촉진하고 방법론 및 도구 개발을 감독한다"
254,277,opportunity,0.1474,0.542,0.1617,1,3,1,1,1,2,0.1617,neutral,0.8664,0.6256333589553833,에너지 관리,E,신재생에너지 전환,"현대자동차가 아랍에미리트(UAE) 비아그룹(BEEAH Group)과 손잡고 현지 최초 수소 트럭 시범운영에 나섰다. 29일 업계에 따르면, 현대차는 비아그룹과 UAE 내 수소 모빌리티 실증사업 추진과 탄소중립을 목표로 추가 협력 기회를 모색하기 위한 양해각서(MOU)를 체결했다. 샤르자와 두바이 2개 지역에서 수소 전기 트럭 시범 운영을 진행하고, 향후 시범 운영 결과에 따라 비아그룹이 사용 중인 내연기관 트럭을 모두 수소 트럭으로 교체할 계획이다. 한편, 현대차는 23일 현대차 울산공장에서 현대건설과 태양광 재생에너지 전력구매계약(PPA)을 체결했다. 현대차는 이번 계약에 따라 2025년까지 울산공장에 태양광 재생에너지 64메가와트( )를 조달할 계획이다."
255,278,opportunity,0.0907,0.3164,0.1087,1,1,1,1,1,1,0.1087,neutral,0.8155,0.38795438408851624,에너지 관리,E,신재생에너지 전환,이는 국내 기업이 체결한 PPA 중 최대 규모다.
256,279,opportunity,0.1381,0.5151,0.1785,3,1,1,1,1,1,0.1116,neutral,0.8369,0.6155256032943726,에너지 관리,E,신재생에너지 전환,"삼성물산이 호주 노던 테리토리 주정부와 재생에너지 발전 저장과 수소 생산을 위한 그린허브 복합단지 조성에 관한 양해각서를 체결했다. 이번 프로젝트는 태양광과 풍력에너지를 이용해 대규모로 전기를 생산하는 재생에너지 파크와 배터리 에너지 저장 시스템, 녹색 수소 생산 시스템, 그리고 관련된 송전 인프라를 포함한다. 삼성물산은 또, 이번 프로젝트의 일환으로 실질적인 제조 허브를 구축할 계획이다. 풍력 및 태양광 발전소의 생산량은 삼성 계열사를 포함해 100% 재생 가능 에너지로 전환하는 제조 부문 내 회사에 전달될 예정이다. 이번 노던 테리토리 그린허브 프로젝트는 삼성물산의 호주 친환경 에너지 시장 공략의 핵심 프로젝트로 평가됐다."
257,280,opportunity,0.1497,0.6302,0.1215,1,1,1,1,1,1,0.1215,neutral,0.9114,0.691466748714447,에너지 관리,E,신재생에너지 전환,"탄소포집 기술을 개발하고 있는 카본에너지 가 미래과학기술지주, 라이징에스벤처스, 로우파트너스로부터 시드 라운드 투자를 유치했다. 금액은 비공개다. 카본에너지는 B2B 형태로 기업들의 탄소중립(Net-Zero)과 RE100 달성을 위해서 공정에 사용가능한 재생에너지와 탄소감축량을 동시에 제공하는 서비스를 제공할 계획이다."
258,281,opportunity,0.1031,0.3382,0.1634,3,1,1,1,1,1,0.1021,neutral,0.7659,0.4415220320224762,에너지 관리,E,신재생에너지 전환,전 세계 소득 상위 10%를 차지하는 이들이 전 세계 탄소 배출량의 절반을 차지하고 있는 것으로 나타났다. 기후변화에 책임이 있는 만큼 이들을 대상으로 부유세를 매겨 저탄소 재생에너지 전환에 필요한 재원을 마련해야 한다는 주장도 나왔다. 영국의 국제구호개발기구 옥스팜은 보고서에서 2019년 기준 소득 상위 1 에 속하는 7700만명이 전 세계 탄소 배출량의 16%를 차지하고 있다고 밝혔다.
259,282,opportunity,0.1273,0.4934,0.1454,1,3,1,1,1,1,0.1039,neutral,0.7789,0.6334046721458435,기후변화·온실가스,E,Scope 3 배출량,"미국 증권거래위원회(SEC)가 온실가스 배출량 공시 요건을 완화할 방침이다. 새로 도입할 규칙에 따라 가스 배출량을 측정하기 까다로워서다. 공시로 인한 효익보다 비용만 증가한다는 비판도 거센 상황이다. 로이터통신은 소식통을 인용해, SEC가 기업 공급망에서 배출되는 온실 가스양을 공시하는 요건을 일부 완화할 방침이라고 보도했다. 특히, 기업의 가치사슬(밸류체인) 내부에서 생성되는 모든 온실가스를 측정하는 스코프3(Scope 3) 배출 공시 규제를 축소할 계획이다. 스코프3은 기업 공시에서 가장 까다로운 영역으로 평가받는다. 기업이 직접 통제할 수 없는 영역 밖에서 나오는 온실가스 배출량도 측정해야 해서다. SEC 내부에서도 스코프3을 철회해야 한다는 비판이 나왔다."
260,283,opportunity,0.1283,0.4719,0.1572,1,1,2,1,1,1,0.121,neutral,0.9072,0.5201765894889832,에너지 관리,E,신재생에너지 전환,"전략 원자재는 신재생에너지, 디지털, 항공우주, 방위 기술 등 핵심 산업 분야에 사용되는 원자재 중 수요와 공급망 차질 위험 등을 고려해 설정한 것으로 별도 규정을 적용받게 된다. EU는 이미 전략 원자재로 분류된 천연 흑연 외에 향후 합성 흑연도 추가하는 방안을 검토 중이다. 이 밖에 신규 원자재 추출 프로젝트에 대해서는 최대 27개월 이내, 가공 재활용 프로젝트는 15개월 이내로 사업 허가에 걸리는 기간을 대폭 단축하는 방안도 합의됐다."
261,284,opportunity,0.1507,0.5396,0.225,3,3,1,1,1,1,0.1125,neutral,0.8437,0.6395595669746399,에너지 관리,E,신재생에너지 전환,"현대건설이 유럽 최대 에너지 기업과 손잡고 신재생에너지 발전사업 확장에 나섰다. 현대건설은 지난 14일 알더블유이 오프쇼어 윈드(RWE Offshore Wind GmbH, 이하 RWE)와 해상풍력발전 및 그린수소사업 공동개발 에 대한 전략적 업무협약(MOU)을 체결했다고 15일 밝혔다. 이번 협약을 통해 양사는 국내 해상풍력발전사업 공동개발 양사가 개발 중인 사업의 상호 간 참여기회 도모 그린수소를 포함한 신에너지 분야 신규사업 모색 등에 긴밀하게 협력할 계획이다. 양사는 국내 해상풍력발전시장에 대한 현대건설의 경험 및 네트워크와 RWE의 글로벌 해상풍력발전단지 개발 및 운영 노하우를 바탕으로 국내 해상풍력발전사업 공동개발에 협력해 글로벌 시장으로 그 범위를 확대해 나갈 예정이다."
262,285,opportunity,0.1052,0.389,0.1144,1,1,1,1,1,1,0.1144,neutral,0.8583,0.45322614908218384,에너지 관리,E,신재생에너지 전환,"이번 펀드는 해외에서 진행되는 인프라 사업에 투자한다는 점에서 기존의 해외 인프라 펀드와 유사하지만, 탄소배출권을 확보할 수 있는 사업으로 투자 대상이 한정된다는 점에서 차이가 있다. 투자 대상은 태양광 발전 등 탄소배출권을 확보할 수 있는 해외 친환경 사업이 우선 꼽혔다."
263,286,risk,0.1715,0.5826,0.1919,3,1,1,1,2,2,0.2399,neutral,0.8995,0.6476724147796631,에너지 관리,E,신재생에너지 전환,"2000억원 규모의 기업 재생에너지 펀드가 나왔다. 한국에너지공단은 국내기업의 RE100(재생에너지 100%) 이행지원 및 재생에너지 민간투자 활성화를 위해 기업 재생에너지 펀드를 조성한다고 2일 밝혔다. 펀드는 공단의 녹색 프리미엄 재원 2000억원과 국책은행인 IBK기업은행의 투자금 500억원으로 모( )펀드를 조성하고, 공모를 통해 선정된 KDB인프라자산운용이 모펀드를 운용한다."
264,287,risk,0.148,0.5832,0.1194,1,1,1,1,1,2,0.1671,neutral,0.8952,0.6514232158660889,에너지 관리,E,신재생에너지 전환,"현대건설이 재생에너지 전력중개거래 분야 신사업 추진 보폭을 넓히고 있다. 현대건설은 최근 인천남동산업단지 에너지자급자족 인프라 구축 및 운영사업의 본격 착수를 위한 협약을 체결했다고 22일 밝혔다. 인천테크노파크를 주관기관으로, 현대건설(발전 인프라 구축) KT(에너지 관리시스템 구축) 유호스트(고효율화 설비 구축) 등이 컨소시엄으로 참여한다. 이 사업에서 현대건설은 발전 인프라 구축사업의 총괄 리더로서, 인천 내 유수의 태양광 회사인 JH에너지 원광에스앤티와 함께 재생에너지 발전설비 구축 운영, 재생에너지 전력거래를 담당한다. 한편, 이번 에너지자급자족사업에 현대건설은 산업단지 최초로, 온사이트 PPA(On-Site PPA) 거래방식을 도입한다."
265,288,risk,0.1567,0.4402,0.2153,3,3,1,1,3,2,0.2799,neutral,0.8074,0.5452408194541931,이사회 구조,G,이사회 구성 및 독립성,"기업의 25% 만이 ESG 공시 준비가 된 것으로 나타났다. 세계적인 종합 회계 컨설팅 기업인 KPMG가 전세계 750개 기업의 ESG 담당 최고 경영진과 이사회 구성원을 대상으로 ESG 공시 준비지수(KPMG ESG Assurance Maturity Index 2023) 를 설문 조사한 결과, 글로벌 기업 중 75%가 ESG 데이터 인증 및 새로운 규제 대응에 아직 많은 과제가 남았다고 답했다. 매출이 100억달러(약 13조5700억원) 이상의 규모가 큰 기업은 ESG 정보공시 준비(56.3점)가 상대적으로 잘 되어 있는 것으로 조사됐다."
266,289,risk,0.1567,0.4402,0.2153,3,3,1,1,3,2,0.2799,neutral,0.8074,0.5452408194541931,ESG 데이터 거버넌스,G,ESG 데이터 내부통제,"기업의 25% 만이 ESG 공시 준비가 된 것으로 나타났다. 세계적인 종합 회계 컨설팅 기업인 KPMG가 전세계 750개 기업의 ESG 담당 최고 경영진과 이사회 구성원을 대상으로 ESG 공시 준비지수(KPMG ESG Assurance Maturity Index 2023) 를 설문 조사한 결과, 글로벌 기업 중 75%가 ESG 데이터 인증 및 새로운 규제 대응에 아직 많은 과제가 남았다고 답했다. 매출이 100억달러(약 13조5700억원) 이상의 규모가 큰 기업은 ESG 정보공시 준비(56.3점)가 상대적으로 잘 되어 있는 것으로 조사됐다."
267,290,opportunity,0.0826,0.2311,0.1602,1,3,2,1,1,1,0.0942,neutral,0.7068,0.3269333243370056,에너지 관리,E,신재생에너지 전환,"세계 광산업계에서 구리에 대한 초과 수요 현상이 장기간 심화할 것이란 우려를 제기했다. 재생에너지 전환이 급속도로 이뤄지면서 구리 수요가 공급을 크게 앞지를 것이란 이유다. 고금리 장기화로 자본 조달 비용이 증가하면서, 신규 광산을 개발하는 속도도 더뎌지고 있다는 지적이 나오고 있다."
268,291,opportunity,0.1016,0.3299,0.1511,1,1,2,1,1,1,0.1163,neutral,0.8719,0.37831589579582214,안전보건,S,사업장 안전보건 관리체계,"유럽연합(EU)이 반도체와 인공지능(AI) 등 첨단기술에 대한 위험성 평가를 시작했다. 사실상 중국을 겨냥한 수출 및 투자 제한 검토로, 유럽의 대중 전략 핵심인 디리스킹(위험 제거) 을 본격화한 것으로 풀이된다. EU는 27개 회원국과 함께 연말까지 위험성 평가를 마친 후, 내년에 구체적인 대응에 나서기로 했다."
269,292,opportunity,0.1651,0.6096,0.2339,3,3,1,1,1,1,0.1169,neutral,0.877,0.6951333284378052,에너지 관리,E,신재생에너지 전환,"TSMC가 2040년 RE100(재생에너지로 전력 100% 충당)을 조기 달성하겠다고 밝혔다. TSMC는 당초 계획했던 2050년보다 10년 앞당겨 RE100을 구축할 계획이라고 말했다. 또, 2030년 전사 재생에너지 소비 목표를 전체의 40%에서 60%로 상향 조정했다. 유럽연합(EU) 등 해외 국가 관련 규제에 맞춰 향후 반도체 수출, 해외 진출, 해외 투자 유치 등에 지장을 최소화하려는 시도로 풀이된다. TSMC는 세계 최대 재생 에너지 기업과 전력 구매 계약을 체결했다고 밝혔다. 신재생에너지와 산업용 전력소비를 매칭하는 플랫폼을 구축하고 20년 장기 2만 기가와트시(GWh) 규모 신재생에너지 공동 계약도 체결했다."
270,293,opportunity,0.1542,0.6604,0.1187,1,1,1,1,1,1,0.1187,neutral,0.8903,0.7417747378349304,에너지 관리,E,신재생에너지 전환,"윤석열 대통령이 국제연합(UN) 총회에서 원전, 수소를 포함한 CFE(무탄소에너지) 국제 플랫폼 CF 연합을 제안했다. 재생에너지에서 무탄소 에너지원으로 범위를 넓혀 RE100을 보완하는 내용이다. RE100(재생에너지 100% 사용)만으론 탄소중립을 달성하기 어렵다는 현실적 진단을 토대로, 전 세계에 대안을 던진 것으로 풀이된다. CF연합은 크게 CFE 투자 촉진 CFE 이행 검증 체계 및 국제표준 확립 공적개발원조(ODA) 등 개발도상국 접근성 확보 등 세 가지 방향을 모색한다. 산업통상자원부 관계자는 인증제도의 체계적인 실행과 관련 산업의 인프라 구축, 국제회의와 양자 다자협의 채널을 활용한 국가 간 협력과 규범 정립을 통해 CF연합의 활동을 적극적으로 지원해 나갈 계획이라고 밝혔다."
271,294,risk,0.1545,0.4708,0.2109,3,2,1,1,2,2,0.2343,neutral,0.8787,0.5357533693313599,에너지 관리,E,신재생에너지 전환,"HD현대의 태양광 부문 계열사인 HD현대에너지솔루션이 아프리카 시장 공략에 속도를 내고 있다. HD현대에너지솔루션은 포르투갈 MCA 와 1300MW 규모의 태양광 모듈 공급 계약을 체결했다고 밝혔다. 총 수주 금액은 422억원으로, 이번 계약에 따라 HD현대에너지솔루션은 2024년 2월까지 MCA에 태양광 모듈 20만여 장을 공급한다. MCA는 해당 제품을 약 300MW 규모 태양광 발전단지 조성 사업(Solar 프로젝트)에 사용할 예정이다. 해당 사업은 앙골라 지역 60개 마을 약 20만 가구에 전기를 공급하는 프로젝트로, 앙골라 정부가 주도해 2025년 말 완공된다."
272,295,opportunity,0.1326,0.4901,0.1662,1,3,1,1,1,1,0.1187,neutral,0.8905,0.5503386855125427,기후변화·온실가스,E,Scope 3 배출량,"SK에코플랜트가 미국 1위 폐기물 기업 웨이스트 매니지먼트와 손잡고, 폐기물 에너지화 리사이클링 등 고부가가치 업스트림(Upstream) 사업 확대에 나섰다. 박경일 SK에코플랜트 사장은 최근 방한한 제임스 피시(Jim Fish) 웨이스트 매니지먼트 CEO를 비롯해 복수의 C레벨 경영진과 비공개로 회동했다. 이번 만남은 웨이스트 매니지먼트의 요청으로 이뤄졌으며, 국내 기업 중 유일하게 SK에코플랜트만 만난 것으로 파악됐다. 업계 관계자는 웨이스트 매니지먼트는 최근 폐기물 자원화 사업을 확대하고 있으며, 신사업 발굴 차원으로 해외 출장에 나선 상황이라고 전했다. SK에코플랜트는 지난해 매출액 기준 국내 1위 환경기업이다."
273,296,opportunity,0.1179,0.451,0.12,1,1,1,1,1,1,0.12,neutral,0.8998,0.501168429851532,기후변화·온실가스,E,Scope 3 배출량,"특히, 자회사 테스(TES)와 DY폴리머 등을 통해 폐기물을 다시 에너지화 자원화하는 업스트림 사업에 투자를 늘리고 있다."
274,297,opportunity,0.1211,0.4176,0.1703,1,3,1,1,1,1,0.1217,neutral,0.9124,0.45773130655288696,인적자원 관리,S,다양성 및 형평성 (DEI),"정부가 역대 처음으로 가을철에 전력 계통 안정화 대책을 수립했다. 이달 추석 연후 전주부터 11월 초까지 대책 기간으로 설정했다. 정부가 가을철 경부하기를 대상으로 전국 단위의 계통 안정화 대책을 수립한 것은 이번이 처음이다. 산업부는 추석 연휴가 시작되기 전 주인 오는 23일부터 11월 5일까지를 대책 기간으로 설정했다. 대책 기간이 오기 전에 한빛 2호기 한울 6호기 등 원전 계획예방정비 일정을 조정해, 추석 특수 경부하 기간 정비를 시행한다. 이 같은 조치에도 불구하고 발전기 출력제어가 필요하면, 경제 안전 형평성 등을 감안해 출력제어를 이행할 계획이다."
275,298,opportunity,0.1257,0.4744,0.1421,1,2,1,1,1,1,0.1184,neutral,0.8881,0.534217357635498,에너지 관리,E,신재생에너지 전환,"삼성물산 상사부문의 미국 신재생 에너지 법인 삼성 C T 리뉴어블스가 현지 신재생 에너지 개발 투자 회사 선레이서 리뉴어블스와 미국 남부 텍사스주 3GW 규모 태양광 ESS(에너지저장장치) 프로젝트 매각과 개발 서비스 계약을 체결했다고 밝혔다. 삼성물산은 텍사스 지역에 부지 사용권 확보, 전력 계통 연계 검토 등 초 중기 개발 과정에 있는 총 15개 프로젝트(6개 태양광 약 1GW, 9개 ESS 약 2GW)를 선레이서에 일괄 매각하는 동시에, 태양광 발전소 착공 전까지 필요한 각종 평가 인허가 취득 등 개발 서비스를 제공할 예정이다. 양사는 2025 2026년 중 상업 운전 개시가 가능한 일정으로 프로젝트 개발을 진행할 계획이며, 향후 미국 시장 내 협력을 확대해 나갈 계획이다."
276,299,risk,0.1447,0.5739,0.1151,1,1,1,1,1,2,0.1611,neutral,0.8629,0.6650747656822205,에너지 관리,E,신재생에너지 전환,"현대건설이 전력중개거래사업을 본격 추진하며 탄소중립경영 가속화에 나서. 현대건설은 지난 8일 에너지 IT 스타트업 식스티헤르츠(60 ) 와 지분투자를 통한 전략적 파트너십을 체결했다고 밝혔다. 이번 파트너십을 통해, 현대건설은 전력중개거래에 필수적인 기술 및 상품 모델을 공동개발 해 에너지 거래 통합 IT 플랫폼을 마련할 방침이다. 식스티헤르츠는 재생에너지 발전량 예측 및 VPP 소프트웨어 개발에 주력하는 기후테크 스타트업으로 CES 2023 혁신상 , 범정부 공공데이터 활용 창업경진대회 대통령상 을 수상하는 등 에너지 분야 IT 기술 부문에서 높은 평가를 받고 있다. 현대건설은 이번 파트너십을 통해 민간의 직접 PPA 를 포함한 전력거래 자동화 IT 플랫폼을 국내 최초로 구현할 계획이다."
277,300,opportunity,0.1176,0.4152,0.159,1,3,1,1,1,1,0.1136,neutral,0.8518,0.4874144196510315,에너지 관리,E,에너지 소비 및 효율화,"유럽연합(EU)이 작년에 이어 올해 유엔 기후 정상회의에서도, 이른바 글로벌 화석연료 단계적 퇴출 제안을 다시 밀어붙일 것으로 보인다. 앞서 지난해 COP27 정상회의에서도 EU 등을 주축으로 유사한 협상안이 제시됐지만 당시 200여 개국 중 80여 개국만 지지하는 데 그쳤다. EU는 11월 두바이에서 열리는 COP28을 앞두고 마련한 협상 입장 초안에서, 기후중립 경제로 전환하려면 전 세계적으로 화석연료 사용을 단계적으로 중단해야 할 것이며, 화석연료 소비의 정점도 이미 근접했다고 적시했다고 로이터 통신이 보도했다. COP28 합의가 법적 구속력이 있는 건 아니지만, 구체적 합의가 도출될 경우 전 세계적으로 화석연료 사용량을 크게 줄일 수 있는 동력이 될 것이라고 전문가들은 보고 있다."
278,301,risk,0.1508,0.5124,0.1082,1,1,1,1,3,2,0.2812,neutral,0.8112,0.6316432952880859,에너지 관리,E,에너지 소비 및 효율화,"국제통화기금(IMF)이 세계가 탄소 배출로 일으킨 피해액 즉, 기후 부채(climate debt)를 산출한 결과 피해액이 2035년에는 139조달러(약 18경원)이 넘어설 것이라는 예측이 나왔다. 기후 부채(climate debt)란 탄소 배출로 벌어진 부정적 기후변화가 입힌 피해를 국가별 경제 규모와 화석연료 사용량 등을 종합해 금액으로 환산한 것이다. 지금까지 기후 부채를 가장 많이 진 나라는 미국이며, 앞으로는 중국이 될 것으로 분석됐다. 연구자들은 각국이 발표한 2030년 국제온실가스감축목표(NDC)를 충실히 지킨다고 가정하면 지금까지 누적된 기후 빚에서 9조6천억 달러(약 1경2676조원)를 상환할 수 있을 것으로 분석했다."
279,302,opportunity,0.1535,0.5144,0.2267,1,3,3,1,1,2,0.1587,neutral,0.8502,0.6050387024879456,에너지 관리,E,신재생에너지 전환,"정부가 발전공기업 등 신재생에너지 전력 공급의무사들끼리 서로 신재생에너지 전력을 대신 확보할 수 있도록 제도 개정을 추진한다. 신재생에너지 의무사들의 서로 대체이행이 허용되면 신재생에너지 전력량이 시장에 늘어나, 시장가격을 낮추고 의무사들의 부담을 줄일 수 있을 것으로 분석됐다. 하지만 신재생에너지 업계에서는 자칫 한국전력공사의 자회사인 발전공기업끼리 서로 신재생에너지 전력을 거래하다 보면, 공정경쟁을 제한하는 한전 그룹 내 내부거래로 지목돼 공정거래법 위반 논란이 불거질 수 있을 것으로 내다봤다. 또, 신재생에너지 전력 거래의 큰 비중을 차지하는 한전 산하 발전 공기업 등의 신재생에너지 공급의무 대체 이행 허용으로, 기존 신재생에너지 현물 거래 시장의 위축 가능성도 제기됐다."
280,303,opportunity,0.1323,0.4425,0.1792,3,1,1,1,1,2,0.1568,neutral,0.8402,0.5266085267066956,에너지 관리,E,신재생에너지 전환,"태양광발전소와 해상풍력 등 재생에너지가 풍부한 전남에 데이터센터가 모여있는 집적화단지 가 들어선다. 전남도는 해남군 산이면 솔라시도 기업도시 에 국내 최대 규모의 데이터센터 집적화단지를 조성하기 위해 관련 기관 기업과 업무협약을 했다 고 밝혔다. 도는 솔라시도 기업도시 내 재생에너지 100(RE100) 전용 산업용지 160만 에 국내 최대 규모의 데이터센터 파크 조성을 추진한다. 데이터센터 파크에는 2037년까지 40 급 데이터센터 25개가 조성될 계획이다. 태양광발전소를 비롯해 대규모 해상풍력 등이 추진되고 있는 전남은 재생에너지를 통해 전력수요를 뒷받침할 수 있어, 데이터센터의 최적지로 꼽히고 있다."
281,304,opportunity,0.125,0.4945,0.1184,1,1,1,1,1,1,0.1184,neutral,0.8883,0.5567075610160828,인적자원 관리,S,다양성 및 형평성 (DEI),"삼성전자가 지속가능경영의 일환인 다양성 확보를 통해, 여성 임직원들도 최대한 역량을 발휘하도록 다양한 기회를 제공하고 있다. 삼성전자 반기보고서에 따르면, 지난해 상반기 기준 국내 3만638명이던 삼성전자 국내 여성 인력은 올해는 3만2648명으로, 1년 새 2010명이 증가했다. 고용 증가율로 보면 6.6% 수준이다. 삼성전자는 경력개발을 위한 교육과 함께 콜롬비아, 남아프리카공화국 등에서 여성 역할을 부각하는 캠페인을 진행하고 있다. 콜롬비아에서는 사회에서 여성 역할을 강조하기 위해 당신 있는 그대로를 펼쳐라라는 캠페인을 시작했고 남아공에서는 가전제품과 휴대용 기기 제품 관련 여성 기술자가 부족한 것을 보완하기 위해 EEIP 프로그램을 설립하고 여성 기술자 양성을 지원하고 있다."
282,305,opportunity,0.0645,0.2154,0.0877,2,1,2,1,1,2,0.0767,neutral,0.4111,0.523900032043457,에너지 관리,E,신재생에너지 전환,"정부가 2030년 재생에너지 발전 비중을 축소하며 국내 태양광 시장이 위축 국면에 들어간 가운데, 중국산 태양광 제품의 저가 공세로 이중고를 겪고 있다. 현재 중국산 태양광 모듈의 경우, 가격경쟁력을 앞세워 국산 태양광 모듈보다 20 30% 싼 가격으로 거래되고 있다. 이에 따라 국내에 수입되는 중국산 태양광 기자재 비중은 계속 높아지고 있다. 현재 태양광 밸류체인을 구성하는 폴리실리콘-잉곳 웨이퍼-셀-모듈을 제조하는 국내 기업들 가운데, 상당수가 사업을 철수했다. 현재 국내 태양광 시장은 기업의 RE100 수요를 기대했지만, 이마저도 중국산 태양광 제품에 자리를 내줘야 할 상황에 놓여 있다. 태양광발전 사업에 나서고 있는 대기업마저 가격이 싼 중국산 태양광 모듈과 인버터를 사용할 가능성이 높기 때문이다."
283,306,opportunity,0.0947,0.3392,0.1316,3,1,1,1,1,1,0.0822,neutral,0.6167,0.5500882863998413,기후변화·온실가스,E,Scope 3 배출량,"우리나라 대기업들도 환경 사회 지배구조(ESG) 공시 의무화 준비에 어려움을 겪고 있는 것으로 나타났다. 대기업 관계자들은 ESG 공시에 대한 구체적 가이드라인도 없고, 자체적으로 배출량을 측정하는 전사 시스템을 갖추는 데도 오랜 시간이 소요된다고 토로했다. 대한상공회의소가 최근 국내기업 100개 사 ESG 담당 임직원을 대상으로 국내 ESG 공시제도에 대한 기업의견을 조사한 결과, 절반이 넘는 기업(56.0%)이 공시 의무화 일정을 최소 1년 이상 연기하고, 일정 기간(2 3년) 책임 면제 기간을 설정하는 것이 적정하다고 응답했다고 밝혔다. 특히, 절반에 가까운 44.0%의 기업이 SCOPE 3 배출량을 공시하고 있지 않다고 답했다."
284,307,opportunity,0.1123,0.3151,0.2377,3,3,2,1,1,1,0.1033,neutral,0.775,0.4066271483898163,기후변화·온실가스,E,Scope 3 배출량,조사에 참여한 절반 이상의 기업들(61.0%)은 전체적인 일정을 늦춰야 한다고 건의했다. 대기업들은 SCOPE 3 공시는 대기업도 현실적으로 힘든 상황이라고 강조했다. 국제지속가능성기준위원회(ISSB) 기준도 전면 도입하기보다 국내 상황에 맞춰 기업 부담을 완화하는 방향으로 도입하자는 의견이 74.0%로 우세했다.
285,308,opportunity,0.1257,0.3802,0.1981,1,3,2,1,1,2,0.1632,neutral,0.8741,0.43490609526634216,에너지 관리,E,신재생에너지 전환,"미국과 유럽의 해상풍력발전 확대 등으로 글로벌 수요가 늘면서, 발전에 필수적인 해저케이블이 부족할 것으로 전망된다. 국내 전선업계에 따르면, 수급 불균형으로 최근 미국과 유럽에서 해저케이블 자체 조달에 차질이 예상되고 있다. 해상풍력 등 신재생에너지 발전의 증가로 해저케이블 수요가 많이 늘어난 영향이다. 미국의 연간 해저케이블 예상 부족량은 오는 2030년 410 (수요 1160 -공급 750 ), 2040년은 2303 (수요 3053 -공급 750 )에 달할 것으로 추산된다. 유럽의 경우 2030년, 2040년에 각각 181 (2310 -2129 ), 1280 (4559 -3279 )의 해저케이블이 부족할 것으로 예상됐다."
286,309,opportunity,0.0709,0.2703,0.0814,2,1,1,1,1,1,0.0626,neutral,0.4695,0.5757716298103333,인적자원 관리,S,다양성 및 형평성 (DEI),"블랙록이 연례 스튜어드십 보고서에서 환경과 사회문제에 대한 주주제안 399건 중 7%를 지지했다고 밝혔다. 이전 보고서에 따르면 이런 조치는 이전에는 321건 중 22%, 전년도 172건 중 47%에 비해 상당히 축소된 것이다. 이번 보고서에서, 블랙록은 너무 많은 주주제안들이 과도한 영향을 미치거나 경제적 가치가 부족하거나, 중복되었기에 장기적인 주주가치 증진에 도움이 될 것 같지 않다고 밝혔다. 이사회의 이사진 선출에 대한 제동, 온실가스 감축, 다양성 등의 문제 등 주주제안 자체의 비중이 계속 늘어나고 있다. 하지만 블랙록은 공화당의 안티 ESG가 주주투표지지 하락과 어떤 영향이 있는지는 밝히지 않았다."
287,310,risk,0.1114,0.3346,0.1584,1,3,2,1,1,3,0.1677,neutral,0.6988,0.4787493944168091,에너지 관리,E,신재생에너지 전환,"미국 정부가 동남아시아 국가를 우회해 태양광 모듈을 수출해 온 중국 업체들에 대해 관세 폭탄 을 부과하기로 하면서, 한국을 포함한 글로벌 태양광 업계의 지각변동이 예상되고 있다. 미 상무부는 BYD홍콩(캄보디아법이), 뉴이스트솔라(캄보디아법인), 캐내디언솔라(태국법인), 트리나솔라(태국법인), 비나솔라(베트남법인) 등 5개 중국 기업이 동남아를 우회해 이른바 편법 수출 을 하고 있다고 결론 내렸다. 상무부는 내년 6월부터 이들 법인의 태양광 모듈 수출품에 대해, 최소 30%의 반덤핑 및 상계관세를 부과할 예정이다. 동남아에서 태양광 모듈을 공급받던 미국의 태양광 설치 업체들은 이번 관세 부과로 결국 태양광 발전 비용이 급증할 것 이라면서 반발하고 나섰다."
288,311,opportunity,0.1561,0.6702,0.1194,1,1,1,1,1,1,0.1194,neutral,0.8956,0.748374879360199,에너지 관리,E,신재생에너지 전환,"LG이노텍이 2030 RE100(재생에너지 Renewable Electricity 100%) 달성 일환으로 SK E S와 직접전력구매계약(PPA)을 체결했다고 밝혔다. LG이노텍은 이번 계약에 따라, 향후 20년간 연 10MW(메가와트) 규모의 재생에너지를 안정적으로 공급받아. SK E S로부터 구매한 재생에너지는 오는 12월부터 LG이노텍 구미 사업장에 가장 먼저 공급된다. LG이노텍은 내년까지 재생에너지 공급 대상 사업장을 순차적으로 늘려 나갈 계획이다. LG이노텍은 한국전력 녹색프리미엄 요금제 및 구미 마곡 파주 사업장에 설치한 자가발전 태양광 설비 등으로 지난해 재생에너지 전환율 22%(RE22)를 달성한 상황이다."
289,312,opportunity,0.1512,0.5075,0.1921,3,1,1,1,2,1,0.1921,neutral,0.9003,0.5636630654335022,에너지 관리,E,신재생에너지 전환,"SK에코플랜트 등 민간기업과 공기업, 정책펀드 등으로 꾸려진 팀 코리아 가 총 6000억원 규모의 미국 태양광 사업권을 수주했다. 한국해외인프라도시개발지원공사(KIND)와 PIS(플랜트 인프라 스마트시티)펀드, SK에코플랜트, 현대건설, 탑선은 EIP자산운용이 조성 예정인 미국 텍사스 콘초 태양광 프로젝트 펀드 투자계약과 사업권 인수계약을 맺었다. 이번 프로젝트는 미국 텍사스주 콘초카운티에 459 규모 태양광 발전소를 짓고 전력을 판매하는 사업으로, 1173만여 부지에 약 6000억원의 사업비가 투입된다. 발전소 준공 이후 35년 동안 매년 약 852GWh의 전력을 생산해 판매할 계획이다."
290,313,risk,0.1186,0.4313,0.112,1,1,1,1,1,2,0.1569,neutral,0.8403,0.5133278369903564,에너지 관리,E,신재생에너지 전환,"고려아연의 호주 자회사인 아크에너지는 올해 하반기에 시운전을 시작하고, 내년 상반기에 퀸즐랜드 주 타운스빌에 있는 그린 수소 공장의 상업 운영을 시작할 계획이라고 밝혔다. 이 공장은 124MW급의 태양광 발전소와 연계하여 그린 수소를 생산하는 시설로, 초기 생산량은 연간 140톤이며 생산된 그린 수소는 주로 수소 지게차의 연료로 사용될 것이라고 말했다.고려아연은 2030년까지 호주 공장에서 28만톤의 그린 수소를 생산하고, 이 중 100만톤 이상을 암모니아로 전환하여 국내로 운송하는 것을 목표로 하고 있다. 이를 위해 고려아연은 한화임팩트와 SK가스와 함께 호주에 암모니아 공장 건설을 추진하고 있다."
291,314,opportunity,0.1295,0.428,0.1951,3,3,1,1,1,2,0.1366,neutral,0.7316,0.5850108861923218,에너지 관리,E,신재생에너지 전환,"경기도가 기후에너지 관련 데이터를 한곳에 모아 볼 수 있는 기후 에너지 데이터포털을 국내 처음으로 구축한다. 경기도 전체 탄소 배출량과 흡수량을 수치로 보면서 탄소저감 효과를 확인하는 것은 물론, 태양광 발전시설 입지 선정과 재생에너지 거래, 기후환경 정책 수립, 폭염 대응과 집중호우 대책 수립에도 큰 효과가 기대된다. 경기도는 9월 플랫폼 사업에 착수, 내년 상반기 탄소배출부문 서비스와 RE100 서비스를 시작할 계획이다. 중장기적으로는 개발사업 탄소총량제 도입 같은 제도도 구상하고 있다."
292,315,opportunity,0.1395,0.489,0.2087,3,2,1,1,1,1,0.1159,neutral,0.8696,0.5623557567596436,에너지 관리,E,신재생에너지 전환,"삼성물산 상사부문의 태양광 발전사업이 본격적인 이익 실현과 함께 미래 핵심사업으로 빠르게 성장하고 있다. 올 3 4분기 중에 미국 시장에서 태양광사업 매각 이익 1억달러(누적)를 돌파했다. 삼성물산은 이번 매각에서 발전소 착공 전까지 필요한 제반 평가 및 인허가 등 잔여 태양광 개발 용역을 NSCE에 제공하는 서비스 계약(DSA)도 일괄 체결했다. 이는 이미 태양광발전 단지를 건설해 놓고 매각하는 게 아니라, 부지 선정 단계에서 사업권을 미리 넘기는 것이다. 부지 발굴 인허가 취득까지 일괄 처리해 착공 전에 사업권을 되파는 이른바 태양광 사업권 매각이다. 올 상반기 여러 태양광 프로젝트를 매각, 2700만달러의 이익을 냈다. 지난해 태양광발전 매각이익은 4800만달러였다."
293,316,opportunity,0.1341,0.5037,0.1627,1,3,1,1,1,1,0.1162,neutral,0.8714,0.5780693888664246,기후변화·온실가스,E,Scope 1·2 배출량,"미국 철강 제조 업체 스틸다이나믹스가 넥스트에라 에너지의 자회사인 넥스트에라 에너지 리소스와 308MW 규모의 재생가능 제품 구매계약(RPPA)을 체결했다. 이는 북미 철강 업계에서 지금까지 체결된 전력 구매 계약(PPA) 중 가장 큰 규모로, 스틸다이내믹스의 연간 전력 사용량의 16%에 해당하는 양이다. 스틸다이나믹스는 재활용 철 스크랩을 주원료로 사용하는 전기 아크로(EAF) 기술을 사용하여 철강을 생산하고 있다. 이는 철광석을 제련하거나 석탄을 태울 필요가 없어 탄소 배출량을 크게 줄일 수 있다.이 회사는 넥스트에라 에너지가 운영하는 신규 풍력 발전소에서 전력을 공급받을 것이라고 밝혔다."
294,317,opportunity,0.1341,0.5037,0.1627,1,3,1,1,1,1,0.1162,neutral,0.8714,0.5780693888664246,에너지 관리,E,신재생에너지 전환,"미국 철강 제조 업체 스틸다이나믹스가 넥스트에라 에너지의 자회사인 넥스트에라 에너지 리소스와 308MW 규모의 재생가능 제품 구매계약(RPPA)을 체결했다. 이는 북미 철강 업계에서 지금까지 체결된 전력 구매 계약(PPA) 중 가장 큰 규모로, 스틸다이내믹스의 연간 전력 사용량의 16%에 해당하는 양이다. 스틸다이나믹스는 재활용 철 스크랩을 주원료로 사용하는 전기 아크로(EAF) 기술을 사용하여 철강을 생산하고 있다. 이는 철광석을 제련하거나 석탄을 태울 필요가 없어 탄소 배출량을 크게 줄일 수 있다.이 회사는 넥스트에라 에너지가 운영하는 신규 풍력 발전소에서 전력을 공급받을 것이라고 밝혔다."
295,318,opportunity,0.153,0.5504,0.1852,1,1,3,1,1,2,0.162,neutral,0.8679,0.634217381477356,에너지 관리,E,신재생에너지 전환,"수소발전 입찰시장 관리기관인 전력거래소는 2023년 상반기 일반수소발전 경쟁입찰 결과를 발표했다. 전력거래소는 외부 전문가로 구성된 평가위원회 및 수소발전입찰시장위원회 의결을 거쳐 715GWh, 5개 발전소를 최종 낙찰자로 결정했다. 산업통상자원부는 이번 입찰을 통해, 발전기술 간 경쟁으로 발전단가 인하 효과가 발생한 것으로 나타났다고 분석했다. 과거 신재생에너지 공급 의무화 제도(RPS)와 비교 시, 낙찰된 평균 입찰가격이 약 10% 정도 낮아졌다. 분산형 전원으로 설치가 유도되는 효과도 나타났는데, 선정된 발전설비 용량은 40MW 미만으로, 전기사업법에 따른 분산형 전원 기준에 부합했다. 전력수요 대비 공급이 부족한 수도권 등 수요지 인근에 위치한 발전소가 선정됐다."
296,319,opportunity,0.1384,0.4279,0.227,1,3,3,1,1,2,0.1589,neutral,0.8513,0.5026789307594299,에너지 관리,E,에너지 소비 및 효율화,"국제해사기구(IMO) 승인으로 친환경 액화석유가스(LPG) 선박 건조할 수 있는 길이 열릴 전망이다. 최근 해외 해운업계에서 친환경 연료로 메탄올이 주목받는 가운데, LPG 또한 새로운 선박 연료로 자리 잡을 수 있을지 관심이 쏠리고 있다. 대한LPG협회는 지난 6월 영국 런던에서 개최된 IMO의 107차 해사안전위원회(MSC)에서 LPG 추진선박 국제기준이 최종 승인된 것으로 확인됐다고 밝혔다. 이번에 LPG 선박 잠정기준이 확정되며, LPG를 친환경 연료로 선정하여 정책 지원이 가능해졌다. 국내 LPG 선박 개발 추진도 실증사업 등을 중심으로 꾸준히 추진 중이다. 해양수산부도 지난해부터 에너지 절감형 친환경 LPG 어선 개발 사업을 진행 중이다."
297,320,risk,0.1339,0.3783,0.1867,3,1,1,1,2,2,0.2334,neutral,0.8751,0.43225568532943726,에너지 관리,E,신재생에너지 전환,"롯데에너지머티리얼즈가 오는 2025년까지 스페인 스마트팩토리를 완공, 유럽 하이엔드 동박 시장 공략을 본격화한다. 롯데에너지머티리얼즈는 스페인 카탈루냐주 몬로이치에 5600억원을 들여, 연산 3만 톤 규모의 전기차 배터리용 하이엔드 동박을 생산하는 스마트팩토리 부지정지작업을 올해 하반기부터 실시한다고 밝혔다. 회사 측은 유럽 현지 고객사의 수요를 감안해 2025년까지 3만 톤을 생산하기로 했다. 스페인 공장 부지는 총면적 44만400 (축구장 62개 크기)로, 향후 태양광 발전용 부지 약 50만 도 확보할 예정이다."
298,321,opportunity,0.0776,0.2806,0.0949,1,2,1,1,1,1,0.0791,neutral,0.5932,0.47305601835250854,에너지 관리,E,신재생에너지 전환,"주요 20개국(G20)이 사우디아라비아 등 일부 국가의 반대로, 화석연료 감축에 대한 공동 성명을 내지 못한 채 이번 달 에너지장관 회의를 마무리했다. FT는 복수의 관계자를 인용해 사우디아라비아를 포함한 일부 국가들은 성명에 화석연료 감축에 대한 내용을 포함하는 데 반대하고 있으며, 대신 탄소 포집 기술 개발에 집중하기를 원했다고 전했다. 올해 G20 의장국인 인도는 29개 항목 중 22개에 대해선 완전한 합의에 이르렀고, 나머지 7개 항목으로 의장 요약을 구성했다고 밝혔다. 하지만 G20은 2030년까지 신재생에너지 용량을 3배로 늘리는 데에도 합의하지 못했고, 이번 결과 성명서에는 지구 온난화의 주요 원인인 석탄에 대한 언급조차 없었다고 AFP통신은 지적했다."
299,322,opportunity,0.1177,0.4097,0.1632,1,3,1,1,1,1,0.1166,neutral,0.8742,0.468681663274765,인적자원 관리,S,다양성 및 형평성 (DEI),"유엔 산하 기후변화에 관한 정부 간 협의체(IPCC)를 이끌 새 수장에 영국 학자인 짐 스키(69) 임페리얼칼리지 런던 교수가 26일(현지시간) 선출됐다. 스키 교수는 이날 케냐 나이로비 유엔환경계획(UNEP) 본부에서 열린 회원국 결선투표에서 90표를 얻어, 69표에 그친 텔마 크루그(브라질) IPCC 부의장을 제치고 의장직을 차지했다. 스키 교수는 40년 동안 기후과학에 전념해 온 인물이다. 스키 교수는 기후변화는 우리 행성의 존망을 가를 위협이라며, 모두 소중히 여기고 모든 목소리를 듣는 IPCC가 되겠다고 밝혔다. 그는 포용성과 다양성 증진 과학적 진실성과 IPCC 보고서의 정책적 유효성 보호 기후변화에 대한 과학의 효율적 사용 등 3대 우선순위를 제시했다."
300,323,opportunity,0.1467,0.6176,0.1189,1,1,1,1,1,1,0.1189,neutral,0.8919,0.6924053430557251,에너지 관리,E,에너지 소비 및 효율화,공급망 탄소 배출량 절감을 위한 이행방안은 2025년까지 사업장 및 기타 온실가스 배출량 산정 및 공개 2025년까지 SBTi(과학기반 탄소 감축목표) 1.5도에 일치하는 단기 목표 수립 2025년까지 폐기물 에너지 절감 및 생산에 사용되는 자재 및 에너지의 재사용 목표 수립 2030년까지 전력 최소 80%를 재생 가능 전력으로 전환 목표 수립 및 선언 등이다.
