idx,iro,score,pol,conf,ig,domain,sub_id,sub_name,sim,text
1,context,0.1169,neutral,0.8676,기후변화·온실가스,E,E_CLIMATE__SCOPE1_2_EMISSION,Scope 1·2 배출량,0.4490797221660614,(2) 다음은 재생에너지 전력 사용량이 지난해 평균 90%를 넘는 지역으로부터 전력을 공급받아 생산한 수소다.
2,opportunity,0.3952,positive,0.9997,에너지 관리,E,E_ENERGY__RENEWABLE_TRANSITION,신재생에너지 전환,0.39535608887672424,"이는 현재까지 태양광 설비 최대 신설로 기록된 2021년 13.4기가와트의 두 배 이상 되는 규모다. 미국의 태양광 발전은 2010년 이후 급증세를 보였으나, 지난해에는 원자재와 부품 공급 차질 등으로 23% 급감했다. EIA는 지난해 지연된 일부 태양광 사업이 올해 추진되면서 설비 증가 폭을 키울 것으로 전망했다."
3,opportunity,0.5924,positive,0.9633,에너지 관리,E,E_ENERGY__RENEWABLE_TRANSITION,신재생에너지 전환,0.6149843335151672,(3) 마지막으로 탄소 배출량이 적은 지역에서 재생에너지 장기공급계약(PPA)을 한 사업자가 생산한 수소다. 탄소 배출량이 적은 지역은 원전 발전 비중이 높은 지역도 포함된다.
4,opportunity,0.5957,positive,0.9998,에너지 관리,E,E_ENERGY__EFFICIENCY_CONSUMPTION,에너지 소비 및 효율화,0.5958372354507446,"LG는 탄소중립 달성을 위해 고효율 설비를 통한 에너지 효율 개선과 폐열이나 바이오 연료를 활용한 화석연료 대체, 탄소 저감 신기술 개발 및 적용 등에 2030년까지 3조4000억원을 투자하기로 했다. 신기술에는 블루수소나 그린수소 생산 기술도 포함된다."
5,context,0.2133,neutral,0.999,에너지 관리,E,E_ENERGY__RENEWABLE_TRANSITION,신재생에너지 전환,0.7116645574569702,"RE100에 가입하려면 가입 신청서 제출 후 클라이밋 그룹의 가입 승인을 받아야 한다. RE100에 가입한 기업은 1년 안에 이행계획을 제출하고 매년 이행상황을 점검받는다. RE100 가입 기업은 재생에너지 사용실적을 제3의 기관을 통해 검증받고, ESG 공시기준 제공 기관인 CDP가 제시하는 기술적 기준(technical criteria)에 따라 매년 이행 실적 보고서를 제출해야 한다."
6,context,0.1591,neutral,0.965,에너지 관리,E,E_ENERGY__RENEWABLE_TRANSITION,신재생에너지 전환,0.5495502948760986,유렉티브는 EU 집행위의 새로운 규정으로 이런 위험성에서 벗어날 수 있게 됐다며 저탄소 전력을 사용하는 나라에서 수소를 생산할 때 PPA 계약만 체결하면 재생에너지 발전 시설을 새로 구축하지 않아도 재생에너지 수소로 인정받을 수 있는 길이 열렸다고 보도했다.
7,context,0.1445,neutral,0.9998,에너지 관리,E,E_ENERGY__RENEWABLE_TRANSITION,신재생에너지 전환,0.48194417357444763,"기업이 재생에너지 100% 사용을 선언하는 것과 RE100에 가입하는 것은 이처럼 확연한 차이가 있다. LG 계열사들의 RE100 가입 가능성이 커 보이지만, LG 관계자는 이에 대한 언급은 피했다. 그는 계열사별로 사정이 달라 RE100 가입 여부나 시기에 대해 언급하기 어렵다 고 조심스레 말했다."
8,opportunity,0.3418,positive,0.6388,에너지 관리,E,E_ENERGY__RENEWABLE_TRANSITION,신재생에너지 전환,0.5350496768951416,한화솔루션은 신재생에너지 발전과 연계한 친환경 데이터센터와 물류센터 개발 사업을 발굴 투자하고 SKS크레딧은 신규 펀드 2500억원의 규모로 조성해 투자 자금을 조달하고 수익 관리를 담당한다.
9,context,0.1718,neutral,0.9998,이사회 구조,G,G_BOARD__COMPOSITION_INDEPENDENCE,이사회 구성 및 독립성,0.5726916193962097,"한국ESG평가원 손종원 대표는 국내 기업의 주총 이슈는 이제껏 기업 실적과 배당, 신사업 투자 등에 집중됐지만, 점차 기후변화와 이사회 독립성 등 ESG 관련 이슈가 확대될 것이라며 이는 바람직한 변화라고 설명했다."
10,opportunity,0.4837,positive,0.6812,기후변화·온실가스,E,E_CLIMATE__SCOPE1_2_EMISSION,Scope 1·2 배출량,0.7100139260292053,"카카오는 에너지 벤처기업인 식스티헤르츠를 통해 전국시민발전협동조합연합회 소속 시민조합이 생산한 재생 에너지에 대한 공급 인증서(REC)를 구매해 RE100을 달성했다고 설명했다. 연합회는 국내 최대 규모의 에너지 협동조합 연합 단체로, 회원들은 약 240개의 태양광 발전소를 운영하며 재생 에너지를 생산하고 있다. 카카오는 이번 RE100 달성을 시작으로 2030년까지 친환경 에너지 사용 비중을 전체 전력 사용량 대비 60%, 2040년까지 100%로 확대해나갈 방침이다."
11,opportunity,0.4837,positive,0.6812,에너지 관리,E,E_ENERGY__RENEWABLE_TRANSITION,신재생에너지 전환,0.7100139260292053,"카카오는 에너지 벤처기업인 식스티헤르츠를 통해 전국시민발전협동조합연합회 소속 시민조합이 생산한 재생 에너지에 대한 공급 인증서(REC)를 구매해 RE100을 달성했다고 설명했다. 연합회는 국내 최대 규모의 에너지 협동조합 연합 단체로, 회원들은 약 240개의 태양광 발전소를 운영하며 재생 에너지를 생산하고 있다. 카카오는 이번 RE100 달성을 시작으로 2030년까지 친환경 에너지 사용 비중을 전체 전력 사용량 대비 60%, 2040년까지 100%로 확대해나갈 방침이다."
12,context,0.2041,neutral,0.9999,인적자원 관리,S,S_HR__DIVERSITY_INCLUSION,다양성 및 형평성 (DEI),0.6802626848220825,ESG의 세부 분야별로는 환경(E)의 경우 온실가스 감축 실적 항목을 늘리고 사회(S)에서는 장애인 고용률 등의 비중을 높인다. 거버넌스(G)에서는 사외이사 격인 비상임이사의 활동내용 등 항목을 새로 만들었다.
13,context,0.1457,neutral,0.9412,기후변화·온실가스,E,E_CLIMATE__SCOPE3_EMISSION,Scope 3 배출량,0.51617830991745,"EU는 당초 탄소 배출량이 많고 배출량을 측정하기 쉬운 시멘트와 철 철강, 알루미늄, 비료, 전력을 1차 적용 대상으로 정했으나, 이번 합의를 통해 화석연료로 생산하는 수소와 특정 전구체, 나사 및 볼트 등 일부 다운스트림 제품으로 적용 대상 산업과 품목을 확대했다."
14,context,0.2082,neutral,0.9999,기후변화·온실가스,E,E_CLIMATE__CLIMATE_GOVERNANCE_INVENTORY,기후 거버넌스·인벤토리,0.6941072940826416,"개정된 프로토콜에는 투자 대상 국채 관련 탄소회계 방법론도 처음 포함됐다. 국채는 대다수 기관투자자의 주요 투자 대상이다. 탄소회계는 기업이 발생시킨 탄소와 그 영향을 정량화해 관리하는 시스템이다. 넷제로투자자연합은 탄소회계금융협회(PCAF), ASCOR(Assessing Sovereign Climate-related Opportunities and Risks)와 협력해 국채 관련 탄소회계 방법론과 탄소 측정 기준을 개발하고 있다."
15,context,0.1877,neutral,0.9809,ESG 데이터 거버넌스,G,G_DATA_GOVERNANCE__ESG_DATA_CONTROL,ESG 데이터 내부통제,0.6380013227462769,탄소SAFE 2단계 저장 단지의 실현가능성(CarbonSAFE Phase II Storage Complex Feasibility) 을 목적으로 하는 11개 프로젝트에는 9300만 달러가 투자된다. 이 프로젝트들은 저장 단지 내의 역내외 이산화탄소 프로젝트 추진 장소들을 상업적 차원에서 효과적이고 안전하게 평가하는 절차를 개선하는 일이다. 이들 프로젝트는 누적 5000만 톤이 넘는 이산화탄소를 저장할 지질을 찾아 시설을 짓는 일에 집중할 탄소SAFE 이니셔티브 에 따라 선별된 것들이다. 탄소SAFE는 탄소저장 보증시설 사업(Carbon Storage Assurance Facility Enterprise) 의 약자다.
16,context,0.1593,neutral,0.9995,인적자원 관리,S,S_HR__DIVERSITY_INCLUSION,다양성 및 형평성 (DEI),0.5312036871910095,"블룸버그 로(Bloomber Law)의 1일 보도에 따르면 글래스루이스는 기후변화와 다양성 등에 관한 자사의 주총 의결권 행사 권고가 주주의 경제적 이익 을 증진한다고 밝혔다. 이에 앞서 텍사스주와 유타주, 웨스트버지니아주 등 공화당이 집권한 21개 주의 법무장관은 글래스 루이스와 ISS에 2023년 주총 의결권 행사 지침을 겨냥한 서한을 보냈다. 이들 주는 ESG 이슈 의결권 행사 권고가 투자자에게 그리 중대한(material) 주제가 아니라며 자기 주의 투자자와 연기금의 경제적 가치를 위협할 수 있다 고 주장했다."
17,opportunity,0.5699,positive,0.997,에너지 관리,E,E_ENERGY__RENEWABLE_TRANSITION,신재생에너지 전환,0.5716385841369629,한화솔루션이 미국 마이크로소프트(MS)와 친환경 에너지 확산 탄소배출 저감을 위한 전략적 파트너십 협약을 체결했다고 30일 밝혔다. 양사는 이번 협약에 따라 향후 공동으로 태양광 발전 프로젝트를 진행할 계획이다.
18,opportunity,0.6587,positive,0.9998,에너지 관리,E,E_ENERGY__RENEWABLE_TRANSITION,신재생에너지 전환,0.6588200926780701,"우선, 한화솔루션은 올해 MS가 전력 구매 계약(PPA)을 체결할 태양광 발전소에 2.5기가와트(GW) 이상의 모듈을 공급할 예정이다. MS의 태양광 발전소 건설을 위한 설계 조달 시공(EPC) 역시 한화솔루션이 맡게 된다."
19,opportunity,0.6124,positive,0.9997,에너지 관리,E,E_ENERGY__RENEWABLE_TRANSITION,신재생에너지 전환,0.6125576496124268,이로써 한화솔루션은 MS가 2030년 탄소 중립 조기 달성을 목표로 추진 중인 에너지 전환 사업에 태양광 발전 모듈을 공급하는 것은 물론이고 발전소 설계 시공까지 맡게 됐다.
20,context,0.218,neutral,0.9998,이사회 구조,G,G_BOARD__COMPOSITION_INDEPENDENCE,이사회 구성 및 독립성,0.7266061305999756,"한편 글래스 루이스는 이사 선임과 관련해 상장사의 사내이사로 재직하면서 2개 이상 다른 상장사의 이사나 감사, 집행임원을 겸임한 후보자와 5개 이상의 상장사 이사회 구성원을 겸임한 후보자의 이사 선임에 반대 의결권 행사를 권고했다. 국내 상법은 이미 특정인의 상장회사 사외이사 선임을 2개 이내로 제한하고 있는데 여기에 이사회 멤버가 아닌 집행임원까지 포함해 적용하라는 권고인 것이다. 글래스 루이스는 다만 해외 기업을 포함한 5개 상장사의 이사 등을 겸임하는 경우에는 이사 선임에 찬성한다는 입장이다."
21,context,0.1759,neutral,0.975,인적자원 관리,S,S_HR__DIVERSITY_INCLUSION,다양성 및 형평성 (DEI),0.6012417078018188,"코포리트 나이츠는 지속가능한 투자와 수익, 탄소 생산성, 인종과 성별 다양성 등 25가지 지표로 기업의 지속가능 등급을 매긴다. 핵심 비즈니스 모델에 지속가능한 해결책을 갖추고 있는지, 탄소 배출량 감축 노력과 투자를 제대로 하고 있는지를 중점적으로 따진다"
22,context,0.1321,neutral,0.9762,인적자원 관리,S,S_HR__DIVERSITY_INCLUSION,다양성 및 형평성 (DEI),0.451105535030365,"임원들의 젠더(gender) 다양성 부문에서는 사무기기 업체인 제록스(Xerox)가 1위에 올랐다. 지난해 기준, 이 회사 임원의 58%(2021년에는 43%)가 여러 인종 출신으로 구성돼 있었다."
23,context,0.1606,neutral,0.9999,이사회 구조,G,G_BOARD__COMPOSITION_INDEPENDENCE,이사회 구성 및 독립성,0.5355017185211182,금융계에 따르면 손 회장은 입장 발표에 앞서 이날 오전 우리금융 이사회 구성원과 만나 자신의 거취 관련 입장을 전달했다. 손 회장의 연임 포기는 이날 오후 차기 회장을 뽑기 위한 우리금융 임추위 첫 회동을 앞두고 나왔다.
24,context,0.1648,neutral,0.9669,에너지 관리,E,E_ENERGY__RENEWABLE_TRANSITION,신재생에너지 전환,0.5679919123649597,"이에 따라 두 기관은 강원랜드의 부지 건물을 활용한 태양광 발전, 폐광 산지를 활용한 육상풍력 등 신재생 에너지 사업을 공동 개발할 예정이다. 이와함께, 폐광 갱도 내 공기열과 수열을 활용한 에너지 효율화 방법도 연구 개발할 계획이다."
25,context,0.2174,neutral,0.9999,에너지 관리,E,E_ENERGY__RENEWABLE_TRANSITION,신재생에너지 전환,0.7246688604354858,"2030년 재생에너지 발전 비중을 현재의 6.2%에서 21.6%로 높이는 목표를 달성하기 위한 조치다. 구체적으로 최근 공급 초과 현상이 빚어지고 있는 재생에너지공급 인증서(Renewable Energy Certificate, REC) 시장 수급여건을 개선함으로써 재생에너지 발전사업자의 수익성을 개선해 재생에너지 발전량을 늘리기 위한 조치다."
26,context,0.2004,neutral,0.9951,에너지 관리,E,E_ENERGY__RENEWABLE_TRANSITION,신재생에너지 전환,0.6713525056838989,REC는 재생에너지 전력을 100% 사용한다는 기업의 약속인 RE100 달성 수단이기도 하다.
27,context,0.1616,neutral,0.9888,에너지 관리,E,E_ENERGY__RENEWABLE_TRANSITION,신재생에너지 전환,0.544908344745636,RPS 대상 사업자의 의무공급비율을 상향조정하면 REC 매수를 놓고 RPS 사업자와 기업이 경쟁해 REC 가격이 상승할 수도 있다. RE100 가입 기업에는 불리한 여건이 조성될 수 있는 셈이다.
28,context,0.144,neutral,0.9998,에너지 관리,E,E_ENERGY__RENEWABLE_TRANSITION,신재생에너지 전환,0.47996091842651367,"확정안에 따르면 2030년 전체 발전량 중 원자력발전은 201.7테라와트로 가장 큰 비중(32.4%)을 차지하고 다음은 142.4테라와트의 액화천연가스(LNG) 발전(22.9%), 134.1테라와트의 신재생에너지 발전(21.6%) 순이다. 석탄 발전은 122.5테라와트(19.7%)로 낮아진다."
29,context,0.1303,neutral,0.9956,에너지 관리,E,E_ENERGY__RENEWABLE_TRANSITION,신재생에너지 전환,0.43624618649482727,"미국 정부는 태양광을 통한 재생에너지 생산을 독려하고 있지만, 태양광 모듈시장의 중국산 점유율이 높아 중국 좋은 일만 시키는 꼴 아니냐는 고민에 빠져 있었다. 더구나 미중 패권전쟁이 기술전쟁 양상으로 전개되면서 미 바이든 행정부는 신재생에너지 분야에서도 중국 견제에 본격 나설 태세를 보인다."
30,opportunity,0.5511,positive,0.9998,기후변화·온실가스,E,E_CLIMATE__SCOPE3_EMISSION,Scope 3 배출량,0.5511603951454163,"한화솔루션의 태양광 자회사인 한화큐셀은 이번 투자는 미 태양광 에너지 산업 역사상 최대 규모이며, 단일 기업이 북미 지역에 태양광 핵심 밸류체인별 생산 라인을 모두 갖추는 첫 사례 라고 밝혔다. 태양광 산업 밸류체인은 원재료인 폴리실리콘과 잉곳, 웨이퍼를 만드는 업스트림(Upstream)과 태양광발전 시스템의 주요 구성품인 셀과 모듈을 만드는 미드스트림(Mid-stream), 그리고 발전사업의 다운스트림(Downstream) 으로 이루어진다."
31,opportunity,0.4011,positive,0.9999,에너지 관리,E,E_ENERGY__RENEWABLE_TRANSITION,신재생에너지 전환,0.4011436998844147,한화솔루션은 지난해 3분기에 태양광 모듈 판매 호조에 힘입어 사상 최대 영업이익을 달성했다. 특히 신재생에너지 부문 영업이익은 1972억원으로 전년동기 대비 흑자 전환했다.
32,risk,0.3776,negative,0.9835,에너지 관리,E,E_ENERGY__RENEWABLE_TRANSITION,신재생에너지 전환,0.3839462697505951,"신재생에너지 부문은 지난해 1분기까지 6분기 연속 영업손실을 기록했지만, 2분기부터 소폭 흑자 전환에 성공한 데 이어 3분기에는 큰 폭의 영업이익을 냈다. 한화솔루션은 지난해 4분기에도 양호한 실적을 거둬 영업이익이 3230억원에 달할 것으로 증권가는 추정한다."
33,opportunity,0.5624,positive,0.9749,에너지 관리,E,E_ENERGY__RENEWABLE_TRANSITION,신재생에너지 전환,0.5768507122993469,"KB증권은 재생에너지를 통한 비용절감 및 탄소발자국 줄이기 위한 ESG경영을 위해 KB증권 소유 건물인 경기도 용인시 연수원에 105kW, 울산광역시 남울산사옥에 10kW 용량의 태양광 발전설비를 준공했다."
34,context,0.1784,neutral,0.9979,에너지 관리,E,E_ENERGY__RENEWABLE_TRANSITION,신재생에너지 전환,0.5959392786026001,앞서 KB금융그룹은 2021년 9월 국내 금융그룹 중 최초로 기업 사용전력의 100%를 재생에너지로 활용하겠다는 선언인 RE100 에 가입했다. KB증권은 이번에 구축한 태양광 발전으로 연 28톤 정도의 이산화탄소 감축 효과를 기대하고 있다. 이는 매년 나무 5000여 그루를 심는 것과 같은 수준이다.
35,context,0.1899,neutral,0.9961,에너지 관리,E,E_ENERGY__RENEWABLE_TRANSITION,신재생에너지 전환,0.6354144215583801,"충남대병원은 환경 부문에서는 저탄소 녹색병원을 이루기 위해 환경 관련 법규 준수와 더불어 건물에너지관리시스템 고도화, 지열 및 태양열 이용한 신재생에너지 이용 비율 높이기 등 녹색 인프라를 확충해 나갈 방침이다. 또 사회 부문에서는 사람 중심의 포용적 사회적 가치 실현에 중점을 두고 지배구조 부문에서 역시 여러 이해관계자들과 소통하며 공정하고 투명한 윤리 경영을 추구할 것이라고 강조했다."
36,context,0.1648,neutral,0.9991,이사회 구조,G,G_BOARD__COMPOSITION_INDEPENDENCE,이사회 구성 및 독립성,0.5500444173812866,국민연금이 KT 지배권에 적극 개입하는 것과 관련해 주목을 끈 것은 KT의 이사회 구성이다. 과거 노무현 참여정부에서 청와대 시민사회수석을 지냈던 이강철씨와 역시 참여정부 청와대의 경제정책수석을 지낸 김대유씨가 KT의 현 사외이사다.
37,opportunity,0.2565,positive,0.5454,기후변화·온실가스,E,E_CLIMATE__SCOPE3_EMISSION,Scope 3 배출량,0.47037839889526367,"당초 철강과 시멘트, 알루미늄, 비료, 전력 산업에 적용할 계획이었으나 최근 화석연료로 생산하는 수소와 특정 전구체, 나사 및 볼트 등 일부 다운스트림 제품으로 범위를 확대했다."
38,context,0.183,neutral,0.9983,에너지 관리,E,E_ENERGY__EFFICIENCY_CONSUMPTION,에너지 소비 및 효율화,0.6109675765037537,"미국의 법률 전문매체 렉솔로지(Lexology)는 3일 이번 개편으로 탄소배출권 거래제가 EU 경제의 거의 모든 분야에 적용될 것 이라며 이산화탄소 배출에 따른 비용 부담에 대비해 기업과 공공부문, 가계는 가용 기술과 탄소포집, 재생에너지 투자, 에너제 효율 개선 등에 집중해야 한다 고 지적했다."
39,context,0.1388,neutral,0.9947,에너지 관리,E,E_ENERGY__RENEWABLE_TRANSITION,신재생에너지 전환,0.4652520418167114,"지열 개발이 순조롭게 진행되려면 개발 기술이 더 고도화해야 하는 것은 물론이고 풍력과 태양광 같은 전통 재생 에너지보다 생산원가가 비싸다는 문제가 극복돼야 한다. 에너지부 보고서를 보면, 풍력이나 태양광 발전에 들어가는 비용은 kWe당 1700 2100달러인데 비해 지열 개발은 3000 6000달러나 된다. 그래서 지열 옹호론자들은 미 정부가 지열 발전 촉진에 더 많은 예산을 써야 한다고 요구하고 있다."
40,context,0.1807,neutral,0.9998,이사회 구조,G,G_BOARD__COMPOSITION_INDEPENDENCE,이사회 구성 및 독립성,0.6026042699813843,한국ESG평가원 손종원 대표는 ESG경영에 힘쓰는 기업들은 이사회 구성과 운영에 많은 경영자원을 집중하고 그 결과 사외이사의 보수와 대우에도 많은 비용을 지불한다는 사실이 확인된 점이 흥미롭다 고 말했다. 그러나 사외이사의 높은 연봉이 기업지배구조에 도움된다고 볼 수는 없다. 연봉이 자칫 과잉으로 흐를 경우 이사회 멤버들의 독립적 활동을 저해하는 요소가 될 수도 있다 고 지적했다.
41,context,0.1813,neutral,0.9964,인적자원 관리,S,S_HR__DIVERSITY_INCLUSION,다양성 및 형평성 (DEI),0.6065043210983276,"무엇보다 ESG 성과 지표 중에서 환경과 DEI 성과 지표 활용 기업이 2021년보다 대략 두 배로 늘어 가장 두드러진 증가세를 보였다. DEI는 다양성, 형평성, 포용성을 뜻하는 Diversity, Equity, Inclusion의 약자다."
42,context,0.1921,neutral,0.9993,인적자원 관리,S,S_HR__DIVERSITY_INCLUSION,다양성 및 형평성 (DEI),0.6408178806304932,"환경과 DEI를 임원 성과급 지급 기준으로 삼는 기업이 크게 늘면서, 임원 성과급 책정 때 하나 이상의 환경 성과 지표를 고려한 기업은 2021년 22%에서 2022년 40%로 , DEI 지표를 활용한 기업도 같은 기간 22%에서 45%로 크게 확대됐다. WTW의 임원 보수 조사팀장인 리처드 벨필드는 기관투자자와 직원은 물론이고 시장에서 받는 압력 때문에 기업들은 임원 성과급과 ESG 성과를 연동하는데 더 신경을 쓴다 며 기후변화와 환경 대책, 포용과 다양성 문제, 전반적인 인적자원 거버넌스 면에서 특히 그렇다 고 설명했다."
43,opportunity,0.4279,positive,0.9978,에너지 관리,E,E_ENERGY__EFFICIENCY_CONSUMPTION,에너지 소비 및 효율화,0.42888498306274414,"현대로템은 승차 편의성과 에너지 절감을 중시하는 세계적 추세에 맞춰 지난해부터 영속도 회생제동 기술개발을 진행했으며 독일과 일본에 이어 이 기술을 상용화했다. 기존 전동차는 정차 때 저속에서 정확한 회생제동 제어가 어려워 제동패드를 압착시켜 정차시키는 공기제동을 사용해 왔다. 공기제동은 정차 때 마찰 소음이 발생하고, 감속도가 일정치 않아 정위치에 정차하지 못하는 경우가 있으며 제동패드가 마모되면서 터널 내 미세먼지가 발생하는 단점이 있다."
44,context,0.1741,neutral,0.9993,윤리경영·준법,G,G_ETHICS__ANTI_CORRUPTION_COMPLIANCE,반부패 및 컴플라이언스,0.5806723237037659,"회원사는 인권 노동 환경 반부패 4대 분야의 10대 원칙을 준수하고, 지속가능 발전 목표(SDGs)를 달성하기 위해 이행 보고서(COP)를 매년 제출해 공개해야 한다. 국내 게임사 중 최초로 UNGC에 가입한 넷마블은 이용자와 주주, 지역사회 등 이해 관계자에게 지속가능경영 성과를 담은 노력을 공유할 방침이라고 밝혔다."
45,context,0.1433,neutral,0.9988,에너지 관리,E,E_ENERGY__RENEWABLE_TRANSITION,신재생에너지 전환,0.47827330231666565,"한편, 영국의 에너지 싱크탱크 엠버에 따르면 2021년 세계의 평균 재생에너지 발전 비중은 10.3%인 가운데 한국은 4.7%에 불과했다. 한국은 2030년까지 발전 비중을 원자력 32.4%, 액화천연가스(LNG) 22.9%, 신재생에너지 21.6%, 석탄 19.7% 로 가져간다는 목표다."
46,opportunity,0.3426,positive,0.9076,에너지 관리,E,E_ENERGY__RENEWABLE_TRANSITION,신재생에너지 전환,0.3774997293949127,EIA는 올해 미국에서 54.5기가와트 규모의 발전 설비가 신설되고 이중 54%인 29.1기가와트 규모의 태양광 발전 설비가 새로 구축될 것으로 전망했다.
47,opportunity,0.729,positive,0.9999,에너지 관리,E,E_ENERGY__RENEWABLE_TRANSITION,신재생에너지 전환,0.7290977239608765,이와 함께 한국동서발전과 샤넬코리아는 태양광발전소 가상 전력 구매계약(Virtual-PPA) 을 체결한다. 샤넬코리아는 이번 계약으로 약 2메가와트(MW) 규모의 재생에너지를 20년간 안정적으로 확보할 수 있을 전망이다.
48,opportunity,0.4719,positive,0.718,에너지 관리,E,E_ENERGY__RENEWABLE_TRANSITION,신재생에너지 전환,0.6572133898735046,한국동서발전은 샤넬코리아와 기후변화 영향 완화 해결책 모색을 위한 업무협약을 체결했다고 13일 밝혔다. 이번 협약에 따라 한국동서발전은 샤넬코리아의 RE100 달성을 지원한다. RE100은 기업이 사용하는 전력 100%를 재생에너지로 대체하는 것이 목표인 국제적인 기업 협약 프로젝트다.
49,context,0.1998,neutral,0.9997,에너지 관리,E,E_ENERGY__RENEWABLE_TRANSITION,신재생에너지 전환,0.6662266850471497,"스코프 1에 해당하는 직접 배출 탄소량 관리를 위해 HD한국조선해양은 시운전 선박과 운송용 차량에 쓰이는 연료를 수소, 메탄올, 암모니아와 같은 저탄소 연료로 대체하기로 했다. 스코프 2로 분류되는 사업장 내 간접 배출은 크레인 등의 핵심 부품을 교체해 전력 소모량을 줄이고, 조선소 내 LED 조명을 설치하는 방식으로 관리할 계획이다. 또 태양광과 풍력을 활용한 자가발전과 전력구매계약 등을 통해 2050년까지 RE100(재생에너지 100%)도 달성할 방침이다."
50,context,0.1096,neutral,0.8195,에너지 관리,E,E_ENERGY__RENEWABLE_TRANSITION,신재생에너지 전환,0.44586557149887085,미국은 태양광 발전 생태계 구축을 위해 자국 산업 보호와 해외 기업 유치를 적극 추진하고 있다. 하지만 미국산 태양광 모듈 생산이 아직 본 궤도에 오르지 못해 당분간 상당량의 태양광 모듈의 수입이 불가피한 실정이다. 백악관에 따르면 인플레이션 감축법(IRA) 시행으로 미국에서 2030년까지 9500만개의 태양광 패널이 설치될 예정이다.
51,context,0.164,neutral,0.9999,에너지 관리,E,E_ENERGY__RENEWABLE_TRANSITION,신재생에너지 전환,0.5468757748603821,"이렇게 마른 수건 쥐어짜는 상황에서 넷제로 실행을 위해 신재생에너지 전환을 제안하고, 폐기물 감축을 위해 폐기물 수거 프로그램을 제안하고, 공급망 ESG 확산을 위해 협력사 지원 프로그램과 현장 컨설팅을 제안해봐야 씨알도 먹히지 않는다. 자원이 부족한 이런 상황에서도 효과적인 지속가능경영 실행 방법을 찾아내는 것이 바로 전략적 ESG 다. 글로벌 경기침체 상황에서 자원부족 상황은 우리 기업들만의 문제가 아니다."
52,context,0.1707,neutral,0.9998,에너지 관리,E,E_ENERGY__RENEWABLE_TRANSITION,신재생에너지 전환,0.5691431164741516,대한상의 그린에너지지원센터는 한국에너지공단으로부터 RE100 컨설팅 데스크 운영기관으로 지정돼 기업을 위한 맞춤형 컨설팅을 시작한다고 4일 밝혔다. 상의는 특히 자체적인 ESG경영 계획 수립이 어려운 중소 중견기업을 대상으로 활용방안 제시와 맞춤형 교육 등 전 과정을 지원한다.
53,context,0.1271,neutral,0.9999,에너지 관리,E,E_ENERGY__RENEWABLE_TRANSITION,신재생에너지 전환,0.42364099621772766,"태양광과 풍력 등 신재생에너지 설비가 풍부한 호남권은 봄 가을처럼 전력 소비가 적은 기간에 전기가 남는다. 남는 전기는 전력 수요가 많은 수도권으로 전송해야 하지만, 두 지역을 연결하는 송전선로가 매우 부족한 실정이다."
54,context,0.1883,neutral,0.9989,기후변화·온실가스,E,E_CLIMATE__SCOPE1_2_EMISSION,Scope 1·2 배출량,0.6284807324409485,"2018년부터는 탄소중립 조기 목표 달성을 위해 탄소 오프셋(상쇄)을 구매하기 시작했다. 탄소 오프셋은 대기 중 이산화탄소 배출 감축 또는 제거 프로젝트에 대한 탄소배출권이다. 이를 통해 대학은 직접 통제할 수 있는 스코프 1 배출량, 그리고 대학 구매 에너지 등 간접 배출량을 포함한 스코프 2 배출량 면에서 탄소 중립을 달성했다."
55,context,0.1307,neutral,0.9859,에너지 관리,E,E_ENERGY__RENEWABLE_TRANSITION,신재생에너지 전환,0.44193407893180847,이 대학은 2007년부터 2017년까지 한꺼번에 약 1만8000가구에 친환경 전력을 공급할 수 있는 90개의 현장 태양광 설비를 구축했다. 또한 애리조나주 최대 전력회사인 애리조나공공서비스와 협력하여 연간 6만5000메가와트시의 친환경 전기를 생산하는 태양광 발전소를 건설했다. 그 결과 학교의 탄소 배출량이 감소하고 탄소 발자국이 30% 이상 줄었다.
56,context,0.1279,neutral,0.9892,에너지 관리,E,E_ENERGY__RENEWABLE_TRANSITION,신재생에너지 전환,0.43091505765914917,대학 소유의 퇴비화 공장은 2009년에 문을 열었다. 공장 가동에 쓰이는 에너지는 옥상 태양광 발전으로 75%를 충족한다. 시설에서 소용되는 물은 빗물 수확 시스템으로 공급한다.
57,context,0.1706,neutral,0.9992,인적자원 관리,S,S_HR__DIVERSITY_INCLUSION,다양성 및 형평성 (DEI),0.5689918398857117,"근로자 복지와 다양성, 평등과 포용(DE I), 인적자본에 대한 투자와 재교육을 포함한 인적자본 공시는 혁신과 생산성, 온실가스 감축과 같은 영역에서 기업의 잠재력과 리스크를 보여준다."
58,context,0.1109,neutral,0.9992,기후변화·온실가스,E,E_CLIMATE__SCOPE1_2_EMISSION,Scope 1·2 배출량,0.37006232142448425,CEA가 인용한 4월11일자 미 뉴욕타임스 보도에 따르면 세계 최대 암호화폐 광산 34곳의 전력 사용량은 주변 300만 가구가 쓰는 전력량과 맞먹는다. 또 지난해 미국에서 암호화폐 채굴 용도로 사용된 전력량은 미국 내 모든 가구의 컴퓨터와 거주용 조명을 켜는 데 쓰인 전력량과 비슷했다.
59,context,0.2048,neutral,0.9994,윤리경영·준법,G,G_ETHICS__ANTI_CORRUPTION_COMPLIANCE,반부패 및 컴플라이언스,0.6831465363502502,활동 목표는 온실가스 감축과 저탄소 자원선순환 경제 실천 인권과 노동기준 준수를 위한 행동규범 수립 역량과 성과에 따른 공정한 인사 보상체계 구축 소비자 권익과 관계기업의 성장 및 지역사회 혁신 발전 법규 준수 프로그램을 통한 반부패 문화 확산 자발적 공급망 실사와 적극적 자율공시 확대 등이다.
60,context,0.1435,neutral,0.9999,에너지 관리,E,E_ENERGY__RENEWABLE_TRANSITION,신재생에너지 전환,0.4784165024757385,"벡스코 제1전시장에서는 뿌리산업전, 수송기계 운반 물류 국제유공압기술전, 금형산업전, 기계기술전, 공구 제어계측기기전, 부품 소재산업전, 신재생에너지 환경산업전, 미세먼지 저감 특별전을 운영한다."
61,context,0.197,neutral,0.999,ESG 데이터 거버넌스,G,G_DATA_GOVERNANCE__ESG_DATA_CONTROL,ESG 데이터 내부통제,0.6574322581291199,ESG 공시 내용에 대한 제3자 인증에 대해서는 제한적 인증을 의무화하는 방안이 제시됐다. 그는 제한적(limited assurance) 수준으로 인증 의무를 부과하고 합리적 확신(reasonable assurance) 수준으로의 상향은 추후 검토 가 필요하다고 말하고 인증인의 전문성과 투명성을 높이고 이해상충 방지를 위한 규율체계 확립 도 필요하다고 말했다. 그는 특히 법정 공시로 전환 후에는 인증기관의 진입과 행위 규제가 법제화돼야 한다고 덧붙였다.
62,context,0.1521,neutral,0.9995,인적자원 관리,S,S_HR__DIVERSITY_INCLUSION,다양성 및 형평성 (DEI),0.507107675075531,"예를 들어, 유럽 금융사들은 기후 위험과 친환경 경제로의 전환 등 광범위한 환경 이슈를 부가가치 창출 기회로 간주하는 경향이 강했다. 반면에 미국 금융사들은 다양성 형평성 포용성(DE I) 같은 사회적 이슈들뿐만 아니라 기후 이슈를 통제 완화하는 데 따른 사회경제적 영향을 그런 기회로 여기는 경향이 컸다. 한편 아시아 태평양 금융사들은 다양한 ESG 활동과 기회 및 위험 사이에서 상대적으로 더 균형 잡힌 시각을 유지했다."
63,context,0.0837,neutral,0.5572,에너지 관리,E,E_ENERGY__RENEWABLE_TRANSITION,신재생에너지 전환,0.5006539821624756,셀은 최소 단위의 태양전지를 말한다. 셀이 모여 모듈이 된다. 미국에서 생산되는 셀이 없어 이런 가이드라인이 나온 것이다. 미국의 태양광 발전 사업자 협회 SEIA(Solar Energy Industries Association)는 미국에서 조립되는 모듈을 사용하면 모듈에 사용된 셀의 원산지와 상관없이 사업자가 추가적인 세액공제 혜택을 받아야 한다고 주장해 왔다.
64,context,0.1065,neutral,0.9023,에너지 관리,E,E_ENERGY__RENEWABLE_TRANSITION,신재생에너지 전환,0.393436998128891,로이터통신에 따르면 미국 재무부가 12일 공개한 가이드라인은 태양광 모듈과 트랙커 인버터를 포함한 태양광 발전 시설에 필요한 부품 중 전체의 40%만 미국산을 사용하면 미국산 사용 기준을 충족할 수 있다는 내용을 담고 있다.
65,context,0.0944,neutral,0.8676,에너지 관리,E,E_ENERGY__RENEWABLE_TRANSITION,신재생에너지 전환,0.36243900656700134,하지만 구체적인 지침이 공개되지 않아 태양광 발전 사업자들이나 태양광 모듈 업체가 지침 발표를 기다리며 투자를 미루고 있다는 지적이 나왔다. 특히 해외에서 생산한 셀 등 핵심 부품을 사용해 미국 내에서 모듈을 생산할 경우 미국산으로 인정받을 수 있을지에 업계의 관심이 집중됐다.
66,context,0.1191,neutral,0.9941,윤리경영·준법,G,G_ETHICS__ANTI_CORRUPTION_COMPLIANCE,반부패 및 컴플라이언스,0.3993355929851532,"그렇지만 이제는 시대가 달라졌다. 기업은 재무적 이익뿐만 아니라 환경, 인권, 반부패 등 비재무적 요소도 중요하게 고려해야 하는 상황이다. 그렇지 않으면 소비자들이 책임을 묻고 투자자들이 외면하면서 기업 자체의 지속가능성이 현저히 떨어지기 때문이다."
67,context,0.1906,neutral,0.9996,기후변화·온실가스,E,E_CLIMATE__SCOPE3_EMISSION,Scope 3 배출량,0.6356674432754517,"가장 큰 문제는 공급망실사법이 강조하는 Scope 3 즉 기업이나 조직이 소유하지는 않으나 공급망 전체에서 발생하는 간접 온실가스이다. 배출량 감축 전략으로 공급망 관리, 친환경 제품 개발, 소비자 교육 등이 꼽히나 말처럼 쉽지가 않다. 특히 전 세계에 거미줄처럼 펼쳐져 있는 공급망을 어떻게 일일이 들여다보는 건 사실상 불가능하다."
68,context,0.1266,neutral,0.9994,에너지 관리,E,E_ENERGY__RENEWABLE_TRANSITION,신재생에너지 전환,0.42236483097076416,"애플이나 델 등도 온실가스 배출량 감축과 재생에너지 전환에 대한 구체적인 목표를 제시한 상황이다. RE100에 대비한 기술 개발이나 투자확대가 필요하다는 얘기인데, 당장 해결하는 건 매우 어렵다는 게 국내 기업들의 당면하고 있는 엄혹한 현실이다."
69,opportunity,0.4647,positive,0.7938,에너지 관리,E,E_ENERGY__RENEWABLE_TRANSITION,신재생에너지 전환,0.5854443311691284,Scope 2는 전기나 난방 등의 사용에 따른 간접배출로 에너지 절약이나 친환경 에너지 사용으로 대응할 수 있다. 문제는 국내 기업이 여기에 대비하는 데는 시간이 걸린다는 것. 예컨대 볼보나 BMW 등 유럽 기업은 벌써 부품업체에 RE100(재생에너지 100% 사용)을 요구하고 있다.
70,opportunity,0.4647,positive,0.7938,기후변화·온실가스,E,E_CLIMATE__SCOPE1_2_EMISSION,Scope 1·2 배출량,0.5854443311691284,Scope 2는 전기나 난방 등의 사용에 따른 간접배출로 에너지 절약이나 친환경 에너지 사용으로 대응할 수 있다. 문제는 국내 기업이 여기에 대비하는 데는 시간이 걸린다는 것. 예컨대 볼보나 BMW 등 유럽 기업은 벌써 부품업체에 RE100(재생에너지 100% 사용)을 요구하고 있다.
71,context,0.1317,neutral,0.6205,기후변화·온실가스,E,E_CLIMATE__SCOPE1_2_EMISSION,Scope 1·2 배출량,0.7076781392097473,"기업의 공시가 계열사를 넘어 협력사 공급망까지 확대된다는 건 보통 힘든 일이 아니다. 예컨대 온실가스(GHG)의 경우 Scope 1은 기업의 공장이나 사무실에서 직접배출로서 에너지 효율과 공정 개선, 친환경 연료 사용 등으로 어느 정도 통제가 가능하다."
72,context,0.1744,neutral,0.9965,기후변화·온실가스,E,E_CLIMATE__SCOPE3_EMISSION,Scope 3 배출량,0.5834797620773315,"후방(downstream)으로는 제품 사용과 폐기까지 봐야 한다, 폐기물이 많이 나오지 않도록 원재료와 제조방식에 신경을 쓰고, 폐기물도 환경오염을 최소화할 수 있도록 하라는 것이다."
73,context,0.1389,neutral,0.9996,기후변화·온실가스,E,E_CLIMATE__SCOPE3_EMISSION,Scope 3 배출량,0.4631770849227905,"전방(upstream)으로는 원료 생산과 원자재 공급 및 2차, 3차 협력업체까지 살필 의무가 생긴다. 원료나 원자재를 생산하는 개발도상국의 훼손된 자연이나 비참한 노동현장도 챙기라는 의미다. 예컨대 바닐라를 쓰는 아이스크림업체, 팜유를 쓰는 초콜렛업체는 바닐라나 팜유 재배농가가 열대 밀림을 훼손하지 않도록 지원할 필요가 있다."
74,context,0.0965,neutral,0.9988,인적자원 관리,S,S_HR__DIVERSITY_INCLUSION,다양성 및 형평성 (DEI),0.3220410645008087,머스크가 노트북 계급 이라는 용어를 들먹이며 재택근무를 극력 반대한다고 나선 배경에 관심이 쏠린다. 어쩔 수 없이 출근해야 하는 사람들과의 형평성 문제를 염두에 둔 것 아니냐는 해석도 나온다.
75,opportunity,0.5872,positive,0.8995,기후변화·온실가스,E,E_CLIMATE__CLIMATE_GOVERNANCE_INVENTORY,기후 거버넌스·인벤토리,0.6527724266052246,"국내 금융시장에서 이 분야에 선도적 역할을 하고 있는 곳이 SK증권이다. SK증권은 단일 증권사 최초로 글로벌 금융기관 탄소배출량 측정 이니셔티브인 PCAF(Partnership for Carbon Accounting Financials, 탄소회계금융연합체) 에 가입했다고 18일 밝혔다."
76,context,0.1501,neutral,0.9996,인적자원 관리,S,S_HR__DIVERSITY_INCLUSION,다양성 및 형평성 (DEI),0.500713586807251,"현재 전 세계가 온실가스 배출을 억제하기 위해 노력하고 있고, 기업들은 직장 내 다양성 및 사회 정의 같은 문제를 해결하라는 압박에 직면하면서 지금까지 ESG 분야에 투자된 돈만 약 30조 달러, 우리 돈으로 무려 4경 가까이 되는 것으로 추산된다. 투자된 돈이 이렇게 많은 만큼 그 돈을 운용할 전문가가 필요한데 수요가 공급을 따라가 주지 못한다는 것이다."
77,context,0.1603,neutral,0.9995,인적자원 관리,S,S_HR__DIVERSITY_INCLUSION,다양성 및 형평성 (DEI),0.5346671938896179,"그는 이날 회의에서 국제사회가 기후변화, 생물 다양성 손실, 환경오염이라는 3중의 위기에 맞서야 할 공동 책임이 있다며 이같이 말했다고 김태효 국가안보실 1차장이 브리핑했다. 기후클럽은 2050년 기후중립 달성을 목표로 G7이 결성해, 올라프 숄츠 독일 총리가 주도하고 있다."
78,context,0.1057,neutral,0.7221,기후변화·온실가스,E,E_CLIMATE__SCOPE1_2_EMISSION,Scope 1·2 배출량,0.4879407286643982,현대백화점은 KT와 함께 전력 사용량을 실시간으로 관리하는 스마트 에너지 매니지먼트 시스템을 도입했다. 매장 안팎의 조명은 효율이 높은 LED로 교체하고 태양광 시스템을 추가하는 방안도 검토중이다.
79,context,0.1138,neutral,0.9989,에너지 관리,E,E_ENERGY__EFFICIENCY_CONSUMPTION,에너지 소비 및 효율화,0.37961047887802124,"신세계백화점은 에너지 절감을 위해 기존에 개점 20분 전부터 켰던 백화점 내 일반 조명을 10분 전부터 켜고, 폐점 때는 10분 더 일찍 끄고 있다. 백화점 후방 시설의 일반 조명 기기는 LED 조명으로 교체하고, 승강기 회생 제동 장치도 설치할 계획이다."
80,context,0.1667,neutral,0.9996,에너지 관리,E,E_ENERGY__EFFICIENCY_CONSUMPTION,에너지 소비 및 효율화,0.555803656578064,"지상 55층, 지하 2층의 빌딩인 트레이드 타워와 코엑스 컨벤션센터 등 6개 건물로 이뤄진 서울 무역센터도 냉난방 1도 운동 등으로 에너지 절감에 나섰다. 여름철 냉방은 1도 높이고 겨울철 난방은 1도 낮추는 게 핵심이다. 현대제철은 조업 개선과 설비 교체를 통해 국내총생산(GDP) 대비 에너지 소비량을 보여주는 에너지 원단위( TOE 1천달러)를 1% 개선하는 것을 목표로 하고 있다."
81,context,0.1867,neutral,0.9977,에너지 관리,E,E_ENERGY__EFFICIENCY_CONSUMPTION,에너지 소비 및 효율화,0.6239362359046936,"롯데그룹 역시 계열사에 사무실 내 불필요한 전등을 끄고, 회의나 점심시간 등 부재 시에는 소등 여부를 확인하도록 했다. HD현대중공업은 최근 9주간 소셜미디어(SNS)를 통해 에너지 절감 챌린지 이봐 OO로 아껴봤어 를 진행했다. 매주 1개씩 에너지 절감 방안을 소개하면 이를 실천한 임직원이 인증샷을 본인의 SNS에 게재하는 식으로, 총 600건의 참여가 이뤄졌다."
82,opportunity,0.3822,positive,0.789,기후변화·온실가스,E,E_CLIMATE__SCOPE1_2_EMISSION,Scope 1·2 배출량,0.4844270646572113,"SK하이닉스는 혹서기 전력 사용량 폭증에 대비해 층간 이동 시 계단을 이용하고, 사용하지 않는 전기 제품의 플러그를 뽑도록 해 전기 사용량을 절감하고 있다. 현대차그룹은 자리를 비우거나 퇴근할 때 PC 모니터를 일괄적으로 끄고, 야간에는 주기적으로 소등한다. 전 세계 생산시설에서 태양광, 풍력 등 재생 에너지 사용량도 늘려나가고 있다."
83,context,0.1699,neutral,0.9987,에너지 관리,E,E_ENERGY__EFFICIENCY_CONSUMPTION,에너지 소비 및 효율화,0.5670309662818909,삼성전자는 작년 9월 발표한 신( )환경경영전략의 일환으로 우리의 작은 불편함이 지구에 큰 힘이 됩니다라는 주제로 에너지 절감을 포함한 다양한 친환경 실천 캠페인을 하고 있다.
84,context,0.1747,neutral,0.9999,기후변화·온실가스,E,E_CLIMATE__SCOPE1_2_EMISSION,Scope 1·2 배출량,0.5823556780815125,에너지 다이어트 는 ESG(환경 사회 지배구조) 경영의 실천이면서 동시에 여름철 전력 사용량 폭증에 대비한 비용절감 효과가 있다는 계산이다.
85,context,0.1595,neutral,0.9856,에너지 관리,E,E_ENERGY__RENEWABLE_TRANSITION,신재생에너지 전환,0.5395234823226929,"G7은 화석연료 산업에 대한 보조금 지급을 2025년까지 중단한다는 약속을 재확인하는 한편, 2030년까지 태양광 발전 능력을 1테라와트로, 해상풍력 발전 능력은 150기가와트로 확대하기로 했다."
86,context,0.1729,neutral,0.9909,에너지 관리,E,E_ENERGY__RENEWABLE_TRANSITION,신재생에너지 전환,0.5817041397094727,"태양광 발전 예상 투자 규모는 3,800억 달러(503조원)로, 사상 처음으로 석유 생산 투자비 3,700억 달러(490조원)를 추월할 것으로 전망된다. 저탄소 에너지원으로의 전환 규모와 속도가 빨라지고 있다는 의미다."
87,context,0.1871,neutral,0.9999,에너지 관리,E,E_ENERGY__RENEWABLE_TRANSITION,신재생에너지 전환,0.6235657334327698,"부산시, 부산지방기상청, 부산연구원, APEC기후센터 등이 참여하는 부산기후변화협의체는 기후위기 시대, 기후산업의 대응을 주제로 세마나를 열었다. 부산지역 RE100(재생에너지 100%) 협의체 발대식과 기업 간담회도 마련됐다."
88,context,0.0911,neutral,0.5658,기후변화·온실가스,E,E_CLIMATE__SCOPE1_2_EMISSION,Scope 1·2 배출량,0.536819577217102,삼성전자가 내놓은 2023년형 비스포크 가전은 핵심 부품 고효율화로 에너지 효율을 대폭 높이고 고도화된 인공지능(AI) 기능으로 사용 편의성이 강화된 것이 특징이다. 스마트싱스 기반의 에너지 관리 솔루션인 스마트싱스 에너지를 활용해 비스포크 가전을 관리하면 전력 사용량을 최대 70%까지 추가 절감할 수 있다.
89,context,0.1948,neutral,0.9998,에너지 관리,E,E_ENERGY__RENEWABLE_TRANSITION,신재생에너지 전환,0.649391233921051,"모집 분야는 건설산업 ESG(친환경 자재, 신재생에너지 활용, 순환자원 관리, 탄소저감 기술, CSR CSV, 공급망 관리) Smart Work(마케팅 수주 계약 견적 조달 분양 업무 프로세스 효율화, 자동화) DT 디지털 전환(BIM, AI, VR AR, Drone, Robotics 활용 기술, 스마트 안전) 자유주제(신기술 신공법, 신사업 아이디어 등)로 해당 분야의 전국 소재 7년 미만의 스타트업이라면 누구나 지원가능하다."
90,opportunity,0.3147,positive,0.9758,에너지 관리,E,E_ENERGY__RENEWABLE_TRANSITION,신재생에너지 전환,0.3225400447845459,태양광 발전 시설의 핵심 부품인 태양광 셀은 전체 발전 시설 투자 비용의 30% 정도를 차지한다. 가령 중국산 태양광 셀을 100% 사용해도 다른 부품을 미국산으로 사용하면 세액공제 미국산 제품 사용에 따른 추가적인 세액공제 혜택을 받을 수 있는 길이 열린 것이다.
91,opportunity,0.6012,positive,0.9911,에너지 관리,E,E_ENERGY__EFFICIENCY_CONSUMPTION,에너지 소비 및 효율화,0.6066414713859558,한국지역난방공사(한난)는 에너지 효율혁신을 위한 에너지효율 개선 사업 강화 등을 핵심으로 하는 2023년 연간 사회공헌 사업계획 을 확정해 활동에 나선다고 30일 밝혔다.
92,context,0.142,neutral,0.9624,인적자원 관리,S,S_HR__DIVERSITY_INCLUSION,다양성 및 형평성 (DEI),0.49203479290008545,KB국민은행은 해양수산부와 해양생태계 보전을 위한 업무협약을 체결했다고 30일 밝혔다. KB국민은행은 지난 2022년부터 바다 사막화가 진행 중인 해역 내 잘피숲을 조성하는 등 해양 생태계 보전을 위해 활동해왔다. 또 해안지역의 유실 침적된 쓰레기를 수거해 해양생물 서식지를 보전하고 피해를 예방하는 등 해양생물 다양성 보전에도 힘써왔다.
93,context,0.0998,neutral,0.5269,에너지 관리,E,E_ENERGY__RENEWABLE_TRANSITION,신재생에너지 전환,0.6314066648483276,"카카오는 앞서 지난해 제주 오피스를 운영하는 과정에서 사용되는 전력의 100%를 친환경 태양광 에너지로 전환했다. 카카오는 재생에너지에 대한 사회적 관심과 인식을 높이기 위해 전국 각지의 시민조합에서 직접 생산된 재생에너지 공급인증서(REC)를 구매했다. 이번 RE100 가입을 기점으로 카카오는 신규 데이터센터(IDC)와 사옥 등 사업 운영 과정에서 발생하는 전체 전력 사용량을 오는 2030년까지 60%, 2040년까지 100% 재생에너지로 전환할 계획이다. ."
94,context,0.0998,neutral,0.5269,기후변화·온실가스,E,E_CLIMATE__SCOPE1_2_EMISSION,Scope 1·2 배출량,0.6314066648483276,"카카오는 앞서 지난해 제주 오피스를 운영하는 과정에서 사용되는 전력의 100%를 친환경 태양광 에너지로 전환했다. 카카오는 재생에너지에 대한 사회적 관심과 인식을 높이기 위해 전국 각지의 시민조합에서 직접 생산된 재생에너지 공급인증서(REC)를 구매했다. 이번 RE100 가입을 기점으로 카카오는 신규 데이터센터(IDC)와 사옥 등 사업 운영 과정에서 발생하는 전체 전력 사용량을 오는 2030년까지 60%, 2040년까지 100% 재생에너지로 전환할 계획이다. ."
95,opportunity,0.5995,positive,0.9736,에너지 관리,E,E_ENERGY__RENEWABLE_TRANSITION,신재생에너지 전환,0.6157689690589905,카카오는 탄소 중립 달성을 위해 글로벌 이니셔티브 RE100 에 가입했다고 30일 밝혔다. RE100은 기업이 사용하는 전력의 100%를 풍력이나 태양광 같은 재생에너지로 바꾸는 목표를 달성하기 위한 자발적인 캠페인이다.
96,context,0.1514,neutral,0.9731,에너지 관리,E,E_ENERGY__RENEWABLE_TRANSITION,신재생에너지 전환,0.5186254978179932,"카카오, RE100 가입 2040년까지 재생에너지 100% 전환"
97,context,0.1641,neutral,0.9989,에너지 관리,E,E_ENERGY__RENEWABLE_TRANSITION,신재생에너지 전환,0.5475237369537354,지난해 신축된 부산수학문화관은 옥상에 건물 일체형 태양광 발전시설이 설치됐다. 고효율 열펌프와 고성능 단열시공이 돼 있어 에너지자립률이 43%에 달한다. 그 결과 정부의 제로에너지 건축물 4등급 인증을 받았다.
98,opportunity,0.533,positive,0.9966,에너지 관리,E,E_ENERGY__RENEWABLE_TRANSITION,신재생에너지 전환,0.5347930788993835,"태양광 밸류체인은 폴리실리콘, 웨이퍼, 셀, 모듈로 이루어진다. 시장의 75% 이상을 중국이 차지하고 있다. 특히 웨이퍼의 경우 중국이 전 세계 생산의 95%를 맡고 있다. 이 시장에선 융기실리콘과 TCL 증환신능원(TCL Zhonghuan Renewable Energy Technology)이 선도업체로 경쟁한다. 융기실리콘은 폴리실리콘을 제외한 웨이퍼, 셀, 모듈을 생산한다."
99,risk,0.4251,negative,0.9409,에너지 관리,E,E_ENERGY__RENEWABLE_TRANSITION,신재생에너지 전환,0.45178115367889404,인도산 모듈 공급은 부족한데 수입산 모듈에 고율의 관세가 부과됨에 따라 태양광 발전 사업을 속도감 있게 추진하기 어렵다는 지적이 나온다. 인도 정부 관계자는 관세 인하 필요성을 강조하면서 앞으로 2년간 인도는 연간 8 10기가와트 규모의 태양광 모듈을 수입할 전망 이라고 말했다.
100,context,0.1623,neutral,0.9469,에너지 관리,E,E_ENERGY__RENEWABLE_TRANSITION,신재생에너지 전환,0.5713668465614319,모디 총리는 2031 2032년까지 연간 365기가와트의 태양광 발전능력을 달성하고 전기차와 지속가능한 항공유 보급을 확대한다는 야심찬 청정에너지 공급 계획을 세웠다. 인도의 현재 태양광 발전능력은 32기가와트에 불과하다. 목표 달성을 위해 분발이 필요한데 현재 적정 수요로 추정되는 52기가와트에도 미치지 못하는 수준이다.
101,context,0.2208,neutral,0.9999,이사회 구조,G,G_BOARD__COMPOSITION_INDEPENDENCE,이사회 구성 및 독립성,0.7360415458679199,(4) 100% 사외이사로만 구성된 사외이사후보추천위원회(이하 사추위)가 최종 후보를 선발하여 주주총회에 올린다.
102,context,0.1425,neutral,0.8774,인적자원 관리,S,S_HR__DIVERSITY_INCLUSION,다양성 및 형평성 (DEI),0.5413421392440796,"LGBTQ 역시 DEI 관련 핵심 이슈의 하나라 이를 둘러싼 논란이 커지고 있다. LGBTQ는 lesbian(여성 동성애자), gay(남성 동성애자), bisexual(양성애자), transgender(성전환자), queer(성 소수자 전반) 혹은 questioning(성 정체성에 관해 갈등하는 사람)의 첫 글자를 따서 만든 약어다."
103,risk,0.5405,negative,0.9457,인적자원 관리,S,S_HR__DIVERSITY_INCLUSION,다양성 및 형평성 (DEI),0.5715613961219788,"상황이 이렇다 보니 민감한 이슈가 많은 사회 관련 기업들의 활동이 논란에 휩싸이곤 한다. 특히 이 중 최근 줄여서 DEI라고 부르는 다양성(diversity), 형평성(equity), 포용성(inclusion) 문제를 해결하려고 애쓰는 기업이 늘면서 논란이 더욱 가열되고 있다. 기득권 층에서는 DEI 제고 활동에 반발하려는 움직임이 강한 반면, DEI가 부족하다고 판단하는 쪽에서는 DEI를 높여 달라는 요구를 강하게 하기 때문이다."
104,opportunity,0.5678,positive,0.9966,에너지 관리,E,E_ENERGY__RENEWABLE_TRANSITION,신재생에너지 전환,0.5697808861732483,이 회사는국내 발전사업자 GS EPS와 협업해 경남 창원 LG스마트파크 통합생산동 옥상에 축구장 3개 크기로 직접 PPA 방식 태양광 발전소를 구축하고 있다. 2025년 최종 완공 목표다. 이 중 일부는 지난해 12월 준공해 운영에 들어갔다.
105,opportunity,0.7732,positive,0.9951,에너지 관리,E,E_ENERGY__RENEWABLE_TRANSITION,신재생에너지 전환,0.7770216464996338,"LG전자는 RE100 달성을 위해 2030년 60%, 2040년 90%, 2050년 100% 순으로 재생에너지 전환 비율을 확대할 계획이라고 5일 밝혔다. 구체적 방안은 사업장에 설치된 고효율 태양광 패널을 활용한 재생에너지 발전 사용 확대 재생에너지 공급인증서(REC) 구매 재생에너지 전력구매계약(PPA) 한국전력 녹색프리미엄 참여 등이다."
106,context,0.1852,neutral,0.9918,에너지 관리,E,E_ENERGY__RENEWABLE_TRANSITION,신재생에너지 전환,0.6224867105484009,한화솔루션은 보고서를 통해 공장 내 유휴 부지를 활용한 태양광 자가발전 추진 재생에너지 기반 전력 확보 회사 차량의 친환경 차량 전환 캠페인 등 다양한 재생에너지 전환에 대한 자사의 노력을 소개했다.
107,context,0.1771,neutral,0.9998,에너지 관리,E,E_ENERGY__RENEWABLE_TRANSITION,신재생에너지 전환,0.5904428362846375,"CF100에 대한 정부의 지원방안에 대해서는 세제 혜택 등 재정적 인센티브 제공(38.2%) , 실시간 모니터링을 위한 계측설비 등 관련 인프라 구축(26.5%) , 무탄소에너지 전용 전력구매계약(PPA) 등 제도 마련(20.6%) 에 높은 응답률을 보였다. 이 밖에도 무탄소에너지 관련 혁신기업 육성(8.8%), 전략판매시장 규제 완화(5.9%) 등을 제시했다."
108,context,0.1268,neutral,0.9996,에너지 관리,E,E_ENERGY__EFFICIENCY_CONSUMPTION,에너지 소비 및 효율화,0.4227588176727295,서울시는 이에 따라 7일 서울시청 서소문2청사 대회의실에서 식품의약품안전처 한국전력공사 한국체인스토어협회와 함께 에너지 절감과 냉장식품 안전을 위한 냉장고 문 달기 사업 업무협약을 체결한다. 여기에는 롯데마트와 이마트 이마트에브리데이 GS더프레시 홈플러스 등 대형 유통업체도 함께한다.
109,context,0.1253,neutral,0.9999,기후변화·온실가스,E,E_CLIMATE__SCOPE1_2_EMISSION,Scope 1·2 배출량,0.4176628887653351,신선도 확인이나 고객 편의를 이유로 개방형 냉장고를 쓰면 에너지 낭비를 초래하고 냉장식품 보관 적정 온도(섭씨 10도 이하)보다 높아지는 경우가 있어서다. 서울시에 따르면 롯데마트와 한국전력공사가 냉장고 문을 만드는 시범사업을 벌인 결과 1대당 전력 사용량이 평균 50 이상 절감됐다. 문을 달고 나니 온도도 안정적으로 10도 이하를 유지해 신선상품 폐기율이 종전보다 3 넘게 줄었다.
110,context,0.1539,neutral,0.9997,에너지 관리,E,E_ENERGY__EFFICIENCY_CONSUMPTION,에너지 소비 및 효율화,0.5132136344909668,1997년 교토의정서 가입국들은 2012년까지 이산화탄소 배출량을 1990년 대비 평균 5% 정도 감축하기로 했다. 이를 이행하지 못하는 국가나 기업은 탄소배출권을 외부에서 구입하게 했다. 따라서 이산화탄소 배출량이 많은 기업은 에너지 절감 등 기술개발로 배출량 자체를 줄이거나 배출량이 적어 여유분의 배출권을 소유하고 있는 기업으로부터 그 권리를 사서 해결해야 한다.
111,context,0.0858,neutral,0.9316,에너지 관리,E,E_ENERGY__RENEWABLE_TRANSITION,신재생에너지 전환,0.3071036636829376,이런 가운데 EIA는 올 여름 미국의 태양광 발전량이 지난해 같은 기간에 비해 24% 증가하고 풍력과 원자력 발전량도 늘어날 것으로 전망했다. 반면에 석탄 발전은 지난 여름보다 15% 감소할 것으로 예상됐다.
112,context,0.1294,neutral,0.8502,에너지 관리,E,E_ENERGY__RENEWABLE_TRANSITION,신재생에너지 전환,0.5073676109313965,"1 5월 중 풍력과 태양광 발전량은 2019년 대비 1억200만MWh(68%) 증가했으나, 석탄 발전량은 1억3200만MWh(35%) 감소했다. 올해 1 5월 중 석탄 발전량 2억4940만MWh는 수십 년 래 최저 수준이다."
113,context,0.1819,neutral,0.9998,윤리경영·준법,G,G_ETHICS__ANTI_CORRUPTION_COMPLIANCE,반부패 및 컴플라이언스,0.6062769293785095,중소벤처기업진흥공단(이하 중진공)은 12일 오후 경남 진주 본사에서 제1차 윤리 인권경영위원회를 열어 올해 윤리 인권경영 계획을 확정하고 반부패 청렴정책 계획에 대한 자문을 진행한다고 20일 밝혔다.
114,context,0.2084,neutral,0.9999,이사회 구조,G,G_BOARD__COMPOSITION_INDEPENDENCE,이사회 구성 및 독립성,0.6945335865020752,"7인 후보 중 주주추천 후보는 3인에 그쳤다. 더구나 3인이 주요주주인 국민연금, 현대차그룹, 신한은행 추천 후보인지 여부도 확인되지 않았다. 회사 경영에 대한 책임과 이해를 함께 하는 주요주주의 의견이 이사회 구성에서 좀 더 많이 반영되어야 한다."
115,context,0.2019,neutral,0.9999,에너지 관리,E,E_ENERGY__RENEWABLE_TRANSITION,신재생에너지 전환,0.6731370091438293,"한국ESG연구소는 산업별로 글로벌 대표 기업과 국내기업의 RE100 이행현황과 에너지소비구조와 매출당 전력사용량 등을 비교해 알기쉽게 설명했다. 아울러, RE100 기업이 이행 보고를 위한 가이드도 담았다."
116,context,0.1411,neutral,0.9997,에너지 관리,E,E_ENERGY__RENEWABLE_TRANSITION,신재생에너지 전환,0.470320463180542,한국ESG연구소(대표 조윤남)은 최근 RE100과 24 7CFE에 대한 기업의 관심이 증가하는 부응하여 쉽게 활용하는 RE100 핸드북을 발간해 PDF 파일로 무료 배포하기로 했다.
117,context,0.1337,neutral,0.8876,에너지 관리,E,E_ENERGY__RENEWABLE_TRANSITION,신재생에너지 전환,0.5020100474357605,"특히 태양광 발전 예상 투자 규모는 3,800억 달러(503조원)로, 사상 처음으로 석유 생산 투자비 3,700억 달러(490조원)를 추월할 것으로 전망됐다."
118,context,0.1904,neutral,0.999,에너지 관리,E,E_ENERGY__RENEWABLE_TRANSITION,신재생에너지 전환,0.6353583335876465,현재 ESG(환경 사회적 책임 거버넌스)와 RE100(재생에너지 100% 사용)은 글로벌 차원의 흐름이라 시멘트업계도 따라가지 않을 수 없는 상황이다.
119,context,0.1389,neutral,0.9993,에너지 관리,E,E_ENERGY__RENEWABLE_TRANSITION,신재생에너지 전환,0.46325409412384033,"유럽은 대체원료 연구 활발...시멘트업계, ESG와 RE100 흐름 동참해야"
120,context,0.1539,neutral,0.9955,에너지 관리,E,E_ENERGY__RENEWABLE_TRANSITION,신재생에너지 전환,0.5152708292007446,"또한 2050 탄소중립과 RE100 등에 세계 각국과 글로벌 기업들도 적극 참여하면서 탈탄소를 위한 생산 및 유통구조 개선 등에 적잖은 비용을 투입하고 있는데, 이는 결국 최종 소비재 가격의 상승 요인으로 작용할 전망이다. 아울러 글로벌 공급망의 노동인권 및 산업 안전 개선 등의 조치도 비용 상승 요인이 되고 있다."
121,context,0.1202,neutral,0.999,에너지 관리,E,E_ENERGY__EFFICIENCY_CONSUMPTION,에너지 소비 및 효율화,0.4012112617492676,"블룸버그 통신이 프랑스 정부로부터 얻은 회의 요약본에 따르면 프랑스, 스페인, 노르웨이, 포르투갈 등이 이처럼 온실가스를 배출하는 화석연료 사용량에 따라 일정 금액을 부과하는 탄소 부담금 제도 도입을 지지했다. 구체적으로 어떤 나라들이 탄소세 부과를 지지하는지 모두 확인되지는 않았다."
122,opportunity,0.3485,positive,0.8253,에너지 관리,E,E_ENERGY__RENEWABLE_TRANSITION,신재생에너지 전환,0.42224839329719543,"태양광 발전이 전년 대비 25%, 풍력 발전이 전년 대비 13.5% 증가해 두 자릿수대 증가율을 나타냈으나 화석연료를 대체하기에는 턱없이 부족했다."
123,context,0.1472,neutral,0.9694,에너지 관리,E,E_ENERGY__RENEWABLE_TRANSITION,신재생에너지 전환,0.5060864686965942,화석연료가 계속 핵심 에너지원으로 사용되면서 에너지 부문에서 발생한 온실가스 배출량은 전년 대비 0.8% 늘며 증가세를 지속했다. 풍력과 태양광 등 신재생에너지(수력 제외) 사용 비중은 세계 에너지 소비량의 7.5%를 차지하는 데 그쳤다.
124,context,0.1472,neutral,0.9694,에너지 관리,E,E_ENERGY__EFFICIENCY_CONSUMPTION,에너지 소비 및 효율화,0.5060864686965942,화석연료가 계속 핵심 에너지원으로 사용되면서 에너지 부문에서 발생한 온실가스 배출량은 전년 대비 0.8% 늘며 증가세를 지속했다. 풍력과 태양광 등 신재생에너지(수력 제외) 사용 비중은 세계 에너지 소비량의 7.5%를 차지하는 데 그쳤다.
125,context,0.1321,neutral,0.9878,에너지 관리,E,E_ENERGY__EFFICIENCY_CONSUMPTION,에너지 소비 및 효율화,0.445752888917923,"석유, 석탄, 가스 등 화석연료 소비량이 전체 에너지 소비량의 82%를 차지하며 에너지 사용 증가를 견인했다. 특히 이산화탄소와 미세먼지 등 오염물질을 가장 많이 배출하는 석탄은 중국과 인도의 수요 지속 탓에 지난해에도 소비량이 전년 대비 0.6% 늘었다. 석탄 소비와 맞물려 글로벌 석탄 생산량도 전년 대비 7%나 증가했다."
126,context,0.1689,neutral,0.9936,에너지 관리,E,E_ENERGY__EFFICIENCY_CONSUMPTION,에너지 소비 및 효율화,0.566560685634613,미국 CNN 방송에 따르면 에너지연구소(the Energy Institute)는 컨설팅업체 KPMG 및 커니와 함께 발간한 세계 에너지 통계 리뷰 보고서에서 지난해 세계 에너지 소비량이 전년 대비 1% 증가했다고 26일(현지시간) 밝혔다.
127,context,0.144,neutral,0.9992,에너지 관리,E,E_ENERGY__RENEWABLE_TRANSITION,신재생에너지 전환,0.4804112911224365,"기존 위험물안전관리 세부기준에서는 태양광 발전설비, 전기차 충전기와는 달리 연료전지의 주유소 내 설치를 허용하지 않았는데, 정부가 SK에너지 측에 사업 기회를 부여하고 법령 정비를 검토하게 된 것이다."
128,context,0.1678,neutral,0.9997,에너지 관리,E,E_ENERGY__RENEWABLE_TRANSITION,신재생에너지 전환,0.559512734413147,"이와 관련 규제샌드박스 실증사업에 나선 SK에너지는 주유소에 태양광 발전설비와 연료전지를 설치해 전기를 생산하고, 이를 전기차 충전 등에 공급하는 미래형 융복합 충전소(에너지슈퍼스테이션)를 구축했다."
129,context,0.1608,neutral,0.9986,인적자원 관리,S,S_HR__DIVERSITY_INCLUSION,다양성 및 형평성 (DEI),0.5368524193763733,"아스트라제네카의 파스칼 소리오 최고경영자는 기후 변화와 생물 다양성 상실이라는 두 가지 위기는 지구를 손상시키고 인간의 건강을 해치고 있다며 AZ 포레스트를 통해 재조림을 제공하고 생물 다양성을 지원해 향후 약 30년에 걸쳐 대기 중에서 약 3,000만 톤의 이산화탄소를 제거할 것 이라고 설명했다."
130,context,0.1652,neutral,0.9997,인적자원 관리,S,S_HR__DIVERSITY_INCLUSION,다양성 및 형평성 (DEI),0.5507634878158569,"아스트라제네카는 2020년에 AZ 포레스트를 시작했으며, 기후변화 방지와 자연 복원 및 생물 다양성 증진에 기여하는 차원에서 2025년 말까지 5,000만 그루 이상의 나무를 심고 유지하겠다는 초기 공약을 내걸었는데 이번에 기존 계획을 확대한 것이다."
131,context,0.1297,neutral,0.998,인적자원 관리,S,S_HR__DIVERSITY_INCLUSION,다양성 및 형평성 (DEI),0.4331473112106323,공화당 의원들은 기후 위험이나 이사회의 다양성 같은 ESG 기준이 투자자에게 피해를 주고 있다고 비판해왔다. 이런 기준을 중시하는 건 고객에게 최고의 금융 수익을 제공해야 하는 투자 관리자의 의무를 저버린 행동이라는 것이다.
132,context,0.1699,neutral,0.9996,에너지 관리,E,E_ENERGY__RENEWABLE_TRANSITION,신재생에너지 전환,0.5667065382003784,"전략원자재란 신재생에너지, 디지털, 항공우주, 방위 기술 등 핵심 산업분야에 사용되는 원자재 중 수요와 공급망 차질 위험 등을 고려해 정한 일종의 특별 관리대상 원자재다. 전략원자재로 분류되면 역내 생산역량 확대, 공급망 다변화를 위한 대책을 비롯해 회원국 간 전략적 비축 및 공동구매와 관련한 규정을 적용받는다."
133,risk,0.4154,negative,0.8941,에너지 관리,E,E_ENERGY__RENEWABLE_TRANSITION,신재생에너지 전환,0.4645634591579437,"분야별로는 태양광 등 신재생에너지 금융지원사업 부분에서 2019년 2021년까지 3년간 총 3,010건에 4,898억원의 부당 행위가 적발돼 가장 큰 규모를 차지했다. 이 부문에서는 가짜 세금계산서를 통해 태양광 발전시설 설치 사업비를 부풀려 과다 대출하거나, 실경작을 하지 않고 버섯재배사 곤충사육사 등 농축산물 생산 시설로 위장해 허위 대출을 하는 방식이 확인됐다. 박 차장은 대출을 받을 때 부풀린 세금계산서를, 세금을 납부할 때 정상적인 세금계산서를 각각 활용한 경우를 가리켜 굉장히 악질적인 사례라고 지적했다."
134,context,0.169,neutral,0.6962,에너지 관리,E,E_ENERGY__RENEWABLE_TRANSITION,신재생에너지 전환,0.8090326189994812,"REC란 한국에너지공단이 발급하는 신재생에너지 공급인증서(Renewable Energy Certificate) 로 신재생에너지 설비를 통해 에너지를 공급했음을 증명하는 인증서다. 신재생에너지 공급의무화제도(RPS) 혹은 RE100을 충족시키기 위해 신재생에너지 공급이 필요한 많은 기업들이 REC를 구입하고 있으며, 글로벌 RE100 참여기업들이 가장 많이 활용하는 이행수단이다"
135,context,0.1486,neutral,0.7647,에너지 관리,E,E_ENERGY__RENEWABLE_TRANSITION,신재생에너지 전환,0.6475269794464111,"미래에셋증권은 PCAF(탄소금융회계)를 준용한 금융배출량 집계와 함께 2040 과학기반 탄소중립 목표를 수립했으며, 2025 RE100(재생에너지 100%) 달성을 위해 지난 2월 업계 최초로 REC 장기구매계약을 체결하기도 했다."
136,context,0.1941,neutral,0.9999,에너지 관리,E,E_ENERGY__RENEWABLE_TRANSITION,신재생에너지 전환,0.6469507217407227,"TF는 앞으로 에너지 유관기관 종사자의 태양광 사업 금지 방안 등 공직윤리 제고와 투명한 행정처리 방안 수천억 규모의 신재생에너지 금융지원, 보조사업 등 예산지원사업을 재검토해 적정 사업규모와 사업 방식 강구 및 사업 관리 방안 마련 RPS제도 개편과 소형 태양광 우대 일몰, 인허가 제도, REC 거래와 정산 제도 등 신재생에너지 정책 전반에 대한 개선 방안 등을 논의한다."
137,context,0.1027,neutral,0.5784,에너지 관리,E,E_ENERGY__RENEWABLE_TRANSITION,신재생에너지 전환,0.5915587544441223,신재생에너지 정책혁신 TF 는 최근 감사원의 신재생에너지 사업 추진실태 감사와 국무조정실의 전력산업기반기금 사업 점검 결과 재생에너지 사업 관련 비리 혐의가 적발되고 전반적인 사업 관리 부실 문제가 지적됨에 따라 이를 해결하기 위해 설립됐다.
138,context,0.1598,neutral,0.9726,에너지 관리,E,E_ENERGY__RENEWABLE_TRANSITION,신재생에너지 전환,0.5478543639183044,"정부는 소형 태양광 사업자 우대제도 폐지하는 대해 계통 수급에 대한 책임성 문제, 사업자의 태양광 설비의 임의분할 문제 등이 지적되고 있다고 밝혔다. 이중 계통과 수급의 책임성 문제는 전력망의 유연성이 확보되지 않아 태양광 발전량이 급격히 늘어날 때 블랙아웃을 우려하는 상황이 발생하는 것을 뜻한다."
139,context,0.1397,neutral,0.9999,에너지 관리,E,E_ENERGY__RENEWABLE_TRANSITION,신재생에너지 전환,0.46572086215019226,산업통상자원부는 강경성 산업부 2차관과 손양훈 인천대학교 교수를 공동위원장으로 하고 민간 전문가가 참여하는 신재생에너지 정책혁신 TF 를 구성하고 4일 대한상의에서 회의를 열었다.
140,context,0.1452,neutral,0.9982,에너지 관리,E,E_ENERGY__RENEWABLE_TRANSITION,신재생에너지 전환,0.48474764823913574,정부는 태양광 사업과 관련된 비리를 척결하되 태양광 발전 확대 정책은 지속적으로 추진한다는 입장이다. 하지만 정부의 의도와 달리 소형 태양광 사업자 우대 제도가 폐지되면 가뜩이나 충분치 않은 재생에너지 전력 공급에 차질이 빚어지지 않을까 하는 우려도 나온다.
141,context,0.1753,neutral,0.9944,에너지 관리,E,E_ENERGY__EFFICIENCY_CONSUMPTION,에너지 소비 및 효율화,0.5874465703964233,"보고서는 전체 투자액의 3분의 1 이상은 재생에너지 위주의 청정 전력 생산에 투자해야 하고 다른 3분의 1은 에너지 효율 개선과 전기를 이용한 이동수단 보급 확대 등에 투자해야 한다고 밝혔다. 나머지는 전력망과 에너지 저장장치, 바이오연료, 그린수소, 탄소포집저장활용 설비 등에 투자해야 하고 청정 조리기구 등에 대한 투자는 전체 투자액의 2% 미만이라고 보고서는 밝혔다."
142,context,0.113,neutral,0.9995,에너지 관리,E,E_ENERGY__RENEWABLE_TRANSITION,신재생에너지 전환,0.37697187066078186,"신흥국과 개도국의 청정에너지 투자가 현재 중국과 인도, 브라질 3국에서만 집중적으로 이루어지는 것도 문제점으로 지적됐다. 이들 3국의 청정에너지 투자는 전체 신흥국의 투자액에서 4분의 3 이상을 차지하는 것으로 나타났다. 지난해 중국은 100GW 규모의 태양광 발전설비를 구축했다. 이는 아프리카 대륙 전체의 11GW를 압도하는 규모다."
143,opportunity,0.5659,positive,0.9941,에너지 관리,E,E_ENERGY__EFFICIENCY_CONSUMPTION,에너지 소비 및 효율화,0.5692504048347473,실제 삼성전자의 지난해 사업장 에너지 사용량은 3만5177GWh로 전년 대비 8.8% 증가했다. 하지만 재생에너지 사용량 확대와 공정가스 처리 효율 개선 등을 통해 온실가스를 줄인 것으로 보인다. 이는 그린피스 등 국제환경단체 등이 삼성전자를 비롯한 반도체 업체의 온실가스 감축 방안으로 제시한 것과 대체적으로 일치한다.
144,opportunity,0.4813,positive,0.8564,기후변화·온실가스,E,E_CLIMATE__SCOPE1_2_EMISSION,Scope 1·2 배출량,0.5619668364524841,반도체 제조업은 기술 분야 가운데에서도 가장 많은 전력을 소비하는 업종이다. 반도체 제조업은 지난 2021년 기준 국내 산업용 전력 사용량의 14%인 41TWh(테라와트시)를 사용했다. 화석연료 의존도가 높은 국내 전력 생산 구조상 반도체 제조업은 철강산업과 함께 온실가스 배출의 주요 원인제공자로 지적돼 왔다.
145,context,0.1666,neutral,0.9979,에너지 관리,E,E_ENERGY__EFFICIENCY_CONSUMPTION,에너지 소비 및 효율화,0.5565799474716187,이번에 저탄소 축산물 인증을 받은 농가는 조기출하 탄소저감 분뇨처리 에너지 절감 시설 등의 기술을 적용해 탄소 배출을 저감했다. 인증받은 농가 가운데 상위 5개 농가는 조기출하와 가축분뇨 처리기술 등을 적용해 일반농가 대비 평균 17.2%의 온실가스 감축률을 보였다.
146,context,0.1814,neutral,0.9853,에너지 관리,E,E_ENERGY__RENEWABLE_TRANSITION,신재생에너지 전환,0.6136466860771179,협력사가 펀드 자금을 활용할 수 있는 분야는 탄소감축 및 저탄소 관련 신기술 재생에너지 전환 에너지 저감에 필요한 설비 투자 등이다.
147,risk,0.3097,negative,0.6779,인적자원 관리,S,S_HR__DIVERSITY_INCLUSION,다양성 및 형평성 (DEI),0.4567953050136566,보고서는 기상이변이 이미 유럽에 상당한 경제적 손실을 초래하고 있는 가운데 기후 및 생물 다양성 위기로 인한 미지의 비용과 결과까지 고려해서 투자금을 추산했다 고 설명했다.
148,opportunity,0.386,positive,0.6503,윤리경영·준법,G,G_ETHICS__ANTI_CORRUPTION_COMPLIANCE,반부패 및 컴플라이언스,0.5936278104782104,법무법인 대륙아주의 이상봉 변호사는 유럽연합(EU)의 공급망실사법 도입 등으로 해외 공급망에 대한 ESG 리스크 관리가 중요해졌다며 이를 위해서도 기업의 컴플라이언스 시스템 구축이 필요하다고 말했다.
149,context,0.1871,neutral,0.9999,윤리경영·준법,G,G_ETHICS__ANTI_CORRUPTION_COMPLIANCE,반부패 및 컴플라이언스,0.6238349080085754,그는 또한 중요한 ESG 사안에 대해 이사회와 ESG위원회의 검토를 공식화하고 법무팀과 컴플라이언스 부서를 대상으로 ESG 교육을 실시하AU 고객이나 대중과 같은 제3자와의 ESG 약속을 성실하게 이행해야 한다고 강조했다.
150,context,0.1722,neutral,0.9961,윤리경영·준법,G,G_ETHICS__ANTI_CORRUPTION_COMPLIANCE,반부패 및 컴플라이언스,0.5763329863548279,국제 법무법인 사이들리 오스틴(Sidley Austin)의 인혜연 변호사는 13일 법무법인 대륙아주와 한국생산성본부가 공동 주최한 ESG 세미나에서 컴플라이언스 시스템이 구축되지 않으면 ESG는 심각한 소송 리스크가 될 수 있다 고 말했다.
151,context,0.1477,neutral,0.9999,에너지 관리,E,E_ENERGY__RENEWABLE_TRANSITION,신재생에너지 전환,0.49220770597457886,"환경 이슈 중 탄소배출량 감축이 가장 중요하다는 기업이 47%였고 재생에너지 전환(17.1%), 친환경 기술개발(17.1%) 대기 및 수질오염 관리(9.7%), 순환경제 활성화(9.1%) 등이 뒤를 이었다. 기후변화 대응전략을 수립한 기업은 48%, 구체적 탄소감축 목표를 설정한 기업은 58%였다."
152,context,0.1876,neutral,0.9725,에너지 관리,E,E_ENERGY__RENEWABLE_TRANSITION,신재생에너지 전환,0.642876148223877,"한국에너지공단은 신재생에너지 보급 촉진 및 활성화를 위해 태양광 직접 설치 기업에 저리융자, 국비 지원 정보제공 등을 맡는다."
153,context,0.1532,neutral,0.996,에너지 관리,E,E_ENERGY__RENEWABLE_TRANSITION,신재생에너지 전환,0.5127066969871521,근본적으로 재생에너지 공급을 늘려야 한다는 의견도 많다. 남 센터장은 수요와 공급을 예측해 보면 앞으로 RE100 기업의 재생에너지 전력 수요가 빠르게 늘어날 전망 이라며 앞으로 공급 부족이 예상된다 고 말했다.
154,context,0.1252,neutral,0.9989,에너지 관리,E,E_ENERGY__RENEWABLE_TRANSITION,신재생에너지 전환,0.4176486134529114,그는 또 RE100 기업들은 대량 구매를 원하는데 국내에서 새만금 정도를 제외하면 대형 재생에너지 사업자가 적은 것도 문제 라며 다수의 소규모 사업자를 일일이 찾아서 계약해야 하고 검토할 게 많아 한 건 계약하기도 어려운데 여러 건 계약하려니 더 어려워진다 고 말했다.
155,risk,0.3917,negative,0.8284,에너지 관리,E,E_ENERGY__RENEWABLE_TRANSITION,신재생에너지 전환,0.47278085350990295,"특히 한전이 1월 도입을 3월로, 다시 7월로 연기하며 불확실성을 남겼으나, 최근 무기한 연기를 발표하면서 불확실성이 해소돼 앞으로 다시 직접 PPA 계약을 추진하는 기업들이 늘어날 것으로 거래소는 보고 있다."
156,risk,0.4785,negative,0.9611,에너지 관리,E,E_ENERGY__RENEWABLE_TRANSITION,신재생에너지 전환,0.4979100525379181,전력거래소는 제도가 도입된 지 1년이 채 안 돼 기업들의 경험치도 부족한데 한전의 PPA 요금제 신설 문제가 크게 작용했다고 설명했다. 직접 PPA 계약을 검토하는 기업들이 늘어나는 와중에 PPA 요금제 도입으로 가격 상승이 예상되자 많은 RE100 기업들이 직접 PPA 계약 검토를 중단했다는 설명이다.
157,opportunity,0.6003,positive,0.9985,에너지 관리,E,E_ENERGY__RENEWABLE_TRANSITION,신재생에너지 전환,0.6012234091758728,"이렇게 직접 PPA 계약이 늘어날 만한 여건이 조성되고 있으나, 계약 체결은 여전히 부진하다. 산업통상자원부의 한 고위 관계자는 수요자와 공급자의 (가격 등) 이해 관계가 맞지 않아 생기는 문제가 크다며 재생에너지 전력이 부족해 발생하는 문제는 아니다고 말했다."
158,context,0.084,neutral,0.5588,에너지 관리,E,E_ENERGY__RENEWABLE_TRANSITION,신재생에너지 전환,0.5011048316955566,"업계는 한전의 PPA 요금제가 산업용 요금보다 비싼데, 전체 전력에서 재생에너지 전력을 1%만 써도 나머지 99% 전력사용량 전체에 PPA 요금이 적용돼 부담이 커진다고 반발했다. 한전은 결국 이런 반발을 의식해 당초 1월 도입 예정이었던 PPA 요금제 도입을 무기한 연기했고 업계는 이를 사실상 철회로 받아들이고 있다."
159,opportunity,0.3171,positive,0.5605,에너지 관리,E,E_ENERGY__RENEWABLE_TRANSITION,신재생에너지 전환,0.565720796585083,이런 가운데 한전의 PPA 요금제 도입 무기한 연기 조치도 직접 PPA 수요 증가에 일조했다. PPA 요금제는 PPA 계약을 체결한 기업이 PPA 전력으로 충족하지 못하는 전력을 한전으로부터 공급받을 때 부과되는 요금이다. PPA로 필요한 전력을 모두 충족시킬 수 있는 기업이 없어 사실상 모든 PPA 체결 기업에 적용되는 요금으로 볼 수 있다.
160,opportunity,0.4405,positive,0.9983,에너지 관리,E,E_ENERGY__RENEWABLE_TRANSITION,신재생에너지 전환,0.4412771463394165,김 연구원도 애플이 공급망을 포함해 2030년 RE100 달성을 목표로 하는 등 글로벌 ICT 기업들이 대체로 2030년이나 2040년까지 공급망을 포함한 RE100 달성을 목표로 삼고 있다 며 따라서 국내기업들이 느끼는 재생에너지 사용 압력은 밖에서 알고 있는 것보다 훨씬 더 크다 고 전했다.
161,context,0.1145,neutral,0.8882,에너지 관리,E,E_ENERGY__RENEWABLE_TRANSITION,신재생에너지 전환,0.42978206276893616,하지만 업계의 속사정을 보면 이렇게 느긋하지 않다. 애플 등 글로벌 기업들이 이보다 앞서 공급망을 포함한 RE100 달성을 약속하면서 재생에너지 사용을 압박하기 때문이다. 업계 관계자는 공급망의 맨 윗 단에 있는 글로벌 ICT 기업들이 이른 시일 내 RE100 달성을 요구한다 고 전했다.
162,context,0.1237,neutral,0.6924,에너지 관리,E,E_ENERGY__RENEWABLE_TRANSITION,신재생에너지 전환,0.5956238508224487,"삼성전자와 SK, LG전자 등 국내 RE100 가입 기업들은 대부분 2050년 RE100 달성을 약속했다. 국내에서 재생에너지 전력 공급 부족 얘기가 나올 때마다 산업통상자원부도 RE100을 2050년까지 달성하면 되니 당장 공급이 부족하지는 않다는 주장을 편다."
163,context,0.1583,neutral,0.9685,에너지 관리,E,E_ENERGY__RENEWABLE_TRANSITION,신재생에너지 전환,0.5449298620223999,전기요금 인상과 함께 탄소배출권 가격 상승 전망과 글로벌 ICT 기업의 재생에너지 사용 압력도 RE100 기업의 직접 PPA에 대한 관심을 높이는 요인이다.
164,context,0.1595,neutral,0.9927,에너지 관리,E,E_ENERGY__RENEWABLE_TRANSITION,신재생에너지 전환,0.5354634523391724,그는 앞으로는 20년 정도 고정계약으로 구매하는 직접 PPA의 경제성이 높아질 것이라는 전망 때문 이라고 설명했다. 한국책임투자포럼의 RE100 담당 김태한 연구원은 RE100 가입 기업들 사이에서 (직접PPA 가격이) 지금이 가장 싸다는 얘기도 나온다 고 전했다.
165,context,0.1439,neutral,0.9998,에너지 관리,E,E_ENERGY__RENEWABLE_TRANSITION,신재생에너지 전환,0.47979459166526794,업계의 한 관계자는 ESG경제와의 통화에서 전기요금이 오르고 최근 논란이 됐던 한국전력의 PPA 전용요금제 적용이 무기 연기돼 직접PPA에 대한 관심이 폭발적으로 늘고 있다 고 전했다.
166,risk,0.3611,negative,0.9983,에너지 관리,E,E_ENERGY__RENEWABLE_TRANSITION,신재생에너지 전환,0.36176028847694397,하지만 늘어나는 한전 적자 때문에 전기료가 인상되고 한전이 논란이 됐던 PPA 요금제 도입을 무기한 연기하면서 분위기가 달라졌다.
167,context,0.169,neutral,0.9997,에너지 관리,E,E_ENERGY__RENEWABLE_TRANSITION,신재생에너지 전환,0.563346266746521,무소속 양향자 의원실에 따르면 비영리단체 기후솔루션이 지난해 추산한 직접 PPA 전력요금에는 망사용료를 포함한 각종 부대비용이 20% 이상을 차지한다. 중대형 태양광 발전 기준 1kWh당 발전비용 176원 중 부대비용이 23% 수준인 40원에 달한다.
168,opportunity,0.5089,positive,0.8601,에너지 관리,E,E_ENERGY__RENEWABLE_TRANSITION,신재생에너지 전환,0.5916193127632141,"직접 PPA는 국내외에서 핵심적인 RE100 달성 수단으로 꼽힌다. 하지만 도입 초기에는 산업용 전기요금보다 높은 가격이 발목을 잡았다. 직접 PPA를 체결하면 한전의 전력망을 사용하지 않고 발전사업자가 직접 수요자에게 전력을 공급할 수 있으나, 실제로는 독자적인 전력망을 갖춘 사업자가 없어 비싼 사용료를 내고 한전의 전력망을 이용해야 한다."
169,context,0.2067,neutral,0.9864,에너지 관리,E,E_ENERGY__RENEWABLE_TRANSITION,신재생에너지 전환,0.6983996629714966,"직접 PPA 제도는 전기 사용자가 한국전력을 거치지 않고 장기 계약을 통해 재생에너지 사업자로부터 직접 전력을 구매할 수 있는 제도다. PPA 계약을 체결하려면 재생에너지 발전 설비는 1MW, 전기사용자의 수요는 300KW를 초과해야 한다. 계약 기간은 보통 15 20년이다."
170,opportunity,0.6549,positive,0.9997,에너지 관리,E,E_ENERGY__RENEWABLE_TRANSITION,신재생에너지 전환,0.6550508737564087,"RE100 기업의 직접 PPA 계약에 대한 관심이 커지고 있으나, 전력거래소에 따르면 지난 9월 제도 도입 후 현재까지 계약 체결 건수와 전력량은 4건, 7.2MW에 불과하다."
171,context,0.1131,neutral,0.9997,에너지 관리,E,E_ENERGY__EFFICIENCY_CONSUMPTION,에너지 소비 및 효율화,0.37707728147506714,비트코인은 S와 G 점수는 양호했으나 채굴에 드는 많은 에너지 소비량이 문제가 돼 종합 순위가 20위로 순위가 중간에 머물렀다.
172,context,0.1855,neutral,0.9997,이사회 구조,G,G_BOARD__COMPOSITION_INDEPENDENCE,이사회 구성 및 독립성,0.6186028122901917,"케네스 국(Kenneth Kuk) WTW 업무 보상 담당 선임 이사는 이사회 구성원들은 이해관계자의 압력에 대응하는 차원에서 더 나아가서 ESG 의제를 비즈니스 전략과 적극적으로 연계하는 수준으로 진화하고 있다 면서 그 결과로 기술과 자원 격차 해소에 대한 관심이 커지고, 새로운 리스크를 감독할 필요성을 더욱 절감하고 있다 고 말했다."
173,opportunity,0.5985,positive,0.9923,에너지 관리,E,E_ENERGY__EFFICIENCY_CONSUMPTION,에너지 소비 및 효율화,0.6031942963600159,"인텔은 2021년 약 4억 8600만 킬로와트시(kWh)의 전력을 절약하여 에너지 절약에 진전을 보였고, 총 온실가스 배출량을 전년 대비 2% 줄이는 데 성공했다. 또 에너지 절약 노력을 더욱 강화하기 위한 차원에서 시설물 에너지 절약에 약 3억 달러(약 3800억 원)를 투자하여 누적 에너지 절감액 40억 달러 kWh를 달성하는 것을 목표로 정했다."
174,context,0.1484,neutral,0.8299,에너지 관리,E,E_ENERGY__RENEWABLE_TRANSITION,신재생에너지 전환,0.5959829688072205,또한 당초 목표했던 것보다 1년이 빠른 2019년 탄소 중립을 달성하고 100% 재생 가능한 전력(RE100)을 조달하기 위해 애쓰고 있다.
175,context,0.1822,neutral,0.9999,인적자원 관리,S,S_HR__DIVERSITY_INCLUSION,다양성 및 형평성 (DEI),0.6073533296585083,"글로벌 기업들의 ESG 전략은 우선 친환경 경영을 통해 탄소 발자국을 줄이고 자원과 에너지를 절약하며 지구를 보호하는데 초점이 맞춰지고 있다. 아울러 다양성 형평성 포용성(DEI) 을 중시하는 기업문화를 조성하고, 최고의 인재를 유치하며, 근로자의 인권 및 안전을 보장한다."
176,context,0.196,neutral,0.9999,이사회 구조,G,G_BOARD__COMPOSITION_INDEPENDENCE,이사회 구성 및 독립성,0.653581976890564,"사회 영역에서는 최근 화두가 되는 인권 리스크에 대한 실사와 개선, 공급망 ESG 관리를 위한 노력과 제품의 품질 및 안전성을 높이는 활동들을 설명했다. 지배구조에서는 이사회 구성과 운영 등 투명하고 건전한 지배구조 구축을 위한 노력, 윤리 준법경영 관련 제도와 관리 활동 등을 소개했다."
177,context,0.1284,neutral,0.9707,기후변화·온실가스,E,E_CLIMATE__SCOPE3_EMISSION,Scope 3 배출량,0.4408627450466156,미국과 유럽이 2030년대 말까지 배터리 소재를 원활히 조달하고 중국의 다운스트림 시장 지배력에 맞서기 위해 자체 광물 공급망을 구축하려는 야심 찬 계획을 추진하기로 한 점도 배터리 소재 가격 하락에 영향을 미친 것으로 분석됐다.
178,risk,0.3822,negative,0.992,기후변화·온실가스,E,E_CLIMATE__SCOPE3_EMISSION,Scope 3 배출량,0.38526105880737305,"올해 리튬, 코발트, 니켈, 흑연 같은 주요 배터리 소재 가격이 하락한 건 무엇보다 중국의 경기 둔화가 다운스트림(downstream 정제 판매 유통 분야) 수요에 타격을 주는 가운데서도 신규 공급은 확대됐기 때문이다."
179,opportunity,0.6283,positive,0.9997,에너지 관리,E,E_ENERGY__EFFICIENCY_CONSUMPTION,에너지 소비 및 효율화,0.628480076789856,SK온은 특정 배터리 사용을 통해 전기차와 하이브리드차의 효율 개선을 모색하는 사업 SK엔무브는 연비효율을 높이는 저점도 엔진오일 개발 사업 SK실트론은 실리콘 웨이퍼를 전력 손실을 줄일 수 있는 SCI 웨이퍼로 대체하는 사업 등에 대한 인증을 받고 있다.
180,context,0.1431,neutral,0.9983,에너지 관리,E,E_ENERGY__RENEWABLE_TRANSITION,신재생에너지 전환,0.47782373428344727,"AFP통신은 G20이 2030년까지 신재생에너지 용량을 3배로 늘리는 것에도 합의하지 못했다고 설명했다. 대표적 산유국인 사우디아라비아와 러시아, 중국, 남아공, 인도네시아 등은 신재생에너지 용량 확대 목표에 반대해왔다."
181,context,0.182,neutral,0.9999,인적자원 관리,S,S_HR__DIVERSITY_INCLUSION,다양성 및 형평성 (DEI),0.6068090796470642,"기업의 ESG경영과 관련해 최근 조용히 확산하는 게 DEI(다양성, 형평성, 포용성) 존중 기업문화다. ESG의 사회가치 및 거버넌스 요소 중 이를 최고의 덕목과 목표로 삼는 기업이 늘고 있다. 물론 기업은 자선단체가 아니다. 열심히 최고 품질의 제품과 서비스를 생산해 매출 이윤 등 재무적 성과를 높여 나가야 한다. 여기에 환경과 사회책임 등 비재무적 요소를 일상 기업경영에 접목하는 ESG는 이제 선택이 아닌 필수가 됐다."
182,context,0.1412,neutral,0.9929,에너지 관리,E,E_ENERGY__RENEWABLE_TRANSITION,신재생에너지 전환,0.4741548001766205,원자력 발전량은 재작년 158.0TWh(테라와트시)에서 작년 176.1TWh로 11.5%(18.1TWh) 증가했다. 신재생에너지 발전량도 43.1TWh에서 53.2TWh로 23.4%(10.1TWh) 늘었다. 전체 발전량에서 원자력과 신재생에너지 발전량이 차지하는 비중은 각각 27%와 7.5%에서 30%와 8.9%로 커졌다.
183,context,0.1133,neutral,0.7119,에너지 관리,E,E_ENERGY__RENEWABLE_TRANSITION,신재생에너지 전환,0.5304937362670898,"부문별 배출량을 보면 발전을 포함한 전환 부문 배출량은 지난해 2억1,390만t으로 재작년(2억2,370만t)보다 4.3% 감소했다. 원자력 신재생에너지 발전량은 늘어나고 석탄 액화천연가스(LNG) 발전량은 줄었기 때문이다."
184,context,0.2249,neutral,0.9817,에너지 관리,E,E_ENERGY__RENEWABLE_TRANSITION,신재생에너지 전환,0.7634879946708679,"또한 RE100 달성을 위한 실행력 강화방안으로 재생에너지 비중 상향 태양광 발전국사 지속 확대 구축 녹색요금제, PPA 등을 통한 재생에너지 확보방안 다각화를 꼽았다."
185,context,0.1772,neutral,0.9943,에너지 관리,E,E_ENERGY__RENEWABLE_TRANSITION,신재생에너지 전환,0.5940520167350769,"KT는 재생에너지 사용 확대를 위해 전국 가용부지를 활용하여 지속적으로 태양광 발전소를 구축해 왔다. 작년 말 기준 전국 100곳(자가소비용 85곳, 판매용 15곳)에 총 8MW 규모의 태양광 발전소를 운영해 왔다. 지난해 태양광 발전소 연간 발전량은 9526MWh이지만 대부분의 발전소가 산지 등 송전이 용이한 곳에 위치하지 않아 자가소비량은 7.9%인 755MWh에 그쳤다. KT는 지난해 6월 RE100 가입을 완료하고 2030년까지 온실가스를 2021년 기준으로 51.7%를 줄이고, 2050년까지 넷제로를 달성하겠단 목표를 제시한 바 있다."
186,context,0.1639,neutral,0.875,기후변화·온실가스,E,E_CLIMATE__SCOPE1_2_EMISSION,Scope 1·2 배출량,0.624431848526001,"그렇지만 세부적으로 보면, KT가 지난해 배출한 온실가스 배출량(Scope1 Scope2)은 110만8658tCO2eq(이산화탄소 환산 톤)으로 전년(107만2387tCO2eq) 대비 3.4%가 증가했다. KT는 통신사업자 특성상 생산설비를 갖춘 제조업보다 직접 배출하는 온실가스 배출량은 많지 않다. KT의 경우, 전체 온실가스 배출량 가운데 97%가량이 간접 배출량인 Scope2로 전국 건물, 통신국사, 유 무선 네트워크 장비의 전기 소비에 해당된다."
187,context,0.2174,neutral,0.9999,에너지 관리,E,E_ENERGY__RENEWABLE_TRANSITION,신재생에너지 전환,0.7247136235237122,"특히 보고서는 환경 챕터에서는 친환경에서 나아가 필( ) 환경 경영 체제로 전환해 온 KT의 활동을 강조했다. KT는 전 세계적으로 이슈가 되는 기후변화 대응을 위해 지난해 6월 RE100(재생에너지 100%) 가입을 완료하고 그에 따른 이행 로드맵을 수립한 바 있다. 또 단계별 재생에너지 수급 목표 설정 내용과 자가발전, PPA(발전 사업자와 기업이 1 1로 전력 거래를 체결하는 방식) 통한 재생에너지 확보 전략 등을 확보했다는 점을 보고서에서 강조했다."
188,context,0.14,neutral,0.9947,에너지 관리,E,E_ENERGY__RENEWABLE_TRANSITION,신재생에너지 전환,0.4692051112651825,"그렇지만 보고서를 보면, KT의 지난해 온실가스 배출은 2021년에 견줘 소폭 늘었고 재생에너지 사용 비율은 전체 사용량의 0.03%에 불과했다. 이는 온실가스 배출량 2030년까지 2021년 배출량 대비 51.7%를 줄이고 재생에너지 비율을 2030년까지 40%까지 끌어올린다는 이 회사의 RE100 계획과는 상당한 거리감이 있다."
189,context,0.1038,neutral,0.8642,에너지 관리,E,E_ENERGY__RENEWABLE_TRANSITION,신재생에너지 전환,0.4003467261791229,블룸버그NEF 데이터에 따르면 미국에서는 해상 풍력 발전소의 설치 용량 1메가와트당 태양광 발전소의 3배에 달하는 전력을 생산할 수 있다다. 날씨가 흐린 영국에서는 풍력 발전 단지가 비슷한 규모의 태양광 발전 단지보다 5배 더 많은 전기를 생산한다.
190,context,0.1633,neutral,0.9998,에너지 관리,E,E_ENERGY__EFFICIENCY_CONSUMPTION,에너지 소비 및 효율화,0.5442920923233032,재계와 금융계 최고경영자(CEO)들 사이에 이어지는 에너지 절감과 환경 보호를 위한 릴레이 쿨 코리아 챌린지가 화제다.
191,context,0.1487,neutral,0.9998,인적자원 관리,S,S_HR__DIVERSITY_INCLUSION,다양성 및 형평성 (DEI),0.49577298760414124,스키 교수는 포용성과 다양성 증진 과학적 진실성과 IPCC 보고서의 정책적 유효성 보호 기후변화에 대한 과학의 효율적 사용 등 3대 우선순위를 제시했다.
192,context,0.1826,neutral,0.9972,에너지 관리,E,E_ENERGY__RENEWABLE_TRANSITION,신재생에너지 전환,0.6101685166358948,LG전자에 따르면 지난해 배출한 직접 온실가스(스코프1)와 간접 온실가스(스코프2)는 92.7만t(온실가스를 이산화탄소 배출량으로 환산)이다. LG전자는 2030년까지 이산화탄소 순 배출량을 제로(0)로 만드는 넷제로 를 실천할 방침이다. 재생에너지 전환율은 8.2%였다.
193,context,0.1993,neutral,0.9999,인적자원 관리,S,S_HR__DIVERSITY_INCLUSION,다양성 및 형평성 (DEI),0.6642654538154602,"LG전자는 28일 발간한 2022 2023 지속가능경영보고서 에서 ESG(환경 사회적 책임 지배구조) 경영 비전 모두의 더 나은 삶의 실현을 위한 6대 전략 과제의 성과와 달성 전략을 공개했다. LG전자는 6대 전략 과제는 탄소중립, 자원순환, 친환경기술, 접근성, 사업장 안전, 다양성 포용성 등이다."
194,opportunity,0.4926,positive,0.9157,에너지 관리,E,E_ENERGY__RENEWABLE_TRANSITION,신재생에너지 전환,0.5379172563552856,"현대차는 보고서에서 2035년까지 유럽 시장 내 100% 전동화, 2040년까지 주요 시장 100% 전동화를 목표로 하고 있으며 이를 통해 2045년까지 RE100(재생에너지 100%)을 이행할 계획이라고 강조했다."
195,context,0.1547,neutral,0.9668,기후변화·온실가스,E,E_CLIMATE__SCOPE3_EMISSION,Scope 3 배출량,0.5335033535957336,Scope3에서 가장 많이 늘어난 것은 공급망에서 배출된 온실가스다. 공급망 배출 온실가스는 1985만2763tCO2eq로 역시 전년에 견주면 8.1% 증가했다. 현대차 자사 공장 생산과정에서 배출된 온실가스의 28배가 넘는다. 또 판매된 차량의 온실가스 배출량도 8195만9096tCO2eq로 전년 대비 1.3%가 증가했다.
196,context,0.1805,neutral,0.9954,에너지 관리,E,E_ENERGY__RENEWABLE_TRANSITION,신재생에너지 전환,0.60444176197052,LG전자에 따르면 지난해 배출한 직접 온실가스(스코프1)와 간접 온실가스(스코프2)는 92.7만t(온실가스를 이산화탄소 배출량으로 환산)이다. LG전자는 2030년까지 이산화탄소 순 배출량을 제로(0)로 만드는 넷제로 를 실천할 방침이다. 재생에너지 전환율은 8.2%였다. 지난해 52개국 87개 지역에서 회수한 폐전자제품은 총 47만2876t이었다.
197,context,0.1911,neutral,0.9907,인적자원 관리,S,S_HR__DIVERSITY_INCLUSION,다양성 및 형평성 (DEI),0.6429716944694519,"LG전자는 ESG 경영 비전 모두의 더 나은 삶 의 실현을 위한 6대 전략 과제의 성과와 달성 전략을 공개했다. LG전자는 6대 전략 과제는 탄소중립, 자원순환, 친환경기술, 접근성, 사업장 안전, 다양성 포용성 등이다."
198,context,0.1578,neutral,0.9958,인적자원 관리,S,S_HR__DIVERSITY_INCLUSION,다양성 및 형평성 (DEI),0.5281726717948914,"SK 가 이번에 발표한 지속가능경영보고서는 정보를 공개하는 자회사 범위를 더욱 넓히고 재무적 정보뿐만 아니라 지배구조, 다양성, 인권 등 비재무적 정보까지 정보 공개 범위를 확대한 게 특징이다."
199,context,0.2008,neutral,0.999,인적자원 관리,S,S_HR__DIVERSITY_INCLUSION,다양성 및 형평성 (DEI),0.6700605750083923,"예를 들어, 환경 부문에서는 기업의 과거 탄소 배출량뿐만 아니라 향후 배출량 억제 계획 청정 기술 관련 기회 포착을 위한 투자 생물 다양성 및 자연 관련 위험 관리를 종합적으로 고려한다는 것이다."
200,context,0.1296,neutral,0.6495,윤리경영·준법,G,G_ETHICS__ANTI_CORRUPTION_COMPLIANCE,반부패 및 컴플라이언스,0.665307879447937,ISSA 5000은 인증에 참여할 수 있는 기관을 회계법인과 일정 자격을 가진 독립된 기관으로 정해 놓았다. 인증 기관은 국제윤리기준위원회의 국제윤리기준(International Independence Standards)을 포함한 전문회계사 윤리강령(International Code of Ethics for Professional Accountants)과 같은 관련 윤리적 요구 사항을 준수하고 ISSAB의 품질관리기준에 부합하는 수준의 품질관리 시스템을 적용해야 한다.
201,context,0.1888,neutral,0.9975,ESG 데이터 거버넌스,G,G_DATA_GOVERNANCE__ESG_DATA_CONTROL,ESG 데이터 내부통제,0.6310412883758545,"ISSA 5000은 제한적 확신과 합리적 확신을 모두 수행한다. 고정연 팀장에 따르면 제한적 확신(Limited Assurance)은 인증 대상 정보에 대한 정보 사용자의 신뢰가 유의미한 수준 이상이지만, 합리적 확신에 미치지 못하는 확신 수준을 뜻한다. 대표적인 사례로 기업의 분기나 반기 재무제표에 대한 감사인의 검토의견이 여기에 해당한다."
202,opportunity,0.4975,positive,0.8664,에너지 관리,E,E_ENERGY__RENEWABLE_TRANSITION,신재생에너지 전환,0.5742000341415405,투자협약에 따라 한수원은 올해부터 2028년까지 최대 4조2500억원을 투자해 도내 산업단지에 2.5GW 규모의 태양광 발전시설을 설치한다. 이는 최근 준공한 울진 신한울 원전 1기(1.4GW) 용량 1.8배 수준이다.
203,context,0.114,neutral,0.9976,인적자원 관리,S,S_HR__DIVERSITY_INCLUSION,다양성 및 형평성 (DEI),0.3810370862483978,식품회사들이 앞다퉈 식물 기반 대체 참치를 생산하는 것도 이런 이유다. 참치는 해양 생태계의 먹이사슬 최정점에 있어 중금속에 노출될 가능성이 높은 대표적인 어종으로 지적돼 왔다. 실제 네슬레는 뷰나를 출시하면서 식물성 참치가 지속가능한 식물성 대체 해산물을 통해 해양 어류 자원의 남획을 줄이고 해양 생물 다양성 보호에 도움이 될 뿐 아니라 특히 중금속인 수은 위험이 없다는 장점이 있다 고 소개한 바 있다.
204,opportunity,0.5038,positive,0.8533,인적자원 관리,S,S_HR__DIVERSITY_INCLUSION,다양성 및 형평성 (DEI),0.5904684066772461,"효성은 대 중소기업 상생협력기금을 활용해 협력사의 에너지 사용량 절감과 친환경 인증 획득을 지원하는 등 ESG 경영을 돕는다. 농어촌 상생협력기금으로는 친환경 기술을 적용한 제품을 농어촌 지역에 지원하고, 바다 생물 다양성 보전을 위한 잘피숲 관리 활동 등을 펼칠 계획이다."
205,context,0.1746,neutral,0.9997,에너지 관리,E,E_ENERGY__RENEWABLE_TRANSITION,신재생에너지 전환,0.5820920467376709,"농협은행은 2040년까지 사용전력의 100%를 재생에너지로 전환하기 위한 2040 NH-RE100 로드맵에 따라, 올해는 전년도 전력사용량의 15%를 재생에너지로 충당할 예정이다. 이는 2021년 한국전력의 통계 기준으로 약 5700가구의 연간 전력사용량에 해당한다."
206,context,0.2025,neutral,0.9982,에너지 관리,E,E_ENERGY__RENEWABLE_TRANSITION,신재생에너지 전환,0.6761528253555298,K-RE100은 국내 기업의 자발적인 재생에너지 사용 촉진과 국내 재생에너지 확대에 기여하기 위해 2021년부터 시행된 제도다. 녹색프리미엄은 K-RE100 이행방안 가운데 하나다.
207,context,0.1191,neutral,0.9777,인적자원 관리,S,S_HR__DIVERSITY_INCLUSION,다양성 및 형평성 (DEI),0.40612107515335083,"로이터통신의 10일 보도에 따르면 미국의 보수단체 국립공공정책연구소(National Center for Public Policy)는 애플의 인종 다양성과 양성평등, 포용성 정책(DEI policies)에 이의를 제기하며 이 정책에 대해 보수단체의 컨설팅을 받아야 한다는 주주제안을 냈다."
208,context,0.1766,neutral,0.9958,에너지 관리,E,E_ENERGY__RENEWABLE_TRANSITION,신재생에너지 전환,0.5912135243415833,산업부에 따르면 국내 RE100 기업이 재생에너지 100% 사용 달성 시기를 2040 2050년으로 잡고 있어 단기간 내에 이들 기업의 그린수소를 포함한 재생에너지 수요가 급증하지는 않을 전망이다.
209,context,0.1837,neutral,0.9991,에너지 관리,E,E_ENERGY__RENEWABLE_TRANSITION,신재생에너지 전환,0.6127628087997437,한전 관계자는 구매자에 대한 제한을 두지 않을 것이라면서도 수소발전 단가가 비싸다는 점을 고려하면 의무구매자 외에 실제로 이 시장에 참여할 구매자는 RE100 기업으로 한정될 것으로 본다 고 말했다. 그는 전력거래소에서 RE100 기업의 그린수소 발전 입찰 참여에 대한 구체적 절차를 만들 것 이라며 2030년 이후 RE100 기업의 본격적인 참여가 예상된다 고 말했다.
210,opportunity,0.5305,positive,0.9535,이사회 구조,G,G_BOARD__COMPOSITION_INDEPENDENCE,이사회 구성 및 독립성,0.5563472509384155,"신한금융지주의 ESG 종합등급은 A 로 업종 평균을 크게 상회하는 최상급이다. 부문별로 보면 환경 등급이 상대적으로 미흡하나 지배구조 평가에서 업종 내 가장 높은 점수를 받았다. 종합점수 기준으로 금융업계 2위에 올랐다. 이사회 구성 및 운영에서 높은 점수를 받았고, 경영자 평가, 주주권리 보호 측면에서도 우수하다는 평가다."
211,context,0.1413,neutral,0.9035,에너지 관리,E,E_ENERGY__RENEWABLE_TRANSITION,신재생에너지 전환,0.5212965607643127,"이 사업은 풍력과 태양광 발전 사업에 투자를 희망하지만, 자금 마련이 어려운 주민에게 저금리로 주민참여자금을 융자 지원한다. 지원대상은 풍력 3메가와트, 태양광 500킬로와트 이상의 발전소 주변 읍면동에 1년 이상 주민등록이 된 주민 또는 주민으로 구성된 5인 이상 마을기업이다. 발전소 설치로 어업권 등의 피해를 입는 주민도 포함된다."
212,context,0.1886,neutral,0.9999,에너지 관리,E,E_ENERGY__RENEWABLE_TRANSITION,신재생에너지 전환,0.6286159157752991,산업통상자원부는 올해 풍력과 태양광 발전에 참여하는 지역 주민에게 총 368억원 규모의 융자지원을 하는 내용의 녹색혁신금융사업(풍력 태양광 발전 주민참여자금 융자지원 사업) 을 14일 공고했다.
213,opportunity,0.5495,positive,0.9838,이사회 구조,G,G_BOARD__COMPOSITION_INDEPENDENCE,이사회 구성 및 독립성,0.55855792760849,"특히, 건전한 지배구조 구축에 모범을 보이고 있는 것으로 나타났다. ESG경영 의지와 주주권리 보호, 이사회 구성과 운영 등의 항목에서 높은 평가를 받았다. 환경부문 성과가 상대적으로 미흡했지만, 보완 노력을 기대한다고 평가원은 밝혔다."
214,context,0.183,neutral,0.9998,이사회 구조,G,G_BOARD__COMPOSITION_INDEPENDENCE,이사회 구성 및 독립성,0.6102016568183899,"윤 후보는 대표이사로 취임하면 지배구조개선TF를 구성하여 혁신에 나서겠다고 약속했다. ESG경영을 강화하면서 대표이사 승계 프로그램과 이사회 구성 등을 대폭 손보고, 사회이사추천위원회 구성에 대표이사를 제외하는 등 KT 지배구조를 개선하겠다는 의지를 밝혔다. 소유분산 기업의 지배구조 개선을 주문한 정부 정책 방향에 화답한 셈이다."
215,context,0.1729,neutral,0.9998,에너지 관리,E,E_ENERGY__EFFICIENCY_CONSUMPTION,에너지 소비 및 효율화,0.5766178965568542,광주TP 노사는 선언문을 통해 향후 ESG경영을 위해 에너지 절감 친환경 도시 조성 지역사회 협력 및 상생경영 실천 중대재해 Zero 사회적 가치 창출 투명하고 공정한 거버넌스 구축 등을 함께 실천해가기로 했다.
216,context,0.1116,neutral,0.976,에너지 관리,E,E_ENERGY__RENEWABLE_TRANSITION,신재생에너지 전환,0.38117995858192444,한편 국제에너지기구(IEA)는 14일자 보고서를 통해 지난해 EU의 천연가스 수요가 사상 최대 폭인 14% 감소했다고 전했다. 풍력과 태양광 발전의 기록적 증가가 가스 수요 급감을 이끈 가장 큰 요인이었다. 온화한 겨울 날씨와 가스 가격 급등에 따른 산업 부문의 수요 위축도 가스 수요 감소 요인으로 꼽혔다.
217,opportunity,0.4894,positive,0.9843,에너지 관리,E,E_ENERGY__RENEWABLE_TRANSITION,신재생에너지 전환,0.49717751145362854,업계 관계자는 RE100 달성을 요구하는 투자자의 목소리가 점점 커지고 있다 고 전했다. 국제 공급망에 속한 기업들의 경우 원청기업으로부터의 온실가스 감축 압력이 거세지면 거세졌지 완화되지는 않을 전망이다.
218,opportunity,0.6535,positive,0.9724,ESG 데이터 거버넌스,G,G_DATA_GOVERNANCE__ESG_DATA_CONTROL,ESG 데이터 내부통제,0.6720902919769287,"거대한 우주사업에 도입된 RO 정수 시스템을 가정에서 손쉽게 쓸 수 있도록 정수 및 필터 기술 발전에 기여해온 것이 코웨이의 R D다. R D센터인 환경기술연구소를 주축으로 디자인연구소, TQA(Trust Quality Assurance)센터, 생산기술연구실 등이 포진해 있다. 회사 관계자는 국내외 신제품,신기술 개발을 담당하는 환경기술연구소, 품질 관련 총괄조직인 TQA실, 제품 디자인 및 UI 구조설계 등을 개발하는 디자인연구소 등으로 연구개발 구조를 분담 체계화했다고 설명했다."
219,context,0.2113,neutral,0.9996,기후변화·온실가스,E,E_CLIMATE__CLIMATE_GOVERNANCE_INVENTORY,기후 거버넌스·인벤토리,0.7047183513641357,"금융기관의 온실가스 배출량을 평가하고 공시하는 기준을 개발하기 위해 설립된 탄소회계금융협회(PCAF, Partnership for Carbon Accounting Financials)는 당초 지난해까지 증권인수 업무 관련 탄소배출량 산정 기준을 만들 예정이었다. 하지만 이 기구에 참여하는 금융기관 간 이견이 팽팽해 아직까지 결과물을 내놓지 못하고 있다."
220,context,0.1622,neutral,0.9891,기후변화·온실가스,E,E_CLIMATE__SCOPE3_EMISSION,Scope 3 배출량,0.5465708374977112,"하지만 스코프3 배출량, 특히 다운스트림 배출량은 기업이 탄소배출량을 측정하기 어려워 공시 내용의 정확성을 확보하기 어렵다는 지적이 많아 ISSB는 공시 의무를 유예해 주기로 했다."
221,context,0.2211,neutral,0.999,기후변화·온실가스,E,E_CLIMATE__SCOPE3_EMISSION,Scope 3 배출량,0.7377457618713379,"이에 앞서 지난해 12월 ISSB는 기업의 온실가스 배출량 공시 부담을 완화하기 위해 스코프3 배출량 공시 의무를 최소 1년간 유예해 주기로 결정했다. 스코프3는 기업의 협력사 등 공급망과 제품 소비 과정에서 발생하는 외부 탄소 배출량이다. 스코프 3 배출은 부품이나 소재의 생산, 조달 과정을 뜻하는 업스트림 활동에 의한 배출, 그리고 기업이 생산한 제품이 유통되는 과정과 소비자가 쓰고 폐기할 때 발생하는 다운스트림 활동을 통한 배출로 나뉜다."
222,context,0.1807,neutral,0.9998,에너지 관리,E,E_ENERGY__RENEWABLE_TRANSITION,신재생에너지 전환,0.6026303172111511,"신한금융의 이번 디지털 RE100 선언은 최근 그룹 데이터센터의 전력사용량이 디지털, 모바일 금융 확대 등으로 인한 증가로 그룹 탄소배출량이 증가하고 있다고 판단해 마련됐다. 신한은행은 이를 위해 지난 29일 국내 은행 최초로 한국동서발전과 5년간 재생에너지를 공급 받는 REC 구매계약을 체결했다. 또한 카드, 증권, 라이프 등의 주요 그룹사도 상반기 내로 REC 계약을 추진할 계획이다."
223,context,0.1966,neutral,0.9872,에너지 관리,E,E_ENERGY__RENEWABLE_TRANSITION,신재생에너지 전환,0.6638396978378296,"신한금융은 신한 디지털 RE100을 통해 그룹 전체의 20%에 해당하는 연간 약 2만t의 탄소배출량을 감축할 예정이다. 이를 위해 REC(신재생에너지 공급인증서), 녹색프리미엄, PPA(전력구매계약), 자가 발전 등을 종합적으로 활용해 데이터센터의 전력사용량을 충당할 계획이다."
224,context,0.2005,neutral,0.9998,기후변화·온실가스,E,E_CLIMATE__CLIMATE_GOVERNANCE_INVENTORY,기후 거버넌스·인벤토리,0.6685807704925537,"금융기관의 온실가스 배출량을 평가하고 공시하는 기준을 만들기 위해 설립된 탄소회계금융협회((PCAF, Partnership for Carbon Accounting Financials)는 당초 지난해 기준을 제정,발표할 예정이었다. 하지만 로이터에 따르면 이 기구에 참여하는 금융기관 사이의 이견이 팽팽해 아직까지 결과물을 내놓지 못했다."
225,context,0.1788,neutral,0.9999,에너지 관리,E,E_ENERGY__RENEWABLE_TRANSITION,신재생에너지 전환,0.5960882306098938,"우태희 대한상의 상근부회장은 온실가스 배출량의 에너지 비중은 80% 이상으로, 에너지의 탈탄소화를 이끄는 재생에너지 사용이 탄소중립 성공을 좌우한다. 재생에너지 전환은 대기업은 물론 공급망 내 중소 또는 중견기업의 참여가 필수적 이라고 밝혔다."
226,context,0.2201,neutral,0.9974,에너지 관리,E,E_ENERGY__RENEWABLE_TRANSITION,신재생에너지 전환,0.7354655265808105,재생에너지 수요-공급 기업 간 매칭도 지원한다. 재생에너지 수요-공급 기업 간의 필요 전력량과 발전량 정보를 등재해 전력거래를 연결해주는 시스템을 올해 하반기 구축할 계획이다. 또 재생에너지 전력구매계약(PPA) 망 사용료 지원사업도 시행한다. PPA를 맺은 중소 중견기업이 한국전력에 납부하는 송 배전망 사용료를 1년 간 전액 지원한다.
227,context,0.1602,neutral,0.9994,에너지 관리,E,E_ENERGY__RENEWABLE_TRANSITION,신재생에너지 전환,0.5343363285064697,"이를 토대로 가장 효과적인 재생에너지 사용 전략을 수립하고, RE100 이행도 지원받을 수 있다. 상의는 전문컨설팅업체를 통해 관련 서비스를 무상 제공한다."
228,context,0.1879,neutral,0.9998,에너지 관리,E,E_ENERGY__RENEWABLE_TRANSITION,신재생에너지 전환,0.6264416575431824,"이런 가운데 대한상공회의소(회장 최태원)가 중소 중견기업의 RE100(사용 전력 100%를 재생에너지로 조달) 등의 이행을 돕는 기업진단부터 컨설팅, 재생에너지 거래 매칭까지 원스톱 지원에 나섰다."
229,opportunity,0.6233,positive,0.9973,에너지 관리,E,E_ENERGY__RENEWABLE_TRANSITION,신재생에너지 전환,0.6249675154685974,SK증권은 국내 자본시장에서 ESG금융의 선도 업체라는 평가를 받는다. 일찍이 2014년부터 신재생에너지 금융자문 주선 지분투자 업무를 수행하며 ESG경영에 앞장서고 있다. 현재까지 8건 약 8800억원에 상당의 풍력발전 프로젝트를 완료했다. 2018년부터는 ESG채권을 대표 주관하며 지난해 11월 말까지 47조원(총 293건)의 주관실적을 쌓았다.
230,context,0.2038,neutral,0.999,기후변화·온실가스,E,E_CLIMATE__SCOPE3_EMISSION,Scope 3 배출량,0.679892361164093,10) 스코프1(직접 배출)와 스코프2(간접 배출) 및 적절할 경우 스코프3(공급망 배출)에 해당하는 온실가스 배출량 및 관련 위험 공개
231,context,0.1952,neutral,0.996,에너지 관리,E,E_ENERGY__RENEWABLE_TRANSITION,신재생에너지 전환,0.6533317565917969,미국의 인플레이션 감축법(IRA)에 이어 유럽연합(EU)이 핵심원자재법(CRMA)과 기후중립산업법(Net-Zero Industry Act)을 추진하는 등 세계 각국이 친환경산업 관련 기업과 기술에 대한 보조금 지급 등 육성 의지를 강력하게 피력하면서 신재생에너지 관련 산업은 계속 주목해야 할 투자 분야로 평가받는다.
232,context,0.1248,neutral,0.9982,에너지 관리,E,E_ENERGY__RENEWABLE_TRANSITION,신재생에너지 전환,0.4167352020740509,"이 중에서 신재생에너지(Renewable Energy) 와 인공지능(AI) 관련 ETF 상품의 평균 수익률이 32 33% 수준으로 단연 두각을 보였다. 미국 연준이 통화긴축 정책의 속도를 일부 조절하기 시작하면서, 미래 성장을 주도할 친환경 및 AI 관련 기업들의 주가가 빠르게 반등한 덕분이다."
233,context,0.1413,neutral,0.9999,에너지 관리,E,E_ENERGY__RENEWABLE_TRANSITION,신재생에너지 전환,0.47114893794059753,"이 회사는 지난 1월 2023년 계묘년을 맞아 올해 투자자들이 주목해야 할 투자 키워드로 R.A.B.B.I.T.(토끼) 을 제시한 바 있다. R.A.B.B.I.T 은 총 여섯 개 투자 분야의 영문 이니셜을 묶은 조어로, 신재생에너지(Renewable Energy) , 인공지능(AI) , 채권(Bond) , 일상회복(Beyond Covid-19) , 인컴창출(Income generation) , 기정학(Tech-politics) 을 의미한다."
234,context,0.1404,neutral,0.9882,에너지 관리,E,E_ENERGY__RENEWABLE_TRANSITION,신재생에너지 전환,0.47372710704803467,"삼성자산운용이 5일 테마별 주식 묶음인 상장지수펀드(ETF)를 기준으로 올 1분기 중 수익률을 비교한 결과, KODEX 2차전지산업이 53.7% 뛰어 최상위권을 기록했다. 이어 태양광과 풍력 등 신재생에너지 기업들로 구성된 KODEX K-신재생에너지액티브가 30.9%의 높은 수익률을 보였다."
235,context,0.1411,neutral,0.9914,윤리경영·준법,G,G_ETHICS__ANTI_CORRUPTION_COMPLIANCE,반부패 및 컴플라이언스,0.47446712851524353,UNGC는 전 세계 162개국에서 2만여개의 기업이 참여하고 있는 세계 최대 규모의 자발적 기업시민 이니셔티브로 인권 노동 환경 반부패 모두 4개 영역의 10대 원칙을 공표해 기업들의 사회적 책임 실천을 촉구하고자 2000년 출범한 UN의 국제협약이다.
236,context,0.1901,neutral,0.9999,인적자원 관리,S,S_HR__DIVERSITY_INCLUSION,다양성 및 형평성 (DEI),0.6337344646453857,"기업지배구조 등 거버넌스 이슈에서는 준법 윤리경영 시스템 강화가 가장 중요하다고 답한 곳이 38.5%였고, 이어 ESG 정보공시 평가 대응(28.0%)과 ESG위원회 운영 실효성 확보(16.8%), 이사회 전문성 다양성 확보 (16.1%) 순이었다."
237,context,0.1492,neutral,0.8578,에너지 관리,E,E_ENERGY__RENEWABLE_TRANSITION,신재생에너지 전환,0.5798025727272034,"보고서는 올해 재생에너지 발전량과 전력 수요가 평균 정도의 증가율을 보일 것으로 예상되는 반면 화석연료 발전량은 47테라와트(0.3%) 감소할 것으로 예상된다 며 앞으로 풍력과 태양광 발전량은 더 큰 폭으로 증가할 것으로 보이는 가운데, 발전 부문의 탄소 배출량이 2022년 정점을 쳤다는 뜻 이라고 설명했다."
238,context,0.1069,neutral,0.9999,인적자원 관리,S,S_HR__DIVERSITY_INCLUSION,다양성 및 형평성 (DEI),0.35623466968536377,"나무를 심어 탄소 감축과 생물 다양성 보전을 통해 생태계를 개선하는 목표는 당연히 바람직하다. 그렇지만 나무를 심을 땅이 생각보다 많지 않고, 나무의 탄소 저장 능력이 예상만큼 될 수 있을 지 현실적 한계를 따지지 않는다고 FT는 지적했다. 나무 심기가 생각보다 간단한 문제가 아니어서 올바른 방법으로 제대로 심지 않으면 효과가 크지 않을 수 있다."
239,context,0.137,neutral,0.9997,이사회 구조,G,G_BOARD__COMPOSITION_INDEPENDENCE,이사회 구성 및 독립성,0.4568387567996979,업계와 자본시장 전문가들 중에 8월까지인 TF 활동 기간이 너무 길다 는 쪽도 있다. 그들은 TF는 이와 상관없이 최대한 빠른 시간 안에 이사회 구성과 CEO 선임을 마쳐 KT의 경영공백을 최소화하는 노력을 해야 한다 는 입장이다.
240,context,0.17,neutral,0.9499,이사회 구조,G,G_BOARD__COMPOSITION_INDEPENDENCE,이사회 구성 및 독립성,0.5965399742126465,"헤지펀드는 기대수익이 큰 투자 전략을 구사해 기업 자산을 재분배하거나 지배구조, 경영 방향을 급격히 바꿈으로써 수익을 얻으려 한다. 합병, 분사를 모색하기도 하고 배당 확대나 자사주 매입 등 자본배분 문제에 집중하는 성향이 강하다. 헤지펀드는 이사회 구성원을 자신이 지목한 인사로 교체하려는 위임장 대결을 벌이기도 한다."
241,context,0.1558,neutral,0.9998,이사회 구조,G,G_BOARD__COMPOSITION_INDEPENDENCE,이사회 구성 및 독립성,0.5195803046226501,"다만 Insightia(2022년) 자료를 KB증권에서 분석한 내용에 따르면 ESG 행동주의의 목표가 다양하고 장기적인 주주가치 상승이라는 점은 기존의 주주행동주의와 다르나, 행동 수단은 운영전략 변화, 이사회 구성원 추가 등 전통적인 수단을 사용할 수밖에 없어 보인다.(표1 참조)"
242,context,0.1243,neutral,0.9018,에너지 관리,E,E_ENERGY__RENEWABLE_TRANSITION,신재생에너지 전환,0.45930245518684387,"미 에너지정보청(EIA)에 따르면 지난해 현재 화석연료 발전량은 전체 전력 생산량의 60%를 차지했다. 이중 60%는 가스 발전소, 40%는 석탄 발전소 몫이었다. 재생에너지 발전이 21.5%를 차지했고 나머지는 원자력 발전이었다. EIA는 올해 새로 건설되는 발전 설비 중 태양광 발전이 54%(21기가와트)로 가장 큰 비중을 차지할 것으로, 천연가스는 14%를 차지할 것으로 전망했다."
243,context,0.2031,neutral,0.9999,윤리경영·준법,G,G_ETHICS__ANTI_CORRUPTION_COMPLIANCE,반부패 및 컴플라이언스,0.677148699760437,경기주택도시공사는 이번 세미나에서 이해충돌방지법 등 강화된 공직윤리 법령 주요 신고 상담 사례를 통한 반부패 쟁점 인권중심 기업문화 육성을 위한 경영방향 등을 주제로 부패리스크 사전 예방을 위한 토론 등을 진행했다. 또 경기주택도시공사는 향후 갑질 근절 등 인권이슈 대응을 위한 인권센터 설치를 추진키로 했다.
244,context,0.1832,neutral,0.9999,에너지 관리,E,E_ENERGY__RENEWABLE_TRANSITION,신재생에너지 전환,0.6108651161193848,"한편, 국내에선 가스레인지 사용 규제 논의는 거의 없는 상태다, 다만 가스레인지 규제 시 온실가스 절감 효과 연구는 있다. 2021년 대한전기학회 학술대회에서 발표된 가정용 도시가스의 전기화에 따른 온실가스 배출영향 분석을 보면, 2030년 가정용 가스레인지와 가스보일러를 전기 기기로 바꾸고, 태양광 발전으로 생산한 전기를 사용하면 이산화탄소 2912만 톤을 감축할 수 있다고 분석됐다. 이는 2030년 온실가스 감축 목표치 4억3600만 톤의 약 7%에 해당한다."
245,context,0.1061,neutral,0.8262,에너지 관리,E,E_ENERGY__RENEWABLE_TRANSITION,신재생에너지 전환,0.42801427841186523,로이터에 따르면 미국의 태양광 발전 사업자 협회 SEIA(Solar Energy Industries Association)는 미국에서 조립되는 모듈을 사용하면 모둘에 사용된 셀의 원산지와 상관없이 사업자가 추가적인 세액공제 혜택을 받아야 한다고 주장한다. 셀은 최소 단위의 태양전지를 말한다. 셀이 모여 모듈이 된다. 미국에서 생산되는 셀이 없기 때문에 미국에서 생산된 셀을 사용해야 미국산으로 인정 받을 수 있다면 아무도 혜택을 받을 수 없다고 협회는 주장한다.
246,context,0.0949,neutral,0.9997,인적자원 관리,S,S_HR__DIVERSITY_INCLUSION,다양성 및 형평성 (DEI),0.31642425060272217,야레드 모고리스 생물다양성센터(Center for Biological Diversity) 소속 변호사는 CNBC에 우리가 우주 탐사나 스페이스X가 하는 일을 반대하는 건 아니다 라면서 하지만 별을 보기 위해 지역사회와 서식지와 종들을 기꺼이 희생해서는 안 된다 고 주장했다.
247,context,0.1894,neutral,0.9999,에너지 관리,E,E_ENERGY__RENEWABLE_TRANSITION,신재생에너지 전환,0.6314506530761719,"제주의 에너지 전환 정책 세미나, 탄소중립 이행을 위한 에너지 혁신 기술 세미나, 기후미래포럼, 부산지역 RE100 협의체 발대식, 부산기후변화협의체 세미나, 탄소중립시대 기후테크 육성전략 회의, 광물 순환자원 기술 콘퍼런스, 암모니아 활용 포럼도 열린다."
248,context,0.1807,neutral,0.9897,에너지 관리,E,E_ENERGY__EFFICIENCY_CONSUMPTION,에너지 소비 및 효율화,0.6084672212600708,"에너지부문의 탄소 감축을 위해서는 전력 생산의 탈탄소화와 에너지 효율 개선 가속화, 전동화가 필요하고 이를 위해 재생에너지 발전량을 2030년까지 1200기가와트로 2022년의 3배로 늘려야 한다는 권고가 나왔다. 이를 달성하려면 매년 재생에너지 발전 설비가 90%씩 늘어나야 한다."
249,context,0.1989,neutral,0.9903,에너지 관리,E,E_ENERGY__RENEWABLE_TRANSITION,신재생에너지 전환,0.6696341037750244,"단양군은 우선 소규모 매립시설에서 발생되는 메탄가스를 저감하기 위해 매립가스 발전 소각 사업 으로 연간 2,300톤의 온실가스 저감에 나섰다. 또한 건물 에너지관리 시스템(BEMS) 을 도입해 20년 이상 노후화된 관리사무실을 건축물에너지효율 등급( 1 )으로 탈바꿈시켰다. 단양군은 민간 부문의 신재생에너지(융복합지원) 보급 지원사업 을 적극 추진, 일반 가정 1,900개소 이상에 태양광발전시설(3kW) 설치를 지원해 1,800톤 이상의 온실가스 저감을 도모했다. 태양광 발전 지원은 지역주민의 호응이 가장 높은 사업으로 꼽힌다."
250,context,0.1324,neutral,0.9805,에너지 관리,E,E_ENERGY__RENEWABLE_TRANSITION,신재생에너지 전환,0.450141966342926,"전기산업법에 따르면 전력거래는 원칙적으로 전력시장을 통해서만 가능하며, 일부 도서 지역이나 신재생에너지 발전 전력 거래 등에만 예외가 허용된다."
251,context,0.1697,neutral,0.9997,윤리경영·준법,G,G_ETHICS__ANTI_CORRUPTION_COMPLIANCE,반부패 및 컴플라이언스,0.5659371018409729,우리금융그룹이 임종룡 회장을 비롯한 전 계열사 최고경영자(CEO)가 참여한 윤리강령 준수 서약식을 실시했다고 30일 밝혔다.
252,context,0.1788,neutral,0.9999,기후변화·온실가스,E,E_CLIMATE__SCOPE1_2_EMISSION,Scope 1·2 배출량,0.596121609210968,지속가능경영을 잘하고 있다는 기업들의 공통점은 CEO 메시지에 2030년까지 플라스틱 폐기물 배출을 50% 감축하겠습니다. 2035년까지 Scope 1의 온실가스 배출을 0로 하겠습니다. 2035년까지 인권실사를 공급망 전체에 100% 실행하겠습니다 등의 구체적이고 책임있는 내용이 포함되어 있다는 것이다.
253,context,0.1755,neutral,0.9359,ESG 데이터 거버넌스,G,G_DATA_GOVERNANCE__ESG_DATA_CONTROL,ESG 데이터 내부통제,0.6249073147773743,"제한적 확신(Limited Assurance)은 인증 대상 정보에 대한 정보 사용자의 신뢰가 유의미한 수준 이상이지만, 합리적 확신에 미치지 못하는 확신 수준을 뜻한다. 대표적인 사례로 기업의 분기나 반기 재무제표에 대한 감사인의 검토의견이 여기에 해당한다."
254,opportunity,0.4054,positive,0.593,윤리경영·준법,G,G_ETHICS__ANTI_CORRUPTION_COMPLIANCE,반부패 및 컴플라이언스,0.6835966110229492,"최근 ESG 공시 인증 기준인 국제지속가능성인증기준(International Standard on Sustainability Assuarance 5000, ISSA 5000)을 공개한 IAASB는 인증제공자는 국제윤리기준위원회의 국제윤리기준(International Independence Standards)을 포함한 전문회계사 윤리강령(International Code of Ethics for Professional Accountants)과 같은 관련 윤리적 요구 사항을 준수하고 ISSAB의 품질관리기준에 부합하는 수준의 품질관리 시스템을 갖출 것을 요구한다. 인증기관의 독립성도 중요한 자격 조건이다."
255,context,0.1518,neutral,0.9999,인적자원 관리,S,S_HR__DIVERSITY_INCLUSION,다양성 및 형평성 (DEI),0.5061779618263245,"보고서는 다양성 및 포용성 관련 정책과 핵심 과제를 소개하고, 고령층 장애인 외국인 등 금융 취약계층을 위한 그룹의 주요 서비스와 성과에 대한 내용을 담았다. 이와 함께 어린이 청소년 등 MZ세대를 포함한 다양한 계층의 금융 역량 강화를 위해 실시한 금융 교육 내용도 담았다. 이밖에 하나금융그룹의 2050년 탄소중립 실현을 위한 물리적 리스크 및 전환 리스크 관리 노력과 전략도 소개했다."
256,context,0.107,neutral,0.858,에너지 관리,E,E_ENERGY__RENEWABLE_TRANSITION,신재생에너지 전환,0.4156542718410492,캐나다 온타리오의 경우 에너지 효율성을 높이고 전기 저장시설을 잘 구축하면 향후 10년 동안 새로운 천연가스 화력 발전소를 건설할 필요가 없는 것으로 나타났다. 실제로 배터리를 장착한 풍력 및 태양광 발전소의 경우 온타리오주에서 이미 새로운 가스 발전소보다 건설 비용이 저렴한 것으로 나타났다.
257,context,0.1266,neutral,0.7671,기후변화·온실가스,E,E_CLIMATE__SCOPE1_2_EMISSION,Scope 1·2 배출량,0.5500821471214294,이러한 전력 사용량의 급증은 죽음의 소용돌이(Death Spiral) 을 연상케 한다. 전력(에너지) 사용 증가에 따른 온실가스 배출 기온 상승으로 기상 이변 폭염 증가로 전력 사용 증가 온실 가스 배출량 확대 기상 이변 부채질 의 악순환이 일어난다는 것.
258,context,0.1329,neutral,0.9509,인적자원 관리,S,S_HR__DIVERSITY_INCLUSION,다양성 및 형평성 (DEI),0.46601101756095886,김지찬 LIG넥스원 대표이사는 국방 첨단 기술 개발에 대한 관심과 투자 못지 않게 장애인 일자리 창출에도 힘쓰겠다 면서 장애인 고용을 통해 기업의 ESG 사회적 책임 경영을 성실히 하겠다 고 말했다.
259,context,0.1327,neutral,0.9999,인적자원 관리,S,S_HR__DIVERSITY_INCLUSION,다양성 및 형평성 (DEI),0.4422866702079773,반 ESG 규제는 크게 화석연료나 총기 등 특정 산업에 대한 투자를 보이콧 하는 금융사와 주정부의 금융거래 계약을 금지하는 노 보이콧 특정 산업을 차별하는 금융사와 주정부의 금융거래 계약을 금지하는 ESG 차별 금지 연기금 등의 투자 결정 시 ESG 요소의 고려를 금지하는 ESG 고려 금지의 세 가지 형태로 구분된다.
260,context,0.1495,neutral,0.9936,에너지 관리,E,E_ENERGY__RENEWABLE_TRANSITION,신재생에너지 전환,0.5014060139656067,KT G는 2년간 온실가스 배출량을 7.5% 감축했다. 올해는 사업장의 지붕 태양광 발전 등을 통해 재생에너지를 18% 이상 확대할 계획이다.
261,context,0.1931,neutral,0.9997,에너지 관리,E,E_ENERGY__RENEWABLE_TRANSITION,신재생에너지 전환,0.643944501876831,국제에너지기구(IEA)는 지난해 6월 내놓은 원자력과 안전한 에너지전환(Nuclear Power and Secure Energy Transition) 라는 제목의 보고서에서 원전의 필요성을 인정하면서도 특히 선진국에서는 원자력 발전소를 늘리는 것이 쉽지 않을 것이라고 전망했다.
262,context,0.1964,neutral,0.9996,에너지 관리,E,E_ENERGY__RENEWABLE_TRANSITION,신재생에너지 전환,0.6549031734466553,"플랫폼이 구축되면 사용자들은 건물 에너지사용량과 수송 부문 탄소 배출량 및 흡수량을 수치로 보면서 탄소 저감 효과를 확인할 수 있으며, 데이터를 이용해 태양광 발전시설 입지 선정과 재생에너지 거래, 기후환경 정책 수립, 폭염 및 집중호우 대책 수립에 나설 수 있다."
263,context,0.1627,neutral,0.9999,에너지 관리,E,E_ENERGY__RENEWABLE_TRANSITION,신재생에너지 전환,0.5424919128417969,"경기도는 16일 도청에서 탄소중립 녹색성장위원회, 경기연구원과 공동으로 경기 RE100 플랫폼 구축 포럼을 열고 도 전역의 기후 에너지 분야 공간정보를 구축하는 사업을 추진한다고 밝혔다. 경기 RE100 플랫폼 은 총사업비 175억원을 투입해 2025년 3월 완료할 계획으로 추진된다."
264,context,0.2199,neutral,0.9999,기후변화·온실가스,E,E_CLIMATE__CLIMATE_GOVERNANCE_INVENTORY,기후 거버넌스·인벤토리,0.7330377697944641,SEC 초안은 공시 기업이 재생에너지 인증서나 탄소 크레딧을 얼마나 사용했는지 공시하도록 하고 내부 탄소가격 책정 시 그 기준도 공시하도록 요구한다. 문터 국장은 탄소중립 목표를 세운 기업이 직접적으로 배출량을 감축하는 것과 상쇄로 탄소를 감축하는 것은 환경에 미치는 영향이 달라 이를 구분해서 공시하도록 할 것 이라고 말했다.
265,context,0.2144,neutral,0.9992,ESG 데이터 거버넌스,G,G_DATA_GOVERNANCE__ESG_DATA_CONTROL,ESG 데이터 내부통제,0.7151300311088562,스코프 1과 2 배출량 공시의 경우 다른 재무 정보 공시와 마찬가지로 공시 내용에 관한 외부 인증을 거쳐야 한다. 삼일PwC에 따르면 온실가스 배출량 공시에 대한 인증은 우선 제한된 인증(limited assurance)로 시작해 합리적 인증(reasonable assurance)로 전환될 예정이다.
266,context,0.2141,neutral,0.9998,기후변화·온실가스,E,E_CLIMATE__SCOPE3_EMISSION,Scope 3 배출량,0.7138301730155945,스코프 3의 경우 스코프3 배출을 포함하는 온실가스 감축 목표를 설정한 기업이나 스코프 3 배출량이 심대한(material) 기업은 업스트림과 다운스트림 공급망에서 발생하는 온실가스 배출량을 공시해야 한다. 중소기업의 경우 스코프 3 온실가스 배출량 공시 의무가 면제된다. 업스트림 공급망은 원자재 조달에서 제조까지의 공급망을 말하고 다운스트림 공급망은 제품 생산 후 운송과 유통 등의 공급망을 뜻한다.
267,context,0.1106,neutral,0.8234,에너지 관리,E,E_ENERGY__RENEWABLE_TRANSITION,신재생에너지 전환,0.4476797878742218,미국은 태양광 발전 생태계 구축을 위해 자국 산업 보호와 해외 기업 유치를 적극 추진하고 있다. 하지만 미국산 태양광 모듈 생산이 아직 본궤도에 오르지 못해 당분간 상당량의 태양광 모듈의 수입이 불가피한 실정이다. 백악관에 따르면 인플레이션 감축법(IRA) 시행으로 미국에서 2030년까지 9500만개의 태양광 패널이 설치될 예정이다.
268,context,0.177,neutral,0.9934,에너지 관리,E,E_ENERGY__RENEWABLE_TRANSITION,신재생에너지 전환,0.5940496921539307,또 LG디스플레이는 지난해 감축한 온실가스 배출량이 총 235만톤이라고 밝혔다. 온실가스 배출을 90% 이상 줄일 수 있는 감축설비를 도입하고 신재생에너지 전환 확대 및 에너지 효율 강화 등을 추진한 결과다.
269,context,0.1559,neutral,0.983,에너지 관리,E,E_ENERGY__RENEWABLE_TRANSITION,신재생에너지 전환,0.5285485982894897,"1년 수익률이 가장 높았던 펀드는 빅토리 글로벌 에너지전환(Victory Global Energy Transition) 펀드였다. 세일링스톤 캐피탈(Sailingstone Capital)의 켄 세틀스 펀드매니저에 따르면 이 펀드는 태양광 기업이 아니라 에너지 스토리지와 원자력과 같은 전통적인 무탄소 전력 기업, 블루수소나 탄소포집과 연계된 천연가스 기업에 초점을 맞추었다며 원전 산업이 크게 성장할 것으로 전망된다. 빅토리 글로벌 에너지전환 펀드가 가장 많이 편입한 종목은 우라늄 생산업체인 카메코(Cameco)다."
270,opportunity,0.4718,positive,0.9822,에너지 관리,E,E_ENERGY__RENEWABLE_TRANSITION,신재생에너지 전환,0.48034951090812683,블룸버그에 따르면 미국뿐 아니라 전 세계적으로 태양광 모듈 수요가 급증하면서 2030년까지 전 세계적으로 총 5300기가와트 규모의 태양광 발전 용량을 확보할 것으로 전망된다. 이는 글로벌 탄소중립 시나리오에 필요한 태양광 발전 용량에 해당하는 규모다.
271,context,0.1476,neutral,0.9994,에너지 관리,E,E_ENERGY__RENEWABLE_TRANSITION,신재생에너지 전환,0.4921456277370453,"바이든 행정부가 제정한 인플레이션 감축법(IRA)은 미 역사상 가장 지출 규모가 큰 기후 관련 법이다. 3700억 달러(약 495조원)을 투입해 상업용 태양광 발전과 가정용 태양광 모듈 설치, 풍력 발전, 전기차 구매 등에 세액공제 혜택을 주고 히트펌프 구매시 보조금을 지급하는 내용을 담았다. 백악관은 IRA를 통해 2030년까지 9500만개의 태양광 패널과 12만개의 풍력발전용 윈드터빈, 2300개의 전력망 대응 배터리를 설치할 계획이라고 밝혔다."
272,opportunity,0.6917,positive,0.9918,에너지 관리,E,E_ENERGY__RENEWABLE_TRANSITION,신재생에너지 전환,0.6974453926086426,"LG이노텍은 한국전력 녹색프리미엄 요금제, 구미 마곡 파주 사업장에 설치한 자가발전 태양광 설비 등으로 지난해 재생에너지 전환율 22%를 달성했다. 또한 직접 PPA뿐만 아니라 재생에너지 공급인증서(REC)를 구매하는 방식도 도입해 안정적으로 재생에너지를 공급받겠다는 전략이다."
273,context,0.1557,neutral,0.8526,에너지 관리,E,E_ENERGY__RENEWABLE_TRANSITION,신재생에너지 전환,0.6088956594467163,LG이노텍은 지난해 RE100 이니셔티브에 가입하며 가입 요건인 2050년보다 20년 빠른 2030년까지 국내외 전 사업장에서 사용하는 전력 100%를 재생에너지로 전환하겠다는 목표를 제시한 바 있다.
274,context,0.1777,neutral,0.9995,에너지 관리,E,E_ENERGY__RENEWABLE_TRANSITION,신재생에너지 전환,0.5924527049064636,전남 지역은 태양광을 중심으로 한 재생에너지 자원이 풍부하고 상대적으로 전력 계통 여력이 많아 RE100(재생에너지 100%) 달성의 적격지로 꼽힌다. 작년 말 기준 우리나라의 태양광 발전 설비용량 20.9GW 중 호남 지역 용량은 8.8GW로 전체의 40%를 넘었다.
275,opportunity,0.5309,positive,0.9997,에너지 관리,E,E_ENERGY__RENEWABLE_TRANSITION,신재생에너지 전환,0.5310865640640259,씨에스윈드는 이 사업을 통해 스페인 풍력발전 기업 SGRE(Siemens Gamesa Renewable Energy)와 체결된 공급 계약에 따라 2030년까지 총 4조원 규모의 해상 풍력발전 타워를 공급할 예정이다.
276,opportunity,0.4589,positive,0.9951,인적자원 관리,S,S_HR__DIVERSITY_INCLUSION,다양성 및 형평성 (DEI),0.46114587783813477,"한화생명은 또 국내 생명 손해보험업계 최초로 장애인 의무고용률 100%를 달성했다. 장애인 고용의무는 국가, 지자체와 50명 이상 사업장에게 장애인을 일정 비율(전체 근로자가 50명 이상이면 3.1%) 이상 고용하도록 하는 제도다. 고용노동부에 따르면 2021년 기준 민간부문 장애인 고용률은 2.96%, 주요 보험사의 경우도 1 2%대에 불과하다."
277,context,0.2139,neutral,0.9996,이사회 구조,G,G_BOARD__COMPOSITION_INDEPENDENCE,이사회 구성 및 독립성,0.7132871150970459,다만 이 위원장은 수평적 지배구조에 대해서는 대표이사와 이사회 의장의 분리를 대부분 관계사에서 실천하고 있고 외이사를 비롯한 이사회 권한 강화와 50% 넘는 여성 사외이사 비율 등 개선 성과가 있었다고 설명했다.
278,risk,0.3907,negative,0.8308,에너지 관리,E,E_ENERGY__RENEWABLE_TRANSITION,신재생에너지 전환,0.4702892005443573,"닛케이아시아에 따르면 반도체 업체들의 가장 큰 고객인 애플과 구글, 마이크로소프트(MS) 등은 2025년 RE100 달성을 약속하고 공급망에 속한 기업에 재생에너지 사용을 압박하고 있다. 반도체 기판 제조업체 킨서스의 TH 둥 CSO(최고전략책임자,chief strategic office)는 대만 정부가 2025년 재생에너지 발전 비율을 20%로 끌어올린다는 계획이지만 다른 나라에 비해 낮은 수준이라고 평했다. 글로벌 ITC 공급망에서 대만의 지위가 흔들릴 수 있다는 우려도 나왔다. 킨서스는 인텔과 AMD, 엔비디아에 반도체 기판을 공급한다."
279,opportunity,0.4839,positive,0.9995,에너지 관리,E,E_ENERGY__RENEWABLE_TRANSITION,신재생에너지 전환,0.4841727912425995,"삼성전자와 TSMC, SK하이닉스는 모든 전력을 재생에너지 전력으로 충당하기로 약속하는 RE100 이니셔티브에 가입했다. 이들 3사는 2050년 RE100 달성을 약속했지만, 인텔과 인피니언은 2030년 달성을 약속했다. 일본의 키옥시아와 소니는 2040년 RE100 달성을 약속했다."
280,opportunity,0.3628,positive,0.8482,에너지 관리,E,E_ENERGY__RENEWABLE_TRANSITION,신재생에너지 전환,0.42775478959083557,"삼성전자의 2023년 지속가능경영보고서에 따르면 지난해 재생에너지 전력 사용 비중은 31%를 차지하며 꾸준한 상승세를 보였다. 반도체 사업부문의 재생에너지 사용률은 이보다 낮은 23%를 기록했다. 미국과 유럽, 인도, 베트남, 중국의 반도체 공장이 모두 100% 재생에너지 전환을 달성했으나, 전체 전환률이 23%에 그친 것은 국내에서 재생에너지 전력을 확보하기 어려운 때문이다."
281,risk,0.2011,negative,0.6092,에너지 관리,E,E_ENERGY__RENEWABLE_TRANSITION,신재생에너지 전환,0.3300451934337616,"삼성전자의 한 임원도 대다수 아시아 국가의 경우 풍력과 태양광 발전에 대한 접근이 제한적 이라며 지정학적, 외교적 제약으로 다른 나라에서 재생에너지 전력을 구매하는 것도 쉽지 않다 고 말했다."
282,opportunity,0.3817,positive,0.8214,에너지 관리,E,E_ENERGY__RENEWABLE_TRANSITION,신재생에너지 전환,0.4646640121936798,"세계 최대 메모리 반도체 제조업체인 삼성전자 또한 RE100 가입 기업들이 처한 상황이 녹녹치 않다며 한국은 세계에서 재생에너지 전력 조달이 가장 힘든 나라 중 하나라고 밝혔다. 반도체 수요자들의 친환경 제품 관심이 고조되는 가운데, 이처럼 재생에너지 전력 구매가 어려운 아시아 국가에서 생산된 반도체는 미국이나 유럽에서 생산된 반도체보다 친환경적이지 않은 제품이 될 수 있다."
283,context,0.0941,neutral,0.7941,에너지 관리,E,E_ENERGY__RENEWABLE_TRANSITION,신재생에너지 전환,0.39489254355430603,보고서는 인허가 지연 등을 해결하기 위한 EU 차원의 노력과 폴란드의 정책 변화 등을 언급하며 여러 문제점에도 태양광 발전에 대한 관심은 여전하다 고 전했다.
284,opportunity,0.4416,positive,0.9946,에너지 관리,E,E_ENERGY__RENEWABLE_TRANSITION,신재생에너지 전환,0.44403812289237976,원전 비중이 큰 프랑스는 600메가와트의 태양광 발전 설비를 증설했다. 지난해 7기가와트 규모의 태양광 발전 설비를 새로 구축한 스페인은 올해 4.5기가와트의 설비를 증설할 전망이다.
285,opportunity,0.4285,positive,0.9997,에너지 관리,E,E_ENERGY__RENEWABLE_TRANSITION,신재생에너지 전환,0.428600549697876,"지난해 EU는 사상 최대 규모인 33기가와트의 태양광 발전 설비를 확충했다. 올해에도 이런 흐름이 이어지면서 상반기 중 독일은 6.5기가와트, 폴란드는 2기가와트 이상, 벨기에는 1.2기가와트, 이탈리아는 2.5기가와트의 태양광 발전 설비를 신설했다."
286,opportunity,0.5315,positive,0.9985,에너지 관리,E,E_ENERGY__RENEWABLE_TRANSITION,신재생에너지 전환,0.5323044657707214,화석연료와 달리 재생에너지 발전량은 증가세를 이어갔다. 태양광 발전은 13% 증가했다. 보고서는 올해 상반기는 태양광 발전 설비 확충 등 EU의 재생에너지 보급 확대 노력이 결실을 보여주고 있다 고 설명했다.
287,context,0.1286,neutral,0.9999,에너지 관리,E,E_ENERGY__RENEWABLE_TRANSITION,신재생에너지 전환,0.42868393659591675,환경운동가들은 REC 구매와 관련된 베드날의 약속 역시 신뢰하기 힘들다는 반응이다. 한 환경운동가는 블룸버그에 탈탄소화된 ETF라는 주장은 야코비가 REC 구매로 비트코인 채굴 때 쓰는 에너지와 동등한 양의 재생 에너지가 생산된다는 것을 보여줄 수 있어야만 신뢰할 수 있지만 그럴 가능성은 거의 없어 보인다 고 주장했다.
288,context,0.1892,neutral,0.9988,에너지 관리,E,E_ENERGY__RENEWABLE_TRANSITION,신재생에너지 전환,0.6315456628799438,REC는 발전사업자가 신재생에너지 설비를 이용하여 전기를 생산 공급하였음을 증명하는 증서다. 과거에는 발전사업자만 구매할 수 있었으나 지금은 기업들이 REC 거래시장에서 재생에너지를 직접 구매할 수 있다. 베드날은 또 사람들이 비트코인의 가치에 투자할 수 있게 해주는 것을 주요 목표로 하는 ETF에 EU의 ESG 투자 규칙이 적용된 건 이번이 처음 이라고 자평했다.
289,context,0.1663,neutral,0.9266,에너지 관리,E,E_ENERGY__RENEWABLE_TRANSITION,신재생에너지 전환,0.598422110080719,이런 논란을 의식한 마틴 베드날(Martin Bednall) 야코비 최고경영자(CEO)는 유럽 최초로 상장된 우리 회사 비트코인 ETF는 100% 탈탄소화할 것 이라며 신재생에너지공급인증서(Renewable Energy Certificate REC) 로 투자를 다각화하겠다고 약속했다.
290,context,0.1664,neutral,0.9989,인적자원 관리,S,S_HR__DIVERSITY_INCLUSION,다양성 및 형평성 (DEI),0.555290937423706,"호텔롯데는 사회 분야를 특히 강조했다. 2025년 글로벌 동종업계 최고 수준의 일하기 좋은 일터를 달성한다는 목표 아래 일하기 좋은 직장과 다양성 존중, 상생협력, 사회공헌 분야에 대한 전략과 실적을 보고서에 담았다. 호텔롯데는 글로벌 가이드 라인을 충족하는 인권경영정책의 필요성을 인식하고 지난해 10월 법인 통합으로 인권경영정책을 수립해 인권경영을 추구하고 있다. 올해는 국내 사업장 내 구성원 6000여명을 대상으로 인권영향평가를 실시해 인권경영 보고서를 발간하기도 했다."
291,context,0.0898,neutral,0.5982,안전보건,S,S_SAFETY__ACCIDENT_RATE,산업재해율 및 안전 성과,0.5001654028892517,그런데 보고서를 보면 호텔롯데의 호텔앤리조트 사업부의 총기록재해율(TRIR 총근로시간 대비 재해 빈도를 의미)은 1.89%로 전년 0.91%보다 2배 이상으로 높아졌다. 이는 지난해 미국 전체 산업 평균 TRIR(3.1%)보다는 낮은 수준이지만 2020년 이후 매년 오르는 추세다.
292,context,0.1981,neutral,0.9976,인적자원 관리,S,S_HR__DIVERSITY_INCLUSION,다양성 및 형평성 (DEI),0.6619177460670471,"호텔롯데는 회사의 주주 고객 등 이해관계자를 대상으로 5단계에 걸친 자료조사와 설문조사 등을 거쳐 사업장 안전 및 보건관리 강화 및 시설 내 고객 안전 강화 준법, 윤리경영 실천 강화 및 리스크 예방 및 관리 인권경영 실천 및 구성원 차별금지 및 다양성 존중 지속가능한 상품과 서비스 제공 확대 등 7가지 영역의 중대성 이슈를 선정했다."
293,context,0.1653,neutral,0.9632,에너지 관리,E,E_ENERGY__RENEWABLE_TRANSITION,신재생에너지 전환,0.5720939636230469,보고서에 따르면 호텔롯데의 지난해 온실가스 배출은 2021년에 비해 두자릿수인 13.2%나 늘었다. 이는 2030년 현재 탄소배출량을 10만t까지 줄여 2040년까지 탄소제로에 도전한다는 호텔롯데의 RE100 계획과 상당한 괴리를 보이는 것이다. 또 호텔롯데가 ESG경영의 1순위 목표로 삼은 재해율(총기록재해율 기준)도 호텔앤리조트 부문에서 전년에 견줘 2배 이상으로 증가한 것으로 나타났다.
294,opportunity,0.4417,positive,0.9993,이사회 구조,G,G_BOARD__COMPOSITION_INDEPENDENCE,이사회 구성 및 독립성,0.44201913475990295,"사회공헌과 관련해 LG 계열사들은 지난해 전년 대비 227억원 증가한 약 1,663억원을 기부 또는 투자했다. 올해 상반기 기준 사외이사 가운데 32.4%를 여성 사외이사로 구성해 이사회 구성의 다양성도 확보했다."
295,context,0.1953,neutral,0.995,기후변화·온실가스,E,E_CLIMATE__SCOPE1_2_EMISSION,Scope 1·2 배출량,0.6543972492218018,"LG의 ESG 보고서에 따르면 그룹 전체의 재생전력 사용량은 2020년 26기가와트시(GWh)에서 2022년 3,894GWh로 2년 만에 약 150배 증가했다. 직접배출량(스코프1)과 간접배출량(스코프2)을 합친 온실가스 배출량은 2021년 2,175.4만t(tCO2eq 온실가스를 이산화탄소 배출량으로 환산한 값) 대비 지난해 1,936.5만로 약 11% 감소했다."
296,opportunity,0.5908,positive,0.9984,에너지 관리,E,E_ENERGY__RENEWABLE_TRANSITION,신재생에너지 전환,0.5917285084724426,"보고서를 보면, LG는 환경 부문에서 재생에너지 전환이 탄력을 받고 있는 것으로 나타났다. LG의 재생전력 사용량은 지난 2020년 26GWh에서 지난 2022년 3894GWh로 2년 만에 약 150배 증가했다. 직접배출량(Scope1)과 간접배출량(Scope2)을 합친 온실가스 배출량은 2021년에 견줘 지난해 1936만5000톤(CO2eq)로 약 11%(239만톤(CO2eq)) 감소했다."
297,opportunity,0.5908,positive,0.9984,기후변화·온실가스,E,E_CLIMATE__SCOPE1_2_EMISSION,Scope 1·2 배출량,0.5917285084724426,"보고서를 보면, LG는 환경 부문에서 재생에너지 전환이 탄력을 받고 있는 것으로 나타났다. LG의 재생전력 사용량은 지난 2020년 26GWh에서 지난 2022년 3894GWh로 2년 만에 약 150배 증가했다. 직접배출량(Scope1)과 간접배출량(Scope2)을 합친 온실가스 배출량은 2021년에 견줘 지난해 1936만5000톤(CO2eq)로 약 11%(239만톤(CO2eq)) 감소했다."
298,context,0.1842,neutral,0.9999,윤리경영·준법,G,G_ETHICS__ANTI_CORRUPTION_COMPLIANCE,반부패 및 컴플라이언스,0.61402428150177,"토픽 기준은 구매 정책, 반부패, 세금 등 공시 기업이 미친 경제적 영향에 관한 정보 공개 원재로 사용과 에너지, 용수, 생물다양성, 온실가스, 폐기물 등 공시 기업이 환경에 미친 영향 고용과 노사관계, 안전보건, 교육, 다양성 등 공시 기업의 고용와 인적자원 관련 정보 공개로 이루어져 있다."
299,context,0.1842,neutral,0.9999,인적자원 관리,S,S_HR__DIVERSITY_INCLUSION,다양성 및 형평성 (DEI),0.61402428150177,"토픽 기준은 구매 정책, 반부패, 세금 등 공시 기업이 미친 경제적 영향에 관한 정보 공개 원재로 사용과 에너지, 용수, 생물다양성, 온실가스, 폐기물 등 공시 기업이 환경에 미친 영향 고용과 노사관계, 안전보건, 교육, 다양성 등 공시 기업의 고용와 인적자원 관련 정보 공개로 이루어져 있다."
300,context,0.2107,neutral,0.9844,에너지 관리,E,E_ENERGY__RENEWABLE_TRANSITION,신재생에너지 전환,0.7136349081993103,한양은 현재 전남의 풍부한 재생에너지 자원을 활용해 발전단지와 인근 산업벨트를 전력구매계약(PPA) 방식으로 연결하는 솔라시도 재생에너지 허브 터미널을 추진 중이다. 이곳에서 생산된 재생에너지는 솔라시도 데이터센터와 RE100(재생에너지 100%) 이행 기업 등에 공급될 예정이다.
301,context,0.1381,neutral,0.9396,에너지 관리,E,E_ENERGY__RENEWABLE_TRANSITION,신재생에너지 전환,0.48994219303131104,"한전은 현재 총부채가 사상 처음으로 200조원을 넘긴 상황. 양금희 의원 측은 RPS 비율 확대에 따른 한전의 비용 지출에 따른 수익은 신재생에너지 사업자들이 가져가는 반면, 관련 비용은 전기요금을 내는 전 국민이 떠안는 상황이다 고 지적했다."
302,context,0.1753,neutral,0.9947,에너지 관리,E,E_ENERGY__RENEWABLE_TRANSITION,신재생에너지 전환,0.5875635743141174,"탈원전 폐기 를 내세운 윤석열 정부는 앞서 제10차 전력수급기본계획에서 원전비중 확대-신재생에너지 속도 조절 을 내세웠으나, 매년 증가하는 RPS 비율에 따라 전력 소비자인 국민의 부담도 가중될 수밖에 없다. 실제로 최근 3년간 기후환경요금 단가는 킬로와트시(kWh)당 2021년 5.3원에서 지난해 7.3원, 올해 9원으로 뛰었다."
303,context,0.1954,neutral,0.9998,에너지 관리,E,E_ENERGY__RENEWABLE_TRANSITION,신재생에너지 전환,0.6514715552330017,양금희 국민의힘 의원실이 확보한 한전의 중장기 RPS(신재생에너지 공급 의무화 제도) ETS(한국 배출권거래제) 비용 전망 을 보면 신재생에너지 구입 비용이 연평균 1조원 안팎으로 상승하는 추세를 보였다.
304,context,0.1618,neutral,0.9991,에너지 관리,E,E_ENERGY__RENEWABLE_TRANSITION,신재생에너지 전환,0.5398515462875366,"신재생에너지 사용을 확대하는 것도, 에너지 효율화를 위해 시설과 장비를 교체하는 것도, 재활용 원재료를 사용하는 것도, 직원들을 대상으로 인권영향평가를 하는 것도, 공급망 협력업체와 ESG 협의체를 구성하는 것도, 모두 기존에 하던 경영 방식과는 다르기 때문에 시도하기 어렵다는 얘기다."
305,context,0.1608,neutral,0.9998,에너지 관리,E,E_ENERGY__RENEWABLE_TRANSITION,신재생에너지 전환,0.5362014770507812,"리더쉽의 의무 보수의 약속(Mandate for Leadership The Conservative Promise 이라는 제목의 이 보고서에는 공화당 대통령이 집권할 경우 어떻게 기존 기후변화 대응 정책을 수정해야 하는지 상세히 기술했다. 보고서는 IRA 폐지와 1992년 신설된 에너지효율재생에너지청(Office of Energy Efficiency and Renewable Energy) 폐지, 그리고 가전 제품의 에너지효율 기준 폐지 등을 주장했다."
306,context,0.1608,neutral,0.9998,에너지 관리,E,E_ENERGY__EFFICIENCY_CONSUMPTION,에너지 소비 및 효율화,0.5362014770507812,"리더쉽의 의무 보수의 약속(Mandate for Leadership The Conservative Promise 이라는 제목의 이 보고서에는 공화당 대통령이 집권할 경우 어떻게 기존 기후변화 대응 정책을 수정해야 하는지 상세히 기술했다. 보고서는 IRA 폐지와 1992년 신설된 에너지효율재생에너지청(Office of Energy Efficiency and Renewable Energy) 폐지, 그리고 가전 제품의 에너지효율 기준 폐지 등을 주장했다."
307,context,0.1506,neutral,0.9986,에너지 관리,E,E_ENERGY__RENEWABLE_TRANSITION,신재생에너지 전환,0.5026472210884094,"경기도는 산림 훼손 등의 논란을 피하면서 모든 가용한 수단을 총동원해 태양광 발전에 나설 계획이다. 수상형 태양광발전으로 1.6GW, 영농형 태양광발전으로 2.25GW, 산업단지 태양광발전으로 3.8GW의 발전능력을 마련하기로 했다."
308,context,0.1708,neutral,0.9999,에너지 관리,E,E_ENERGY__RENEWABLE_TRANSITION,신재생에너지 전환,0.5694147348403931,경기도는 10일 경기 RE100 실행위원회 회의를 열고 재생에너지 확대 전략을 논의했다. 이날 회의에서는 영농형 태양광 발전시설 설치를 위한 농민보호 상생 모델 제시 방안 태양광 모듈 설치 이격거리 규제 폐지 수변 경관을 고려한 수상형 태양광발전 시설 설치 재생에너지 사업 인 허가 절차 간소화 및 금융지원 다양화 공장에 설치한 태양광 발전시설 유지 의무화 등이 논의됐다.
309,context,0.1315,neutral,0.9999,에너지 관리,E,E_ENERGY__RENEWABLE_TRANSITION,신재생에너지 전환,0.4382942318916321,"경기도는 이런 내용의 경기 RE100 추진계획 을 마련했다. 경기도는 최근 RE100, (유럽연합의) 탄소국경조정세(CBAM) 등 글로벌 탄소 규제 강화로 도내 산업 및 기업의 경쟁력 약화가 우려된다 며 도 차원의 재생에너지 대책 마련이 시급하다고 설명했다."
310,context,0.1244,neutral,0.5827,에너지 관리,E,E_ENERGY__RENEWABLE_TRANSITION,신재생에너지 전환,0.7116174101829529,"아울러 사업장 운영 효율화와 연료 전환, 재생에너지 전환, 밸류체인 협력 강화, 친환경 포트폴리오 확대 등을 통해 2045년 탄소 중립 100% 달성이라는 목표를 실현한다는 계획도 밝혔다. 또 초소형 모듈 원자로(MMR), 모듈러 공법, 전기차 충전소 등 탄소 저감에 기여할 수 있는 친환경 에너지 분야로 사업 확대도 추진한다."
311,context,0.1157,neutral,0.8039,에너지 관리,E,E_ENERGY__RENEWABLE_TRANSITION,신재생에너지 전환,0.4798136353492737,한편 로이터통신의 보도에 따르면 올해 미국의 태양광 발전 능력은 인플레이션감축법(IRA)에 의한 인센티브 제공 등으로 사상 최대 규모인 32GW 확대될 전망이다.
312,opportunity,0.3573,positive,0.8994,에너지 관리,E,E_ENERGY__RENEWABLE_TRANSITION,신재생에너지 전환,0.3973136842250824,최근에는 일조량이 많은 애리조나주와 텍사스주에서도 태양광 모듈 설치가 늘고 있다. 화석연료 발전 의존도가 높은 하와이 역시 태양광 모듈을 설치하는 가정과 기업이 늘고 있다. 연료비가 상승하면서 전기요금이 오른 때문이다. 1인당 소규모 태양광 발전 능력에서 하와이는 541W로 캘리포니아(364W)를 제치고 1위를 차지했다.
313,context,0.127,neutral,0.9939,에너지 관리,E,E_ENERGY__RENEWABLE_TRANSITION,신재생에너지 전환,0.42592930793762207,지역별로는 일조량이 풍부하고 인센티브도 많은 캘리포니아주가 미국 전체 소규모 태양광 발전 능력의 36%를 차지했다. 다음은 인센티브 제공 등을 통해 정책적으로 태양광 설치를 장려하는 뉴욕과 뉴저지 순으로 비중이 높았다. 캘리포니아주 정부는 단독주택과 3층 이하 주거용 건물에 태양광 모듈 설치를 의무화했다.
314,context,0.1583,neutral,0.9991,에너지 관리,E,E_ENERGY__RENEWABLE_TRANSITION,신재생에너지 전환,0.5282250642776489,"EIA는 세제 혜택과 인센티브, 공공 정책, 전기요금 상승 등이 소규모 태양광 발전 시설 설치를 촉진했고 태양광 패널 가격 하락도 주요 요인이 됐다 고 설명했다."
315,context,0.0892,neutral,0.7237,에너지 관리,E,E_ENERGY__RENEWABLE_TRANSITION,신재생에너지 전환,0.41075029969215393,소규모 태양광 발전은 분산형 태양광 또는 지붕형 태양광으로도 불린다. 미국의 소규모 태양광 발전 시설은 EIA가 집계를 시작한 2014년 7.3GW에서 지난해 39.5GW로 급증했다. 현재 소규모 태양광 발전량은 미국의 전체 태양광 발전량의 3분의 1을 차지한다.
316,opportunity,0.5272,positive,0.969,에너지 관리,E,E_ENERGY__RENEWABLE_TRANSITION,신재생에너지 전환,0.5440185070037842,"삼성물산 상사부문의 미국 신재생에너지 법인 삼성 C T 리뉴어블스는 현지 신재생에너지 개발 투자회사인 선레이서 리뉴어블스와 3GW 규모의 태양광 ESS 프로젝트 매각 및 개발 서비스 계약을 체결했다. 선레이서 리뉴어블스는 신재생에너지 자산을 사들여 공동 개발, 투자, 운영 에 나서는 신재생에너지 전문회사다."
317,context,0.1452,neutral,0.993,인적자원 관리,S,S_HR__DIVERSITY_INCLUSION,다양성 및 형평성 (DEI),0.4873040020465851,"생물다양성 손실을 막기 위한 국제사회의 노력도 역시 이 주제에 대한 관심 확대에 기여한 것으로 평가받는다. 예를 들어, 지난해 12월 제15차 생물다양성협약(CBD) 당사국 총회(COP-15)에서는 쿤밍-몬트리올 세계 생물 다양성 프레임워크(KMGBF Kunming-Montreal Global Biodiversity Framework) 에 합의했다."
318,context,0.1323,neutral,0.9998,인적자원 관리,S,S_HR__DIVERSITY_INCLUSION,다양성 및 형평성 (DEI),0.44096508622169495,서스테이너블 피치의 윌리엄 아트웰 기후연구 담당 이사는 보도자료에서 생물다양성이 아직은 틈새 투자 시장이지만 최근 몇 달 사이에 여러 자산 운용사가 생물 다양성 및 자연 자본을 테마로 한 펀드를 출시했듯이 이 분야에 대한 관심이 계속 커지고 있다 고 말했다.
319,context,0.2052,neutral,0.9998,기후변화·온실가스,E,E_CLIMATE__SCOPE1_2_EMISSION,Scope 1·2 배출량,0.6841267347335815,스코프 3 공시란 기업이 온실가스 배출 관련 정보를 공개할 때 자기 회사의 직간접 배출량은 물론 공급망 협력업체들의 몫까지 합산해 전부 공시하는 것을 의미한다.
320,context,0.1728,neutral,0.987,에너지 관리,E,E_ENERGY__RENEWABLE_TRANSITION,신재생에너지 전환,0.5834415555000305,보고서는 이런 정책 추진은 민간 투자자에게 에너지전환 투자에 대한 확신을 줬으나 예상치 못한 결과를 불러왔다고 지적했다. 민간의 투자가 기술력이 입증되고 안정적인 투자 수익을 기대할 수 있는 태양광 발전 분야에 집중되고 각국 정부가 미래의 주요 에너지원으로 주목하는 그린수소 같은 분야는 민간투자에서 소외되고 있다는 지적이다.
321,context,0.1833,neutral,0.9983,에너지 관리,E,E_ENERGY__EFFICIENCY_CONSUMPTION,에너지 소비 및 효율화,0.6120877861976624,로이터통신에 따르면 이 시장을 통해 J크레딧으로 불리는 탄소 크레딧과 지난 4월 출범한 탄소배출권 거래제(ETS) 참여 기업들의 탄소배출권이 거래된다. J크레딧은 에너지 절감 설비를 도입하거나 산림녹화 사업 등을 벌인 기업의 탄소감축 활동을 일본 정부가 인증하고 발행한 탄소 크레딧이다.
322,context,0.2111,neutral,0.9999,이사회 구조,G,G_BOARD__COMPOSITION_INDEPENDENCE,이사회 구성 및 독립성,0.7036416530609131,"윤 회장은 KB의 이사회 구성과 사외이사 선임, 이들의 CEO에 대한 견제 시스템 등 지배구조 체계를 상세히 소개하면서 (이런 곳에서) CEO가 절대적 영향력을 행사할 수 있는지, 이사진으로 참호(호위 체제)를 구축하는 게 가능한지 의문이다. 팩트(사실)와 픽션(허구)은 구분해야 한다고 덧붙였다."
323,context,0.1711,neutral,0.9996,에너지 관리,E,E_ENERGY__RENEWABLE_TRANSITION,신재생에너지 전환,0.5704289078712463,한 의원은 한국의 경우 재생에너지 여건이 좋지 않아 RE100 이행에 따른 과다한 비용 부담이 발생하고 기업의 경쟁력 하락 원인으로 작용한다 며 온실가스를 배출하지 않는 모든 에너지원을 의미하는 CFE(무탄소에너지) 가 국내 여건에 맞는 탄소감축 정책이라고 강조했다.
324,context,0.1138,neutral,0.9875,에너지 관리,E,E_ENERGY__RENEWABLE_TRANSITION,신재생에너지 전환,0.3840348720550537,"일본은 41개 기업 중 9개(21.95%), 독일은 30개 기업 중 7개(23.3%) 기업이 RE100 캠페인에 동참했다. 한국 대기업들의 가입 비율이 상대적으로 높은 것을 알 수 있다."
325,context,0.062,neutral,0.9781,에너지 관리,E,E_ENERGY__RENEWABLE_TRANSITION,신재생에너지 전환,0.21119411289691925,포춘 500 기업에는 미국이 136개 기업으로 가장 많았으나 RE100 캠페인에 가입한 기업은 26개(19.1%)에 머물렀다. 반면 중국은 선정된 135개 기업 가운데 RE100 캠페인에 가입한 기업은 단 한 곳도 없었다.
326,context,0.1285,neutral,0.9946,에너지 관리,E,E_ENERGY__RENEWABLE_TRANSITION,신재생에너지 전환,0.430677205324173,"올해 포춘 500에 포함된 한국 기업 18개 가운데 RE100 캠페인에 가입한 기업은 현대자동차, 기아, 삼성전자, SK하이닉스, 현대모비스, KB금융그룹, LG전자, 삼성생명, SK주식회사 등 9개(50%)다."
327,context,0.1659,neutral,0.9983,에너지 관리,E,E_ENERGY__RENEWABLE_TRANSITION,신재생에너지 전환,0.5540163516998291,RE100 캠페인은 기업이 사용하는 전력 100%를 태양광 풍력 수력 지열 등 재생에너지로만 충당하겠다는 ESG 운동이다. 강제 구속성은 없지만 원청 대기업이 이를 실행하면 하청 공급망 기업과 납품 업체들도 보조를 맞춰 따라야 하청 관계 등을 유지하는데 유리한 압박 요인으로 작용한다.
328,context,0.1714,neutral,0.9996,에너지 관리,E,E_ENERGY__RENEWABLE_TRANSITION,신재생에너지 전환,0.5713861584663391,"국민의힘 한무경 의원은 한국에너지공단에서 제출받은 RE100 가입 현황 자료를 분석한 결과, 올해 포춘 500 기업 중 426개(85.2%)는 RE100 캠페인에 아직 가입하지 않았다고 29일 밝혔다."
329,context,0.1494,neutral,0.9999,에너지 관리,E,E_ENERGY__RENEWABLE_TRANSITION,신재생에너지 전환,0.4979007840156555,"우리 정부는 기업들의 부담을 줄이기 위해 ESG 정보공개 의무화를 연기한다고 했지만, 정말 기업들의 ESG 부담을 줄이고 글로벌 ESG 무역장벽을 넘기 위해서는 신재생에너지 공급부터 늘리는 정책을 시행해야 한다."
330,context,0.0783,neutral,0.6499,에너지 관리,E,E_ENERGY__RENEWABLE_TRANSITION,신재생에너지 전환,0.4016944468021393,넷제로 달성을 위해서는 신재생에너지 공급확대가 필수다. 미국과 유럽의 기업들이 공급망에 속한 국내 기업들에게 RE100을 요구하고 넷제로의 구체적인 실행계획을 요구해도 이렇다할 답을 주지 못하는 이유가 여기에 있다. 우리 정부의 신재생에너지 확대 정책은 계속 제자리를 맴돌다 못해 뒷걸음질을 하고 있는 실정이다.
331,context,0.1246,neutral,0.8204,에너지 관리,E,E_ENERGY__RENEWABLE_TRANSITION,신재생에너지 전환,0.5063750743865967,"그런데, 우리 기업들은 2 이하 시나리오 작성에 애를 먹고 있다. 정부가 2 이하 목표 달성 계획을 구체적으로 세워놓지 못했기 때문이다. 이에 따라 시나리오 작성에 필요한 정보를 충분히 구할 수 없는 상황이다. 무엇보다 신재생에너지 확대 정책이 불확실하다. 파리기후협약과 TCFD는 2050년까지의 온실가스 감축 목표 달성 실행 계획을 내놓으라고 하는데 우리 정부의 계획은 2030년에 머무르고 있다."
332,context,0.1768,neutral,0.9999,에너지 관리,E,E_ENERGY__RENEWABLE_TRANSITION,신재생에너지 전환,0.589500367641449,"2 이하 시나리오 작성의 출발점은 법과 규제, 시장의 변화를 반영하는 것이다. 즉, 국제기구 및 각 국가가 2 목표를 달성하기 위해 제시하는 법과 규제를 기업이 준수했을 때 기업 경영에 어떤 변화가 오고 그것에 어떻게 대응할 것인가를 작성해야 한다. 거기에 더해 각국 정부의 신재생 에너지 확대 정책에 따라 화석 에너지 가격의 상승, 신재생에너지 가격의 하락을 예상하여 기업의 미래 재무제표에 반영하는 작업도 해야 한다."
333,context,0.1809,neutral,0.9939,기후변화·온실가스,E,E_CLIMATE__SCOPE1_2_EMISSION,Scope 1·2 배출량,0.606752336025238,24 7 CFE는 매일 24시간 동안 1주일 내내 무탄소 전원만 사용한다는 뜻으로 적어도 전력 사용에서 만큼은 탄소 배출량을 제로로 만들겠다는 의지를 담았다. 이에 비해 RE100은 24시간 내내 무탄소 전력을 사용하지 않아도 필요한 전력 사용량 이상의 재생에너지 전력을 구매하거나 재생에너지 공급인증서(REC)나 녹색프리미엄 구매 같은 우회 수단을 활용해 달성이 가능하다. 그러니까 24 7 CFE는 RE100보다 공격적인 목표다.
334,context,0.1806,neutral,0.9998,에너지 관리,E,E_ENERGY__RENEWABLE_TRANSITION,신재생에너지 전환,0.6021242737770081,한국ESG연구소는 쉽게 활용하는 RE100 핸드북 심화보고서 에서 많은 해외 연기금 및 기관투자자가 글로벌 기업에게 RE100 이행을 요구하고 RE100에 가입한 글로벌 대기업들이 공급망 내 협력회사들에게 재생에너지 사용 확대를 요구하고 있다고 설명했다.
335,context,0.1618,neutral,0.9998,윤리경영·준법,G,G_ETHICS__ANTI_CORRUPTION_COMPLIANCE,반부패 및 컴플라이언스,0.5395157933235168,이찬희 위원장은 컴플라이언스 정착과 활성화가 2기 위원회의 가장 큰 목표였고 이제 기업에 준법경영이 하나의 문화로 자리를 잡고 있다 며 법무와 컴플라이언스 기업과 법률의 관계가 성과를 내기 위해서 2인3각과 같은 적절한 호흡이 중요하다 고 강조했다.
336,context,0.1956,neutral,0.9998,윤리경영·준법,G,G_ETHICS__ANTI_CORRUPTION_COMPLIANCE,반부패 및 컴플라이언스,0.6520874500274658,"위원회는 지난 3년간 위원회와 관계사가 협력해 온 삼성 컴플라이언스 운영 체계를 점검하고, 새로운 ESG 관련 리스크 및 이슈 파악, 대응 방안 도출을 위해 자리를 마련했다고 밝혔다. 이번 워크숍은 준법경영의 발전을 위한 길 을 주제로 노사관계, ESG, 지배구조 등 전문가 강의와 함께 관계사의 주요 컴플라이언스 활동을 공유하는 시간으로 구성됐다. 이날 준법지원 감시인들은 각각 컴플라이언스 우수사례, 중대재해 처벌 등에 관한 법률 관련 활동, 금융 관련 컴플라이언스 규제 및 대응 현황 등에 대해 발표했다."
337,context,0.154,neutral,0.9986,윤리경영·준법,G,G_ETHICS__ANTI_CORRUPTION_COMPLIANCE,반부패 및 컴플라이언스,0.5141955614089966,"삼성준법감시위원회는 지난달 26일 경기 용인시 삼성인력개발원 호암관에서 관계사 컴플라이언스(준법감시) 워크숍을 개최했다고 4일 밝혔다. 이날 행사에는 이찬희 삼성 준감위 위원장과 위원, 사무국 직원, 삼성전자 삼성물산 삼성SDI 삼성전기 삼성SDS 삼성생명 삼성화재 등 준법지원 감시인을 포함해 70여명이 참여했다."
338,context,0.149,neutral,0.9988,에너지 관리,E,E_ENERGY__EFFICIENCY_CONSUMPTION,에너지 소비 및 효율화,0.4973180890083313,"에너지 이용 합리화 자금은 지원받는 기업과 기관은 2% 안팎의 저리로 에너지 절감시설 투자자금을 빌릴 수 있다. 올해 에너지 이용 합리화 지원 자금 예산은 지난해보다 소폭 늘어난 2,633억원으로 책정됐으며 동일 사업장 지원 한도액도 300억원으로 확대됐다."
339,context,0.197,neutral,0.9737,윤리경영·준법,G,G_ETHICS__ANTI_CORRUPTION_COMPLIANCE,반부패 및 컴플라이언스,0.6743730306625366,"장충모 전남개발공사 사장은 반부패, 규범 준수 리스크를 상시로 점검하고 개선할 수 있는 지배구조를 제도화했다 며 윤리경영 실천에 최선을 다하겠다 고 말했다."
340,opportunity,0.6884,positive,0.9998,윤리경영·준법,G,G_ETHICS__ANTI_CORRUPTION_COMPLIANCE,반부패 및 컴플라이언스,0.688491702079773,전남개발공사는 부패 방지경영시스템(ISO 37001)과 규범 준수경영시스템(ISO 37301) 국제표준 통합 인증을 획득했다고 10일 밝혔다.
341,context,0.1597,neutral,0.9417,에너지 관리,E,E_ENERGY__RENEWABLE_TRANSITION,신재생에너지 전환,0.565102219581604,"삼성전자는 지난해 9월 친환경 경영을 기조로 하는 신 환경경영전략을 선언하는 한편 RE100(재생에너지 100%)에 가입, 2050년까지 사용 전력의 100%를 재생에너지로 전환한다고 밝힌바 있다."
342,context,0.1297,neutral,0.9268,에너지 관리,E,E_ENERGY__RENEWABLE_TRANSITION,신재생에너지 전환,0.4665803611278534,협약을 통해 수자원공사는 시화호조력발전소에서 생산된 재생에너지를 직접전력거래(PPA)를 통해 삼성전자에 공급할 계획이다. 또 시화호 주변 재생에너지 개발사업에 공동으로 참여하는 등 양 기관이 다양한 협력사업을 벌여 나가기로 했다.
343,context,0.1797,neutral,0.9665,에너지 관리,E,E_ENERGY__RENEWABLE_TRANSITION,신재생에너지 전환,0.6198582053184509,"삼성전자는 지난해 9월 친환경 경영을 기조로 하는 신 환경경영전략을 선언하며 RE100(재생에너지 100%)에 가입, 2050년까지 사용 전력의 100%를 재생에너지로 전환한다고 밝힌 바 있다. 이밖에 현대글로비스 등 기업들의 RE100 실천 등 탄소중립에 대한 공표도 지난주에 계속됐다."
344,context,0.1877,neutral,0.9999,에너지 관리,E,E_ENERGY__RENEWABLE_TRANSITION,신재생에너지 전환,0.6259106397628784,또 코앞으로 다가운 ESG공시를 앞두고 기업과 금융기관 정부의 다양한 논의와 준비가 이어졌다. 삼성전자가 한국수자원공사의 시화호조력발전소에서 생산된 재생에너지를 직접전력거래(PPA)를 통해 공급받는 협약을 맺은 것이 그 예다.
345,context,0.1609,neutral,0.9999,에너지 관리,E,E_ENERGY__RENEWABLE_TRANSITION,신재생에너지 전환,0.5364258885383606,"규모가 작지만 알찬 ESG 내공을 쌓아가는 기초지자체도 적잖다. 전남 순천의 경우 탄소중립과 신재생에너지, RE100, 공공의료, 윤리행정, 주민자치,중소벤처기업 육성 등 다양한 분야의 정책발굴에 힘쓰고 있다."
346,context,0.1711,neutral,0.9999,에너지 관리,E,E_ENERGY__RENEWABLE_TRANSITION,신재생에너지 전환,0.5704973936080933,"RE100 운동이 태양광, 풍력, 수력, 지열 등 재생 에너지만 인정한다면 CF100 운동은 여기에 탄소를 배출하지 않는 원전과 청정수소 등까지 포함하는 것이 바람직하다는 입장이어서 국내 기업들의 지지를 받고 있다. 우리나라는 재생에너지 생산이 쉽지않은 자연조건을 갖고 있는 상황이지만, 원전 분야에서는 세계적 기술력을 갖고 있는 게 CF연합 창립의 주된 이유다. 하지만 국제적 연대와 참여를 얼마나 끌어낼 수 있을지가 관건이다."
347,opportunity,0.6571,positive,0.9994,에너지 관리,E,E_ENERGY__EFFICIENCY_CONSUMPTION,에너지 소비 및 효율화,0.6574774980545044,"ISO50001 인증을 받으면 생산부문 에너지관리 지표 개발이 가능하고, 녹색기술 개발 및 상품화를 통해 에너지 저감 및 효율 개선 기술을 확보할 수 있다. 또한 목표관리제 및 규제에 대해 선제 대응이 가능하며 회사의 신뢰도 제고에도 용이한 점이 있다고 회사 측은 설명했다."
348,context,0.1078,neutral,0.9712,에너지 관리,E,E_ENERGY__RENEWABLE_TRANSITION,신재생에너지 전환,0.36999794840812683,"절대적 투자 액수는 감소했지만 스타트업 투자에서 기후테크 투자가 차지하는 비중은 계속해서 늘어나고 있는 것으로 나타났다. 예를 들어, 태양광 발전의 투자 비중은 24% 증가했고, 친환경 수소의 투자 비중은 64% 늘었다."
349,opportunity,0.4549,positive,0.999,에너지 관리,E,E_ENERGY__RENEWABLE_TRANSITION,신재생에너지 전환,0.45532894134521484,"충북은 일찍 바이오 이차전지 반도체 신재생에너지 를 전략산업으로 선정하고 집중 육성해왔다. 이차전지 생산액 전국 1위, 태양광 셀 모듈 생산규모 전국 1위, 바이오 생산액 전국 2위, 반도체 생산액 전국 2위가 충북의 미래를 보여준다."
350,context,0.1866,neutral,0.9996,에너지 관리,E,E_ENERGY__RENEWABLE_TRANSITION,신재생에너지 전환,0.622388482093811,"세 가지 중점을 두고 추진하고 있다. 첫째 RE100(기업이 2050년까지 사용전력량의 100%를 재생에너지로 한다는 자발적 약속) 산업단지를 추구한다는 점이다. RE100 가입을 감수하려는 글로벌기업들의 활동 최적지로 만들려고 한다. 340만평 사업부지에 태양광,풍력 등 풍부한 전력자원을 최대한 활용할 예정이다."
351,context,0.1487,neutral,0.9999,에너지 관리,E,E_ENERGY__RENEWABLE_TRANSITION,신재생에너지 전환,0.4955674111843109,"ESG의 주요 개념의 하나가 환경이라고 볼 때 전남도는 2021년 광역지자체 중에 처음으로 탄소중립 선언을 했다. 태양광과 풍력은 전국의 40% 자원을 가지고 있는 천혜의 신재생에너지 고장이다. 지금 우리가 있는 전남동부청사도 최대한 친환경 자재로 건축했다. 원래 대부분의 전남 행정부서가 무안에 있었지만 이번에 순천, 여수, 광양 등 동부지역 인구와 경제규모를 감안해 일자리투자유치국 등 주요 국 4곳과 300여명 직원이 대거 이전했다. 도내 동부지역의 주요 도시 주민들에 대한 밀착행정을 할 수 있다는 점에서 이 또한 ESG 정신에 부합한다고 생각한다. (동부청사는 9월 개청식을 했다)"
352,context,0.1196,neutral,0.9908,에너지 관리,E,E_ENERGY__RENEWABLE_TRANSITION,신재생에너지 전환,0.4023776650428772,"경기도가 추진하는 태양광 발전사업은 수요지에서 발전이 이루어지기 때문에 기존망과의 연결을 위한 대규모 송전선망이 필요치 않지만, 인천시의 해상풍력 사업은 사정이 다르다."
353,context,0.2001,neutral,0.9996,에너지 관리,E,E_ENERGY__RENEWABLE_TRANSITION,신재생에너지 전환,0.6673850417137146,주민참여 수익률이 발전원별로 균등하게 책정될 수 있도록 발전원 이용률과 총 사업비 차이를 고려해 신재생에너지 공급인증서(REC) 추가 가중치도 조정한다. 예를 들어 해상풍력은 주민참여에 따른 REC 가중치를 육상풍력보다 50% 높이는 식이다. 이와 함께 송변전설비 신 증설 인근 지역을 주민참여사업 대상에 새롭게 포함해 주민 수용성을 높인다는 계획이다.
354,context,0.1485,neutral,0.9994,에너지 관리,E,E_ENERGY__RENEWABLE_TRANSITION,신재생에너지 전환,0.4953192174434662,"한화는 영농형 태양광 발전소를 운영하면 수확량이 일부 감소할 수 있고 작물마다 차이가 있지만, 80% 수준의 수확량을 보인다고 밝혔다. 반면에 에너지 생산에 따른 농업 원가 절감과 발전 수익까지 더하면 기존 수익보다 최대 5배까지 많은 수익을 올릴 수 있다고 설명했다."
355,context,0.1173,neutral,0.9996,에너지 관리,E,E_ENERGY__RENEWABLE_TRANSITION,신재생에너지 전환,0.3910720646381378,영농형 태양광은 경작지에 태양광 모듈을 설치하는 발전 방식이다. 영농형 태양광 사업에서는 농지에 설치된 태양광 발전 시설을 최장 8년 동안만 운영할 수 있도록 한 현행 농지법이 가장 큰 걸림돌이다.
356,opportunity,0.486,positive,0.9724,에너지 관리,E,E_ENERGY__RENEWABLE_TRANSITION,신재생에너지 전환,0.499795526266098,시화호의 경우 5년 전에도 설비용량 100MW 규모로 수상 태양광 발전 시설을 설치하고 이중 10 20MW의 발전량에 대해서는 주민들과 이익을 공유하려는 시도가 있었으나 관광레저 시설 조성을 선호하는 주민 반대로 무산된 바 있다. 이 팀장은 안산에너지협동조합과 시화호 태양광 사업을 다시 협의하고 있다 며 경기도 내 대형 저수지에도 농어촌공사에서 태양광 발전 사업을 추진하고 있다 고 전했다.
357,context,0.128,neutral,0.9992,에너지 관리,E,E_ENERGY__RENEWABLE_TRANSITION,신재생에너지 전환,0.42718705534935,이은표 경기도청 RE100 지원팀장은 태양광 사업의 경우 원금 회수에만 7 8년이 걸리는데 설치된 모듈을 조기에 철거하면 손해가 나기 때문에 사업자에게는 상당한 불확실성이 되고 있다 며 태양광 모듈이 건축물이 아니라서 사업자가 은행 대출을 받을 수 없는 것도 큰 걸림돌 이라고 말했다.
358,context,0.0903,neutral,0.9998,에너지 관리,E,E_ENERGY__RENEWABLE_TRANSITION,신재생에너지 전환,0.3011801242828369,경기도가 추진하는 태양광 발전 사업 중 가장 비중이 큰 산업단지 태양광 사업의 경우 옥상이나 지붕에 설치된 태양광 모듈이 법적으로 건물에 속하지 않아 건물의 주인이 바뀔 때 승계가 되지 않는 게 가장 큰 걸림돌이다. 산업단지에 있는 공장 건물의 경우 주인이 바뀌는 경우가 잦고 바뀐 건물주가 태양광 모듈 철거를 요구하면 사업자는 응할 수밖에 없다는 것.
359,context,0.1511,neutral,0.9999,에너지 관리,E,E_ENERGY__RENEWABLE_TRANSITION,신재생에너지 전환,0.5038872957229614,"박창환 전남 정무부지사는 해남 솔라시도 프로젝트는 RE100 산업단지 구축, 데이터센터 유치, 관광자원 등 세 가지 축으로 솔라시도를 바꿔 나갈 것 이라고 밝혔다. (박창환 부지사 인터뷰 참조)"
360,opportunity,0.589,positive,0.9998,에너지 관리,E,E_ENERGY__RENEWABLE_TRANSITION,신재생에너지 전환,0.5890886187553406,"한양은 솔라시도 태양광 발전소 준공과 운영을 시작으로 수상 태양광, 육상 풍력 등 다양한 신재생에너지 분야 사업에 본격 진출할 계획이다. 한양 관계자는 솔라시도 태양광 발전소는 한양이 에너지개발 사업에 진출한 이후 거둔 첫 성과물이자 신재생에너지 사업으로의 확대를 위한 교두보가 될 것 이라며 건설을 넘어 에너지 주택개발 기업으로 도약하겠다 고 말했다."
361,opportunity,0.5084,positive,0.9949,에너지 관리,E,E_ENERGY__RENEWABLE_TRANSITION,신재생에너지 전환,0.5110422968864441,"솔라시도 태양광 발전소는 국내 최대 규모인 98 급의 태양광 발전설비를 갖춰 약 2만7,000여 가구가 1년 동안(가구당 월 400 h 이용 기준) 이용할 수 있는 연간 129GWh의 전력을 생산한다. 또 발전소 중앙부의 15만 터에 다양한 꽃과 나무를 심어 조성된 태양의 정원 썬가든(Sun Garden) 은 관광명소로도 각광받고 있다."
362,opportunity,0.5532,positive,0.9998,에너지 관리,E,E_ENERGY__RENEWABLE_TRANSITION,신재생에너지 전환,0.5533447265625,"대표적인 사례가 중견 건설업체 한양이 해남의 솔라시도 일대에 준공한 국내 최대규모의 태양광 발전소. 해남 솔라시도(2,089만 , 633만평으로 여의도의 4.6배)는 보성그룹이 개발중인 스마트시티. 한양은 한국남부발전, 케이비(KB)자산운용 에너지인프라자산운용 등과 함께 준공한 태양광 발전소는 부지 면적만 약 158만 에 이른다. 한양은 부지 조성에서부터 설계 조달 시공(EPC), 관리 운영까지 사업 모든 과정을 직접 맡았다."
363,context,0.1719,neutral,0.9993,에너지 관리,E,E_ENERGY__RENEWABLE_TRANSITION,신재생에너지 전환,0.5735493898391724,전남 지역은 태양광을 중심으로 한 재생에너지 자원이 풍부하고 상대적으로 전력 계통 여력이 많아 RE100 달성의 적격지로 꼽힌다. 작년 말 기준 우리나라의 태양광 발전 설비용량 20.9GW 중 호남 지역 용량은 8.8GW로 전체의 40%를 넘었다.
364,context,0.1431,neutral,0.999,에너지 관리,E,E_ENERGY__RENEWABLE_TRANSITION,신재생에너지 전환,0.47760820388793945,인천시는 산업단지 태양광 발전사업도 추진하고 있다. 남동공단의 공장 지붕에 태양광 모듈을 설치하는 프로젝트는 산업통상자원부 시범사업에 선정됐다. 박광근 인천시청 에너지산업과장은 300억원을 투자하는 이번 시범사업 결과 특이 사항이 없으면 경기도처럼 산업단지 전체에 태양광 발전 사업을 추진할 필요성이 있다 고 말했다. 인천시는 또한 공공기관 주차장이나 유휴지에도 태양광 모듈 설치에 나설 계획이다.
365,context,0.1556,neutral,0.9961,에너지 관리,E,E_ENERGY__RENEWABLE_TRANSITION,신재생에너지 전환,0.5206102132797241,인천시는 2030년까지 설비용량 6.2GW급의 고정식 해상풍력 발전단지를 구축할 계획이다. 여기에 태양광 발전 등 다른 재생에너지 전력을 추가로 공급해 2030년까지 8개 화력발전소를 재생에너지로 완전히 대체할 계획이다. 인천 연안에서 100km 이내 해역의 수심이 20 50m 전후로 고정식 해상풍력 발전기 설치에 적합하다는 평가가 나온다.
366,context,0.1576,neutral,0.9997,에너지 관리,E,E_ENERGY__RENEWABLE_TRANSITION,신재생에너지 전환,0.5253273248672485,인천광역시는 8개 화력발전소를 보유하고 있어 온실가스와 미세먼지 저감을 위한 재생에너지 보급과 확대 필요성을 절감하고 있다. RE100 확산 추세에 따른 지역 제조업 소비전력을 재생에너지로 대체할 필요성도 커지는 상황. 2020년 기준 인천의 제조업 소비전력량은 전체 소비전력량의 46%를 차지했다.
367,context,0.1558,neutral,0.9999,에너지 관리,E,E_ENERGY__RENEWABLE_TRANSITION,신재생에너지 전환,0.5194310545921326,"이은표 경기도청 RE100 지원팀장은 경기도에 이격거리를 규제하는 시군이 12개 라며 최근 열린 정책협의회에서 김동연 도지사와 시장, 군수들이 이격거리 규제를 단계적으로 폐지한다는 합의문에 서명했다 고 말했다. 그는 또 인허가 기간과 관련. 현재 3개월 걸리는 인허가 기간을 1개월 이내로 하자고 독려하고 있다 고 설명했다. 태양광 발전사업 인허가는 1MW 이하는 시와 군이, 1MW 초과 3MW 미만은 도가 3MW 이상은 산업부가 맡고 있다."
368,context,0.1577,neutral,0.9881,에너지 관리,E,E_ENERGY__RENEWABLE_TRANSITION,신재생에너지 전환,0.5319399237632751,"태양광 모듈 설치에 대한 이격거리 규제나 인허가 절차 간소화, 금융지원 확대 등은 재생에너지 보급 확대에 필수적이다. 유럽연합(EU)도 탄소중립 달성과 에너지 안보 확보를 위해 재생에너지 보급을 적극 추진하면서 유사한 규제 완화에 나섰다. 미국은 인플레이션감축법(IRA) 제정을 통해 풍력 발전과 상업용 태양광 발전 및 가정용 태양광 패널 설치, 지열 발전 등에 세액공제 혜택을 주고 있다."
369,context,0.1544,neutral,0.9926,에너지 관리,E,E_ENERGY__RENEWABLE_TRANSITION,신재생에너지 전환,0.518593430519104,경기도는 태양광 발전 목표를 달성하기 위한 제도 개선도 추진하고 있다. 경기도는 영농형 태양광 발전시설 설치를 위한 농민보호 상생 모델 제시 방안 태양광 모듈 설치 이격거리 규제 폐지 수변 경관을 고려한 수상형 태양광발전 시설 설치 재생에너지 사업 인 허가 절차 간소화 및 금융지원 다양화 공장에 설치한 태양광 발전시설 유지 의무화를 추진하고 있다.
370,context,0.1527,neutral,0.9488,에너지 관리,E,E_ENERGY__RENEWABLE_TRANSITION,신재생에너지 전환,0.5363144874572754,경기도는 50개 산업단지에서 태양력 발전 사업을 추진하기 위해 8개 투자 컨소시엄과 MOU를 체결했다. 193개 산단 중 규정상 태양광 발전업을 할 수 있는 50개 산단의 공장 지붕을 활용해 태양광 모듈을 설치하는 사업이다.
371,context,0.1691,neutral,0.9997,에너지 관리,E,E_ENERGY__RENEWABLE_TRANSITION,신재생에너지 전환,0.5639545321464539,경기도는 도내 기업의 탄소 감축과 RE100 이행을 위해 9GW 규모 설비용량을 갖춘 태양광 시설을 갖추는 내용의 경기 RE100 추진계획 을 마련하고 2026년까지 마무리할 계획이다. 태양광반전 계획안을 보면 산림 훼손 논란을 피하면서 모든 가용한 수단을 총동원하는 게 특징이다.
372,context,0.1701,neutral,0.9972,에너지 관리,E,E_ENERGY__RENEWABLE_TRANSITION,신재생에너지 전환,0.5687100291252136,하지만 정부 정책은 이런 목표에 부합하지 않는다는 지적이 나온다. 정부는 100KW 이하의 소형 태양광 사업자에 대해 20년간 고정가격으로 전력을 매입해주는 소형태양광 고정가격제도를 폐지했다. 전력망 유연성이 확보되지 않아 태양광 발전량이 급격히 늘어날 때 블랙아웃을 우려하는 상황이 발생하기 때문이다.
373,context,0.1736,neutral,0.999,에너지 관리,E,E_ENERGY__RENEWABLE_TRANSITION,신재생에너지 전환,0.5790646076202393,RE100은 비영리기구 더클라이밋그룹(The Climate Group)과 CDP(Carbon Disclosure Project)의 주도로 2014년부터 진행된 기업 차원의 자발적인 글로벌 캠페인. RE100 홈페이지(2023년 10월) 기준 전 세계 421개 기업이 RE100에 가입했다.
374,context,0.1703,neutral,0.9997,에너지 관리,E,E_ENERGY__RENEWABLE_TRANSITION,신재생에너지 전환,0.5679051876068115,"RE100을 관장하는 다국적 비영리기구 클라이밋 그룹은 지난 3월 한국 정부가 재생에너지 사용을 원하는 기업에 대한 지원에 나서야 한다고 촉구했다. 클라이밋 그룹에 따르면 RE100 기업들 사이에서 한국은 재생에너지 공급 부족과 유연하지 못한 전력망, 비싼 재생에너지 전기 요금 등으로 재생에너저 전력을 구매하기 가장 어려운 나라 중 하나로 꼽혔다. 국내 기업과 국내에 사업장을 보유한 외국 기업을 포함한 RE100 기업들은 국내에서 전체 사용 전력의 2%만 재생에너지 전력으로 충당하고 있다. 중국의 32%, 싱가포르의 26%, 일본의 15%에 크게 뒤지는 수준이다."
375,context,0.0886,neutral,0.9989,에너지 관리,E,E_ENERGY__RENEWABLE_TRANSITION,신재생에너지 전환,0.2955009639263153,"석탄, 석유, 가스 기업의 자본이 공화당을 지원하기 때문에 화석에너지 사용을 줄이고 신재생에너지 사용을 확대하는 것을 공화당이 좋아할리 없다."
376,context,0.126,neutral,0.9994,에너지 관리,E,E_ENERGY__RENEWABLE_TRANSITION,신재생에너지 전환,0.4202340245246887,"아사히( )신문에 따르면 후쿠오카( )시는 지난해 1월 태양광 발전 도입, 자동차 이용 억제를 위한 지하철 사업 등 환경문제 해결에 국한된 환경채권을 처음 발행했다. 발행액은 50억엔이었는데, 기관투자가들의 응모 규모는 798억엔으로 발행액의 약 16배일 정도로 인기가 높았다. 이 때문에 지난해 가을 이후에는 지자체의 ESG채권 발생 금리가 통상의 지방채 금리보다 낮아지는 현상도 발생하고 있다."
377,context,0.1673,neutral,0.9988,에너지 관리,E,E_ENERGY__EFFICIENCY_CONSUMPTION,에너지 소비 및 효율화,0.5582735538482666,시즈오카현은 탄소제로 사회를 실현하기 위해서 현 정부가 소유한 건축물의 에너지 소비량을 실질 제로로 하는 ZEB화를 적극 추진하고 있다. ZEB는 태양광 등 자연에너지를 활용한 자가 발전과 에너지 절약을 조합해서 에너지 소비량을 실질 제로로 하는 건물이다.
378,context,0.1282,neutral,0.9999,인적자원 관리,S,S_HR__DIVERSITY_INCLUSION,다양성 및 형평성 (DEI),0.4274626672267914,"재생 농업은 농업이 환경에 미치는 영향을 해결하기 위해 추진되는 농업으로, 생태계 개선과 복원, 토양 건강과 비옥도 증진, 배출량 감소, 유역 관리 강화, 생물 다양성 증대, 농부들의 생계 개선을 목표로 한다."
379,opportunity,0.3441,positive,0.6576,인적자원 관리,S,S_HR__DIVERSITY_INCLUSION,다양성 및 형평성 (DEI),0.5232828855514526,장애인 의무고용은 장애인 고용촉진 및 직업재활법률에 따라 상시 50인 이상 민간기업은 전체 직원의 3.1% 이상을 장애인으로 고용해야 하는 제도다. 한화투자증권은 기존 직무 추가 고용과 함께 사내 장애인 보조 영어강사를 신규 채용해 임직원을 대상으로 어학 교육을 제공하기로 했다.
380,risk,0.5248,negative,0.9986,에너지 관리,E,E_ENERGY__RENEWABLE_TRANSITION,신재생에너지 전환,0.5255637764930725,구체적으로 삭감된 내역을 보면 수소환원제철공정 기술개발(60%) 넷제로 수요관리 기술개발(35.3%) RE100 전주기 공정지원 기술개발 및 실증 연구사업(16%) 등이다. 태양광과 풍력 핵심개발 사업도 각각 29.8%와 16.1% 줄었다. 사실상 탄소중립 관련 핵심기술 대부분에 예산삭감이 이뤄진 것이다.
381,context,0.1745,neutral,0.9998,에너지 관리,E,E_ENERGY__EFFICIENCY_CONSUMPTION,에너지 소비 및 효율화,0.5817306041717529,"양연호 그린피스 기후에너지 캠페이너는 데이터센터 폐열의 일정 비율을 재사용하도록 강제하는 법안을 통과시키기까지 한 독일처럼, 국내도 데이터센터의 에너지 효율 개선 및 재생에너지 사용을 의무화하고 이와 관련된 정보를 투명하게 확인할 수 있도록 만들어야 한다 고 주장했다."
382,context,0.1034,neutral,0.5441,에너지 관리,E,E_ENERGY__RENEWABLE_TRANSITION,신재생에너지 전환,0.6337544322013855,"이들 기업을 포함해 KT, 삼성 등 대규모 데이터센터를 운용하는 기업이 RE100(재생에너지 100% 사용)을 선언한 만큼 그 운영을 위한 재생에너지 전력 확보도 중요할 것으로 보인다. 이는 추후 전력의 온실가스 배출량을 집계하는 스코프2 항목의 공시 대비를 위해서도 중요하다."
383,opportunity,0.5952,positive,0.9887,에너지 관리,E,E_ENERGY__EFFICIENCY_CONSUMPTION,에너지 소비 및 효율화,0.6019828915596008,"카카오는 지난 9월 재생에너지 인프라와 고효율 에너지 설비, 우수 중수 폐열 재활용 시스템 도입 및 자연 조건을 활용한 다양한 에너지 절감 기술을 적용 한 자체 데이터센터를 준공했다. 네이버 또한 태양광 재생에너지 사용, 서버 폐열을 활용한 온실식물 재배, 빗물을 모아 냉각수로 활용하는 등 친환경 데이터센터를 구축했다고 밝혔다."
384,context,0.1712,neutral,0.925,에너지 관리,E,E_ENERGY__EFFICIENCY_CONSUMPTION,에너지 소비 및 효율화,0.616823136806488,"EU는 에너지효율화지침(Energy Efficiency Directive)을 통해 회원국 내 데이터센터 전력 사용 정보 공개 의무를 지난달 20일 부과했다. 500kW 이상 전력을 소모하는 데이터센터를 소유하거나 운영하는 기업은 내년 5월까지 관련 정보를 공개해야 한다고 못 박은 것. 공개 항목은 데이터센터 내 설정 온도, 용수 사용량, 폐열 활용 방안과 재생에너지 활용 비율 등이다."
385,context,0.0992,neutral,0.9999,인적자원 관리,S,S_HR__DIVERSITY_INCLUSION,다양성 및 형평성 (DEI),0.3308146595954895,"자연재건 전문가인 제리 머레이는 지난 6월 BBC에 기고한 글에서 현재 우리의 식습관은 지구를 질식시키고 있다 면서 식량 생산은 전 세계 생물 다양성 손실의 거의 60%의 원인이며, 남획과 기후 변화와 물 부족을 야기하고 있다 며 곤충을 먹어도 좋다는 생각을 받아들이는 방식으로 식습관에 변화를 줘 기후 변화에 맞서 싸울 것을 촉구했다."
386,context,0.1716,neutral,0.9944,에너지 관리,E,E_ENERGY__RENEWABLE_TRANSITION,신재생에너지 전환,0.575128972530365,보고서는 올해 재생에너지 발전 능력은 500GW 확충될 것으로 전망하며 하루에 10억달러 이상이 태양광 발전에 투자되고 있다고 밝혔다. 각국 정부가 발표한 정책을 고려할 때 2030년에는 전력 생산을 위한 투자의 80%가 재생에너지에 집중되고 태양광 발전 투자가 50% 이상을 차지할 전망이다. 하지만 가격 경쟁력과 태양광 모듈 생산능력을 고려하면 태양광 발전이 가진 잠재력은 더 크다는 분석이 나온다.
387,context,0.142,neutral,0.9999,에너지 관리,E,E_ENERGY__RENEWABLE_TRANSITION,신재생에너지 전환,0.4734196662902832,"경기도가 산업단지와 농지, 호수, 가정과 공공기관 부지를 가리지 않고 태양광 발전을 늘리는데 적극적인 가운데 용인시도 내년 4개 공공기관 건물과 옥상에 설비용량 730KW 규모의 태양광 모듈을 설치할 계획이다."
388,context,0.1917,neutral,0.999,에너지 관리,E,E_ENERGY__RENEWABLE_TRANSITION,신재생에너지 전환,0.6396821141242981,또한 인허가 기간 단축을 위한 재생에너지(Renewable Energy Directive) 지침 개정과 2022년 에너지 위기 극복을 위해 도입된 인허가 절차 단축을 위한 비상조치 적용 기간 연장 고부가가치 장치에 대한 보상과 프로젝트 추진 일정 준수를 가능하게 하는 입찰 설계 관련 산업의 사이버보안 위험 관리 등의 내용도 포함돼 있다.
389,context,0.1635,neutral,0.9984,에너지 관리,E,E_ENERGY__EFFICIENCY_CONSUMPTION,에너지 소비 및 효율화,0.5458424687385559,탄소배출을 줄이기 위해 이 은행은 2025년 에너지 절감 목표를 20%에서 30%로 확대하고 2025년까지 자체 전력 사용으로 100% 재생에너지로 전환할 계획이다.
390,context,0.1702,neutral,0.9999,인적자원 관리,S,S_HR__DIVERSITY_INCLUSION,다양성 및 형평성 (DEI),0.5673930644989014,"호주 정부는 ESG 공시 외에도 다양한 산업 분야에서 ESG 경영이 이루어지도록 정책적 기반 조성에 나서고 있다. 광업 분야에서는 차별 금지와 인권, 뇌물 수수 등 부패 방지를 위한 입법을 추진하고 있다. 탄소배출이 많은 철강 산업의 탄소 감축을 위해 지속가능 철강업체를 식별하는 인증 제도인 환경 지속가능헌장(Environmental Sustainability Charter, ESC) 도 운영하고 있다."
391,context,0.1822,neutral,0.9997,에너지 관리,E,E_ENERGY__RENEWABLE_TRANSITION,신재생에너지 전환,0.6073985695838928,IEA(국제에너지기구)가 지난 14일 발표한 에너지전망 보고서에 따르면 2030년에는 전력 생산을 위한 투자의 80%가 재생에너지에 집중될 전망이다. 대부분의 선진국들이 2040년에서 2050년까지 탄소중립을 달성하겠다고 약속함에 따라 재생에너지 확대는 피할 수 없는 선택이기 때문이다. 특히 글로벌 기업들의 RE100(재생에너지 100% 사용) 가입이 이어지는 것도 재생에너지 수요를 늘리는 요인이 되고 있다.
392,context,0.1642,neutral,0.9994,에너지 관리,E,E_ENERGY__RENEWABLE_TRANSITION,신재생에너지 전환,0.547744631767273,IRENA(국제재생에너지기구)는 급속한 재생에너지 전환에 따라 관련 폐기물이 앞으로 새로운 환경 문제를 야기할 것 이라며 그 중 태양광 폐패널(PV) 처리가 가장 큰 과제 중 하나 라고 지적했다.
393,context,0.1596,neutral,0.9988,에너지 관리,E,E_ENERGY__RENEWABLE_TRANSITION,신재생에너지 전환,0.5326300859451294,캐나다 ESG전문 매체 코퍼릿나이츠(Corporate Knights)는 전 세계적으로 재생 에너지 생산을 위한 태양광 발전 사업이 팽창함에 따라 태양광 폐패널 처리 문제 해결을 위한 조치가 시급하다 고 최근 보도했다.
394,context,0.1767,neutral,0.9999,인적자원 관리,S,S_HR__DIVERSITY_INCLUSION,다양성 및 형평성 (DEI),0.5891042351722717,"포럼의 기조연설은 기후 변화에 관한 정부간 협의체(IPCC) 제6차 종합보고서 핵심 저자인 이준이 부산대 교수가 맡는다. 이 교수의 연설 주제는 온실가스 감축, 기후위험 저감, 생물 다양성 증대 등을 아우르는 내용을 담은 기후 탄력적 발전 이다."
395,context,0.127,neutral,0.9999,인적자원 관리,S,S_HR__DIVERSITY_INCLUSION,다양성 및 형평성 (DEI),0.4235382378101349,이번 정상회담을 개최한 드니 사수 은게 콩고민주공화국 대통령은 열대우림 보전과 생물 다양성 보호를 위한 열대우림 보유국의 연합을 촉구한다.며 열대우림을 보전하기 위한 협력 및 자금 조달을 위한 글로벌 거버넌스를 구축하는 것이 이번 회담의 목표라고 밝혔다.
396,opportunity,0.6619,positive,0.9947,에너지 관리,E,E_ENERGY__RENEWABLE_TRANSITION,신재생에너지 전환,0.6654385328292847,네이버는 다양한 파트너와의 협업으로 사옥 및 데이터센터의 재생에너지 사용을 확대해 RE100 및 2040 카본 네거티브 를 달성하겠다는 계획이다. 네이버는 지난해 12월 태양광 발전을 통한 재생에너지를 도입하기 위해 한국전력 및 엔라이튼과 제3자 PPA를 체결한 바 있다.
397,opportunity,0.5698,positive,0.9998,에너지 관리,E,E_ENERGY__RENEWABLE_TRANSITION,신재생에너지 전환,0.5699577331542969,한국수자원공사와 네이버가 수력발전 재생에너지 공급을 위한 직접전력거래계약(PPA)을 체결했다고 30일 밝혔다. 이번 계약으로 네이버는 국내 최초로 수력발전으로 만든 PPA 재생에너지를 사옥 운영에 도입하게 된다.
398,context,0.1845,neutral,0.9998,윤리경영·준법,G,G_ETHICS__ANTI_CORRUPTION_COMPLIANCE,반부패 및 컴플라이언스,0.6149929761886597,이번에 제정된 우리금융그룹 윤리강령 가이드라인은 조직구성원이 우리금융이 설정한 윤리 수준을 이해하고 행동할 수 있도록 도와주는 구체적인 행동 기준이다. 임 회장은 윤리경영 가이드라인은 업무수행 과정에서 옳고 그름의 판단 기준이 될 것 이라며 우리의 발목을 잡았던 금융사고를 반면교사로 삼아 CEO들이 솔선수범해서 윤리경영 문화를 완성해달라 고 당부했다.
399,context,0.1941,neutral,0.9999,윤리경영·준법,G,G_ETHICS__ANTI_CORRUPTION_COMPLIANCE,반부패 및 컴플라이언스,0.6470476984977722,윤리강령 준수 서약식을 통해 임 회장을 비롯한 우리금융 CEO들은 올바른 윤리강령과 행동 기준을 실천해 내부통제 실효성을 강화하고 이를 조직문화로 삼을 것을 대내외에 약속했다.
400,context,0.179,neutral,0.9999,윤리경영·준법,G,G_ETHICS__ANTI_CORRUPTION_COMPLIANCE,반부패 및 컴플라이언스,0.5967903733253479,금융기관의 ESG 활동 가운데 임종룡 우리금융그룹 회장을 비롯해 13개 우리금융의 전 계열사개 CEO들의 윤리강령 준수 서약식 행사가 주목된다. 이는 최근 대구은행과 BNK 등의 천문학적인 규모의 내부자 횡령 사건이 잇따르면서 금융기관에 대한 신뢰가 떨어지는 상황에서 우리금융그룹이 선도적으로 윤리 경영을 강조하고 나온 것이다.
401,opportunity,0.4424,positive,0.9997,에너지 관리,E,E_ENERGY__RENEWABLE_TRANSITION,신재생에너지 전환,0.4425506591796875,"또 시화호 조력발전소와 제주감귤 태양광발전 등 신재생에너지 사업을 준공했고, 영월 풍력발전단지 준공도 앞뒀다. 현재 인천 굴업도 해상풍력을 비롯해 다수의 육상 해상풍력 사업에 참여하고 있다."
402,context,0.1646,neutral,0.9978,기후변화·온실가스,E,E_CLIMATE__SCOPE1_2_EMISSION,Scope 1·2 배출량,0.5500083565711975,"대상을 받은 삼성생명 본관은 지난해 대비 24%의 전기량을 줄였다. 건물 전체 고효율 발광다이오드(LED) 교체, 전력 사용량 자동제어 감시 시스템 운영, 전력 피크 시간대 냉방기 순차 운휴 등을 통해 노력한 결과이다."
403,context,0.1783,neutral,0.9999,기후변화·온실가스,E,E_CLIMATE__SCOPE1_2_EMISSION,Scope 1·2 배출량,0.5942770838737488,"이번 대회에는 서울시에 소재한 에너지다소비건물과 ESG 경영에 깊은 관심을 가진 기업 등 32곳이 참가했다. 우수건물로 선정된 14곳은 지난해 7 8월 대비 대비 약 3GWh(평균 5%)가량 전기 사용량을 줄였다. 이는 시내의 약 5,000 가구가 사용할 수 있는 전력량이다. (2023년 8월 기준 서울시 가구 평균 전력 사용량은 303KWh 월이다.)"
404,context,0.1022,neutral,0.9995,인적자원 관리,S,S_HR__DIVERSITY_INCLUSION,다양성 및 형평성 (DEI),0.340755432844162,"그러나 팜 농장 개간을 위한 산림 벌채와 열대 우림 파괴, 생물 다양성 감소, 원주민 공동체 파괴와 생산 노동자 착취 등 팜유 생산과 관련된 지속가능성 문제가 계속 제기되어 왔다."
405,context,0.1602,neutral,0.9996,에너지 관리,E,E_ENERGY__EFFICIENCY_CONSUMPTION,에너지 소비 및 효율화,0.5341905951499939,ICL 연구진의 이번 전망은 2021년 이후 이산화탄소 배출량을 토대로 다시 분석한 것이다. 연구진은 대기 온도를 낮추는 효과를 내는 에어로졸 입자가 화석연료 사용량 감소와 함께 줄어든 것도 기온 상승의 또 다른 요소가 될 수 있다고 지적했다.
406,context,0.1603,neutral,0.9997,기후변화·온실가스,E,E_CLIMATE__SCOPE3_EMISSION,Scope 3 배출량,0.5345087647438049,"이에 대해 이재혁 상장회사협의회 전무는 특히 스코프3(Scope 3) 공시에 대한 기업의 어려움을 드러냈고, 중복공시 해결을 위한 통합 플랫폼 구축을 강조했다."
407,context,0.1489,neutral,0.9995,이사회 구조,G,G_BOARD__COMPOSITION_INDEPENDENCE,이사회 구성 및 독립성,0.49679043889045715,"이번 서밋에서는 또 SK 주요 사업인 전기차 배터리와 인공지능(AI) 등의 글로벌 시장 전망과 관계사 전략을 살펴보고, 전략 투자 관련 이사회 역할과 SK 성장을 위한 이사회 구성 방향성 등에 대해 의견을 나눴다."
408,opportunity,0.4054,positive,0.593,윤리경영·준법,G,G_ETHICS__ANTI_CORRUPTION_COMPLIANCE,반부패 및 컴플라이언스,0.6835966110229492,"최근 ESG 공시 인증 기준인 국제지속가능성인증기준(International Standard on Sustainability Assuarance 5000, ISSA 5000)을 공개한 IAASB는 인증제공자는 국제윤리기준위원회의 국제윤리기준(International Independence Standards)을 포함한 전문회계사 윤리강령(International Code of Ethics for Professional Accountants)과 같은 관련 윤리적 요구 사항을 준수하고 ISSAB의 품질관리기준에 부합하는 수준의 품질관리 시스템을 갖출 것을 요구한다. 인증기관의 독립성도 중요한 자격 조건이다."
409,context,0.1602,neutral,0.8557,ESG 데이터 거버넌스,G,G_DATA_GOVERNANCE__ESG_DATA_CONTROL,ESG 데이터 내부통제,0.623988926410675,"제한적 확신(Limited Assurance)은 인증 대상 정보에 대한 정보 사용자의 신뢰가 유의미한 수준 이상이지만, 합리적 확신에 미치지 못하는 수준을 뜻한다. 대표적인 사례로 기업의 분기나 반기 재무제표에 대한 감사인의 검토의견이 여기에 해당한다."
410,context,0.1771,neutral,0.9986,에너지 관리,E,E_ENERGY__RENEWABLE_TRANSITION,신재생에너지 전환,0.5909886956214905,"한국에너지공단 관계자는 RE100의 영향력이 확대되고 있지만, 국내 민간 중심의 재생에너지 발전 시장은 투자 자금 조달의 어려움 등으로 확대되지 못하고 있다며 이 펀드가 RE100 확산의 마중물 역할을 하기를 기대한다고 말했다."
411,context,0.2547,neutral,0.9997,에너지 관리,E,E_ENERGY__RENEWABLE_TRANSITION,신재생에너지 전환,0.8492422699928284,"펀드의 투자처는 기업의 RE100 이행을 위한 재생에너지 조달용 PPA(전력구매계약), REC(재생에너지인증서) 장기계약을 위한 재생에너지 발전사업 부문 등이다."
412,context,0.1866,neutral,0.9999,인적자원 관리,S,S_HR__DIVERSITY_INCLUSION,다양성 및 형평성 (DEI),0.6219435334205627,"온실가스 배출량, 재생에너지 사용량 등 환경 지표, 여성 임원 비율 등의 다양성 지표, 인권과 작업장 내 안전 지표 등이 46개 공통 지표에 포함된다. 46개의 공통 지표 외에 각 계열사의 산업별 특징에 따른 ESG 지표들도 있다. 예컨대 LG전자의 경우 제품의 생산단계 뿐 아니라 사용단계에서 발생하는 스코프3 온실가스의 배출량도 측정하여 관리하고 있다."
413,context,0.1007,neutral,0.9998,인적자원 관리,S,S_HR__DIVERSITY_INCLUSION,다양성 및 형평성 (DEI),0.3356808125972748,문윤상 KDI(한국개발연구원) 연구위원 역시 토론자로 나서면서 과거 형평성 중심 지역균형발전 정책의 문제를 지적했다.
414,context,0.1906,neutral,0.9966,ESG 데이터 거버넌스,G,G_DATA_GOVERNANCE__ESG_DATA_CONTROL,ESG 데이터 내부통제,0.6375842690467834,신한금융은 이들 7개 자산유형에 대한 금융배출량을 공시하고 있고 로이드인증원으로부터 금융배출을 포함한 전체 온실가스 배출량 공시에 대해 제한적 확신(limited assurance) 수준의 인증도 받았다. 금융배출량 공시 대상을 전환금융 배출량까기 확대하는 것은 PCAF가 정한 기준을 넘어서는 일이다.
415,context,0.1521,neutral,0.9762,에너지 관리,E,E_ENERGY__RENEWABLE_TRANSITION,신재생에너지 전환,0.5195056796073914,국제에너지기구(IEA)에 따르면 올해에만 약 500GW의 재생에너지 발전 용량이 추가될 것으로 예상된다. 또 신규 태양광 발전소 증설에만 하루에 최소 10억 달러(약 1.3조 원)가 투자되고 있다.
416,context,0.1648,neutral,0.9999,기후변화·온실가스,E,E_CLIMATE__SCOPE1_2_EMISSION,Scope 1·2 배출량,0.5494085550308228,"정 센터장은 만약 우리가 간접 배출량 스코프 2를 계산하려 한다면 한국전력의 ESG 데이터가 필요하다 며 민간 기업들이 그런 데이터를 수집하기에는 한계가 따르기 때문에, 정부 차원에서 데이터 허브를 열어 관련 데이터를 넣어두면 중소기업들도 인증받은 데이터들을 손쉽게 이용할 수 있을 것 이라고 설명했다."
417,context,0.1413,neutral,0.9998,에너지 관리,E,E_ENERGY__RENEWABLE_TRANSITION,신재생에너지 전환,0.4709496796131134,"최형두 의원은 이번 국정감사의 최대 화두가 ESG였다. 산자중기위의 경우, 가장 많이 언급된 단어가 ESG, RE100, CFE 등이었다 며 이제 ESG를 모르면 금융기관이든, 기업이든 살아남기 어려운 시대가 됐다 고 말했다."
418,context,0.1838,neutral,0.9999,인적자원 관리,S,S_HR__DIVERSITY_INCLUSION,다양성 및 형평성 (DEI),0.6127827763557434,"ESG를 행정조직 입장에서 보면 기후위기와 신재생에너지 등 환경문제 대응 인권 존중, 근로 개선, 취약계층 돌봄 같은 사회적 기여 투명 행정과 윤리 행정의 제고, 산하기관 리더십 구성의 다양성, 주민자치 등 정부 지배구조의 변화를 중요하게 고려해야 한다. ESG행정의 필요성을 절감한 중앙정부와 지방자치단체들은 근래 기업의 ESG경영 지원을 위한 조례를 만들고 ESG위원회나 지속가능협의회 등을 앞다퉈 신설하고 있다. 행정 행위 자체를 기업 경영 행위처럼 어떻게 ESG에 부합시킬까 고민하는 단계에 이르렀다."
419,context,0.1838,neutral,0.9999,에너지 관리,E,E_ENERGY__RENEWABLE_TRANSITION,신재생에너지 전환,0.6127827763557434,"ESG를 행정조직 입장에서 보면 기후위기와 신재생에너지 등 환경문제 대응 인권 존중, 근로 개선, 취약계층 돌봄 같은 사회적 기여 투명 행정과 윤리 행정의 제고, 산하기관 리더십 구성의 다양성, 주민자치 등 정부 지배구조의 변화를 중요하게 고려해야 한다. ESG행정의 필요성을 절감한 중앙정부와 지방자치단체들은 근래 기업의 ESG경영 지원을 위한 조례를 만들고 ESG위원회나 지속가능협의회 등을 앞다퉈 신설하고 있다. 행정 행위 자체를 기업 경영 행위처럼 어떻게 ESG에 부합시킬까 고민하는 단계에 이르렀다."
420,opportunity,0.6314,positive,0.9993,에너지 관리,E,E_ENERGY__RENEWABLE_TRANSITION,신재생에너지 전환,0.6318913698196411,"SK에코플랜트는 단순 시공을 넘어 사업개발과 지분 투자, 파이낸싱, 연료전지 설계 조달 시공(EPC) 등을 담당할 계획이다. 이번 협력을 바탕으로 유럽의 데이터센터 전력공급 시스템과 신재생에너지 시장에 적극 진출할 계획이다."
421,context,0.1709,neutral,0.9525,에너지 관리,E,E_ENERGY__RENEWABLE_TRANSITION,신재생에너지 전환,0.5979649424552917,"SK에코플랜트는 지난 2일 서울 종로구 본사에서 아일랜드의 발전 신재생에너지 전문 개발사인 럼클룬에너지와 신규 데이터센터 연료전지 공급을 위한 업무협약을 체결했다고 5일 밝혔다. 이번 협약에는 태양광, 수소, 에너지저장장치(ESS) 등 신재생에너지 관련 협력 내용도 담겼다."
422,context,0.1675,neutral,0.9812,에너지 관리,E,E_ENERGY__EFFICIENCY_CONSUMPTION,에너지 소비 및 효율화,0.5690747499465942,"우선 소성공정에서 사용하는 화석연료를 대체할 연료 사용을 확대키로 했다. 지난해까지 2,200억원을 투자해 관련 설비와 인프라를 구축하는 1차 투자를 완료했으며 앞으로 1,400억원을 추가 투자해 화석연료 사용량을 추가 감축, 최종적으로 2030년에는 전 세계 시멘트업계 최초로 탈석탄을 실현한다는 구상이다."
423,context,0.214,neutral,0.9997,ESG 데이터 거버넌스,G,G_DATA_GOVERNANCE__ESG_DATA_CONTROL,ESG 데이터 내부통제,0.7136641144752502,그는 또한 ESG공시가 재무공시 수준의 완전성과 신뢰성을 담보할 수 있도록 (공시)프로세스를 재설계하고 있다 며 이를 위해 ESG 데이터 거버넌스 명확화와 내부통제 체계 구축 등이 중요하다고 판단해 기존 재무정보 프로세스와 통합 수준을 높이는 데 집중하고 있다 고 말했다.
424,context,0.1001,neutral,0.5098,윤리경영·준법,G,G_ETHICS__ANTI_CORRUPTION_COMPLIANCE,반부패 및 컴플라이언스,0.6544657945632935,ISSA 5000은 인증에 참여할 수 있는 기관도 회계법인뿐 아니라 일정 자격을 가진 독립된 기관으로 정해 놓았다. 인증 기관은 국제윤리기준위원회의 국제윤리기준(International Independence Standards)을 포함한 전문회계사 윤리강령(International Code of Ethics for Professional Accountants)과 같은 관련 윤리적 요구 사항을 준수하고 ISSAB의 품질관리기준에 부합하는 수준의 품질관리 시스템을 적용해야 한다.
425,context,0.1858,neutral,0.9886,ESG 데이터 거버넌스,G,G_DATA_GOVERNANCE__ESG_DATA_CONTROL,ESG 데이터 내부통제,0.6265111565589905,"ISSA 5000은 제한적 확신과 합리적 확신(Reasonable Assurance)을 모두 수행한다. 제한적 확신(Limited Assurance)은 인증 대상 정보에 대한 정보 사용자의 신뢰가 유의미한 수준 이상이지만, 합리적 확신에 미치지 못하는 수준을 뜻한다. 대표적인 사례로 기업의 분기나 반기 재무제표에 대한 감사인의 검토의견이 여기에 해당한다."
426,context,0.2351,neutral,0.9633,에너지 관리,E,E_ENERGY__RENEWABLE_TRANSITION,신재생에너지 전환,0.8136752247810364,"K-RE100은 신재생 공급인증서(REC) 구매, 직접 전력 거래 계약(PPA), 녹색프리미엄, 재생에너지 발전사업 지분투자, 자체 건설 등을 통해 이행할 수 있다. NH농협금융은 출범 10주년을 맞아 지난해 2050 탄소중립을 공식 선언한 바 있다."
427,context,0.236,neutral,0.9998,에너지 관리,E,E_ENERGY__RENEWABLE_TRANSITION,신재생에너지 전환,0.78675377368927,"NH투자증권은 올해 K-RE100 이행 방안으로 신재생 공급인증서(REC)를 구매하기로 했으며, 이를 위해 에너지 IT 기업인 해줌(Haezoom)과 함께 진행했다. REC를 구매하면 재생에너지 직접 생산과 동일한 효과를 가지게 되고 온실가스 배출 감축 실적 역시 인정받을 수 있다."
428,opportunity,0.5331,positive,0.8777,에너지 관리,E,E_ENERGY__RENEWABLE_TRANSITION,신재생에너지 전환,0.6074350476264954,NH투자증권은 탄소 중립 목표를 달성하기 위해 한국형 RE100(K-RE100)에 가입했다고 13일 밝혔다.
429,opportunity,0.6155,positive,0.9978,이사회 구조,G,G_BOARD__COMPOSITION_INDEPENDENCE,이사회 구성 및 독립성,0.6169008612632751,"KAI는 국내 ESG 평가기관 서스틴베스트로부터 2023년 상반기 ESG 종합평가에서 지난해보다 한 단계 높은 AA를 획득했다. 해당 평가에서 최고 등급이다. 기업 혁신 활동과 생산공정, 공급망 관리, 주주 권리 및 이사회 구성과 활동 등에서 높은 평가를 받았다고 KAI 측은 설명했다."
430,opportunity,0.6673,positive,0.9998,윤리경영·준법,G,G_ETHICS__ANTI_CORRUPTION_COMPLIANCE,반부패 및 컴플라이언스,0.6674626469612122,"KAI는 지난 2018년 부패방지 경영시스템을 도입해 ISO 37001 인증을 받았고, 2021년 인증을 갱신했다. 이번 심사로 규범준수 경영시스템과 함께 통합인증을 획득했다."
431,opportunity,0.7022,positive,0.9998,윤리경영·준법,G,G_ETHICS__ANTI_CORRUPTION_COMPLIANCE,반부패 및 컴플라이언스,0.7023723125457764,한국항공우주산업(KAI)은 한국준법진흥원(KCI)으로부터 규범준수 경영시스템(ISO 37301)과 부패방지 경영시스템(ISO 37001) 국제표준 통합인증을 획득했다고 13일 밝혔다.
432,opportunity,0.5098,positive,0.9824,에너지 관리,E,E_ENERGY__EFFICIENCY_CONSUMPTION,에너지 소비 및 효율화,0.5189083814620972,"지난해까지 이미 2200억원을 투자해 관련 설비와 인프라를 구축하는 1차 투자를 완료했으며 앞으로 1400억원을 추가 투자해 화석연료 사용량을 추가 감축, 최종적으로 2030년에는 전 세계 시멘트업계 최초로 탈석탄을 실현한다는 구상이다."
433,opportunity,0.5643,positive,0.9265,에너지 관리,E,E_ENERGY__RENEWABLE_TRANSITION,신재생에너지 전환,0.609113872051239,"한편, NH투자증권은 탄소 중립 목표를 달성하기 위해 한국형 RE100(K-RE100)에 가입했다고 밝혔다. K-RE100은 기업이 2021년부터 자발적으로 진행하는 탄소중립 프로젝트의 한국형 제도다."
434,opportunity,0.6425,positive,0.9842,에너지 관리,E,E_ENERGY__RENEWABLE_TRANSITION,신재생에너지 전환,0.652856171131134,"태광산업 관계자는 태양광 발전을 통한 친환경 재생에너지 사용으로 이산화탄소 감축효과는 물론 전기요금 인상 대비에도 긍정적 효과가 기대된다며 앞으로도 RE100, 탄소중립 등 ESG(환경 사회 책임 지배구조) 경영을 바탕으로 한 지속가능 환경경영 체계 구축에 최선을 다할 것이라고 말했다."
435,opportunity,0.5171,positive,0.7567,에너지 관리,E,E_ENERGY__RENEWABLE_TRANSITION,신재생에너지 전환,0.6833128929138184,"태광산업의 태양광은 자가소비용으로 생산된 전력을 사업장 내에서 자체적으로 소비하게 되며, 기업의 RE100(재생에너지 100% 사용) 이행 수단의 하나로 활용된다. 태광산업은 울산시 소재 섬유 화학업종에서 RE100 이행을 위한 자가소비용 태양광 설비 1 급을 설치한 사례는 처음이라고 설명했다."
436,context,0.1176,neutral,0.6646,에너지 관리,E,E_ENERGY__RENEWABLE_TRANSITION,신재생에너지 전환,0.5898416042327881,"국내 스마트팜 규모가 증가하면서 이를 관리하기 위한 에너지 자립 기술 개발 등 제도적 노력도 이뤄지고 있다. 앞선 보고서에 의하면, 스마트팜의 환경영향에 대한 주요 이슈가 전력 소모인만큼 장기적인 기술 개발과 재생에너지 전환을 통한 개선과 극복이 가능하다는 설명이다. 특히 기존 전력의 50%를 태양광으로 대체하면 탄소발자국이 약 44% 감소, 100% 대체하면 약 88% 감소할 것으로 추정됐다."
437,context,0.1484,neutral,0.9998,에너지 관리,E,E_ENERGY__RENEWABLE_TRANSITION,신재생에너지 전환,0.49491995573043823,그럼에도 불구하고 스마트팜은 지속가능한 농산물 생산을 위한 대안이 될 수 있다고 전문가들은 말한다. 전력 수급과 관련한 문제는 장기적으로 관련 기술 발달과 재생에너지 전환 등으로 극복할 수 있다는 것이다.
438,context,0.1468,neutral,0.9981,에너지 관리,E,E_ENERGY__RENEWABLE_TRANSITION,신재생에너지 전환,0.4902411997318268,"최병욱 애널리스트는 고금리는 특히 신재생에너지 분야 기술주에 비우호적 이라며 부채비율 및 설비투자 비용이 높은 신규 산업 특성상, 평균 대비 높은 부채비율을 가지고 있어 금리에 민감하다고 밝혔다. 더불어 금리가 높아질수록 상승하는 발전량 대비 에너지비용(LCOE)도 가스에 비해 해상풍력과 태양광이 높다고도 밝혔다."
439,context,0.1822,neutral,0.9998,에너지 관리,E,E_ENERGY__RENEWABLE_TRANSITION,신재생에너지 전환,0.6072930097579956,"지난 4월 김 지사는 2030년까지 신재생에너지 발전 비중 30% 달성, 온실가스 배출량 40% 감축을 목표로 하는 경기 RE100 비전을 선포하고 그 일환으로 산단 RE100을 추진 중이다."
440,context,0.1517,neutral,0.9932,에너지 관리,E,E_ENERGY__RENEWABLE_TRANSITION,신재생에너지 전환,0.5091108679771423,"경기도는 16일 삼성전자, 에넬엑스코리아, 한국중부발전과 기업 RE100 달성을 위한 재생에너지 공급 업무협약을 맺었다. 협약에 따라 에넬엑스코리아와 한국중부발전 컨소시엄은 평택 지역 산단의 태양광 설비에 700억원을 투자해 45MW를 생산하게 된다."
441,context,0.1764,neutral,0.9999,에너지 관리,E,E_ENERGY__RENEWABLE_TRANSITION,신재생에너지 전환,0.5879780650138855,RE100 산업단지는 시설물 지붕과 유휴부지에 태양광 등 신재생에너지 발전시설 설치를 의무화해 전기를 생산하는 산단이다.
442,opportunity,0.4036,positive,0.9359,에너지 관리,E,E_ENERGY__RENEWABLE_TRANSITION,신재생에너지 전환,0.43127626180648804,"가디언에 따르면 영국 정부는 지난 9월 5GW 규모의 해상풍력 발전 사업 입찰을 실시했으나, 응찰자가 없었다. 3.7GW 규모의 육상풍력과 태양광 발전 사업에서만 사업자가 선정됐다."
443,context,0.1183,neutral,0.9715,에너지 관리,E,E_ENERGY__RENEWABLE_TRANSITION,신재생에너지 전환,0.4061026871204376,다른 재생에너지 사업의 보장 가격도 인상됐다. 지열발전은 1MW당 119파운드에서 157파운드로 32% 인상됐고 태양광 발전은 47파운드에서 61파운드로 30% 인상됐다. 조력 발전은 202파운드에서 261파운드로 29% 인상됐다.
444,context,0.1873,neutral,0.9998,에너지 관리,E,E_ENERGY__RENEWABLE_TRANSITION,신재생에너지 전환,0.6242765188217163,"에너지 전환을 위한 글로벌 씽크탱크인 에너지전환위원회(이하 ETC, Energy Transitions Commission)는 16일 에너지 전환에서의 화석연료(Fossil Fuels in Transition)라는 보고서를 통해 CCUS에 대한 지나친 의존과 낙관을 경계해야 한다고 주장했다."
445,context,0.0983,neutral,0.9996,인적자원 관리,S,S_HR__DIVERSITY_INCLUSION,다양성 및 형평성 (DEI),0.32774817943573,"그렇지만 정부와 여당이 민주당의 추진중인 횡재세 법안을 시장 경제와 우려된다며 반대하고 있는 상황인 만큼 1조9000억원에 이르는 횡재세의 현실화의 가능성은 높지는 않을 것으로 전망된다. 국민의힘 측은 민주당 횡재세법은 법인세와의 이중과세 논란, 주주 이익 침해에 따른 위헌소송 가능성, 다른 기업과의 조세 형평성 문제 등에서 자유롭지 않다는 입장이다."
446,context,0.1391,neutral,0.7644,ESG 데이터 거버넌스,G,G_DATA_GOVERNANCE__ESG_DATA_CONTROL,ESG 데이터 내부통제,0.6063464879989624,합리적 확신(Reasonable Assurance)은 인증 제공자가 인증 대상 정보가 왜곡되지 않았다는데 절대적이진 않아도 상당히 높은 수준의 확신을 갖고 있다는 의미다. 기업 재무제표에 대한 감사인의 감사의견이 합리적 확신에 해당한다.
447,opportunity,0.6169,positive,0.9946,이사회 구조,G,G_BOARD__COMPOSITION_INDEPENDENCE,이사회 구성 및 독립성,0.6202223896980286,"SK가스는 적극적인 탄소 감축과 안전 보건 관리, 지속적인 이사회 독립성 향상 노력 등이 인정받으면서 지난 8월 AA에서 AAA로 등급이 올랐다."
448,context,0.1714,neutral,0.9997,인적자원 관리,S,S_HR__DIVERSITY_INCLUSION,다양성 및 형평성 (DEI),0.5716071128845215,"유럽연합 집행위원회(EC)는 14일 자연과 생물 다양성, 순환 경제와 삶의 질, 기후 변화 완화 및 적응, 청정에너지 전환 등의 분야 내 기후 환경 지속가능성 프로젝트에 약 3억 9600만 유로(약 5600억 원)가 넘는 투자 기금을 승인했다고 발표했다. 이 새로운 투자는 환경과 기후 행동을 위한 EU의 자금 지원 기구인 LIFE 프로그램에 따라 이루어진 것이다."
449,context,0.1404,neutral,0.9991,인적자원 관리,S,S_HR__DIVERSITY_INCLUSION,다양성 및 형평성 (DEI),0.4683613181114197,"EU 집행위원회는 4억 유로(약 5600억 원) 규모의 기후 생물 다양성 순환 경제 프로젝트에 지원하기로 했고, EU 의원들은 새로운 자연 복원법에 합의했다."
450,context,0.1759,neutral,0.9999,에너지 관리,E,E_ENERGY__RENEWABLE_TRANSITION,신재생에너지 전환,0.5863180756568909,"김연지 경기도 에너지산업과장은 설명회를 통해 경기도의 산단 RE100 정책을 안내하고 산단 내 입주기업들의 목소리를 들을 수 있는 기회가 될 것이라며 산업단지 RE100 사업으로 산단 입주기업이 안정적인 부가 수익을 거두고, 환경 사회 투명(ESG)경영을 대비할 수 있도록 지원하겠다고 말했다."
451,context,0.1894,neutral,0.9999,에너지 관리,E,E_ENERGY__RENEWABLE_TRANSITION,신재생에너지 전환,0.6312592625617981,경기도는 설명회에서 산업단지 RE100 참여기업 대상 인센티브 등 사업 계획을 발표한다. 협약 투자사는 탄소중립과 RE100 이행에 적합한 산업단지형 태양광발전소 사업모델 을 소개할 예정이다.
452,context,0.1665,neutral,0.9999,에너지 관리,E,E_ENERGY__RENEWABLE_TRANSITION,신재생에너지 전환,0.5550529360771179,"경기도가 주최하고 경기환경에너지진흥원이 주관하는 이번 설명회는 경기산단 RE100 사업의 8개 협약 투자 업체와 1회씩, 총 8회 개최된다."
453,context,0.1612,neutral,0.9996,에너지 관리,E,E_ENERGY__RENEWABLE_TRANSITION,신재생에너지 전환,0.5377479195594788,"경기도는 사업 추진을 위해 지난 5월부터 공모와 심의위원회를 통해 에스케이이엔에스(SK E S), 엘에스일렉트릭(LS ELECTRIC) 등 8개 민간투자 컨소시엄을 선정했다. 이어 김동연 경기도지사는 지난 7월 컨소시엄 대표들과 산업단지 RE100 투자협약 을 체결했다."
454,context,0.1744,neutral,0.9998,에너지 관리,E,E_ENERGY__RENEWABLE_TRANSITION,신재생에너지 전환,0.5815115571022034,"산업단지 RE100 사업은 산업단지 내 공장 지붕이나 유휴부지에 태양광 발전시설을 설치하고, 거기서 나오는 재생에너지를 단지 내 공장과 외부 기업에 공급하는 사업이다."
455,context,0.1186,neutral,0.9999,에너지 관리,E,E_ENERGY__RENEWABLE_TRANSITION,신재생에너지 전환,0.3953019082546234,경기도가 도내 산업단지 RE100 사업 홍보 및 참여기업 모집을 위해 오는 22일부터 찾아가는 기업 RE100 설명회 를 연다.
456,context,0.1732,neutral,0.9998,인적자원 관리,S,S_HR__DIVERSITY_INCLUSION,다양성 및 형평성 (DEI),0.5773348808288574,"자연자본 관련 재무정보공개협의체(TNFD)는 자연자본(Nature Capital) 공시 권고안을 지난 9월 확정 발표했다. 생태계 파괴로 인한 생물 다양성, 산림, 물 등의 자연자본의 손실을 기업의 위험과 기회를 평가할 때 주요 요소로 고려해야 한다는 지적에 따라 마련된 것이다."
457,context,0.1373,neutral,0.9999,인적자원 관리,S,S_HR__DIVERSITY_INCLUSION,다양성 및 형평성 (DEI),0.4578387439250946,네이처헴의 설립자 겸 CEO이자 보존 생물학자인 데비 손더스는 생물 다양성 회계의 투명성을 보장하는 것이 중요하다고 말하며 (생물다양성 추적은) 더 이상 착한 일 이 아닌 엄연한 규제 대상이 될 것 이라고 말했다.
458,opportunity,0.452,positive,0.9943,에너지 관리,E,E_ENERGY__RENEWABLE_TRANSITION,신재생에너지 전환,0.45455828309059143,현지 지역사회에 태양광 발전시설을 설치하는 등 태양광 발전과 연계한 친환경 에너지 활동도 확대한다.
459,opportunity,0.4534,positive,0.9998,에너지 관리,E,E_ENERGY__RENEWABLE_TRANSITION,신재생에너지 전환,0.45348289608955383,일진전기 제품이 쓰이는 중전기 전선시장은 코로나19 사태 이후 각국이 탄소중립 정책 확대하면서 급격한 성장세를 보이고 있다. 유럽과 북미 지역에서 신재생에너지 발전 투자가 증가하고 중동지역 인프라 투자가 확대되고 있기 때문이다.
460,context,0.1736,neutral,0.9998,에너지 관리,E,E_ENERGY__RENEWABLE_TRANSITION,신재생에너지 전환,0.5786671042442322,"이인근 서울시 기후환경본부장은 지열은 사계절 안정적으로 운영할 수 있는 친환경에너지인 만큼, 지열을 중심으로 시의 신재생에너지 보급률을 지속해서 끌어올려 2050 탄소중립을 달성할 수 있도록 노력하겠다고 말했다."
461,context,0.1663,neutral,0.9822,에너지 관리,E,E_ENERGY__RENEWABLE_TRANSITION,신재생에너지 전환,0.564493715763092,신재생에너지 공급 의무비율(올해 기준 32%) 중 50% 이상을 우선 적용할 방침이다.
462,context,0.1377,neutral,0.9571,에너지 관리,E,E_ENERGY__RENEWABLE_TRANSITION,신재생에너지 전환,0.4796479642391205,"서울시는 당초 신재생에너지 보급을 2005년 5MW에서 올해 6월 1,052MW로 크게 확대됐으나 태양광 연료전지 풍력 등은 날씨, 예산, 경제성 부족 등 여러 가지 한계를 노출했다."
463,context,0.1507,neutral,0.9998,에너지 관리,E,E_ENERGY__RENEWABLE_TRANSITION,신재생에너지 전환,0.5023346543312073,시는 최근 이러한 내용의 지열보급 활성화 종합계획을 수립해 21일 발표했다. 이번 계획에 따라 전체 신재생에너지 중 지열 비중은 올해 6월 기준 26.4%에서 2030년 41.5%로 확대된다.
464,context,0.1477,neutral,0.9998,인적자원 관리,S,S_HR__DIVERSITY_INCLUSION,다양성 및 형평성 (DEI),0.4925096929073334,"구글은 지난 7월 24일에 발표한 연례 환경 보고서에서도 홍수와 산불 예측부터 운송 경로와 관련된 배출량 계산, 생물 다양성 변화 감지까지 모든 분야에 AI를 사용하는 강력한 기후 행동 도구 포트폴리오를 구축하는 게 중요하다 고 강조했다."
465,context,0.2001,neutral,0.9977,기후변화·온실가스,E,E_CLIMATE__SCOPE3_EMISSION,Scope 3 배출량,0.6685808300971985,다만 중소기업의 경우 스코프 3 온실가스 배출량 공시 의무가 면제된다. 업스트림 공급망은 원자재 조달에서 제조까지의 공급망을 말하고 다운스트림 공급망은 제품 생산 후 운송과 유통 등의 공급망을 뜻한다.
466,context,0.2175,neutral,0.9999,기후변화·온실가스,E,E_CLIMATE__SCOPE3_EMISSION,Scope 3 배출량,0.724984884262085,SEC 공시 초안에 따르면 스코프 3의 공시의 경우 스코프3 배출을 포함하는 온실가스 감축 목표를 설정한 기업이나 스코프 3 배출량이 심대한(material) 기업은 업스트림과 다운스트림 공급망에서 발생하는 온실가스 배출량을 공시해야 한다.
467,context,0.1361,neutral,0.994,이사회 구조,G,G_BOARD__COMPOSITION_INDEPENDENCE,이사회 구성 및 독립성,0.45636963844299316,"지난주 실리콘밸리 뿐만 아니라 전 세계 AI업계, 나아가 글로벌 IT업계를 뒤흔든 올트만 오픈AI CEO 해임 사건은 이제 그의 복귀에 따라 제 2막에 접어들었다. 앞으로 오픈AI의 이사회 구성 등 거버넌스 체계가 어떻게 변모할지 귀추가 주목된다."
468,opportunity,0.5483,positive,0.9997,에너지 관리,E,E_ENERGY__RENEWABLE_TRANSITION,신재생에너지 전환,0.5484668612480164,"현대차 관계자는 재생에너지 전력의 안정적인 공급을 통해 기후변화에 선제적으로 대응하고, 국내사업장 재생에너지 전환에 본격적으로 나서겠다고 밝혔다."
469,context,0.2235,neutral,0.9993,에너지 관리,E,E_ENERGY__RENEWABLE_TRANSITION,신재생에너지 전환,0.7455667853355408,"해외 사업장은 2030년까지 재생에너지 100% 사용을 추진한다. 자가발전과 PPA, 재생에너지 인증서(REC) 구매 등이 목표 달성 방안으로 활용된다. 실제로 현대차 체코와 인도네시아 공장은 각각 지난해와 올해 REC 구매를 통해 재생에너지 100% 사용 달성을 완료했다."
470,opportunity,0.5442,positive,0.9366,에너지 관리,E,E_ENERGY__RENEWABLE_TRANSITION,신재생에너지 전환,0.58104407787323,현대차는 PPA 외에도 2025년까지 국내 사업장 부지 내 태양광 자가발전 인프라 구축에 2천억원 이상을 투자한다. 이를 바탕으로 오는 2030년까지 국내외 전체 사업장 전력의 60%를 재생에너지로 충당할 방침이다.
471,opportunity,0.5647,positive,0.9982,에너지 관리,E,E_ENERGY__RENEWABLE_TRANSITION,신재생에너지 전환,0.5657657980918884,"현대차는 지난해 4월 기아와 현대모비스, 현대위아와 함께 RE100 이니셔티브 가입을 승인받았다. 또 글로벌 RE100 권고 목표인 2050년보다 5년 빠른 2045년까지 재생에너지 100% 사용이라는 계획을 세운 바 있다."
472,opportunity,0.5665,positive,0.89,에너지 관리,E,E_ENERGY__RENEWABLE_TRANSITION,신재생에너지 전환,0.6365408897399902,이번 협약은 현대차가 선포한 2045년 RE100 달성 방안의 하나로 체결됐다. RE100은 글로벌 기업들이 2050년까지 기업의 사용 전력을 100% 재생에너지로 전환하자는 자발적인 캠페인이다.
473,opportunity,0.6112,positive,0.9998,에너지 관리,E,E_ENERGY__RENEWABLE_TRANSITION,신재생에너지 전환,0.6113266348838806,"현대차는 이번 계약에 따라 2025년까지 울산공장에 태양광 재생에너지 64메가와트( )를 조달할 계획이다. 이는 국내 기업이 체결한 PPA 중 최대 규모로, 이를 통해 연간 3만 9000톤의 탄소 절감 효과가 기대된다."
474,opportunity,0.7836,positive,0.9998,에너지 관리,E,E_ENERGY__RENEWABLE_TRANSITION,신재생에너지 전환,0.7837862372398376,"현대차는 23일 현대차 울산공장에서 현대건설과 태양광 재생에너지 PPA를 체결했다. PPA는 전기 사용자가 재생에너지 발전 사업자로부터 재생에너지를 사는 제도로, RE100 이행 수단 중 가장 널리 활용된다."
475,opportunity,0.6084,positive,0.9998,에너지 관리,E,E_ENERGY__RENEWABLE_TRANSITION,신재생에너지 전환,0.6084798574447632,"이번 직접 PPA 체결도 그룹 차원의 넷제로 추진 전략에 발맞춰 계열사들이 공동 TF를 구성해 추진했다. SK그룹은 직접 PPA 외에도 탄소 포집 저장 활용(CCUS) 기술 내재화, 탄소 저장소 개발, 블루 암모니아 생산 혼소발전, 암모니아 수소 연료전지 사업 등 차세대 친환경 기술을 적극 활용해 넷제로를 조기 달성할 방침이다."
476,context,0.1724,neutral,0.9634,에너지 관리,E,E_ENERGY__RENEWABLE_TRANSITION,신재생에너지 전환,0.5964008569717407,"이들 9개사는 SK E S가 태양광 발전소를 통해 생산한 재생에너지 전력을 2026년부터 20년간 각 사 주요 사업장과 데이터센터 등에 공급받는다. 이를 통해 누적 500만t의 온실가스를 감축하게 되며, 이는 소나무 약 2,000만 그루를 심는 효과와 동일하다."
477,context,0.2089,neutral,0.9986,에너지 관리,E,E_ENERGY__RENEWABLE_TRANSITION,신재생에너지 전환,0.6974273324012756,재생에너지 직접 PPA는 기업이 재생에너지로 생산된 전기를 직접 구매해 사용하는 것을 말한다. 이는 재생에너지 확대와 온실가스 감축에 실질적으로 기여할 수 있어 넷제로와 RE100(재생에너지 100%) 이행을 위한 대표적인 수단으로 꼽힌다.
478,context,0.0952,neutral,0.6986,에너지 관리,E,E_ENERGY__RENEWABLE_TRANSITION,신재생에너지 전환,0.45424410700798035,B2U에 따르면 2027년까지 미국에서 폐기된 배터리의 약 6%만이 태양광 발전 시설의 저장장치로 활용될 것으로 예측된다. 그러나 홀 CEO는 계속되는 시도를 통해 데이터를 확보하고 효율성을 입증해 시설을 더욱 확장해 나가겠다 고 밝혔다.
479,context,0.1573,neutral,0.9983,에너지 관리,E,E_ENERGY__RENEWABLE_TRANSITION,신재생에너지 전환,0.5251302123069763,"때문에 폐배터리를 재활용하는 방법은 크게 두 가지로 나뉜다. 폐배터리를 그대로 에너지 저장장치로 개조해 사용하거나, 배터리를 해체하여 희귀 금속을 회수하는 방법이다. 폐배터리를 활용한 에너지 저장장치는 풍력과 태양광 발전을 통해 생산된 전기를 저장해 필요할 때 활용할 수 있다."
480,context,0.1408,neutral,0.9874,에너지 관리,E,E_ENERGY__RENEWABLE_TRANSITION,신재생에너지 전환,0.4754984676837921,코퍼레이트나이츠에 따르면 캘리포니아 남부의 작은 마을인 뉴 쿠야마(New Cuyama) 외곽에 자리한 2백 에이커(약 80만 제곱미터)의 부지에 설치된 1.5MWh의 태양광 발전소에서는 태양이 떠 있는 시간 동안 약 600여 개의 배터리를 충전한다. 이 배터리는 모두 전기차에 사용됐던 배터리다.
481,context,0.1799,neutral,0.9988,에너지 관리,E,E_ENERGY__RENEWABLE_TRANSITION,신재생에너지 전환,0.6002656817436218,"특히 보고서는 탄소중립이 단기적으로는 전기요금 부담이 있지만, 장기적으로는 이를 이행하는 것이 국익에 더욱 부합한다는 설명을 국민들에게 제시할 필요가 있다며 제조업 수출 기반 즉 수출로 먹고 사는 한국에서 유럽연합(EU)의 탄소국경조정제도(CBAM), RE100(재생에너지 100% 사용) 등과 같은 (글로벌 차원의) 무역 장벽에도 선제적으로 대응해야 하기 때문이라고 밝혔다."
482,context,0.1652,neutral,0.8509,기후변화·온실가스,E,E_CLIMATE__SCOPE3_EMISSION,Scope 3 배출량,0.6470290422439575,대형 반도체 기업 인텔은 기후 발자국을 줄이고 탄소 배출량 감축 목표를 달성하기 위한 전략이 담긴 기후 전환 실행 계획을 발표했다. 이와 동시에 2050년까지 업스트림 가치 사슬에서 온실가스 배출량 순제로를 달성하겠다는 새로운 약속과 함께 공급업체에 자체적인 순제로 목표를 설정하도록 요청하는 계획도 공개했다.
483,opportunity,0.5158,positive,0.9998,에너지 관리,E,E_ENERGY__RENEWABLE_TRANSITION,신재생에너지 전환,0.5158689618110657,OCI홀딩스와 OCIM은 협약을 계기로 현지에서 지적장애인 재활 사회화 교육 활동을 후원하고 관련 프로그램을 기획하는 등 장애인 교육 환경 구축에 나설 계획이다. 지역사회에 태양광 발전시설을 설치하는 등 태양광 발전과 연계한 친환경 에너지 활동도 확대한다.
484,context,0.2036,neutral,0.9972,에너지 관리,E,E_ENERGY__RENEWABLE_TRANSITION,신재생에너지 전환,0.6807336211204529,재생에너지 직접 PPA는 기업이 재생에너지로 생산된 전기를 직접 구매해 사용함으로써 재생에너지 확대와 온실가스 감축에 실질적으로 기여할 수 있어 넷제로와 RE100(재생에너지 100%) 이행을 위한 대표적인 수단으로 꼽힌다.
485,context,0.1985,neutral,0.9996,에너지 관리,E,E_ENERGY__RENEWABLE_TRANSITION,신재생에너지 전환,0.661978542804718,기업들 역시 연말을 맞아 굵직한 ESG 활동을 이어갔다. SK그룹 9개 계열사 등은 국내 최대 재생에너지 전력 구매계약을 체결했다. 재생에너지 직접 PPA는 기업이 재생에너지로 생산된 전기를 직접 구매해 사용함으로써 재생에너지 확대와 온실가스 감축에 실질적으로 기여할 수 있어 넷제로와 RE100 이행을 위한 대표적인 수단이다.
486,context,0.1636,neutral,0.9998,에너지 관리,E,E_ENERGY__EFFICIENCY_CONSUMPTION,에너지 소비 및 효율화,0.545326292514801,로이터에 따르면 아부다비 브라질 대사관은 UAE 외교부에 서한을 보내 글로벌 재생에너지와 에너지효율 목표 서약(Global Renewables and Energy Efficiency Targets Pledge) 으로 불리는 협정에 참여할 것이라고 밝혔다. 브라질 외무부 대변인도 협정 가입을 결정했다고 확인했다.
487,context,0.181,neutral,0.9999,에너지 관리,E,E_ENERGY__RENEWABLE_TRANSITION,신재생에너지 전환,0.6034197211265564,"기업의 ESG 공시는 기업의 ESG 전환을 전제로 한다. 하지만 ESG 전환은 어쩌면 국가 차원의 어젠다일 수 밖에 없다. 신재생에너지 전환, 전략적 자원 확보, 폐기물 순환 시스템, 공급망 질서의 재편 등은 한 두개 기업의 힘만으로는 가능하지 않기 때문이다. 범국가적인 기획과 조율이 있기를 기대해 본다."
488,context,0.1586,neutral,0.9998,에너지 관리,E,E_ENERGY__RENEWABLE_TRANSITION,신재생에너지 전환,0.5289322137832642,EGS 공시가 성공하기 위해서는 공시의 당사자인 기업들의 처절한 노력이 필수적이다. 하지만 기업의 개별적인 노력만큼이나 중요한 것은 국가 인프라의 지원이다. 탄소중립과 RE100 가입을 선언한 국내의 한 초일류기업은 2050년까지의 목표달성이 사실상 가능하지 않다는 사실을 실토한다. 지금과 같은 추세로라면 국내의 모든 재생에너지를 혼자 독점하더라도 RE100의 달성이 어렵기 때문이다.
489,context,0.1826,neutral,0.9999,인적자원 관리,S,S_HR__DIVERSITY_INCLUSION,다양성 및 형평성 (DEI),0.6088852286338806,"그렇다면 ESG 공시에 대한 대비는 공시 역량의 확보 이상으로 기업의 경영 혁신과 체질 개선에 무게가 실려야 한다. 화석연료의 사용, 희귀자원의 남용, 오염물질 배출, 생물 다양성 훼손 등 산업 전반을 관통하는 과제들에 대한 획기적 개선이 ESG 공시의 본질이라는 것이다."
490,context,0.1421,neutral,0.98,에너지 관리,E,E_ENERGY__RENEWABLE_TRANSITION,신재생에너지 전환,0.4832814931869507,"국내 기업과 국내에 사업장을 보유한 외국 기업을 포함한 RE100 기업들은 국내에서 전체 사용 전력의 2%만 재생에너지 전력으로 충당하고 있다. 중국의 32%, 싱가포르의 26%, 일본의 15%에 크게 뒤지는 수준이다."
491,context,0.1714,neutral,0.9998,에너지 관리,E,E_ENERGY__RENEWABLE_TRANSITION,신재생에너지 전환,0.5714902877807617,"RE100을 관장하는 다국적 비영리기구 클라이밋 그룹은 지난 3월 한국 정부가 재생에너지 사용을 원하는 기업에 대한 지원에 나서야 한다고 촉구했다. 클라이밋 그룹에 따르면 RE100 기업들 사이에서 한국은 재생에너지 공급 부족과 유연하지 못한 전력망, 비싼 재생에너지 전기 요금 등으로 재생에너저 전력을 구매하기 가장 어려운 나라 중 하나로 꼽혔다."
492,context,0.1829,neutral,0.9998,에너지 관리,E,E_ENERGY__RENEWABLE_TRANSITION,신재생에너지 전환,0.6097890138626099,재생에너지 사용은 기후위기 극복과 연결되며 각국 정부와 기업의 중대한 현안이 됐다. 특히 최근 글로벌 공급망의 최상층에 있는 기업들이 RE100(재생에너지 전력 100%) 등을 표방하며 공급망에 재생에너지 사용과 탄소 감축을 요구하면서 여기에 속한 국내 기업들의 재생에너지 전력 수급 문제가 주요 이슈로 부상하고 있다.
493,context,0.1835,neutral,0.9804,에너지 관리,E,E_ENERGY__RENEWABLE_TRANSITION,신재생에너지 전환,0.6238095760345459,"정부는 호남의 원전 재생에너지 발전력을 해저를 통해 수도권에 공급하는 서해안 HVDC 건설에 본격적으로 착수한다. 오는 2036년 기준 한빛 1 6호기를 통해 원전 발전력이 5.9기가와트(GW), 신재생에너지 발전력이 64GW에 이를 것으로 전망됨에 따라 서해안 HVDC의 준공 목표 시기도 2036년으로 잡았다."
494,context,0.1711,neutral,0.9877,에너지 관리,E,E_ENERGY__EFFICIENCY_CONSUMPTION,에너지 소비 및 효율화,0.5772972106933594,공단은 에너지 절감기술을 적용하면 여객열차가 운행되지 않는 심야시간대인 오전 1 5시에 한해 RRU 안테나 운영 방식을 2개의 안테나 사용(MIMO)에서 1개의 안테나 사용(SISO)인 절전모드로 전환해 소비전력량을 절감하게 된다고 설명했다.
495,context,0.1535,neutral,0.9906,에너지 관리,E,E_ENERGY__EFFICIENCY_CONSUMPTION,에너지 소비 및 효율화,0.5166167616844177,국가철도공이 운행시간을 분석해 철도통합 선망(LTE-R) 기지국설비(RRU)의 전파출력을 조정하는 에너지 절감 (Energy Saving) 기술을 지난달 30일부터 한 달간 안산선 시흥차량기지에서 시범 적용했다고 4일 밝혔다.
496,risk,0.2784,negative,0.9283,윤리경영·준법,G,G_ETHICS__ANTI_CORRUPTION_COMPLIANCE,반부패 및 컴플라이언스,0.2999352812767029,"해당 연구에서 미국과 캐나다의 기업들은 UNGC 환경 원칙을 위반할 가능성이 3배 높지만 반부패 위험은 상대적으로 적은 것으로 드러났다. 유럽 기업들은 전반적으로 위험 노출이 적은 반면, 아시아 기업들은 반부패 위험에 더욱 심각하게 직면해 있었다."
497,context,0.1776,neutral,0.9996,윤리경영·준법,G,G_ETHICS__ANTI_CORRUPTION_COMPLIANCE,반부패 및 컴플라이언스,0.5922613143920898,"UNGC 10대 원칙은 인권과 노동, 반부패 등 주로 사회(S) 이슈에 중점을 둔다. 따라서 탄소배출 규제 등 환경(E)에 중점을 둔 다른 평가체계들과 균형을 찾는데 요긴하게 쓰일 수 있다."
498,context,0.1286,neutral,0.9999,에너지 관리,E,E_ENERGY__RENEWABLE_TRANSITION,신재생에너지 전환,0.428772896528244,고재경 경기연구원 기후환경연구실장은 현재 경기도 신재생에너지 시장 잠재량은 기술적 잠재량의 7.65%에 불과해 2021년 경기도 전력소비량의 74.7%를 충당할 수 있는 수준이라며 기술적 잠재량을 최대한 시장잠재량으로 전환하기 위해 지역 차원의 노력과 중앙정부의 규제 및 법 제도 개선이 병행돼야 한다고 말했다.
499,context,0.146,neutral,0.9999,에너지 관리,E,E_ENERGY__RENEWABLE_TRANSITION,신재생에너지 전환,0.4867866337299347,"경기연구원은 경기도 RE100 목표 이행을 위한 현실적 대안인 태양광 잠재량을 분석한 결과 현재 규제를 모두 적용했을 경우 17.36GW에 이르는 것으로 산정했다. 각종 토지이용규제로 인해 경기도 전체 면적의 83.3%는 태양광 입지가 불가능하며, 주요 규제를 개선할 경우 설치 가능 면적은 약 2배로 증가하게 된다. 또한 12개 시군의 이격거리 규제 및 영농형 태양광 규제를 개선했을 때 지상형 태양광 잠재량은 현재 기준에 비해 각각 38.5%, 48.5% 늘어나는 것으로 분석됐다."
500,context,0.1073,neutral,0.9998,에너지 관리,E,E_ENERGY__RENEWABLE_TRANSITION,신재생에너지 전환,0.35773834586143494,"경기연구원은 이와 관련 도민 1,000명을 대상으로 올해 3월 6일부터 9일까지 모바일 설문조사를 한 결과, 응답자의 33.5%는 RE100 규제가 도내 기업의 경쟁력과 지역경제에 부정적 영향을 미친다고 답변했다. 31.5%는 기업들이 재생에너지가 풍부한 타 지역이나 해외로 이전할 가능성이 있다고 답했다."
501,context,0.119,neutral,0.9994,에너지 관리,E,E_ENERGY__RENEWABLE_TRANSITION,신재생에너지 전환,0.3967823386192322,"보고서에 따르면 경기도의 전력 소비량은 전국의 25%(2021년 13만3,445GWh)를 차지하는 반면 재생에너지 발전량은 전력 소비의 2.5%(3,281GWh)에 불과하다. 전국 평균(6.9%)에 도 한참 미치지 못하는 수준이다. 경기도의 신재생에너지 발전설비 용량은 2.48GW로 시장잠재량의 3.78%만 활용되고 있다."
502,context,0.1519,neutral,0.9999,에너지 관리,E,E_ENERGY__RENEWABLE_TRANSITION,신재생에너지 전환,0.5064083933830261,"경기연구원은 5일 이러한 내용의 재생에너지 전환 잠재력, 어떻게 실현할 것인가 보고서를 발간했다."
503,context,0.1576,neutral,0.9786,에너지 관리,E,E_ENERGY__RENEWABLE_TRANSITION,신재생에너지 전환,0.5369929075241089,경기도는 올해 4월 신재생에너지 9GW 공급을 목표로 기후위기를 성장 기회로 삼겠다는 경기 RE100 비전을 선언하고 재생에너지 정책을 적극적으로 추진 중이다.
504,context,0.0917,neutral,0.996,인적자원 관리,S,S_HR__DIVERSITY_INCLUSION,다양성 및 형평성 (DEI),0.30692780017852783,"메가시티는 산업 효율성 측면에서는 좋지만 다양성 측면에서는 손실을 가지고 옵니다. 가치를 어디에 두느냐에 문제인 것 같습니다. 다만, 만약 메가시티로 간다면 이로인해 발생되는 경제적 부가가치를 피해를 본 집단에게 사용되는 방법 등이 우선 논의 되어야 합니다. 충분한 조사없는 정책은 많은 부작용을 불러 일으킬 것입니다."
505,context,0.1366,neutral,0.9984,에너지 관리,E,E_ENERGY__RENEWABLE_TRANSITION,신재생에너지 전환,0.45590484142303467,규모가 큰 사업에는 항상 비리를 동반합니다. 이는 비단 태양광 발전만의 문제가 아닙니다. 태양광 산업이 초창기 충분한 타당성 검증 없이 계량위주와 속도위주의 정책으로 인해 모니터닝 기능이 저하되었기에 나타난 문제입니다. 정책적으로 잘 자리잡으면 여타 산업 대비 비리 비중이나 환경문제가 크게 나타나지 않을 것으로 보여집니다.
506,context,0.1178,neutral,0.9785,에너지 관리,E,E_ENERGY__RENEWABLE_TRANSITION,신재생에너지 전환,0.40120646357536316,"태양광 발전 등 신재생에너지 관련해 지자체의 환경 훼손도 심각하고, 각종 비리의 온상이 되는 것을 막을 수 있는 방법은 없을까요"
507,context,0.119,neutral,0.9999,인적자원 관리,S,S_HR__DIVERSITY_INCLUSION,다양성 및 형평성 (DEI),0.3966980576515198,"당연한 말씀이지만 지자체 거버넌스에서 견제와 균형을 이루는 것에는 무엇보다 언론의 역할이 중요하고 투표가 중요합니다. 지자체 내부적으로는 시군내 의원(시의원 또는 군의원)의 정당도 중요해 보입니다. 만약, 이를 평가지표를 활용하고 싶다면 다양성 측면에서 특정 정당의 비중이 70 80%가 넘어가면 견제와 균형에서 마이너스를 주는 방안 등을 검토해 볼 수 있을 것 같습니다."
508,context,0.1546,neutral,0.9961,인적자원 관리,S,S_HR__DIVERSITY_INCLUSION,다양성 및 형평성 (DEI),0.5173681378364563,"거버넌스센터는 국내 법의 제재 여부를 떠나서 성별 다양성에 관한 국제 자본시장의 관심은 매우 높으며, 주요 의결권 자문기관은 다양성 규정의 위반과 관련하여 이사 선임 반대를 권고하고 있다 고 지적했다."
509,context,0.1538,neutral,0.9998,인적자원 관리,S,S_HR__DIVERSITY_INCLUSION,다양성 및 형평성 (DEI),0.5127039551734924,"이사회의 다양성 측면에서도 가야할 길이 먼 것으로 나타났다. 조사에 따르면 이사회에 여성 이사의 비율은 9%에 불과했다. 이 중 사내이사의 비율은 2.5%밖에 되지 않았다. 2조 원 이상의 회사는 이사회의 여성 비율이 13%였으며, 2조 원 미만의 회사 중 감사위원회가 설치된 회사는 5%, 미설치된 회사는 3%에 그쳤다."
510,context,0.1983,neutral,0.9999,이사회 구조,G,G_BOARD__COMPOSITION_INDEPENDENCE,이사회 구성 및 독립성,0.6611999869346619,"보고서에 따르면 이사회의 사외이사 비율은 평균 51%였으며, 2조 원 이상 회사의 경우 60%, 2조 원 미만 회사는 42%로 차이가 났다. 거버넌스센터는 이러한 차이가 상법이 요구하는 최소한의 비율(2조 원 이상 회사는 과반수, 그 외 4분의 1 이상)에 영향을 받아 요건을 맞춘 것으로 보인다고 분석했다."
511,context,0.1779,neutral,0.9993,인적자원 관리,S,S_HR__DIVERSITY_INCLUSION,다양성 및 형평성 (DEI),0.5935293436050415,필수적으로 추가해야 하는 지표는 담배 및 살상무기 등 제조에 참여하는 회사에 대한 투자 여부 직원들에 적정 생활임금 지급 여부 국제노동기구(ILO)의 핵심협약 준수 여부 남녀 직원의 임금격차 등이다. ILO 핵심협약은 결사의 자유 강제노동 금지 차별 금지 아동노동 금지 등의 내용을 담고 있다.
512,context,0.1944,neutral,0.9605,에너지 관리,E,E_ENERGY__RENEWABLE_TRANSITION,신재생에너지 전환,0.6747214198112488,"HD현대건설기계는 ESG 경영을 사업 전략에 내재화해 세계 최초 수소 휠 굴착기 개발, 전기 미니굴착기 출시 등으로 친환경 제품 라인업을 강화했다. 또 건설기계업계 최초로 RE100(재생에너지 100% 사용) 가입과 2050 탄소중립을 선포하는 등 친환경 비즈니스를 추구하고 있다."
513,context,0.1588,neutral,0.9999,에너지 관리,E,E_ENERGY__EFFICIENCY_CONSUMPTION,에너지 소비 및 효율화,0.5292304754257202,"요미우리신문의 8일 보도에 따르면 일본 온실가스 관측 위성인 이부키가 2009 2022년 중국 내 약 7만7,000개 지점에서 관측한 이산화탄소 농도의 연간 증가량은 0.6 1.2ppm였다. 반면 각국이 공표하는 화석연료 사용량과 발전소 수 등 정보를 토대로 구축된 국제 DB에서 중국의 이산화탄소 농도 증가량은 연간 0.2 0.8 ppm이다."
514,context,0.1166,neutral,0.9986,인적자원 관리,S,S_HR__DIVERSITY_INCLUSION,다양성 및 형평성 (DEI),0.38925909996032715,감사원은 지난 해 사적연금 소득의 규모가 증가하는데도 건강보험료 부과 대상에 포함하지 않아 다른 가입자의 보험료 부담이 늘 수 있다며 형평성 문제를 거론했다. 이에 정부는 감사결과를 수용하고 보험료 산정 등에 사적연금 소득을 반영하는 방향으로 검토하겠다고 밝혔다.
515,context,0.1738,neutral,0.9994,에너지 관리,E,E_ENERGY__EFFICIENCY_CONSUMPTION,에너지 소비 및 효율화,0.579512357711792,"중국이 발표하는 이산화탄소(CO ) 농도 증가 수치는 각국이 공표한 정보를 기초로 한 국제 데이터베이스(DB) 상 수치의 약 1.5 3배에 달한다는 분석이 나왔다. 중국의 정보가 사실상 가짜라는 의미다. 요미우리신문의 8일 보도에 따르면 일본 온실가스 관측 위성인 이부키가 2009 2022년 중국 내 약 7만7,000개 지점에서 관측한 이산화탄소 농도의 연간 증가량은 0.6 1.2ppm였다. 반면 각국이 공표하는 화석연료 사용량과 발전소 수 등 정보를 토대로 구축된 국제 DB에서 중국의 이산화탄소 농도 증가량은 연간 0.2 0.8 ppm이다."
516,context,0.1859,neutral,0.9988,인적자원 관리,S,S_HR__DIVERSITY_INCLUSION,다양성 및 형평성 (DEI),0.6205608248710632,발전 과정에서 배출되는 상당량의 온실가스와 산림 파괴 및 생물 다양성 손실 문제로 탄소중립을 이행하기에 적절한 수단이 아니라는 지적을 받고 있다. 그러나 한국에서는 태양광이나 육상풍력보다 바이오매스 에너지가 신재생에너지 공급인증서(REC) 가중치를 높게 받아왔다.
517,context,0.1859,neutral,0.9988,에너지 관리,E,E_ENERGY__RENEWABLE_TRANSITION,신재생에너지 전환,0.6205608248710632,발전 과정에서 배출되는 상당량의 온실가스와 산림 파괴 및 생물 다양성 손실 문제로 탄소중립을 이행하기에 적절한 수단이 아니라는 지적을 받고 있다. 그러나 한국에서는 태양광이나 육상풍력보다 바이오매스 에너지가 신재생에너지 공급인증서(REC) 가중치를 높게 받아왔다.
518,context,0.1342,neutral,0.9986,에너지 관리,E,E_ENERGY__RENEWABLE_TRANSITION,신재생에너지 전환,0.4479757845401764,"진천군에 따르면 지난 2011년부터 현재까지 신재생에너지 보급 사업에 국비 191억 원, 지방비 147억 원 총 338억 원을 투입했으며 이를 통해 13,808kW 가량의 태양광 2천591개소와 797 규모의 태양열 59개소 6,062kW 규모의 지열 264개소를 설치했다고 한다."
519,opportunity,0.5671,positive,0.9998,에너지 관리,E,E_ENERGY__RENEWABLE_TRANSITION,신재생에너지 전환,0.5672426819801331,충북 진천군이 신재생에너지 융복합 지원사업 에 7년 연속 선정됐다고 11일 밝혔다. 진천군은 이번 선정을 통해 다음해 30억 원 가량을 신재생 에너지 발전 설비에 투자할 수 있게 됐다. 군은 해당 예산으로 271곳에 신재생 에너지 발전 설비를 보급할 계획이라고 밝혔다.
520,context,0.0875,neutral,0.5098,에너지 관리,E,E_ENERGY__RENEWABLE_TRANSITION,신재생에너지 전환,0.5719048976898193,"이라크는 2026년까지 발전용량을 37GW로 늘리는데, 15%는 신재생에너지가 담당하게 할 계획이다. 카카르는 넷제로를 위한 신재생에너지 전력망 확대를 추진하고 있으며, 아랍에미리트는 에너지전략 2050(UAE 에너지원 중 신재생 44% 달성 목표) 을 야심차게 발표했다."
521,context,0.1398,neutral,0.9965,에너지 관리,E,E_ENERGY__RENEWABLE_TRANSITION,신재생에너지 전환,0.4676915407180786,네옴시티와 키디야 등 대형 신도시 건설을 추진하는 사우디아라비아는 신재생에너지 공급목표를 올해 27.3GW에서 2030년 58.7GW로 늘리기로 했다.
522,opportunity,0.4817,positive,0.999,에너지 관리,E,E_ENERGY__RENEWABLE_TRANSITION,신재생에너지 전환,0.4821915328502655,중동 지역 국가들도 신재생에너지 발전 및 공급 목표를 늘리고 있다.
523,context,0.1626,neutral,0.9995,에너지 관리,E,E_ENERGY__RENEWABLE_TRANSITION,신재생에너지 전환,0.54241943359375,"유럽, 리파워EU 정책 으로 2030년까지 신재생에너지 비중 42.5%로 확대"
524,context,0.1661,neutral,0.9994,에너지 관리,E,E_ENERGY__RENEWABLE_TRANSITION,신재생에너지 전환,0.5540766716003418,"신재생에너지 발전은 화력 원자력처럼 중앙 집중 대량 전기 발전 방식과 달리 넓은 지역에서 소규모로 발전된다. 이렇게 발전한 전기를 공장이나 도시 등 수요처로 전달하려면 기존 전력망 인프라와 연결해야 한다. 당연히 변압기나 전선 등 전력망 인프라 시장이 성장하게 되고, 국내 전력설비업계가 혜택을 보게 되는 것이다."
525,opportunity,0.4819,positive,0.9999,에너지 관리,E,E_ENERGY__RENEWABLE_TRANSITION,신재생에너지 전환,0.4819267690181732,"국내 전력설비업체들이 이처럼 좋은 실적을 보이는 것은 전 세계적으로 기후 변화에 대응하기 위해 넷제로(탄소중립)가 강조되고 있으며, 이에 따라 신재생에너지 발전 수요가 늘어나고 있기 때문이다."
526,context,0.1049,neutral,0.9978,에너지 관리,E,E_ENERGY__RENEWABLE_TRANSITION,신재생에너지 전환,0.3504614531993866,"올 상반기 기후테크 스타트업들의 자금 조달은 고금리 영향으로 전년 동기 대비 40% 이상 급감해 절대적 투자액은 감소했다. 그러나 스타트업 투자에서의 기후테크 비중은 오히려 늘어났다. 태양광 발전의 투자 비중은 24% 증가했고, 친환경 수소의 투자 비중은 64% 늘었다."
527,context,0.1489,neutral,0.9988,에너지 관리,E,E_ENERGY__RENEWABLE_TRANSITION,신재생에너지 전환,0.49695706367492676,"하지만 ESG 관련 분야에 돈을 넣은 사람들의 투자 성과는 좋지 않았다. 고금리 충격파로 자본시장이 침체한 가운데 미래 성장산업으로 통하는 기후테크 및 신재생에너지, 이차전지 등 ESG 분야의 자산 가격 하락세가 가파랐다. 그럼에도 세계 주요국의 재생에너지 3배 확충 서약, 기후테크 스타트업의 증가 등 희망적인 소식도 들려왔다. ESG 투자는 2023년 바닥을 치고 2024년부터 다시 기지개를 켤 것이란 기대감이 일고 있는 상황이다."
528,context,0.1785,neutral,0.9981,인적자원 관리,S,S_HR__DIVERSITY_INCLUSION,다양성 및 형평성 (DEI),0.5960795879364014,"이번 수정안으로 인해 금융회사들은 RTS에 포함된 주요 부정적 영향(Principal Adverse Impact, PAI) 을 공개하는 항목에서 다음과 같은 사회적 지표를 공시해야 한다. 담배 및 살상무기 등 제조에 참여하는 회사에 대한 투자 여부 직원들에 적정 생활임금 지급 여부 국제노동기구(ILO)의 핵심협약 준수 여부 남녀 직원의 임금격차 등이다. ILO 핵심협약은 결사의 자유 강제노동 금지 차별 금지 아동노동 금지 등의 내용을 담고 있다."
529,context,0.1811,neutral,0.9998,이사회 구조,G,G_BOARD__COMPOSITION_INDEPENDENCE,이사회 구성 및 독립성,0.6036064028739929,"BSM은 이사회 구성의 전문성, 능력, 경험, 자질 뿐만 아니라 성별, 연령, 사회적 배경 등 다양성 정보를 표나 그림 등으로 도식화해 이사회 구성의 적절성 등을 평가하는 수단으로 활용되고 있다."
530,context,0.1811,neutral,0.9998,인적자원 관리,S,S_HR__DIVERSITY_INCLUSION,다양성 및 형평성 (DEI),0.6036064028739929,"BSM은 이사회 구성의 전문성, 능력, 경험, 자질 뿐만 아니라 성별, 연령, 사회적 배경 등 다양성 정보를 표나 그림 등으로 도식화해 이사회 구성의 적절성 등을 평가하는 수단으로 활용되고 있다."
531,context,0.2095,neutral,0.9999,이사회 구조,G,G_BOARD__COMPOSITION_INDEPENDENCE,이사회 구성 및 독립성,0.6983225345611572,금감원은 이날 발표된 모범 관행에서 사외이사 지원조직 및 체계(6개) CEO 선임 및 경영승계 절차(10개) 이사회 구성의 집합적 정합성 독립성 확보(9개) 이사회 및 사외이사 평가체계(5개) 등 4개 주제와 관련해 30개 핵심원칙을 제시했다.
532,opportunity,0.6194,positive,0.9998,에너지 관리,E,E_ENERGY__RENEWABLE_TRANSITION,신재생에너지 전환,0.6195398569107056,기아는 이번 PPA 체결을 통해 글로벌 비영리단체 기후그룹(The Climate Group)의 RE100(재생에너지 100% 사용) 권고 수준인 2030년 재생에너지 60% 사용을 조기 달성할 수 있다고 설명했다.
533,opportunity,0.5968,positive,0.9997,에너지 관리,E,E_ENERGY__RENEWABLE_TRANSITION,신재생에너지 전환,0.5969887375831604,기아는 이번 PPA 협약으로 219 (메가와트) 태양광 발전시설을 통해 연간 250GWh(기가와트시)의 재생에너지를 공급받기로 했다.
534,context,0.1628,neutral,0.9995,인적자원 관리,S,S_HR__DIVERSITY_INCLUSION,다양성 및 형평성 (DEI),0.5431187152862549,사회 분야의 경우 여성 이사 할당제가 시행된 후 주요 기업의 여성 임원 비율이 2020년 5%에서 지난해 7.5%로 상승하는 등 다양성 형평성 포용성을 갖춘 조직문화가 조금씩 자리 잡는 흐름이었다.
535,context,0.1481,neutral,0.9998,에너지 관리,E,E_ENERGY__RENEWABLE_TRANSITION,신재생에너지 전환,0.4936990737915039,카이사 코소넨 그린피스 국제정책조정관은 화석연료 시대의 종말 가능성을 시사하는 합의와 재생에너지 확충 합의가 나왔지만 이를 공정하고 빠른 방식으로 달성하기 위해선 극복해야 할 난관이 많다고 말했다. 그는 개도국들은 재생에너지 전환 등에 필요한 자원이 훨씬 부족하다며 협약의 목표 실현을 위해 부유한 국가들이 재정 지원을 대폭 강화하고 화석연료로 오염을 일으키는 주체들이 비용을 더 지불하도록 해야 한다 고 강조했다.
536,context,0.2095,neutral,0.9994,기후변화·온실가스,E,E_CLIMATE__SCOPE3_EMISSION,Scope 3 배출량,0.6988028883934021,"유럽의회와 유럽이사회 의원들은 14일 대기업이 가치 사슬에서 인권과 환경에 미치는 부정적 영향을 평가하고 해결하도록 요구하는 규정을 담은 유럽연합(EU) 기업 지속가능성 실사 지침(CSDDD) 에 잠정 합의했다고 발표했다. 이번 합의는 2022년 2월 유럽연합 집행위원회(EC)가 제안한 CSDDD 지침의 발표에 따른 것으로, 기업이 업스트림 공급망뿐 아니라 유통 및 재활용과 같은 일부 다운스트림 활동에서 아동 노동과 노예제부터 오염과 배출, 삼림 벌채와 생태계 훼손에 이르기까지 사람과 지구에 미치는 영향을 식별, 평가, 예방, 완화, 해결 및 구제해야 할 의무를 명시하고 있다."
537,context,0.2094,neutral,0.9998,기후변화·온실가스,E,E_CLIMATE__SCOPE1_2_EMISSION,Scope 1·2 배출량,0.6982352137565613,"SK케미칼이 설정한 온실가스 감축 목표는 스코프 1(Scope 1, 제품 생산 단계의 직접 온실가스 배출)과 스코프 2(간접 배출)뿐만 아니라, 제품 사용 단계를 포함한 전체 밸류체인(가치사슬)에서 발생하는 온실가스 배출(스코프 3)까지 포함한다."
538,context,0.0983,neutral,0.9965,기후변화·온실가스,E,E_CLIMATE__SCOPE3_EMISSION,Scope 3 배출량,0.3290008306503296,"이에 따라 금융기관의 핵심 사업인 투자 및 대출 활동은 EU 공급망실사법의 적용 범위에서 제외되며, 금융기관들은 업스트림 공급망에 대한 실사 의무만을 지게 된다. 금융기관이 사실상 자사의 인권 침해와 환경적 피해 여부만 고려하면 된다는 것이다."
539,context,0.1974,neutral,0.9999,인적자원 관리,S,S_HR__DIVERSITY_INCLUSION,다양성 및 형평성 (DEI),0.6581602096557617,"국내 대학들이 모두 60점대를 기록한 평등지표는 구체적으로 SDGs 평등 부문(성평등과 불평등 감소)와 관련된 연구 출판수와 인용수(4%) 학생 성별 비율(1%) 교수진 성별 비율(1%) 최고의사결정그룹 내 여성 비율(1%) 나이, 성별, 장애, 인종, 성적 지향, 난민 및 망명 신청자 등 다양한 정체성의 구성원을 위한 평등, 다양성, 포용 정책(DEI 정책)의 유무(1%) 장애 직원에 대한 구체적인 조치, LGBT 평등에 대한 지지, 성평등 지지 노력에 대한 직원 설문(2%) 장애인 접근성을 고려한 다양한 시설 확충과 장애 지원 프로그램 유무(1%) 대학이 위치한 국가의 성별 임금격차, 여성 의원의 의석 수, LGBT 글로벌 수용 지수 등 국가의 주요 평등지표 통계(1%)로 구성된다. ."
540,risk,0.3181,negative,0.6963,인적자원 관리,S,S_HR__DIVERSITY_INCLUSION,다양성 및 형평성 (DEI),0.4567899703979492,"지난해 11월 한 보수 단체는 스타벅스 이사진을 고소하며, 이들이 사회적 신용 을 얻기 위해 DEI 프로그램을 채택하도록 강요했다고 주장했다. 이에 대해 워싱턴 주 지방법원은 소송을 기각하며 법원은 이사회가 내린 합리적이고 합법적인 결정에 관여할 의무가 없다고 선을 그었다."
541,context,0.134,neutral,0.9456,인적자원 관리,S,S_HR__DIVERSITY_INCLUSION,다양성 및 형평성 (DEI),0.47254693508148193,로이터에 따르면 두 보수 법률 단체는 공개서한에서 특정 DEI 정책이 회사를 법적 위험에 노출시킨다며 이를 폐기하지 않을 경우 이사회를 대상으로 소송을 제기할 것이라 경고했다.
542,context,0.1232,neutral,0.9968,인적자원 관리,S,S_HR__DIVERSITY_INCLUSION,다양성 및 형평성 (DEI),0.41197797656059265,"블룸버그는 미국 보수 단체의 공세에 기업들은 다양성 계획을 재고하고 있으며, 이런 흐름이 계속된다면 여성과 소수자를 위해 공정한 경쟁의 장을 마련하기 위한 진전이 더뎌질 것이라 진단했다. 로이터는 내년 미국 대통령 선거를 앞두고 DEI 정책에 대한 공격이 계속될 가능성이 높다고 보도했다."
543,context,0.1471,neutral,0.9997,인적자원 관리,S,S_HR__DIVERSITY_INCLUSION,다양성 및 형평성 (DEI),0.4904809296131134,"JP모건체이스는 작년 5월 주주서한을 받은 이후, 올해 2월 웹사이트에 명시된 DEI 정책 중 라틴계와 아프리카계를 대상으로 하는 교육 프로그램을 인종적 문화적 배경에 상관없이 누구나 지원할 수 있는 프로그램으로 변경했다. 이를 두고 JP모건 대변인은 최고의 인재들로 구성된 포용적인 인력풀을 구성하기 위해 최선을 다하고 있다 고 밝혔다."
544,context,0.0763,neutral,0.5799,인적자원 관리,S,S_HR__DIVERSITY_INCLUSION,다양성 및 형평성 (DEI),0.4382702112197876,"이중 JP모건체이스를 비롯한 최소 6개 미국 주요 기업이 보수 단체의 정책 철회 요구와 소송 위협으로 다양성 정책을 수정했다. 주로 특정 프로그램이 소수 집단을 위한 것이라는 문구를 삭제하거나, 직원 내 인종 다양성을 높이기 위한 경영진의 목표를 변경하는 방식으로 수정이 이루어졌다."
545,risk,0.5086,negative,0.9782,인적자원 관리,S,S_HR__DIVERSITY_INCLUSION,다양성 및 형평성 (DEI),0.5199009776115417,"로이터통신의 18일 보도에 따르면 지난 2021년부터 25개 주요 기업이 다양성, 형평성, 포용성(Diversity Equity Inclusion, 이하 DEI) 정책이 불법적인 차별이자 투자자에 대한 이사회의 신의성실 의무 위반에 해당한다는 주장이 담긴 공개주주서한을 받았다."
546,context,0.1282,neutral,0.8221,에너지 관리,E,E_ENERGY__RENEWABLE_TRANSITION,신재생에너지 전환,0.5197691321372986,최 연구원은 태양광 발전사업의 경우 고정가격 입찰이 힘을 잃고 있다 며 SMP와 REC 가격 상승으로 고정가격 계약이 메리트가 되지 않는다 고 말했다. 그는 장기 고정가격 입찰제도는 가격 안정을 이끌기 위한 목적도 있는데 정부가 수요 예측을 못해 목적을 이루지 못하고 있다고 지적했다.
547,context,0.086,neutral,0.6031,에너지 관리,E,E_ENERGY__RENEWABLE_TRANSITION,신재생에너지 전환,0.47536808252334595,"제도 도입 초기에는 산업용 전기요금보다 비싼 가격이 발목을 잡았으나, 최근 전기요금이 오르면서 RE100 기업들의 직접 PPA 계약 체결이 눈에 띄게 늘고 있다. 올해 들어 삼성전자와 SK그룹, LG이노텍, 현대자동차, 기아자동차가 잇따라 직접 PPA 계약을 체결했다."
548,context,0.1303,neutral,0.6286,에너지 관리,E,E_ENERGY__RENEWABLE_TRANSITION,신재생에너지 전환,0.691084623336792,"이와 함께 최근 RE100 기업들의 직접 PPA 수요가 늘어난 것도 태양광 사업자의 입찰 참여가 저조한 요인이 되고 있다. 직접 PPA 제도는 전기 사용자가 한국전력을 거치지 않고 장기 계약을 통해 재생에너지 사업자로부터 직접 전력을 구매할 수 있는 제도다. PPA 계약을 체결하려면 재생에너지 발전 설비는 1MW, 전기사용자의 수요는 300KW를 초과해야 한다. 계약 기간은 보통 15 20년이다."
549,context,0.1638,neutral,0.9999,에너지 관리,E,E_ENERGY__RENEWABLE_TRANSITION,신재생에너지 전환,0.5459898114204407,"본래 REC는 RPS 의무공급자만 구매했으나, 최근 RE100 가입 기업도 많이 구매하고 있다. 새로운 수요가 늘면서 가격도 오르고 있다."
550,context,0.2289,neutral,0.9969,에너지 관리,E,E_ENERGY__RENEWABLE_TRANSITION,신재생에너지 전환,0.7653836607933044,"재생에너지 고정가격계약 경쟁입찰제도는 경쟁입찰을 통해 500MW 이상의 발전사업자가 총 발전량의 일정 비율을 재생에너지 전력으로 공급하도록 하는 RPS 제도의 일부로 도입됐다. 재생에너지 사업자가 RPS 이행 의무가 있는 발전사업자와 계약을 맺고 20년간 재생에너지 공급인증서(REC)가격과 전력 가격을 합한 고정가격으로 전력을 공급하는 제도다. 당초 태양광 발전을 대상으로 도입됐으나, 지난해부터 풍력발전까지 확대됐다."
551,context,0.1423,neutral,0.7415,에너지 관리,E,E_ENERGY__RENEWABLE_TRANSITION,신재생에너지 전환,0.6397144198417664,재생에너지 전력 공급 부족으로 재생에너지 공급인증서(REC) 가격이 상승하고 LNG 가격 상승으로 계통한계가격(SMP)도 상승해 태양광 발전사업자가 고정가격 입찰에 참여할 유인이 줄었기 때문이다. SMP는 발전회사가 생산한 전력을 한국전력에 판매하는 가격으로 전력도매가격으로도 불린다. 주로 LNG 가격에 의해 결정된다.
552,context,0.1657,neutral,0.9998,에너지 관리,E,E_ENERGY__RENEWABLE_TRANSITION,신재생에너지 전환,0.5526570677757263,"2050년 탄소 중립을 달성하기 위해 재활용에너지 시설, 특히 태양광 발전 시설을 확대한다면 매년 적지 않은 폐태양광 패널이 발생할 수밖에 없다. 탄소 중립을 달성 시점인 2050년이 아니라 불과 7년 뒤인 2030년을 기준으로 해도 국내에서 폐태양광 패널이 매년 3만 톤 정도가 배출될 것으로 연구팀은 예상했다. 환경부는 태양광 패널 수명을 20 25년으로 보고 있고, 2030년 폐기되는 패널이 9632톤으로 전망하고 있다. 이번 논문의 전망과 차이가 크다."
553,context,0.1804,neutral,0.9996,에너지 관리,E,E_ENERGY__RENEWABLE_TRANSITION,신재생에너지 전환,0.6015833020210266,"최근 한국수력원자력과 충남대 연구팀이 국제 저널 에너지(energies) 에 발표한 논문에서 2050년에는 국내에서 폐( )태양광 패널이 시나리오에 따라 연간 11만5000톤 32만9000톤이 발생할 것으로 전망했다. 앞으로 태양광 패널 설치를 얼마나 확대할 것인지, 태양광 패널의 수명이 얼마나 늘어날 것인지, 태양광 발전 시설용량 1MW당 패널의 무게를 얼마나 줄일 것인지 등이 변수다."
554,context,0.1677,neutral,0.9994,에너지 관리,E,E_ENERGY__RENEWABLE_TRANSITION,신재생에너지 전환,0.5593043565750122,물론 재생에너지 발전 비용은 빠르게 줄고 있다. 에너지원별로 균등화 발전비용(LOCE)을 따져보면 태양광 발전은 석탄 발전보다 경쟁력이 있다. 발전효율을 높이는 등 기술 개발이 더 이뤄진다면 경쟁력에서 조만간 가스 발전이나 원자력을 앞설 수도 있다는 얘기다.
555,context,0.1438,neutral,0.9998,에너지 관리,E,E_ENERGY__RENEWABLE_TRANSITION,신재생에너지 전환,0.4792707562446594,"문제는 앞으로 설치해야 할 재생에너지 규모를 고려한다면 투자해야 할 돈도 엄청나다는 점이다. 국제에너지기구(IEA)에 따르면 2023년 전 세계 청정에너지 투자는 1조7000억 달러에 이르고, 태양광 발전에 대한 투자만 3800억 달러에 이를 것으로 분석했다. 재생에너지를 3배로 늘리려면 2030년까지 세계적으로 매년 3조 달러 이상 쏟아부어야 한다는 얘기다."
556,context,0.1526,neutral,0.9997,에너지 관리,E,E_ENERGY__EFFICIENCY_CONSUMPTION,에너지 소비 및 효율화,0.5089680552482605,"유럽연합 집행위원회(EC)는 20일 저소득 회원국의 청정에너지 프로젝트에 22억 유로를 투자한다고 발표했다. 투자금은 EU 배출권거래제(EU ETS)를 통한 수입으로 충당됙, 투자는 EU의 현대화 기금(Modernisation Fund)를 통해 이루어진다. 이 기금은 2018년에 출범하여 2021년부터 지출을 시작했고, 불가리아, 크로아티아, 체코, 에스토니아, 헝가리, 라트비아, 리투아니아, 폴란드, 루마니아, 슬로바키아 등 소득이 낮은 10개 EU 국가의 에너지 시스템 현대화와 에너지 효율 개선을 지원하기 위해 설계되었다. 기금은 EU ETS 수입을 사용한다."
557,context,0.0996,neutral,0.6732,인적자원 관리,S,S_HR__DIVERSITY_INCLUSION,다양성 및 형평성 (DEI),0.49327921867370605,"주요 대기업의 다양성 정책이 역차별이라는 미국 보수 단체의 공세에 직면한 일부 미국 기업이 정책 수정에 나섰다. 로이터통신의 18일 보도에 따르면 지난 2021년부터 25개 주요 기업이 다양성, 형평성, 포용성(Diversity Equity Inclusion, 이하 DEI) 정책이 불법적인 차별이자 투자자에 대한 이사회의 신의성실 의무 위반에 해당한다는 주장이 담긴 공개주주서한을 받았다."
558,context,0.1368,neutral,0.9991,기후변화·온실가스,E,E_CLIMATE__SCOPE3_EMISSION,Scope 3 배출량,0.45648622512817383,암스테르담에 본사를 둔 글로벌 은행 ING는 20일 2040년까지 석유 가스 탐사 및 생산에 대한 대출을 중단하는 등 업스트림 석유 가스 활동에 대한 자금 지원을 단계적으로 축소해 나가기로 했다고 밝혔다. ING는 또 2025년까지 재생 에너지 발전에 대한 자금 조달을 지금보다 3배로 늘린다는 새로운 목표를 설정했다고도 발표했다.
559,context,0.1214,neutral,0.9999,인적자원 관리,S,S_HR__DIVERSITY_INCLUSION,다양성 및 형평성 (DEI),0.4047560691833496,"국제 생물다양성협약(Convention of Biological Diversity, CBD)에 따르면, 제 16차 생물다양성 당사국 총회(COP16)가 2024년 10월 21일부터 11월 1일까지 콜롬비아에서 개최될 예정이다. 참여국들은 COP16 참석 전까지 국가별 생물다양성 전략 및 실행 계획(NBSAP)을 제출하도록 되어 있다."
560,context,0.195,neutral,0.9995,기후변화·온실가스,E,E_CLIMATE__SCOPE3_EMISSION,Scope 3 배출량,0.6503924131393433,"캘리포니아 주정부는 이에 앞서 지난 10월 기후 기업 데이터 책임법 및 기후 관련 금융 위험법에 서명했다. 이 기후 책임 패키지에 따르면, 캘리포니아에서 사업을 하면서 연간 총 수익이 10억 달러(약 1조 3000억원)를 초과하는 기업들(상장기업과 비상장기업 모두 해당)은 2026년부터 Scope 1 및 Scope 2 온실가스(GHG) 배출량, 2027년 Scope 3 온실가스 배출량 공개해야 한다. 또한 2026년부터 CARB (California Air Resources Board)에 2년마다 기후 관련 재무 위험 보고서를 제출하는 것을 골자로 한다."
561,context,0.195,neutral,0.9995,기후변화·온실가스,E,E_CLIMATE__SCOPE1_2_EMISSION,Scope 1·2 배출량,0.6503924131393433,"캘리포니아 주정부는 이에 앞서 지난 10월 기후 기업 데이터 책임법 및 기후 관련 금융 위험법에 서명했다. 이 기후 책임 패키지에 따르면, 캘리포니아에서 사업을 하면서 연간 총 수익이 10억 달러(약 1조 3000억원)를 초과하는 기업들(상장기업과 비상장기업 모두 해당)은 2026년부터 Scope 1 및 Scope 2 온실가스(GHG) 배출량, 2027년 Scope 3 온실가스 배출량 공개해야 한다. 또한 2026년부터 CARB (California Air Resources Board)에 2년마다 기후 관련 재무 위험 보고서를 제출하는 것을 골자로 한다."
562,risk,0.547,negative,0.9276,에너지 관리,E,E_ENERGY__RENEWABLE_TRANSITION,신재생에너지 전환,0.5896816849708557,"지난 10월 엠버는 업데이트된 보고서로 전 세계 전력부문 배출량이 정체기에 도달했다고 밝혔다. 엠버는 해당 보고서에서 전력부문 배출량의 정점에 도달한 것은 글로벌 재생에너지 전환에서 중요한 이정표지만, 향후 10년 동안 요구되는 급격한 배출량 감소를 달성하려면 풍력 및 태양광 발전이 가속화되어야 한다 며 앞으로의 조치가 중요하다고 강조했다."
563,context,0.1426,neutral,0.9996,에너지 관리,E,E_ENERGY__RENEWABLE_TRANSITION,신재생에너지 전환,0.4757366478443146,"에너지와 지속가능성 분야 연구원들에 따르면, 2035년까지 IRA가 추진하는 미국의 재생에너지 전환을 통해 2005년과 비교하여 미국 전체 탄소배출량의 43 48%까지 감축될 수 있을 것으로 조사됐다."
564,opportunity,0.2161,positive,0.5315,에너지 관리,E,E_ENERGY__RENEWABLE_TRANSITION,신재생에너지 전환,0.4065810441970825,"이는 재생에너지 전환을 위한 미국의 역대 가장 큰 규모의 투자이다. 이후 민간 부문에서도 재생에너지 인프라를 위해 1,110억 달러(약 143조원) 이상을 투자하겠다고 나섰다."
565,context,0.1516,neutral,0.9984,에너지 관리,E,E_ENERGY__RENEWABLE_TRANSITION,신재생에너지 전환,0.5062546730041504,"미국의 인플레이션 감소법(IRA)이 지난해 8월부터 시행되면서 미국의 재생에너지 전환은 강한 추진력을 얻었다. 이 법안엔 온실가스 배출을 줄이고 재생 에너지 전력을 장려하기 위한 3,690억 달러(약 478조원) 지원이 포함되어 있다."
566,context,0.1821,neutral,0.9452,이사회 구조,G,G_BOARD__COMPOSITION_INDEPENDENCE,이사회 구성 및 독립성,0.6423289775848389,"DGB 금융은 환경, 사회, 지배구조 부문별로 친환경 경영 정책 환경혁신 활동 기후 관련 재무정보 공개 인권 경영 임직원 역량 개발 및 기회균등을 위한 정책 금융소비자 보호 체계 이사회 독립성 및 전문성 ESG 경영 지배구조 확립 윤리준법경영 등에서 높은 평가를 받았다고 밝혔다."
567,context,0.1483,neutral,0.9983,에너지 관리,E,E_ENERGY__RENEWABLE_TRANSITION,신재생에너지 전환,0.49515581130981445,이에 따라 글로벌 에너지 전환을 위한 모멘텀을 중국이 앞당기고 있다는 주장도 나온다. 지속가능한 비즈니스 전문가 앤드류 윈스턴은 하버드비즈니스리뷰(HBR)에서 2023년 지속가능성 분야에서의 3가지 주요 이슈 중 하나로 중국의 재생에너지 전환을 꼽았다.
568,opportunity,0.4657,positive,0.9811,에너지 관리,E,E_ENERGY__RENEWABLE_TRANSITION,신재생에너지 전환,0.47471046447753906,현재 중국에 설치된 태양광 발전 설비는 총 500GW 규모로 세계 전체 태양광 발전량의 40%에 달하는 것으로 집계됐다.
569,opportunity,0.4874,positive,0.9998,에너지 관리,E,E_ENERGY__RENEWABLE_TRANSITION,신재생에너지 전환,0.487447589635849,"특히 태양광 설비 규모가 가파른 증가 추세다. 에너지 데이터 조사기관 라이스타드에너지(Rystad Energy)에 따르면 중국은 지난 2022년 총 87GW의 태양광 발전 설비를 신설한데 이어, 23년에는 150GW를 신규 확충했다. 이는 미국 전역 태양광 발전용량을 뛰어 넘는 수치다."
570,context,0.1531,neutral,0.9854,에너지 관리,E,E_ENERGY__RENEWABLE_TRANSITION,신재생에너지 전환,0.5177975296974182,매우 어려운 상황임에도 한가지 긍정적인 신호는 한국의 선도 기업들이 RE100(재생에너지 100%) 등 ESG 활동의 확대와 친환경 기술 개발에 박차를 가하고 있다는 사실이다. 기후변화에 대응하는 국제적 노력에 한국의 주요 기업들이 적극적으로 동참하는 것은 고무적이다.
571,context,0.1599,neutral,0.9998,윤리경영·준법,G,G_ETHICS__ANTI_CORRUPTION_COMPLIANCE,반부패 및 컴플라이언스,0.5331863760948181,"참가신청은 오는 5일(금) 오후 6시까지 선착순 마감이며 준법감시, 윤리경영, 내부통제 등 컴플라이언스 트렌드에 관심있는 사람은 누구나 참가할 수 있다."
572,context,0.1828,neutral,0.9999,윤리경영·준법,G,G_ETHICS__ANTI_CORRUPTION_COMPLIANCE,반부패 및 컴플라이언스,0.6092374324798584,"2부에서는 환경(E), 사회(S), 금융, IT, 그리고 ISO와 관련된 컴플라이언스 이슈에 대한 발제가 이어진다. 차례로 국립환경인재개발원 김효석 원장, 한국윤리준법리스크연구소 김영환 소장, 한국금융연수원 성수용 교수, 우아한형제들 이원재 실장, 그리고 솔웍스ISO인증센터 강병승 대표 등 전문가들이 발제를 맡았다."
573,context,0.145,neutral,0.7726,에너지 관리,E,E_ENERGY__RENEWABLE_TRANSITION,신재생에너지 전환,0.6254101395606995,더불어 2045년 탄소중립을 목표로 국내외 생산거점에 태양광 발전 시스템을 도입하는 등 재생에너지 사용을 늘려 제조 공정에서 발생하는 탄소 감축 활동을 본격화하고 있다고 밝혔다.
574,context,0.157,neutral,0.9991,에너지 관리,E,E_ENERGY__RENEWABLE_TRANSITION,신재생에너지 전환,0.5236406326293945,"한국에서도 AI를 재생에너지 발전에 이용하려는 움직임이 활발하다. 한국전력(이하 한전)과 LG유플러스는 지난 11월 AI를 이용한 재생에너지 예측정보 사업협력 양해각서(MOU)를 체결하기도 했다. 한전은 지난 2021년 정확도 91% 수준의 발전량 예측 AI 알고리즘을 개발한 바 있는데, 이를 이용해 전국의 25개 태양광 발전소의 발전량을 1시간과 15분 단위로 LG유플러스 측에 제공한다는 것이다. LG유플러스는 이 정보를 이용해 재생에너지 입찰에 참여할 예정이다."
575,opportunity,0.3366,positive,0.9539,기후변화·온실가스,E,E_CLIMATE__SCOPE3_EMISSION,Scope 3 배출량,0.3528438210487366,하지만 로버츠는 올해 리튬 수요가 30% 증가하며 리튬 가격 상승에 도움이 될 수 있더라도 중국 시장 다운스트림 수요가 여전히 약할 것으로 보여 올해 리튬 수요는 전년 대비 10 15% 증가하는 데 그칠 것 이라고 내다봤다. 이런 시나리오대로 된다면 올해도 시장에서 리튬은 상당한 공급 과잉 현상을 겪을 수 있다는 게 그의 생각이다.
576,context,0.2187,neutral,0.9768,기후변화·온실가스,E,E_CLIMATE__SCOPE3_EMISSION,Scope 3 배출량,0.746456503868103,스코프 3 배출량은 공급망과 제품 소비 과정에서 발생하는 외부 탄소 배출량이다. 스코프 3 배출은 부품이나 소재의 생산과 조달 과정을 뜻하는 업스트림 활동에 의한 배출과 기업이 생산한 제품이 유통되는 과정과 소비자가 사용하고 폐기할 때 발생하는 다운스트림 활동을 통한 배출로 나눠진다.
577,context,0.1966,neutral,0.9996,기후변화·온실가스,E,E_CLIMATE__CLIMATE_GOVERNANCE_INVENTORY,기후 거버넌스·인벤토리,0.6556892991065979,"배출계수 산정에 HMM은 약 120만 건의 데이터베이스를 구축해 운송 거리를 정밀하게 측정하고, 온실가스 배출 관련 분야에서 국제적으로 가장 인정받는 국제물류배출위원회(GLEC)와 클린카고(CC)의 데이터를 활용했다고 밝혔다."
578,context,0.1527,neutral,0.9996,에너지 관리,E,E_ENERGY__EFFICIENCY_CONSUMPTION,에너지 소비 및 효율화,0.5093396902084351,"에너지 절감 측면에서도 집에서 끄고 나오지 못한 조명과 에어컨을 차에서 끌 수 있게 된다. 특히 전기차 운전자라면 스마트싱스로 집과 차량의 에너지 사용량을 확인하고, 최적 충전 시기를 조절할 수 있다."
579,context,0.1861,neutral,0.9999,에너지 관리,E,E_ENERGY__RENEWABLE_TRANSITION,신재생에너지 전환,0.6204277873039246,RPS 의무공급자가 재생에너지 의무 공급량을 채우지 못하면 REC매입을 통해 의무를 이행할 수 있다. 그런데 본래 RPS 의무공급자만 구매했던 REC를 최근 기업들도 RE100 이행을 위해 구매하면서 가격이 오르고 있다.
580,context,0.1087,neutral,0.771,에너지 관리,E,E_ENERGY__RENEWABLE_TRANSITION,신재생에너지 전환,0.46994122862815857,"직접 PPA 제도는 도입 초기에 산업용 전기요금보다 비싼 가격이 발목을 잡았으나, 최근 전기요금이 오르면서 RE100 기업들의 직접 PPA 계약 체결이 눈에 띄게 늘고 있다. 지난해와 올 들어 삼성전자와 SK그룹, LG이노텍, 현대자동차, 기아자동차가 잇따라 직접 PPA 계약을 체결했다."
581,context,0.1922,neutral,0.9526,에너지 관리,E,E_ENERGY__RENEWABLE_TRANSITION,신재생에너지 전환,0.6726980209350586,직접 PPA는 한전을 거치지 않고 RE100 가입 기업 등 전기 사용자가 장기 계약을 통해 재생에너지 발전사업자로부터 직접 전력을 구매할 수 있는 제도다. 하지만 전력망은 한전이 독점적으로 운영하고 있어 한전 전력망을 사용하고 사용료를 지불해야 한다.
582,context,0.2192,neutral,0.9994,에너지 관리,E,E_ENERGY__RENEWABLE_TRANSITION,신재생에너지 전환,0.7312564849853516,정부는 또한 녹색프리미엄 재원을 활용해 재생에너지 보급펀드 투자를 촉진하기로 했다. 발전 사업자와 직접 전력구매계약(PPA)를 체결하는 기업에 대해서는 한전의 전력망 사용료 지원도 확대하기로 했다.
583,context,0.1405,neutral,0.969,에너지 관리,E,E_ENERGY__RENEWABLE_TRANSITION,신재생에너지 전환,0.483264684677124,중대형 태양광 및 풍력 발전 확대를 위해 정부는 중대형 태양광 발전 사업에 대한 신속한 인허가를 추진하고 국회에서 통과되지 못해 폐기된 해상풍력 특별법 제정을 재추진하기로 했다.
584,context,0.144,neutral,0.9996,에너지 관리,E,E_ENERGY__RENEWABLE_TRANSITION,신재생에너지 전환,0.48023369908332825,국내 기업들은 RE100(재생에너지 전력 100%) 등 에너지 전환을 실행하려고 해도 국내에서 구입해 쓸 수 있는 재생에너지가 턱없이 부족해 정부에 대책을 호소해 왔다. 정부가 나서 이런 애로를 풀어주는 방향의 정책들을 제시한 것이다.
585,context,0.1119,neutral,0.9998,에너지 관리,E,E_ENERGY__RENEWABLE_TRANSITION,신재생에너지 전환,0.3731873333454132,30년까지 6년 간 현재 신재생에너지 비중을 9.2%에서 21.6%로 12.4%p나 끌어올리기 위해선 획기적인 에너지 전환 정책이 요구된다고 전문가들은 입을 모은다.
586,context,0.1602,neutral,0.9999,에너지 관리,E,E_ENERGY__RENEWABLE_TRANSITION,신재생에너지 전환,0.5341246128082275,"지난해 1월 확정한 제10차 전력수급기본계획(2022 2036년)에서 정부는 신재생에너지 발전 비중을 2030년까지 21.6%, 2036년 30.6%로 확대하겠다고 발표했다. 원자력 발전 비중은 2030년 32.4%, 2036년 34.6%로 설정했다."
587,context,0.1506,neutral,0.9997,에너지 관리,E,E_ENERGY__RENEWABLE_TRANSITION,신재생에너지 전환,0.5021890997886658,한국에너지공단이 지난 12월 발표한 2022년 신재생에너지 보급통계 에 따르면 국내 신재생에너지의 총 발전량 대비 비중은 9.2%이다. 이는 전년 대비 0.9%p 증가한 수치다. 이 중 연료전지 등의 신에너지를 제외하고 풍력 태양광 등의 재생에너지 발전 비중은 8.1%를 차지해 주요 선진국 중 최하위 수준이다.
588,context,0.1402,neutral,0.9987,에너지 관리,E,E_ENERGY__RENEWABLE_TRANSITION,신재생에너지 전환,0.4678982198238373,"재생에너지 발전에서 풍력 및 태양광 발전 비중은 2021년의 12%에서 14%로 2%p 상승했다. 수력발전은 6%, 바이오매스와 지열발전은 약 1%로 전년도와 비중이 동일했다."
589,context,0.1483,neutral,0.7307,에너지 관리,E,E_ENERGY__EFFICIENCY_CONSUMPTION,에너지 소비 및 효율화,0.6763292551040649,"탄녹위는 NDC 달성을 위해 탄소배출권거래제 개편과 함께 재생에너지 확대, 친환경차 보급 가속화, 에너지효율 개선과 혁신 기술개발을 통한 온실가스 감축, 노후건물 에너지효율 개선, 에너지 수요 관리를 위한 전기요금 합리화 등이 필요하다고 지적했다."
590,context,0.1166,neutral,0.9999,인적자원 관리,S,S_HR__DIVERSITY_INCLUSION,다양성 및 형평성 (DEI),0.38884833455085754,"예컨대 지난 2022년 9월 건강보험료 피부양자의 소득 기준을 소득세법상 연간 합산소득 3400만원 이하에서 2000만원 이하로 낮췄다. 이와함께,건강보험료를 계산할 때 부과 대상 소득에 지금은 빠져 있는 사적연금을 포함시키는 방안을 검토하고 있다. 사적연금 소득의 규모가 증가하는데도 건강보험료 부과 대상에 포함하지 않아 다른 가입자의 보험료 부담이 늘 수 있어 형평성 문제가 있다는 이유에서다."
591,context,0.1681,neutral,0.9982,에너지 관리,E,E_ENERGY__RENEWABLE_TRANSITION,신재생에너지 전환,0.56144118309021,반도체 기업들도 탄소중립 등 ESG경영을 적극 표방하고 RE100(재생에너지 100%)에도 잇따라 동참하고 있다. 하지만 STBi(과학기반 감축목표 이니셔티브) 승인에는 쉽게 도전하지 못하고 있다.
592,context,0.1665,neutral,0.9902,에너지 관리,E,E_ENERGY__RENEWABLE_TRANSITION,신재생에너지 전환,0.5604428648948669,"앰비언트의 공동 설립자이자 최고경영자(CEO)인 베이트 마샬은 오늘날의 커넥티드 전자제품은 지속적인 전력을 필요로 하는데, 이는 일회용이나 충전식 배터리에서 나오는 경우가 너무 많다 면서 태양광 발전은 오랫동안 계산기나 장난감과 같은 특정 저전력 전자제품의 옵션이었지만, 앰비언트 포토닉스는 획기적인 과학 기술을 통해 대중적 전자제품을 위한 고성능 태양전지 기술을 개발했다 고 밝혔다."
593,opportunity,0.3932,positive,0.9076,에너지 관리,E,E_ENERGY__RENEWABLE_TRANSITION,신재생에너지 전환,0.43327760696411133,"선정된 학교들은 태양광 발전설비, 창문형 환기시스템, 에어샤워 공기정화장치, 에어클린매트, 벽면녹화 등 약 1억원 상당의 학습환경 개선을 위한 각종 설비를 지원받는다. 지난해 선정된 청주 수성초등학교에서는 에어샤워 공기정화장치를 가동 후 10분 만에 미세먼지는 23%, 초미세먼지는 22% 감소하는 등 공기질 개선의 효과를 본 것으로 나타났다."
594,context,0.0919,neutral,0.595,에너지 관리,E,E_ENERGY__RENEWABLE_TRANSITION,신재생에너지 전환,0.5149216651916504,지난가을 조지아주의 주요 전력회사인 조지아 파워(George Power) 역시 조지아주에 들어오는 신규 기업의 기록적인 규모와 속도의 전력 수요를 충족시키기 위한 전략의 일환으로 태양광 발전 및 에너지 저장 프로젝트 계획을 확대하고 있다고 발표했다.
595,opportunity,0.3533,positive,0.9929,에너지 관리,E,E_ENERGY__RENEWABLE_TRANSITION,신재생에너지 전환,0.3558586835861206,카터스빌 공장을 제외하더라도 조지아주는 한화큐셀 덕분에 태양광 발전 허브로 점차 인정받고 있었다. 한화큐셀과 모기업인 한화는 2018년 조지아주에 처음 진출한 이래로 꽤 오랜 기간 조지아주에 새로운 일자리를 창출해 왔다.
596,context,0.1058,neutral,0.9989,에너지 관리,E,E_ENERGY__RENEWABLE_TRANSITION,신재생에너지 전환,0.35315439105033875,"한화큐셀의 태양광 패널 공장이 자리한 조지아주는 ESG에 반대하는 공화당이 장악한 주로, 그동안 태양광 발전 프로젝트와 화석 에너지와 경쟁하는 활동에 투자금이 유입되는 것을 막자면서 론 드샌티스 플로리다 주지사가 주도해온 반ESG 공세에 참여해 왔다. 공화당 대선 후보인 드샌티스 주지사는 ESG 투자행위를 불공정 거래로 간주하는 법안을 제안하기도 했다."
597,context,0.1453,neutral,0.9317,인적자원 관리,S,S_HR__DIVERSITY_INCLUSION,다양성 및 형평성 (DEI),0.5197568535804749,"스타벅스는 2004년 국제 환경 보전 단체인 컨서베이션 인터내셔널(Conservation International)과 협업을 통해 C.A.F.E (Coffee and Farmer Equity) Practice 라는 자체 소싱 기준을 개발했다. 이들은 30개국 이상에서 커피 소싱을 감독해왔으나, 전문가들 사이에서는 이러한 프로그램이 얼마나 효과적인지에 대해 의견이 분분했다."
598,context,0.1726,neutral,0.9991,에너지 관리,E,E_ENERGY__RENEWABLE_TRANSITION,신재생에너지 전환,0.5759454369544983,"이번에 공개된 초안은 추후 수정될 여지가 있지만, 현재로서는 유럽연합(EU)이 지난해 3월 채택한 재생에너지 지침(Renewable Energy Directive, RED ) 의 목표를 충족하지 못하고 있다."
599,context,0.1576,neutral,0.9994,에너지 관리,E,E_ENERGY__RENEWABLE_TRANSITION,신재생에너지 전환,0.5258185863494873,"프랑스가 2030년 프랑스의 에너지 전환 목표를 규정하는 법률 초안에서 화석연료의 대체재로 원자력을 부각시킨 반면, 재생에너지 목표에 대한 언급은 하지 않아 논란을 빚고 있다. 또한 이번 법안에는 2030년 에너지전환 목표를 세울 때 재생에너지와 원전 비중 목표를 따로 세우지 않고, 둘을 무탄소 에너지로 합쳐서 목표를 정하려는 시도가 담겼다. 사실상 원전 중심으로 에너지 전환을 이루겠다는 뜻으로 풀이된다. 이번에 공개된 초안은 추후 수정될 여지가 있지만, 현재로서는 유럽연합(EU)이 지난해 3월 채택한 재생에너지 지침(Renewable Energy Directive, RED ) 의 목표를 충족하지 못하고 있다."
600,context,0.1615,neutral,0.9998,에너지 관리,E,E_ENERGY__RENEWABLE_TRANSITION,신재생에너지 전환,0.5385193824768066,"그는 현재 육상 풍력이나 태양광 발전은 거의 모든 지역에서 신규 화석연료 발전소 건설보다 경제적이고 대다수 국가에서 기존 화석연료 발전보다 경제적 이라면서도 글로벌 거시경제 여건 등 극복해야 할 과제가 여전하다 고 말했다. 경제 상황에 따른 정책의 불확실성과 재생에너지 전력을 수용할 수 있는 전력망에 대한 투자 부족, 번거로운 인허가 절차와 사업 지연 등을 극복해야 한다는 지적이다."
601,context,0.1519,neutral,0.9995,에너지 관리,E,E_ENERGY__RENEWABLE_TRANSITION,신재생에너지 전환,0.506758987903595,재생에너지 신규 투자를 주도한 나라는 중국이다. 지난해 중국의 태양광 발전량은 2022년 전 세계 신규 발전량에 맞먹는 규모로 급증했다. 풍력발전 능력도 전년대비 66% 급증했다.
602,context,0.1784,neutral,0.9987,에너지 관리,E,E_ENERGY__RENEWABLE_TRANSITION,신재생에너지 전환,0.5952460169792175,"신한은행은 지난 2022년 8월 국내 최초로 녹색채권 1,000억 원을 발행하는데 성공했다. 이후 2023년 발행된 녹색채권 중 1000억 원은 태양광 바이오매스 발전사업 등 신재생에너지 프로젝트에 지원됐으며, 500억원은 녹색분류체계 적합성 검토를 받은 전기차 구입 대출에 쓰일 예정이다."
603,opportunity,0.4193,positive,0.9074,에너지 관리,E,E_ENERGY__RENEWABLE_TRANSITION,신재생에너지 전환,0.46214431524276733,"선정된 학교들은 태양광 발전설비, 창문형 환기시스템, 에어샤워 공기정화장치, 에어클린매트, 벽면녹화 등 약 1억원 상당의 학습환경 개선을 위한 각종 설비를 지원받는다."
604,opportunity,0.5027,positive,0.9997,에너지 관리,E,E_ENERGY__RENEWABLE_TRANSITION,신재생에너지 전환,0.502811074256897,미국의 휴대용 전력 및 태양광 발전 업체 잭커리(Jackery)는 이동형 태양광 발전기 마스 봇(Mars Bot)을 선보였다. PV-ESS 충전 통합 지능형 서비스 로봇으로 CES2024 혁신상을 수상했다.
605,context,0.1198,neutral,0.9997,에너지 관리,E,E_ENERGY__RENEWABLE_TRANSITION,신재생에너지 전환,0.3995433449745178,"로이터통신의 16일(현지 시각) 보도에 따르면 케리 기후특사는 스위스 다보스에서 개최되고 있는 세계경제포럼(WEF, 다보스포럼)에서의 패널 연설에서 재생에너지 전환 등 경제적 혁명이 현재 진행 중이며 이는 그 어떤 정치인, 단 한 사람(의 영향력)보다 훨씬 크다 고 강조했다."
606,context,0.1679,neutral,0.9949,이사회 구조,G,G_BOARD__COMPOSITION_INDEPENDENCE,이사회 구성 및 독립성,0.5626005530357361,"또한 한 매체와의 인터뷰에서 회사 지분을 매각하고 공동 경영을 약속하는 중차대한 결정을 제대로 된 검토도, 소통도 없이 일방적으로 결정했다며 필요시엔 가처분 신청과 이사회 구성 변경 등 최후의 수단을 언제든지 동원할 준비를 하고 있다고 강조했다. 그는 경영권이 정해지지 않은채 분쟁 상황에 있을 경우 이사회의 제3자배정 유상증자 안건 통과가 불법이라고 주장했다."
607,context,0.1927,neutral,0.9997,에너지 관리,E,E_ENERGY__RENEWABLE_TRANSITION,신재생에너지 전환,0.64265376329422,"OCI홀딩스는 2개 그룹별 각자 대표이사를 포함한 사내이사 2명을 선임해 공동 이사회를 꾸리기로 했다. 이우현 OCI홀딩스 회장과 임주현 사장이 그룹별 대표를 맡는다. 하나의 기업집단 안에서 각각 첨단소재와 신재생에너지 사업, 제약 및 바이오 사업을 꾸릴 예정인데, 이렇게 주식 거래와 신주 발행을 통해 지주회사를 통합하는 것은 매우 이례적이다."
608,context,0.1595,neutral,0.9999,에너지 관리,E,E_ENERGY__RENEWABLE_TRANSITION,신재생에너지 전환,0.531779944896698,녹색 채권은 친환경 프로젝트에 사용할 자금을 마련하기 위해 발행된 채권으로 친환경 사업과 신재생에너지 사업 등 녹색산업과 관련된 용도로만 사용이 한정된다.
609,context,0.1659,neutral,0.9998,인적자원 관리,S,S_HR__DIVERSITY_INCLUSION,다양성 및 형평성 (DEI),0.5532378554344177,"TNFD는 자연 손실을 방지하고 생태계 다양성 회복을 위한 국제 협의체로, 유엔환경계획 금융이니셔티브(UNEP FI), 유엔개발계획(UNDP), 세계자연기금(WWF) 등의 주도로 설립됐다. 지난해 9월 최종 가이드라인이 발표됐다."
610,opportunity,0.537,positive,0.9998,에너지 관리,E,E_ENERGY__RENEWABLE_TRANSITION,신재생에너지 전환,0.5371292233467102,한국 남서부 지역서 태양광 발전소 설립 추진...SK E S와 장기 계약
611,context,0.1544,neutral,0.9984,에너지 관리,E,E_ENERGY__RENEWABLE_TRANSITION,신재생에너지 전환,0.5155356526374817,재생에너지 전환 등 인프라 투자를 올해의 투자 전략으로 수립한 블랙록은 비상장시장의 인프라 투자 플랫폼 구축을 위해 지난 15일 인프라 특화 사모펀드인 글로벌 인프라스트럭쳐파트너스 (GIP)를 125억달러(약 16조원)에 인수한 바 있다.
612,context,0.1019,neutral,0.7117,에너지 관리,E,E_ENERGY__RENEWABLE_TRANSITION,신재생에너지 전환,0.47741466760635376,일명 우주 태양광 발전 시연기(SSPD-1) 로 명명된 이 프로젝트는 미래에 태양에너지를 수확해 상업적 규모로 지구로 무선 전송할 수 있는 가능성을 입증하는 것을 목표로 지난해 1월 3일에 미국 캘리포니아 공과대학(Caltech)의 과학자들 주도로 착수됐다.
613,context,0.1654,neutral,0.9999,인적자원 관리,S,S_HR__DIVERSITY_INCLUSION,다양성 및 형평성 (DEI),0.5513332486152649,나아가서 정책 입안자와 정부가 이사회의 성별 다양성 할당을 의무화할 필요도 있다는 것이다.
614,context,0.1655,neutral,0.9991,이사회 구조,G,G_BOARD__COMPOSITION_INDEPENDENCE,이사회 구성 및 독립성,0.552129864692688,지난해 3월 영국 러프버러(Loughborough) 대학 연구팀은 같은 사업 전략과 환경 저널에 발표한 논문에서 이사회 구성원의 성별이 다양한 기업은 ESG 디커플링(decoupling)을 덜 보이는 경향이 있다 고 밝혔다.
615,context,0.1938,neutral,0.9999,인적자원 관리,S,S_HR__DIVERSITY_INCLUSION,다양성 및 형평성 (DEI),0.6460629105567932,연구팀은 이번 연구 결과는 기업의 ESG경영과 관련한 복잡한 상호 관계에 대한 통찰력을 제공한다 고 주장했다. E 차원의 압력에 충격을 받은 기업이 증가된 환경 압력을 해결하기 위한 수단으로 S 차원(성별 다양성 증가)과 G 차원(이사회 역량 강화)을 사용하게 된다는 것이다.
616,context,0.1464,neutral,0.9918,이사회 구조,G,G_BOARD__COMPOSITION_INDEPENDENCE,이사회 구성 및 독립성,0.4920065999031067,"이 회장은 이것이 바로 코리아 디스카운트 때문이고, 상장기업들이 자본 효율성 및 주주환원을 소홀히 한 결과 라고 지적했다. 이 회장은 주주환원율 상승과 이사회 독립성 강화 등 기업거버넌스 선진화로 PBR을 일본 수준(현재 약 1.4배)으로만 끌어올려도 국내 주요 기업 주가는 50 100% 상승할 여지가 충분하다고 강조했다."
617,context,0.1734,neutral,0.9999,인적자원 관리,S,S_HR__DIVERSITY_INCLUSION,다양성 및 형평성 (DEI),0.5780244469642639,"직장인 번아웃 증후군 은 ESG 내재화의 적이다. 구성원들이 일에서 심하게 스트레스를 받고 행복함을 느끼지 못하는 기업은 지속가능한 성장을 기대하기 힘들다. ESG 사회(S) 부문 평가의 핵심 요소 중 하나로 조직원의 인권과 참여, 다양성 등을 따지는 이유다."
618,opportunity,0.513,positive,0.9997,에너지 관리,E,E_ENERGY__RENEWABLE_TRANSITION,신재생에너지 전환,0.5131897330284119,"일본 최대급 태양광 발전소, 2025년 완공 목표로 착공 일본 최대급 규모의 태양광 발전소가 나가사키에 들어선다. 올봄부터 본격적으로 착공해, 2025년 완공 및 상업 운전을 목표로 하고 있다. 나가사키신문은 최근 나가사키현 우쿠지마에 일본 최대급 태양광 발전소가 설립될 예정이라고 보도했다."
619,context,0.1557,neutral,0.9896,기후변화·온실가스,E,E_CLIMATE__SCOPE1_2_EMISSION,Scope 1·2 배출량,0.5244504809379578,"블룸버그는 글로벌 기업 이니셔티브 RE100의 회원으로서의 약속의 일환으로 2025년까지 전력의 100%를 재생 가능 에너지에서 조달하겠다고 약속한 바 있다. 오스테드와의 새로운 계약을 통해 회사는 이제 미국 전력 사용량의 100%, 전 세계 전력 사용량의 80%를 재생 에너지로 충당할 수 있을 것으로 기대하고 있다."
620,opportunity,0.5327,positive,0.9995,에너지 관리,E,E_ENERGY__RENEWABLE_TRANSITION,신재생에너지 전환,0.5329898595809937,글로벌 에너지 개발업체 오스테드( rsted)는 산업 및 금융시장 정보 서비스 제공업체인 블룸버그(Bloomberg)와 15년 장기 재생에너지 전력구매계약(PPA)을 체결했다고 밝혔다. 새로운 계약에 따라 오스테드는 현재 건설 중인 텍사스 소재 모킹버드 솔라센터(Mockingbird Solar Center) 프로젝트에서 생성된 80MW의 에너지를 블룸버그에 제공하게 된다.
621,opportunity,0.4744,positive,0.7428,ESG 데이터 거버넌스,G,G_DATA_GOVERNANCE__ESG_DATA_CONTROL,ESG 데이터 내부통제,0.6386514902114868,초안은 지속가능성 인증을 위한 국제윤리기준(International Ethics Standards for Sustainability Assurance)과 외부 전문가 활용(Using the Work of an External Expert)의 2개 기준으로 이루어져 있다.
622,context,0.1909,neutral,0.9548,기후변화·온실가스,E,E_CLIMATE__SCOPE1_2_EMISSION,Scope 1·2 배출량,0.6666483283042908,컨설팅 업체인 딜로이트에 따르면 대다수의 기업들에게 스코프 3 배출량은 탄소 발자국의 70% 이상을 차지한다. 스코프 3 공시란 기업이 온실가스 배출 관련 정보를 공개할 때 자사의 직간접 배출량은 물론 공급망 협력업체들의 몫까지 합산해 전부 공시하는 것을 말한다.
623,context,0.1298,neutral,0.9994,인적자원 관리,S,S_HR__DIVERSITY_INCLUSION,다양성 및 형평성 (DEI),0.4329613745212555,"29일(현지시간) 가디언과 파이낸셜 타임스(FT) 등 주요 외신 보도에 따르면 보고서는 기후 변화, 생물 다양성, 건강 문제를 해결하기 위해 글로벌 푸드 시스템을 근본적으로 개편하면 2050년까지 농산물 가격이 3분의 1 정도 상승할 수 있지만, 개편으로 인해 얻을 수 있는 연간 최대 10조 달러의 이익이 이를 상쇄할 것으로 추산했다."
624,context,0.2004,neutral,0.9984,에너지 관리,E,E_ENERGY__RENEWABLE_TRANSITION,신재생에너지 전환,0.6690371036529541,"IEA는 지난 2022년 내놓은 원자력과 안전한 에너지전환((Nuclear Power and Secure Energy Transition)이라는 제목의 보고서에서 세계가 에너지 위기를 맞은 가운데, 원전은 재생에너지가 지배할 에너지 시스템으로의 안전한 전환을 돕는 데 중요한 역할을 할 수 있는 잠재력을 지녔다 며 원전을 유지하거나 확충하려는 나라는 화석연료 수입 의존도를 낮추고 온실가스 배출을 줄이는 한편, 원전을 태양광이나 풍력 발전 설비와 통합한 전력 시스템을 구축할 수 있다고 분석했다. 그러면서 원전 없이 지속가능하고 청정한 에너지 시스템을 구축하는 것은 더 어렵고 더 큰 리스크와 비용을 감내해야 하는 일 이라고 지적했다."
625,context,0.1174,neutral,0.9981,인적자원 관리,S,S_HR__DIVERSITY_INCLUSION,다양성 및 형평성 (DEI),0.39204755425453186,보수 단체의 공세에 대한 기업의 대처를 정책적 변화로까지 해석할 필요는 없다는 의견도 있다. 미국의 임원보상 연구 센터(COEC) 소장 애니 황은 현재 목격되는 기업의 DEI 정책 수정은 공세에 대한 유연한 대처에 불과하다고 말했다.
626,context,0.1832,neutral,0.9923,이사회 구조,G,G_BOARD__COMPOSITION_INDEPENDENCE,이사회 구성 및 독립성,0.6155291795730591,미국 자산운용사 거버가와사키의 창업자 겸 CEO이자 테슬라의 주주인 로스 거버는 테슬라에는 본질적으로 CEO를 감독할 새롭고 독립적인 이사회 구성원이 필요하다 고 지적했다.
627,context,0.1776,neutral,0.999,기후변화·온실가스,E,E_CLIMATE__SCOPE3_EMISSION,Scope 3 배출량,0.5927374958992004,"최근 각 기업이 관리해야 하는 온실가스 범위가 스코프 3(Scope 3)로 확대되면서 철강사, 발전사 등 대형 화주 중심으로 선박 탄소 배출량 측정에 관해 관심이 커지고 있다."
628,opportunity,0.5032,positive,0.9998,에너지 관리,E,E_ENERGY__RENEWABLE_TRANSITION,신재생에너지 전환,0.5032755136489868,"구글은 에네코(Eneco)와의 계약을 통해 네덜란드에 있는 두 개의 새로운 해상 풍력 발전 단지에서 478MW의 전력을 구매하기로 했다. 구글은 또한 이탈리아에서 육상풍력 전력 47MW에 대한 장기 PPA를 체결했고, 폴란드에서도 태양광 발전 사업자와 106MW의 전력을 구매하는 2건의 PPA도 체결했다. 벨기에에서는 11개의 새로운 육상 풍력 발전단지 건설을 진행하는 2개의 재생에너지 사업자와 구매계약을 체결했다."
629,context,0.1483,neutral,0.7307,에너지 관리,E,E_ENERGY__EFFICIENCY_CONSUMPTION,에너지 소비 및 효율화,0.6763292551040649,"탄녹위는 NDC 달성을 위해 탄소배출권거래제 개편과 함께 재생에너지 확대, 친환경차 보급 가속화, 에너지효율 개선과 혁신 기술개발을 통한 온실가스 감축, 노후건물 에너지효율 개선, 에너지 수요 관리를 위한 전기요금 합리화 등이 필요하다고 지적했다."
630,context,0.1812,neutral,0.9998,기후변화·온실가스,E,E_CLIMATE__SCOPE1_2_EMISSION,Scope 1·2 배출량,0.604012668132782,"본사 유럽 현지 법인 간 역할, 조직구조 및 인력 구성원 사례, Scope 1 2 3 리포팅 사례, 기후 변화 관련 재무 Impact 분석 사례 및 한국 기업 대응 방안"
631,context,0.2047,neutral,0.9984,ESG 데이터 거버넌스,G,G_DATA_GOVERNANCE__ESG_DATA_CONTROL,ESG 데이터 내부통제,0.6835111975669861,회계감사 관련된 국제기준을 만드는 기구인 국제윤리기준위원회(IESBA)가 29일 ESG공시와 공시 인증에 관한 2개의 새로운 윤리기준 초안을 공개했다. 초안은 지속가능성 인증을 위한 국제윤리기준(International Ethics Standards for Sustainability Assurance)과 외부 전문가 활용(Using the Work of an External Expert)의 2개 기준으로 이루어져 있다. IESBA는 보도자료를 통해 이같이 밝히고 의견 수렴 과정을 거쳐 기준을 확정할 예정이라고 설명했다. 전 세계적으로 ESG 공시 의무화가 진행되면서 공시 기준 제정과 함께 공시 내용에 대한 인증에 적용될 기준을 재정비하는 작업도 진행되고 있다.
632,opportunity,0.493,positive,0.9923,에너지 관리,E,E_ENERGY__RENEWABLE_TRANSITION,신재생에너지 전환,0.49682095646858215,우드 맥킨지는 중국의 태양광 발전 용량이 2032년까지 연간 전 세계 수요를 충족하기에 충분할 것으로 내다봤다.
633,context,0.1389,neutral,0.9994,에너지 관리,E,E_ENERGY__RENEWABLE_TRANSITION,신재생에너지 전환,0.4631362855434418,"바이든 행정부는 재생에너지 개발에 대한 야심 찬 목표를 설정하고, 특히 국내 개발 및 배치를 촉진하고 있다. 백악관은 이러한 전환을 주요 일자리 창출 기회로 홍보하고 있다. 그러나 미국 내 기존 태양광 발전 공급망의 대부분을 중국이나 중국 기업의 자회사가 지배하고 있어서 문제다."
634,context,0.1286,neutral,0.9994,인적자원 관리,S,S_HR__DIVERSITY_INCLUSION,다양성 및 형평성 (DEI),0.428866446018219,효성은 지난해 11월부터 국내산 농축산물을 매입해 화포천습지를 찾는 철새에게 먹이를 제공하는 사업을 지원하고 있다고 밝혔다. 이를 토대로 멸종위기 동식물의 개체 보호와 생물 다양성 보존에 기여할 것으로 회사는 기대하고 있다.
635,context,0.2056,neutral,0.9995,인적자원 관리,S,S_HR__DIVERSITY_INCLUSION,다양성 및 형평성 (DEI),0.685597836971283,"한국 증시의 저평가를 해결하기 위해서도 결국 상장사 이사회의 독립성과 전문성, 다양성 등의 확보가 핵심 선결과제라고 이 회장은 강조했다."
636,context,0.1971,neutral,0.9999,인적자원 관리,S,S_HR__DIVERSITY_INCLUSION,다양성 및 형평성 (DEI),0.6570867896080017,"금투협의 개정안은 사회영역에서 2022년 8월부터 시행된 자본시장법 개정안에 따라 자산총액 2조원 이상인 기업들의 이사회 성별 다양성 확보 의무를 반영하고 있다. 또한 기업가치 감소를 예방하기 위해 정보보안체계 강화, 정보보호체계 운영 현황의 공시요구 등의 주주제안에 찬성할 것을 명시하고 있다."
637,context,0.1803,neutral,0.9999,이사회 구조,G,G_BOARD__COMPOSITION_INDEPENDENCE,이사회 구성 및 독립성,0.6011374592781067,서스틴베스트는 지난해 10월 내놓은 금융감독원과 금융투자협회(이하 금투협)의 의결권행사 가이드라인 개정안 을 눈여겨볼 필요가 있다고 분석했다. 여기에는 이사회 구성의 다양성을 제한하는 안에 반대하거나 협력사에 대한 ESG 경영지원 요구안을 찬성하는 등의 ESG 요소가 대거 등장했다. 이에 따라 향후 의결권행사에 있어 기업의 ESG 리스크 관리가 점차 중요한 판단 기준이 될 것이라는 전망이다.
638,context,0.0875,neutral,0.7438,에너지 관리,E,E_ENERGY__RENEWABLE_TRANSITION,신재생에너지 전환,0.3920386731624603,"로이터통신의 7일 보도에 따르면 유럽은 태양광 발전 분야에서 전 세계 패널 제조 용량의 80%를 차지할 것으로 예상되는 중국에 대한 의존도가 커지고 있으며, 미국의 IRA에 따른 3690억 달러(490.5조원) 규모의 녹색 보조금으로 유럽 기업들의 미국 이전 우려가 제기되고 있다."
639,context,0.1791,neutral,0.9999,윤리경영·준법,G,G_ETHICS__ANTI_CORRUPTION_COMPLIANCE,반부패 및 컴플라이언스,0.597003698348999,"이번 광업 부문의 공시 기준은 배출, 폐기물, 토지권과 자원권, 기후변화, 아동 노동, 반부패 및 지역 사회 참여를 포함해 해당 부문의 기업에게 중요한 25개 주제를 다루고 있다. 새로운 공시 기준은 2026년부터 공식 적용될 수 있다."
640,context,0.0993,neutral,0.9973,기후변화·온실가스,E,E_CLIMATE__SCOPE1_2_EMISSION,Scope 1·2 배출량,0.33192968368530273,민주당 의원들은 2022년 미국 최대 암호화폐 채굴 기업들에게 전력 사용량과 관련 오염을 공개할 것을 요청했으나 단 한 곳도 요청받은 모든 데이터를 제공하지 않았다.
641,context,0.2163,neutral,0.9988,ESG 데이터 거버넌스,G,G_DATA_GOVERNANCE__ESG_DATA_CONTROL,ESG 데이터 내부통제,0.721779465675354,"가이던스의 핵심은 감축 활동에 문제가 없다고 주장하는 기업의 탄소 무결성 청구(Carbon Integrity Claims) 를 검증하는 모니터링과 공시, 인증 (Monitering, Reporting, Assurance, MRA) 방법론이다."
642,context,0.1079,neutral,0.9996,인적자원 관리,S,S_HR__DIVERSITY_INCLUSION,다양성 및 형평성 (DEI),0.35975730419158936,스웨덴 예테보리 대학의 민주주의 다양성 연구소 브이뎀(V-Dem)연구소는 2022년 전 세계 평균 민주주의 수준이 1986년 수준으로 떨어졌다고 평가했다. 보고서는 팬데믹으로 시민사회 내 구성원들의 거리가 멀어지고 소통이 단절되며 정치적 양극화가 더욱 심화된 결과라고 분석한다.
643,context,0.1984,neutral,0.9999,에너지 관리,E,E_ENERGY__RENEWABLE_TRANSITION,신재생에너지 전환,0.6612834334373474,"박희원은 기업 및 지자체 등의 탄소중립, RE100 전략 수립을 지원하는 넷제로홀딩스그룹 대표다. 속초 등 지자체, 다수 대기업, 중소기업의 넷제로 전략을 자문하고, 현장의 ESG 실무자들을 위한 넷제로아카데미도 운영하고 있다. 서울대에서 공학박사(에너지자원공학) 학위를 땄다. 풀뿌리 ESG를 주제로 ESG경제 에 칼럼을 연재할 예정이다."
644,context,0.1636,neutral,0.9999,에너지 관리,E,E_ENERGY__RENEWABLE_TRANSITION,신재생에너지 전환,0.5455398559570312,"당장 유럽연합(EU)을 중심으로 ESG기후공시 의무화가 목전에 있고, RE100 캠페인이나 과학기반목표이니셔티브(SBTi) 같은 각종 넷제로 목표제에 글로벌 기업들이 속속 참여하고 있다. 국내 상당수 대기업과 금융기관들도 이미 여기에 가입하였거나 가입 준비 중이다."
645,context,0.1608,neutral,0.9997,인적자원 관리,S,S_HR__DIVERSITY_INCLUSION,다양성 및 형평성 (DEI),0.5362260937690735,"EU 집행위원회, 4억 유로 규모의 기후 생물 다양성 순환 경제 프로젝트에 지원"
646,context,0.1701,neutral,0.9573,에너지 관리,E,E_ENERGY__RENEWABLE_TRANSITION,신재생에너지 전환,0.5921863913536072,B2U는 2024년에 팜데일(Palmdale) 근처의 태양광 발전 시설에 저장 장치를 설치할 계획이다.
647,context,0.1484,neutral,0.8562,에너지 관리,E,E_ENERGY__RENEWABLE_TRANSITION,신재생에너지 전환,0.5779433846473694,정부는 100KW 이하의 소형 태양광 사업자에 대해 20년간 고정가격으로 전력을 매입해주는 소형태양광 고정가격제도를 폐지했다. 전력망 유연성이 확보되지 않아 태양광 발전량이 급격히 늘어날 때 블랙아웃을 우려하는 상황이 발생하기 때문이다.
648,context,0.1756,neutral,0.9998,이사회 구조,G,G_BOARD__COMPOSITION_INDEPENDENCE,이사회 구성 및 독립성,0.5855236649513245,이번 서한에서 얼라인파트너스는 가장 효과적인 주주환원 정책은 배당이 아닌 자사주 매입 후 소각임을 강조했다. 한편 은행지주 이사회 구성원이 학계와 남성에 편중되어 있는 현상을 지적하며 다양한 분야의 전문가 및 여성을 사외이사 후보로 다수 추천할 것을 제안했다.
649,context,0.1759,neutral,0.9952,에너지 관리,E,E_ENERGY__EFFICIENCY_CONSUMPTION,에너지 소비 및 효율화,0.5891140103340149,"한전은 2022년 16억 달러에 이어 지난해 7월 10억 달러, 올해 1월 12억 달러 규모의 글로벌 녹색채권도 발행했다. 이중 2022년 발행한 16억 달러 규모의 녹색채권만 공시됐다. 한전이 밝힌 녹색채권 발행을 통해 조달한 자금의 용도는 재생에너지, 전기차 인프라, 에너지효율 개선, 중소기업 지원 및 일자리 창출 등이다."
650,context,0.1813,neutral,0.9995,기후변화·온실가스,E,E_CLIMATE__SCOPE3_EMISSION,Scope 3 배출량,0.6046522855758667,"미 우편국(USPS)은 가치 사슬 전반에 걸쳐 배출량과 폐기물을 줄이고 재활용성을 높이는 새로운 2030 지속가능성 목표 를 발표했다. USPS의 새로운 2030년 배출 목표에는 연료 및 전기를 포함한 Scope 1 및 2 배출을 40% 줄이고 Scope 3 공급망 사슬 배출을 20% 줄이는 것이 포함된다. 이러한 목표를 달성하기 위한 이니셔티브에는 항공에서 지상 운송으로 화물 이동, 트럭 및 운송업체의 배송 경로 최적화, 배출 감소 및 배출 제로 차량 조달 등이 포함된다. 새로운 순환 경제 목표에는 매립지에서 폐기물을 75% 전환하고, 포장재의 재활용 함량을 74%로 늘리고, 포장재 재활용성을 88%로 늘리고, 재생 가능 에너지 사용을 10%로 늘리는 것이 포함된다."
651,context,0.1813,neutral,0.9995,기후변화·온실가스,E,E_CLIMATE__SCOPE1_2_EMISSION,Scope 1·2 배출량,0.6046522855758667,"미 우편국(USPS)은 가치 사슬 전반에 걸쳐 배출량과 폐기물을 줄이고 재활용성을 높이는 새로운 2030 지속가능성 목표 를 발표했다. USPS의 새로운 2030년 배출 목표에는 연료 및 전기를 포함한 Scope 1 및 2 배출을 40% 줄이고 Scope 3 공급망 사슬 배출을 20% 줄이는 것이 포함된다. 이러한 목표를 달성하기 위한 이니셔티브에는 항공에서 지상 운송으로 화물 이동, 트럭 및 운송업체의 배송 경로 최적화, 배출 감소 및 배출 제로 차량 조달 등이 포함된다. 새로운 순환 경제 목표에는 매립지에서 폐기물을 75% 전환하고, 포장재의 재활용 함량을 74%로 늘리고, 포장재 재활용성을 88%로 늘리고, 재생 가능 에너지 사용을 10%로 늘리는 것이 포함된다."
652,context,0.1012,neutral,0.992,인적자원 관리,S,S_HR__DIVERSITY_INCLUSION,다양성 및 형평성 (DEI),0.3400046229362488,"생물종 다양성 손실의 가장 큰 위협은 인간의 활동인 것으로 나타났다. CMS 등재 종의 75%가 농업, 교통시설 확장 등으로 인한 서식지 파괴와 황폐화에 영향을 받으며, 70%가 과도한 어업 등 남획과 포획으로 인해 영향 받고 있는 것으로 조사됐다. 기후변화와 환경오염, 외래종 침입도 이동성 동물의 종 다양성에 심각한 영향을 주는 것으로 분석됐다."
653,context,0.1903,neutral,0.9623,에너지 관리,E,E_ENERGY__EFFICIENCY_CONSUMPTION,에너지 소비 및 효율화,0.6591172218322754,"LG생활건강은 ESG 경영 확대를 위해 2050년 넷 제로(Net-Zero 탄소중립) 를 목표로 환경 보호 활동을 지속적으로 추진하고 있다. 국내 및 글로벌 사업장 인권영향평가를 실시해 인권 공급망 보고서 를 발간하는 등 인권 경영을 위한 다양한 노력도 기울이고 있다. 또한 지속가능한 공급망 관리를 위해 400여개 협력사들을 대상으로 ESG 평가를 진행하고, 탄소배출 저감을 위한 인벤토리 구축과 에너지 절감 활동을 하는 등 지속가능한 조달을 위한 노력도 지속해왔다."
654,context,0.2048,neutral,0.9995,에너지 관리,E,E_ENERGY__RENEWABLE_TRANSITION,신재생에너지 전환,0.6829891800880432,포스코이앤씨는 SBTi 가입을 통해 신재생에너지 사업 확대 현장 건물 에너지효율화 제로에너지빌딩 로드맵에 따른 건물 운영단계 탄소감축 등에 대한 구체적인 목표도 설정했다.
655,context,0.1586,neutral,0.9976,에너지 관리,E,E_ENERGY__RENEWABLE_TRANSITION,신재생에너지 전환,0.5301131010055542,블룸버그뉴스의 14일 보도에 따르면 영국 런던에 있는 헤지펀드 클린 에너지 트랜지션(Clean Energy Transition)의 페르 레칸더 CEO는 재생에너지 발전량이 급증하고 원자력과 수력 발전량도 회복세를 보이면서 탄소배출권 가격에 하방압력으로 작용할 것이라고 말했다.
656,context,0.1793,neutral,0.9463,기후변화·온실가스,E,E_CLIMATE__SCOPE1_2_EMISSION,Scope 1·2 배출량,0.6315494179725647,"예를 들어, 대기업은 종종 공장과 같은 배출원에서 직접 배출되는 탄소 배출량과 전기 소비로 인한 오염을 보고하나 총배출량의 4분의 3을 차지하는 간접 배출량은 거의 공개하지 않는 것으로 확인됐다."
657,context,0.1681,neutral,0.9794,기후변화·온실가스,E,E_CLIMATE__SCOPE1_2_EMISSION,Scope 1·2 배출량,0.5721600651741028,"캘리포니아에서는 기업이 2025년 직접 배출량을 2026년까지, 스코프 3 배출량을 2027년까지 각각 보고하도록 규정하고 있다. 규정을 준수하지 않는 기업은 연간 50만 달러(야 6.7억 원)에 달하는 벌금을 내야 할 수 있다. 기업은 기후 관련 재무 위험과 이를 완화하기 위한 계획을 공개하는 보고서도 준비해야 한다. EU의 강화된 공시 규제도 캘리포니아의 규제와 상당 부분 흡사하다."
658,context,0.1878,neutral,0.9989,기후변화·온실가스,E,E_CLIMATE__SCOPE3_EMISSION,Scope 3 배출량,0.6265601515769958,현재 캘리포니아와 유럽연합(EU)은 이미 기업들에게 스코프 3(Scope 3 기업의 활동과 관련된 모든 간접적 탄소 배출량)을 포함해 기후 관련 재무 위험과 탄소 배출량 공시를 의무화하고 있다. 그리고 미국 증권거래위원회(SEC)도 올해 4월 기후공시 기준을 확정하려는 등 전 세계적으로 기후공시 규제가 강화되고 있다.
659,risk,0.549,negative,0.8424,기후변화·온실가스,E,E_CLIMATE__SCOPE1_2_EMISSION,Scope 1·2 배출량,0.6517153978347778,"CBAM 보고 대상 기업은 매 분기 종료 후 1개월 이내 CBAM 전환 등록소(CBAM Transitional Registry)에 보고서를 제출해야 한다. 상품에 내재된 직간접 배출량과 전력소비량, 원산지국에서 기지불한 탄소가격 등의 내용을 포함해야 한다. 이를 준수하지 않으면 상품에 내재된 배출량 톤당 10 50유로의 벌금이 부과된다."
660,context,0.1721,neutral,0.9908,이사회 구조,G,G_BOARD__COMPOSITION_INDEPENDENCE,이사회 구성 및 독립성,0.579167366027832,"세계적인 회계 경영컨설팅 그룹 KPMG가 전세계 공공 및 민간 기업의 이사회 구성원, 임원을 550명을 대상으로 설문조사를 실시하고 지속가능성 보고에서 전략과 실행 사이 간격 보고서를 발간했다."
661,context,0.2338,neutral,0.9999,이사회 구조,G,G_BOARD__COMPOSITION_INDEPENDENCE,이사회 구성 및 독립성,0.7794236540794373,이번 예고된 중점 점검사항은 핵심지표 8개와 세부원칙 7개로 모두 15개 항목이다. 8개 핵심지표는 현금배당 관련 예측가능성 제공 최고경영자 승계정책 마련 및 운영 위험관리 등 내부통제정책 마련 및 운영 사외이사가 이사회 의장인지 여부 기업가치 훼손 등 책임이 있는 자의 임원 선임 방지 이사회 구성원 모두 단일성( )이 아님 독립적인 내부감사부서(내부감사업무 지원조직)의 설치 내부감사기구가 외부감사인과 분기별 회의 개최 등이다.
662,context,0.2048,neutral,0.9995,에너지 관리,E,E_ENERGY__RENEWABLE_TRANSITION,신재생에너지 전환,0.6829891800880432,포스코이앤씨는 SBTi 가입을 통해 신재생에너지 사업 확대 현장 건물 에너지효율화 제로에너지빌딩 로드맵에 따른 건물 운영단계 탄소감축 등에 대한 구체적인 목표도 설정했다.
663,opportunity,0.4548,positive,0.9958,에너지 관리,E,E_ENERGY__EFFICIENCY_CONSUMPTION,에너지 소비 및 효율화,0.4567461609840393,테크네비오는 에너지 효율 개선에 대한 산업계의 관심이 높아지면서 히트펌프 시장이 이처럼 괄목할 만한 성장세를 나타낼 것 이라고 전망했다.
664,context,0.2029,neutral,0.9999,인적자원 관리,S,S_HR__DIVERSITY_INCLUSION,다양성 및 형평성 (DEI),0.6763837933540344,"이사회의 성별 다양성과 관련해서는 조항을 신설하여 다양한 성별과 경력, 능력을 가진 이사 선임을 강조했다. 또한 다양한 구성에 반하는 안의 경우에는 합리적이고 정당한 사유를 제시하지 않는 한 반대한다고 명시했다. 성별 다양성 제고를 위해 의결권 행사에 있어서 세부적인 기준을 명확히 제시했다."
665,context,0.2114,neutral,0.9998,기후변화·온실가스,E,E_CLIMATE__SCOPE3_EMISSION,Scope 3 배출량,0.7048371434211731,지난해 공개된 국제지속가능성기준위원회(ISSB)의 ESG 공시기준과 유럽연합(EU)가 발표한 유럽지속가능성공시기준(ESRS)은 스코프 3 공시를 의무화하고 있다. 스코프 3 배출량은 기업의 원자재 조달에서 제조까지의 공급망을 뜻하는 업스트림 공급망과 제품 생산 후 운송과 유통 등의 공급망을 뜻하는 다운스트림 공급망에서 발생하는 전체 온실가스 배출량을 뜻한다.
666,opportunity,0.6455,positive,0.9996,에너지 관리,E,E_ENERGY__RENEWABLE_TRANSITION,신재생에너지 전환,0.6457618474960327,"제약사들은 전세계 API의 주요 제조국인 인도와 중국 내 공급업체들의 탈탄소화를 지원하고 있다. 지난 1월, 글로벌 제약기업 아스트라제네카, 론자(Lonza), 노바티스(Novartis), 노보 노르디스크(Novo Nordisk) 및 로슈(Roche)는 중국 4개 도시의 공급업체에 연간 200GWh의 재생 에너지를 공급하는 전력 구매 계약(PPA)에 합의한 바 있다."
667,context,0.1078,neutral,0.9998,인적자원 관리,S,S_HR__DIVERSITY_INCLUSION,다양성 및 형평성 (DEI),0.35934388637542725,그는 다양성 정책을 사회정의의 관점에서 말할 땐 선택적으로 참여할 수 있지만 기업의 성과 관점에서는 누구도 참여를 거부할 수 없다 고 말했다.
668,context,0.1511,neutral,0.9933,인적자원 관리,S,S_HR__DIVERSITY_INCLUSION,다양성 및 형평성 (DEI),0.5070621967315674,로이터 통신에 따르면 글로벌 필수소비재 대기업 P G(프록터앤갬블)의 CEO 존 몰러(Jon Moeller)는 지난 22일 컨슈머 애널리스트 그룹 오브 뉴욕 컨퍼런스에서 이제 기업 내 다양성 증진 방안으로 사회정의 대신 승리를 말해야 한다 고 말했다. 몰러 CEO가 언급한 승리는 기업의 재무 성과를 의미한다.
669,context,0.1986,neutral,0.9999,에너지 관리,E,E_ENERGY__RENEWABLE_TRANSITION,신재생에너지 전환,0.6621125340461731,"박희원은 기업 및 지자체 등의 탄소중립, RE100 전략 수립을 지원하는 넷제로홀딩스그룹 대표다. 속초 등 지자체, 다수 대기업, 중소기업의 넷제로 전략을 자문하고, 현장의 ESG 실무자들을 위한 넷제로아카데미도 운영하고 있다. 서울대에서 공학박사(에너지자원공학) 학위를 땄다. 풀뿌리 ESG를 주제로 ESG경제 에 칼럼을 연한다."
670,context,0.172,neutral,0.9927,에너지 관리,E,E_ENERGY__RENEWABLE_TRANSITION,신재생에너지 전환,0.5775445699691772,"RE100캠페인은 100GWh 이상의 상당한 전력을 사용하는 퍼천(Fortune) 1,000대 기업 수준의 기업들이 가입 대상이며 30년까지 기업 사용 전기의 60%를 재생에너지로 충족해야 한다. 이를 충족하는 기업은 어차피 세계에 몇 백개 뿐인데 이미 428개 글로벌 기업이 이 캠페인에 가입하였기에 가입 자격이 있는 상당 부분 기업들은 이미 가입하였다는 해석이 가능하다. 그런데 일부 국내 언론은 RE100 신규 가입 기업 수 추이가 최근 줄어 든다며 RE100이 지나가는 바람 이라고 엉뚱한 해석을 한다."
671,context,0.15,neutral,0.9994,에너지 관리,E,E_ENERGY__RENEWABLE_TRANSITION,신재생에너지 전환,0.5003584623336792,"ESG와 탄소감축에 대한 국제적 압박 수위가 높아지고 있다. 그러나 CBAM, CCA, IRA, SBTi, ESRS, ISSB, GRI, RE100 등 수많은 약어가 함의한 복잡하고 위중한 요구 사항들을 이해하기란 매우 어렵다."
672,context,0.2222,neutral,0.997,기후변화·온실가스,E,E_CLIMATE__SCOPE3_EMISSION,Scope 3 배출량,0.7429706454277039,스코프 3 배출량은 기업의 원자재 조달에서 제조까지의 공급망을 뜻하는 업스트림 공급망과 제품 생산 후 운송과 유통 등의 공급망을 뜻하는 다운스트림 공급망에서 발생하는 전체 온실가스 배출량을 뜻한다.
673,opportunity,0.5765,positive,0.9997,에너지 관리,E,E_ENERGY__RENEWABLE_TRANSITION,신재생에너지 전환,0.5767020583152771,글로벌 광산 및 금속 회사인 리오 틴토(Rio Tinto)는 호주 퀸즈랜드의 사업장에 전력을 공급하기 위해 재생 에너지 공급업체 윈드랩(Windlab)이 개발 중인 1.4GW 풍력 에너지 프로젝트에서 전력의 대부분을 구매하는 계약을 체결했다고 밝혔다. 이번 거래는 지난 1월 1.1GW 태양광 프로젝트의 모든 전력을 구매하기로 한 거래에 이은 대규모 재생 에너지 전력 구매 계약(PPA)이다. 리오 틴토는 이번 계약으로 호주에서 가장 큰 재생에너지 구매자가 되었으며 회사의 탄소 배출량을 연간 500만 톤까지 줄일 수 있는 잠재력을 갖게 되었다고 밝혔다. PPA에 따라 계약된 총 2.2GW의 에너지는 퀸즈랜드 현재 전력 수요의 10%를 생산할 수도 있다.
674,context,0.1816,neutral,0.9998,에너지 관리,E,E_ENERGY__RENEWABLE_TRANSITION,신재생에너지 전환,0.6054192185401917,"이를 위해 EU는 재생에너지 지침(Renewable Energy Directive, RED )을 수립하고, 회원국들이 2030년까지 전체 에너지 소비의 42.5%를 재생에너지로 충당해야 한다는 목표를 세웠다."
675,context,0.1412,neutral,0.9971,에너지 관리,E,E_ENERGY__RENEWABLE_TRANSITION,신재생에너지 전환,0.47206205129623413,로이터가 입수한 자료에 따르면 셸은 현재 발전용량 10.6GW의 미국 북동부와 서부의 태양광 발전시설 및 에너지저장 시설 매각을 진행하고 있고 투자은행 제프리스(Jefferies)가 매각 주간사를 맡았다. 셸과 제프리스는 셸의 재생에너지 자산 매각에 관해 언급을 피했다.
676,context,0.2226,neutral,0.9997,이사회 구조,G,G_BOARD__COMPOSITION_INDEPENDENCE,이사회 구성 및 독립성,0.742251455783844,"그는 또한 이사회 독립성 강화를 위해 도입된 사외이사 제도가 많은 기업에서 거수기에 머물고 있다는 비판이 나오고 있다며 상법 개정을 통해 사외이사의 충실의무에 주주를 명시하는 한편, 경영에 실질적으로 도움을 줄 수 있는 전문경영인 출신자들이 상장사 이사회에 많이 진출하도록 기관투자자들이 적극적인 역할을 해야 할 것이라고 제언했다."
677,context,0.1695,neutral,0.9994,기후변화·온실가스,E,E_CLIMATE__SCOPE3_EMISSION,Scope 3 배출량,0.5653290152549744,"머스크는 2040년 탄소 중립 달성 목표를 제시하고 이를 위해 스코프 1과 2 배출량을 96% 감축하는 한편, 스코프 3(Scope 3) 배출량은 90% 감축하기로 했다. 또한 2030년까지 전력의 100%를 재생 에너지로 전환하고 스코프 1과 스코프 3 배출량을 각각 35%와 22% 감축한다는 중간 목표도 제시했다."
678,context,0.172,neutral,0.9997,인적자원 관리,S,S_HR__DIVERSITY_INCLUSION,다양성 및 형평성 (DEI),0.5734586715698242,"측정 지표 문제는 동일한 범주를 평가할 때도 서로 다른 지표를 참조할 수 있다는 점을 말한다. 이사회의 다양성 을 측정하기 위해 한 평가 기관에서는 성별 다양성을 지표로 사용하는 반면 다른 기관에서는 중간 연령을 지표로 사용할 수도 있다. 정책(기업의 신념, 원칙, 의지)에 중점을 두는 지표를 선택할 것인지, 아니면 결과(성과)에 중점을 두는 지표를 선택할 것인지에 따라 평가 결과는 달라질 수 있다."
679,context,0.1724,neutral,0.9992,인적자원 관리,S,S_HR__DIVERSITY_INCLUSION,다양성 및 형평성 (DEI),0.5751043558120728,"평가 범주와 관련해 A라는 평가 기관에서는 이사회의 다양성 이란 범주가 포함될 수도 있지만, B라는 평가 기관에서는 이를 제외할 수도 있다. 이로 인해 평가가 달라질 수 있다."
680,context,0.1612,neutral,0.9697,에너지 관리,E,E_ENERGY__RENEWABLE_TRANSITION,신재생에너지 전환,0.554315447807312,"정부는 해외에서 신재생에너지 설비 설치, 에너지 설비 고효율화 투자, 저탄소 설비 설치 등 사업을 진행하는 기업에 사업비의 50%까지 지원한다.기업들은 향후 관련 사업을 통해 확보되는 온실가스 감축분으로 10년에 걸쳐 정부 지원금을 대신 갚게 된다."
681,context,0.1806,neutral,0.9998,이사회 구조,G,G_BOARD__COMPOSITION_INDEPENDENCE,이사회 구성 및 독립성,0.6021612286567688,국내 주요 금융지주들이 정기 주주총회를 앞두고 일제히 이사회 구성 다변화와 기능 실질화에 나서고 있다. 여성 사외이사 비중을 30% 안팎으로 높여 심각한 성비 불균형을 개선해나가는 한편 전체 사외이사 수를 늘려 경영진에 대한 견제 감시 기능을 강화하는 데 초점을 맞추는 분위기다.
682,opportunity,0.5013,positive,0.9987,에너지 관리,E,E_ENERGY__RENEWABLE_TRANSITION,신재생에너지 전환,0.5019439458847046,지난해 RE100 기업의 전력 소비량은 77TW 증가했고 이는 스위스의 연간 전력 소비량과 유사한 수준이다.
683,opportunity,0.5069,positive,0.9899,에너지 관리,E,E_ENERGY__RENEWABLE_TRANSITION,신재생에너지 전환,0.5120424628257751,한편 클라이밋 그룹에 따르면 전 세계 RE100 기업들의 전력 소비량은 500TW를 넘어섰다. 이는 프랑스의 연간 전력 소비량 460TW를 상회하는 수준이고 독일의 연간 전력 소비량 490TW와 비슷한 수준이다.
684,opportunity,0.3964,positive,0.9579,에너지 관리,E,E_ENERGY__RENEWABLE_TRANSITION,신재생에너지 전환,0.41380807757377625,전 세계 RE100 기업 전력 소비량 프랑스 연간 전력 소비량 추월
685,context,0.1898,neutral,0.9939,에너지 관리,E,E_ENERGY__RENEWABLE_TRANSITION,신재생에너지 전환,0.6366491913795471,기후솔루션은 다수의 국내 기업이 RE100에 동참하면서 RE100 캠페인을 통한 재생에너지 수요와 에너지 전환에 대한 요구가 증가하고 있다 고 밝혔다.
686,context,0.1885,neutral,0.9876,에너지 관리,E,E_ENERGY__RENEWABLE_TRANSITION,신재생에너지 전환,0.6362744569778442,"기후솔루션은 7일 보도자료를 통해 2022년 기준 국내 RE100 가입 기업의 전력 소비량이 약 60TW를 기록, 국내 총 전력 소비량 568TW의 10분의 1일 넘었다 고 밝히고 적어도 전체 발전량 중 10%는 태양광과 재생에너지로 충당돼야 한다는 것을 의미한다 고 설명했다."
687,context,0.1723,neutral,0.9611,에너지 관리,E,E_ENERGY__RENEWABLE_TRANSITION,신재생에너지 전환,0.5975834727287292,민간영역에서도 수소 전기차 보급사업 마을회관 경로당 태양광 설치사업 신재생에너지 융복합 지원사업 신재생에너지 주택지원사업 기후위기 안심마을 조성사업 주민수익형 마을발전소 설치 지원사업 취약계층 에너지복지사업 등을 추진 중이다.
688,context,0.1762,neutral,0.9997,기후변화·온실가스,E,E_CLIMATE__SCOPE1_2_EMISSION,Scope 1·2 배출량,0.5874263644218445,도는 그동안 공공부문 온실가스 감축을 위해 과도한 청사 냉 난방 사용 자제 등 에너지 절약을 통한 공공시설 직접 배출량 감축을 추진해 왔다.
689,context,0.1946,neutral,0.9999,에너지 관리,E,E_ENERGY__RENEWABLE_TRANSITION,신재생에너지 전환,0.6486496329307556,"정택중 한국RE100협의체 의장은 이번 RE100 컨퍼런스는 기후위기 대응과 기업들의 통상 이슈 대응을 위한 글로벌 동향을 파악하고, 국내의 부족한 재생에너지 시장 상황에서 어떻게 RE100 이행에 대응할 것인가를 여러 전문가를 통해 분석해 보고 공유하는 뜻깊은 자리가 될 것이라고 밝혔다."
690,context,0.2027,neutral,0.9999,에너지 관리,E,E_ENERGY__RENEWABLE_TRANSITION,신재생에너지 전환,0.6757622957229614,세 번째 세션에는 국내외 RE100 이행 주요 트랜드 분석(한국RE100협의체 정택중 의장) 국내 대기업의 탄소중립 관련 투자 및 수행 사례(현대차증권 조동민 팀장) 재생에너지 수급 상황에 따른 PPA 이슈 분석(SK E S 박영욱 팀장) RE100 이행 사례 및 제도개선 방향(아모레퍼시픽 홍수정 팀장)에 대해 발표가 준비돼 있다.
691,context,0.1959,neutral,0.9999,에너지 관리,E,E_ENERGY__RENEWABLE_TRANSITION,신재생에너지 전환,0.6531920433044434,두 번째 세션에는 글로벌 태양광 기술 동향 및 RE100 대응 방안(고려대학교 홍근기 교수) 대만 사례를 통해서 본 국내 풍력 발전의 RE100 대응 방안(서울과학기술대학교 이상준 교수)을 발표할 예정이다.
692,context,0.1944,neutral,0.9999,에너지 관리,E,E_ENERGY__RENEWABLE_TRANSITION,신재생에너지 전환,0.648115336894989,첫 번째 세션에는 정부의 재생에너지 지원정책과 RE100 지원 정책(한국에너지공단 김강원 실장) EU의 탄소국정조정제도의 세부 지침 및 재생에너지 가이드라인 동향(한국생산기술연구원 신서린 선임연구원)에 대해 발표한다.
693,context,0.185,neutral,0.9999,에너지 관리,E,E_ENERGY__RENEWABLE_TRANSITION,신재생에너지 전환,0.6167632937431335,"다음달 4일 SETEC 컨벤션홀에서 진행될 글로벌 탄소중립 대응을 위한 2024년 RE100 기술 전략 컨퍼런스 에서는 기조연설로 김성우 소장(김앤장 환경에너지연구소)이 연사로 나서 글로벌 기후 대응에 따른 통상 이슈와 국내 기업 대응 전략에 대해 발표할 예정이며, 경기도 기후환경에너지국의 차성수 국장의 경기도 RE100 추진성과 및 2024년 추진 계획에 대한 발표가 예정돼 있다."
694,context,0.188,neutral,0.9999,에너지 관리,E,E_ENERGY__RENEWABLE_TRANSITION,신재생에너지 전환,0.6268854141235352,"고려대학교와 한국RE100협의체는 글로벌 기후 대응 및 통상 연계의 동향을 짚어보고, 국내 기업들의 RE100 이행 현황과 대응 방안에 대해 논의하는 RE100 기술 전략 컨퍼런스를 준비했다."
695,context,0.1986,neutral,0.9999,에너지 관리,E,E_ENERGY__RENEWABLE_TRANSITION,신재생에너지 전환,0.6621125340461731,"박희원은 기업 및 지자체 등의 탄소중립, RE100 전략 수립을 지원하는 넷제로홀딩스그룹 대표다. 속초 등 지자체, 다수 대기업, 중소기업의 넷제로 전략을 자문하고, 현장의 ESG 실무자들을 위한 넷제로아카데미도 운영하고 있다. 서울대에서 공학박사(에너지자원공학) 학위를 땄다. 풀뿌리 ESG를 주제로 ESG경제 에 칼럼을 연한다."
696,context,0.2041,neutral,0.999,에너지 관리,E,E_ENERGY__RENEWABLE_TRANSITION,신재생에너지 전환,0.6809152960777283,녹색프리미엄은 기업들이 재생에너지 전력 소비 인증을 위해 기존 전기요금 외 프리미엄을 추가 납부해 재생에너지 전력 사용을 확인받는 제도다. 이는 글로벌 기업의 재생에너지 사용 및 탄소배출 감축 요구에 대응하기 위해 수립된 한국형 RE100(K-RE100) 제도의 일환이다.
697,context,0.1696,neutral,0.9993,에너지 관리,E,E_ENERGY__RENEWABLE_TRANSITION,신재생에너지 전환,0.5658646821975708,"경기도는 2030년까지 신재생에너지 발전 비중 30% 달성, 온실가스 배출량 40% 감축을 목표로 하는 경기RE100을 추진 중이다."
698,context,0.1507,neutral,0.9999,에너지 관리,E,E_ENERGY__RENEWABLE_TRANSITION,신재생에너지 전환,0.5024629831314087,차성수 도 기후환경에너지국장은 고금리로 신재생에너지 확산에 제동이 걸리는데도 정부는 금융 지원을 축소하는 등 세계 추세에 역행하고 있다며 국내외적 경제난 속에서도 재생에너지 시장이 위축되지 않도록 금융 지원을 확대하고 RE100 기업들의 수출경쟁력을 확보하겠다고 말했다.
699,context,0.1641,neutral,0.9997,에너지 관리,E,E_ENERGY__RENEWABLE_TRANSITION,신재생에너지 전환,0.5472078323364258,경기도가 올해 신재생에너지기업에 1267억 원 규모의 금융지원을 한다. 소규모 태양광발전소 저금리 융자 120억 원 은행자본을 이용한 신재생에너지 보급사업 이자 차액 보전 332억 원 태양광 에너지 효율화 사업자 보증지원 및 2% 이자 감면 800억 원 산업단지 중소 중견기업의 에너지효율화 저금리 융자 15억원 등이 골자다.
700,context,0.1561,neutral,0.9993,에너지 관리,E,E_ENERGY__RENEWABLE_TRANSITION,신재생에너지 전환,0.5205268859863281,"경기도, RE100 위해 올해 신재생에너지기업에 1267억 원 금융지원"
701,context,0.2118,neutral,0.903,기후변화·온실가스,E,E_CLIMATE__SCOPE3_EMISSION,Scope 3 배출량,0.7819955945014954,"유니레버(Unilever)는 협력사와 자사 제품 취급 매장의 온실가스 배출 감축목표를 담은 기후변화 대응계획(CTAP)을 발표했다. 이번 계획에는 2030년까지 스코프 3(Scope 3, 공급망 간접배출) 배출을 39% 감축하겠다는 목표가 추가됐다. 유니레버의 이번 기후 전환 계획은 회사가 2039년까지 가치 사슬 전반에 걸쳐 넷제로 배출을 달성하겠다는 목표를 발표한 2020년 첫 번째 CTAP를 따른다. 당시 회사가 세운 목표에는 2030년까지 범위 1 및 2 배출량을 줄이고, 2025년까지 범위 1 및 2 배출량을 70% 줄이는 임시 목표(회사는 2023년에 달성)와 2030년까지 제품의 평균 탄소 배출량을 줄이는 목표가 담겨있다."
702,context,0.2222,neutral,0.997,기후변화·온실가스,E,E_CLIMATE__SCOPE3_EMISSION,Scope 3 배출량,0.7429706454277039,스코프 3 배출량은 기업의 원자재 조달에서 제조까지의 공급망을 뜻하는 업스트림 공급망과 제품 생산 후 운송과 유통 등의 공급망을 뜻하는 다운스트림 공급망에서 발생하는 전체 온실가스 배출량을 뜻한다.
703,context,0.2076,neutral,0.9974,기후변화·온실가스,E,E_CLIMATE__SCOPE1_2_EMISSION,Scope 1·2 배출량,0.693915605545044,"스코프 1 배출량은 기업이 제품 생산 과정에서 발생하는 직접 배출량을, 스코프 2 배출량은 기업이 구매해 사용하는 전기나 증기, 난방 등에서 발생하는 간접 배출량을 뜻한다."
704,context,0.1788,neutral,0.9992,에너지 관리,E,E_ENERGY__RENEWABLE_TRANSITION,신재생에너지 전환,0.5963520407676697,"재생에너지 전환 등 인프라 투자를 올해의 투자 전략으로 수립한 블랙록은 지난달 태양광발전 및 에너지저장 프로젝트를 개발, 운영하는 리커런트에너지(Recurrent Energy)사에 5억 달러를 투자했다."
705,context,0.182,neutral,0.9898,에너지 관리,E,E_ENERGY__RENEWABLE_TRANSITION,신재생에너지 전환,0.6130473613739014,엑셀시어는 보도자료를 통해 회사의 초기 펀드인 엑셀시어 재생에너지 투자 펀드 I LP(Excelsior Renewable Energy Investment Fund I LP) 의 태양광 자산 포트폴리오를 블랙록에 매각했다고 밝혔다. 이 포트폴리오는 총용량 89메가와트(MWDC)의 태양광 및 배터리저장 분산발전 프로젝트로 구성되어 있다.
706,context,0.1535,neutral,0.9999,에너지 관리,E,E_ENERGY__RENEWABLE_TRANSITION,신재생에너지 전환,0.5118905901908875,"건물 내 태양광 발전 시설 설치도 의무화된다. 회원국은 규모에 따라 공공 및 비주거 건물에 태양열 시설을 단계적으로 배치하고, 2030년까지 모든 신규 주거 건물에도 태양광 시설을 설치해야 한다."
707,context,0.1619,neutral,0.9997,에너지 관리,E,E_ENERGY__RENEWABLE_TRANSITION,신재생에너지 전환,0.5399163365364075,"ESG 경영의 필수라고 할 수 있는 신재생에너지 사용이나 인권영향평가의 실적이 하나도 없을 뿐더러 지속가능경영보고서라고 내 놓은 것이 회사 자랑과 사회공헌활동 사진집 수준이다. 그런데, 무슨 자신감으로 저런 광고를 내는 건지, 참 대단하다 싶다. 과연 선도라는 말을 제대로 이해하고 있는지 의심스럽다."
708,context,0.1294,neutral,0.9984,이사회 구조,G,G_BOARD__COMPOSITION_INDEPENDENCE,이사회 구성 및 독립성,0.4320819675922394,ISS는 미국의 이사회의 성별 다양성도 지속적으로 진전을 보이고 있다고 평가했다. 2024년 초를 기준으로 S P 500 기업 중 단 2개 기업만이 소수 민족 출신 이사회 구성원이 한 명도 없다. 러셀 3000 지수 기업 전체에서도 이 같은 다양성 수준을 갖추지 못한 기업은 12%에 불과했다. 2023년 초 약 14%였던 수치보다 개선됐다.
709,context,0.1294,neutral,0.9984,인적자원 관리,S,S_HR__DIVERSITY_INCLUSION,다양성 및 형평성 (DEI),0.4320819675922394,ISS는 미국의 이사회의 성별 다양성도 지속적으로 진전을 보이고 있다고 평가했다. 2024년 초를 기준으로 S P 500 기업 중 단 2개 기업만이 소수 민족 출신 이사회 구성원이 한 명도 없다. 러셀 3000 지수 기업 전체에서도 이 같은 다양성 수준을 갖추지 못한 기업은 12%에 불과했다. 2023년 초 약 14%였던 수치보다 개선됐다.
710,context,0.2065,neutral,0.9998,인적자원 관리,S,S_HR__DIVERSITY_INCLUSION,다양성 및 형평성 (DEI),0.6883419752120972,"보고서에 따르면 올해에도 지난해와 동일하게 기후변화 및 DEI와 관련된 주주제안이 가장 많이 나올 전망이다. DEI는 diversity, equity, inclusion의 약어로 다양성, 형평성, 포용성을 뜻한다. 이는 장애 혹은 성별, 성 정체성 등으로 사람을 차별하지 않고, 모든 구성원들이 존중받는 조직문화를 조성하기 위한 중요한 가치다."
711,risk,0.6698,negative,0.9994,이사회 구조,G,G_BOARD__COMPOSITION_INDEPENDENCE,이사회 구성 및 독립성,0.6702159643173218,"ISS도 KT G의 실적 악화를 지적했다. ISS는 KT G의 총주주수익률이 동종업계 평균을 밑돌았다며 회사의 실적 부진, 지속적인 운영 문제, 거버넌스 우려 등을 고려할 때 주주들이 제안한 사외이사를 추가하는 것은 주주 신뢰 회복을 위해 필요한 조치로 보인다고 설명했다. 또한 KT G의 거버넌스 문제에 대해 경영진과 이사회 구성원을 고착화할 가능성이 있다고 진단했다."
712,opportunity,0.5225,positive,0.9995,에너지 관리,E,E_ENERGY__RENEWABLE_TRANSITION,신재생에너지 전환,0.5228002071380615,대규모 태양광 발전 및 저장 시스템 구축 투자도 2022년 대비 50% 이상 증가한 530억 달러에 달했다.
713,context,0.1036,neutral,0.9999,인적자원 관리,S,S_HR__DIVERSITY_INCLUSION,다양성 및 형평성 (DEI),0.3453795909881592,"연구팀은 우선 사회-환경적으로 민감한 모든 지역에서는 석유 채취를 완전히 금지해야 한다고 지적했다. 생물다양성이 극히 풍부한 지역(hotspot), 자연 보호 지역, 생물 다양성 보전 우선 지역, 고유종이 풍부한 지역, 도시 지역, 자발적으로 고립 생활하는 원주민의 영토 등을 꼽았다. 남한 면적의 300배에 가까운 2950만 2의 석유 채취 불가 지역, 채취 금지 구역이 제시된 것이다."
714,context,0.1786,neutral,0.9968,에너지 관리,E,E_ENERGY__RENEWABLE_TRANSITION,신재생에너지 전환,0.5970906019210815,재생에너지 인프라 투자자 엑셀시어 에너지 캐피털(Excelsior Energy Capital) 은 세계 최대 자산운용사 블랙록에 자사의 38개 태양광 및 에너지 저장 프로젝트 포트폴리오를 매각했다고 밝혔다. 엑셀시어는 회사의 초기 펀드인 엑셀시어 재생에너지 투자 펀드 I LP(Excelsior Renewable Energy Investment Fund I LP) 의 태양광 자산 포트폴리오를 블랙록에 매각했다. 이 포트폴리오는 총용량 89메가와트(MWDC)의 태양광 및 배터리저장 분산발전 프로젝트로 구성돼 있다.
715,context,0.1251,neutral,0.9915,에너지 관리,E,E_ENERGY__RENEWABLE_TRANSITION,신재생에너지 전환,0.42060303688049316,"UBA는 재생에너지는 독일의 중요한 경제적 요소 라고 강조하며, 22년 재생에너지 시스템에 대한 투자가 223억 유로였던 데 반해 23년에는 366억 유로로 급증했다고 밝혔다. 그중 전년 대비 가장 큰 성장을 보인 분야는 태양광 발전과 지열 분야이며, 특히 히트 펌프가 성장의 중심이 됐다고 설명했다."
716,context,0.1999,neutral,0.9989,이사회 구조,G,G_BOARD__COMPOSITION_INDEPENDENCE,이사회 구성 및 독립성,0.6671477556228638,"또한 박준경 이사는 선임 당시 ISS 및 글래스루이스로부터 찬성 권고를 받았다 며 현재 이사회 구성원은 박철완 주주의 주주제안에 따른 위임장 경쟁, 반대 캠페인에도 불구하고 주주들로부터 폭넓은 지지를 받아 선임된, 전체 주주의 이익을 대변하는 이사 라고 해명했다."
717,context,0.1707,neutral,0.9949,이사회 구조,G,G_BOARD__COMPOSITION_INDEPENDENCE,이사회 구성 및 독립성,0.5719621777534485,"평가원은 독립적인 이사회 구성과 이사회 중심 경영을 통해 전문경영인 참호 구축 이라는 부정적인 의혹을 불식시키고, 소유분산기업의 모범이 되는 ESG경영 행보를 기대한다 고 밝혔다."
718,context,0.2393,neutral,0.9998,이사회 구조,G,G_BOARD__COMPOSITION_INDEPENDENCE,이사회 구성 및 독립성,0.7979108691215515,"평가원은 최대주주인 기업은행이 주주제안의 형태로 사외이사를 추천하여 주총에서 기존 경영진과 표대결을 펼치는 것은 상당히 이례적인 상황 이라며 기업은행 같은 소유분산 기업의 경우 이사회의 견제 역할이 매우 중요하며, 이를 위해 이사회의 독립성 확보와 주주 의견을 대변할 이사회 구성이 필요하다 고 설명했다."
719,context,0.1752,neutral,0.999,에너지 관리,E,E_ENERGY__RENEWABLE_TRANSITION,신재생에너지 전환,0.5847257971763611,RE100(재생에너지 100% 조달) 캠페인을 주관하는 국제 비영리재단 클라이밋그룹(Climate Group) 겸 리스폰시블스틸(ResponsibleSteel)의 마이크 피어스 대표는 기조연설에서 포스코와 현대제철이 이미 리스폰시블스틸의 회원사로 철강의 저탄소 배출을 위해 노력하고 있다며 지속가능성 이슈와 관련해 한국 기업도 이와 관련한 진척이 많다는 건 고무적이라고 생각 한다고 밝혔다.
720,context,0.1559,neutral,0.9974,에너지 관리,E,E_ENERGY__RENEWABLE_TRANSITION,신재생에너지 전환,0.5209593772888184,"아울러 지금 2036년에 한국이 목표로 하는 신재생에너지 전체 발전 설비 규모가 108.3GW인데, 농지의 한 16 17%만 투입을 하면 확보가 가능한 수준 이라고 덧붙였다."
721,context,0.1421,neutral,0.999,기후변화·온실가스,E,E_CLIMATE__SCOPE3_EMISSION,Scope 3 배출량,0.47427836060523987,반면 금융업은 실사 대상으로 업스트림 공급망만 포함된다. 금융회사가 사실상 자사의 인권 침해와 환경적 피해 여부만 고려하면 된다는 것이다. 이전 초안에는 일부 다운스트림 공급망도 포함됐다고 로이터는 보도했다.
722,context,0.1772,neutral,0.9972,기후변화·온실가스,E,E_CLIMATE__SCOPE3_EMISSION,Scope 3 배출량,0.5924283266067505,"로이터통신에 따르면 이 법은 2028년부터 발효될 예정이다. 법에 따라 기업활동으로 인한 인권 및 환경 피해를 예방하거나 종식, 완화하는 등의 실사 의무는 기업의 업스트림 공급망과 다운스트림 공급망 전반에 적용된다. 업스트림 공급망은 기업의 원자재 조달에서 제조까지의 공급망, 다운스트림 공급망은 제품 생산 후 운송과 유통 등의 공급망을 말한다."
723,context,0.1585,neutral,0.9997,인적자원 관리,S,S_HR__DIVERSITY_INCLUSION,다양성 및 형평성 (DEI),0.5284991264343262,"구체적으로 블랙록은 ACS 월드 ESG 지수를 추종하는 펀드(ACS World ESG Equity Tracker Fund)를 통해 엑손모빌, 쉘, 쉐브론 등 화석연료 대기업에 약 5억 달러(6700억원)를 투자하고 있으며, 도이치자산운용은 MSCI AC 월드 ESG 지수를 추종하는 펀드(Xtrackers MSCI AC World ESG Screened ETF)로 쉘, 엑손모빌, 토탈에너지 등에 약 1억 달러(1300억원)를 투자하고 있는 것으로 드러났다. 토탈에너지의 신규 계획에는 파푸아뉴기니 LNG 개발 사업이 포함되어 있으며, 이는 최소 2억 2000만 톤의 이산화탄소를 추가 배출하게 될 것으로 알려져 있다."
724,opportunity,0.4551,positive,0.9464,에너지 관리,E,E_ENERGY__RENEWABLE_TRANSITION,신재생에너지 전환,0.48086100816726685,라슈타트 공장은 자체적인 태양광 발전 설비를 갖추고 있다. 벤츠는 이산화탄소 배출량 감축을 위해 올 여름 태양광 발전 설비용량을 확충할 계획이다.
725,risk,0.5744,negative,0.9321,에너지 관리,E,E_ENERGY__RENEWABLE_TRANSITION,신재생에너지 전환,0.6162176132202148,녹색채권 조달액 채무 해소 활용 의혹과 사용처에 대해서는 한전의 글로벌 녹색채권은 신재생에너지 지분투자와 계통연계 등에 활용되고 있다고 덧붙였다.
726,context,0.1463,neutral,0.9928,에너지 관리,E,E_ENERGY__RENEWABLE_TRANSITION,신재생에너지 전환,0.49129846692085266,"텍사스 주는 미국 내 석유 총생산량 약 40%를 차지하는 지역이지만, 미래 에너지원을 확보하기 위한 세계 최대 규모의 그린수소 프로젝트가 다수 진행되는 지역이기도 하다. 이번에 풍력 및 태양광 발전 용량을 추가한 프로젝트는 그린수소인터내셔널(GHI)의 수소 도시 프로젝트 와 HIF 글로벌의 e-fuel 프로젝트 다."
727,context,0.1514,neutral,0.9997,에너지 관리,E,E_ENERGY__RENEWABLE_TRANSITION,신재생에너지 전환,0.5048844814300537,"한국은 재생에너지 소비에서도 뒤처지는 모습을 보였다. 보고서는 신재생에너지 공급 비중은 증가하고 있으나, 최종에너지 소비 중 재생에너지 비중은 OECD 회원국 중 가장 낮다(2020년 기준3.6%, OECD 평균 14.9%)고 지적했다."
728,context,0.1245,neutral,0.8121,기후변화·온실가스,E,E_CLIMATE__SCOPE3_EMISSION,Scope 3 배출량,0.5111409425735474,"한편, 비금속 제품과 철금속은 업스트림(공급)과 다운스트림(수요)에서 동시에 공급망 충격을 받기 때문에 기후 변화에 취약하다."
729,context,0.1762,neutral,0.9961,기후변화·온실가스,E,E_CLIMATE__SCOPE3_EMISSION,Scope 3 배출량,0.5897599458694458,해당 기업이 실사를 통해 부정적인 영향을 해소해야 하는 조치를 취해야 할 대상은 원자재 조달에서 제조까지의 공급망을 뜻하는 업스트림 공급망과 운송과 유통 등의 공급망을 뜻하는 다운스트림 공급망에 포함된 협력사다. 태평양은 다만 다운스트림 협력사 중 중 간접적인 협력사와 상품의 폐기를 담당하는 협력사는 제외된다고 설명했다.
730,opportunity,0.6084,positive,0.9651,에너지 관리,E,E_ENERGY__RENEWABLE_TRANSITION,신재생에너지 전환,0.6303611397743225,"SK에코플랜트가 22일 서울 종로구 본사에서 BCGE(Bamboo Capital Group Energy)와 베트남 재생에너지 사업 공동 협력 및 개발 업무협약(MOU)을 체결했다고 밝혔다. BCGE는 베트남을 대표하는 신재생에너지 기업으로, 베트남에서 약 600 규모의 태양광 발전소를 운영 중이며, 현재 개발이 진행 중인 풍력발전 규모도 800 를 웃돈다. 이번 협약을 통해 양사는 베트남에서 육상풍력 300 , 지붕태양광 300 , 육상태양광 100 등 총 700 규모의 재생에너지 프로젝트를 공동으로 추진하기로 했다."
731,opportunity,0.5534,positive,0.9996,에너지 관리,E,E_ENERGY__RENEWABLE_TRANSITION,신재생에너지 전환,0.5535985827445984,"현대위아가 에코바디스의 ESG 경영 평가에서 골드 등급을 받았다고 25일 밝혔다. 에코바디스는 175개국, 10만여개 기업의 환경, 노동 인권, 윤리, 조달 성과를 평가하는 글로벌 ESG 기관이다. 현대위아가 획득한 골드 등급은 상위 5% 이내 기업에만 부여된다. 현대위아는 RE100 가입 등 온실가스 배출을 줄이기 위한 노력이 좋은 평가를 받았다고 설명했다."
732,opportunity,0.534,positive,0.8415,에너지 관리,E,E_ENERGY__RENEWABLE_TRANSITION,신재생에너지 전환,0.63461834192276,이번에 풍력 및 태양광 발전 용량을 추가한 프로젝트는 그린수소인터내셔널(GHI)의 수소 도시 프로젝트 와 HIF 글로벌의 e-fuel 프로젝트 다.
733,opportunity,0.5637,positive,0.9133,기후변화·온실가스,E,E_CLIMATE__SCOPE1_2_EMISSION,Scope 1·2 배출량,0.617212176322937,"벤츠의 터스칼루사 공장에서는 GLE, GLE 쿠페, GLS 모델 시리즈를 포함한 SUV 모델과 순수 전기 EQS SUV, EQE를 생산하고 있다. 이 공장은 2023년에 약 29만 5000대의 차량을 생산했다.한편 철강 제조는 전 세계적으로 이산화탄소를 가장 많이 배출하는 분야 중 하나이며, 줄이기가 가장 어려운 분야 중 하나다. 철강 분야의 총 온실가스 배출량(GHG)은 전 세계 화석 연료 사용으로 인한 직접 배출량의 7 9%를 차지한다."
734,context,0.1363,neutral,0.7099,에너지 관리,E,E_ENERGY__RENEWABLE_TRANSITION,신재생에너지 전환,0.6399123668670654,"마이크로소프트(MS)가 EDP 북미 재생에너지(EDP Renewables North America), 볼트 에너지 유틸리티(Volt Energy Utility)와 함께 110MW 규모의 태양광 프로젝트인 히커리 솔라파크(Hickory Solar Park) 개발을 위해 파트너십을 체결했다. MS는 새 프로젝트를 통해 15년 동안 전기와 재생에너지 크레딧(REC)을 구매할 것이라고 발표했다. MS가 최근 잇따라 체결하고 있는 환경정의 PPA(EJ PPA, Environmental Justice PPA)란 재생에너지를 구매할 때 환경적, 사회적인 불평등을 고려한 전력구매계약을 맺는 것을 의미한다."
735,context,0.1282,neutral,0.7872,에너지 관리,E,E_ENERGY__EFFICIENCY_CONSUMPTION,에너지 소비 및 효율화,0.542862057685852,누리아 리베 헨켈 세탁 및 홈케어 사업부 수석 부사장은 퍼실 딥 클린 코스는 9중 효소의 강력한 세척력 및 에너지 절감을 제공한다며 헨켈의 독자 기술을삼성세탁기에 접목해 한국 소비자에게 최고의 경험을 선보이겠다고 밝혔다.
736,context,0.1257,neutral,0.8229,에너지 관리,E,E_ENERGY__RENEWABLE_TRANSITION,신재생에너지 전환,0.5091572403907776,비샬 카파디아 월마트 에너지 전환부 수석 부사장은 이번에 체결한 계약들은 재생에너지에 대한 접근성을 확대하는 한편 지역사회에도 새로운 세수와 일자리를 창출하는 데 도움이 될 것이다 라며 특히 지역사회에 자리한 태양광 발전소와의 계약은 지역 사회는 물론 월마트의 고객들과 회원들도 직접적인 이익을 얻을 수 있을 것으로 예상된다 고 밝혔다.
737,context,0.1017,neutral,0.744,에너지 관리,E,E_ENERGY__RENEWABLE_TRANSITION,신재생에너지 전환,0.4556877613067627,"이들 태양광 발전소는 70MW의 재생에너지를 생산할 수 있으며, 월마트는 약 1만3000여 가구에 전기를 제공할 수 있을 것으로 기대했다. 또한 해당 프로젝트를 통해 해당 지역 가정 및 상업용 에너지 요금을 연간 약 800만 달러 가량 절감할 수 있을 것으로 예상된다고 밝혔다."
738,context,0.1791,neutral,0.9985,에너지 관리,E,E_ENERGY__RENEWABLE_TRANSITION,신재생에너지 전환,0.597859799861908,"지난 2021년 이후부터 RE100그룹에 가입한 글로벌 기업 400여개와 일본 기후리더 파트너십(Japan Climate Leaders Partnership)은 2030년까지 친환경 전력이 에너지 믹스의 절반 가량을 차지할 수 있도록 일본 정부에 재생에너지 투자를 늘릴 것을 촉구하고 있다. 2022년 RE100 기업들은 일본 사업장에서 전력 수요의 25%를 재생 에너지 전력으로 채웠는데, 이는 세계 평균인 50%의 절반밖에 되지 않는 수치다."
739,context,0.1618,neutral,0.9998,에너지 관리,E,E_ENERGY__RENEWABLE_TRANSITION,신재생에너지 전환,0.539580762386322,아마존 웹서비스(AWS) 아시아태평양 지역 에너지 및 환경 정책 책임자인 켄 헤이그(Ken Haig)는 지난 15일 도쿄에서 열린 재생에너지 연구소(Renewable Energy Institute) 컨퍼런스에서 이같이 말했다.
740,context,0.2109,neutral,0.9999,에너지 관리,E,E_ENERGY__RENEWABLE_TRANSITION,신재생에너지 전환,0.7031207084655762,"한국사회책임투자포럼은 기업의 재생에너지 구매 환경 개선 정책으로 직접 PPA와 자가발전 보조금, 전력망 이용 요금 등 부대비용 감면 및 투자세액 공제 등 기업 재생에너지 조달 인센티브 정부 주도의 기업용 PPA 전용 재생에너지 단지 조성 등 기업 재생에너지 계획입지제도 도입 중소기업과 중견기업에 대한 재생에너지 구매 지원 녹색프리미엄 재원 사용처와 기업별 재생에너지 사용량 정보 등 기업 재생에너지 관련 정보 투명성 제고의 4가지를 질의했다."
741,opportunity,0.6629,positive,0.8696,윤리경영·준법,G,G_ETHICS__ANTI_CORRUPTION_COMPLIANCE,반부패 및 컴플라이언스,0.7622856497764587,"이와 관련해 국제표준에 부합하는 부패 방지 경영시스템과 규범 준수 경영시스템을 기반으로 HUG 고유의 윤리 위험을 발굴 통제하고, 윤리경영 전담 조직 및 평가 체계 고도화 등에 나선다. 또 체계적인 청렴 반부패 교육, 다양한 청렴 문화 소통 활동을 진행할 예정이다."
742,context,0.1904,neutral,0.9999,에너지 관리,E,E_ENERGY__RENEWABLE_TRANSITION,신재생에너지 전환,0.6347563862800598,"2030년까지 19조8700억원이 투입되는 부문별 온실가스 감축 방안에는 신재생에너지 보급으로 건물 에너지 자립도 향상, 전기 수소차 등 친환경차 보급, 농축수산 에너지 저감 장치 보급, 폐기물 자원화, 수소클러스터 구축, 블루카본 확대, 이산화탄소 포집 저장 활용 등이 있다. 시는 기후위기 적응대책 추진 이행평가, 공유재산 보호를 위한 단계별 대응, 탄소중립 실천교육 홍보, 녹색산업 육성 등 8개 부문 기후위기 대응 이행 기반 강화 정책도 추진할 예정이다. 부산시는 최종보고회에서 나온 의견을 반영한 다음 오는 4월 부산시 2050탄소중립녹색성장위원회 심의를 거쳐 기본계획을 확정할 예정이다."
743,opportunity,0.6755,positive,0.9804,기후변화·온실가스,E,E_CLIMATE__SCOPE3_EMISSION,Scope 3 배출량,0.6890372633934021,"스위스의 직접탄소포집(DAC) 기술 업체 클리멕스(Climeworks)가 레고 그룹(LEGO Group)과 9년간의 탄소 제거 계약을 체결했다고 발표했다. 레고 그룹은 2050년까지 넷제로 배출 달성 과학 기반 목표 이니셔티브(SBTi)와 협력하여 스코프 1, 2 배출량 및 탄소 발자국의 98%를 차지하는 스코프 3 공급망 배출량 감축 목표 설정 향후 3년 동안 14억 달러 이상을 환경 친화적 지속 가능성 사업에 투자하는 등 일련의 기후 관련 목표를 발표한 바 있다. 레고 그룹은 공장, 사무실, 매장 및 공급망의 배출량을 줄이는 것이 최우선이지만, 공기중 탄소 포집 및 저장은 탄소 제거 솔루션을 확장하는 데 도움이 될 것이라고 밝혔다."
744,opportunity,0.4417,positive,0.8855,기후변화·온실가스,E,E_CLIMATE__SCOPE1_2_EMISSION,Scope 1·2 배출량,0.49884936213493347,세계 매출 1위인 거대 유통업체 월마트가 미국 전역에서 1GW의 재생에너지를 추가로 구매하기로 했다. 월마트는 26일 미국 전역에서 재생에너지 전력 사용량을 1GW 늘리기 위한 새로운 투자 및 구매 계약을 발표했다. 이번 계약은 지난 1월 발표된 월마트의 재생에너지 프로젝트의 일환이다. 월마트는 2030년말까지 10GW 규모의 신규 재생에너지 전력을 확보하고 2035년까지 운영 중인 시설 전체를 100% 재생에너지로 가동한다는 목표를 갖고 있다. 현재 월마트는 운영 중인 시설의 거의 절반을 재생에너지로 가동하고 있다.
745,opportunity,0.4996,positive,0.9999,에너지 관리,E,E_ENERGY__RENEWABLE_TRANSITION,신재생에너지 전환,0.49964267015457153,"월마트, 재생에너지 전력 1GW 구매 계약...35년 RE100 달성"
746,opportunity,0.646,positive,0.9997,에너지 관리,E,E_ENERGY__RENEWABLE_TRANSITION,신재생에너지 전환,0.6461818814277649,"MS가 최근 잇따라 체결하고 있는 환경정의 PPA(EJ PPA, Environmental Justice PPA)란 재생에너지를 구매할 때 환경적, 사회적인 불평등을 고려한 전력구매계약을 맺는 것을 의미한다. MS는 불과 일주일 전 EDP 북미 재생에너지(EDP Renewables North America), 볼트 에너지 유틸리티(Volt Energy Utility)와 함께 110MW 규모의 태양광 프로젝트인 히커리 솔라파크(Hickory Solar Park) 개발을 위해 파트너십을 체결한 바 있다."
747,opportunity,0.5311,positive,0.9967,에너지 관리,E,E_ENERGY__RENEWABLE_TRANSITION,신재생에너지 전환,0.5328101515769958,"마이크로소프트(Microsoft, 이하 MS)는 LRE(Leeward Renewable Energy)가 현재 텍사스에서 개발 중인 두 개의 태양광 시설에서 총 400MW의 재생에너지 전력 구매 계약(PPA)을 체결했다고 밝혔다. LRE에 따르면 이 프로젝트는 초저탄소 태양광 모듈을 활용하고, 일자리와 현지 경제에 중요한 이익을 제공하는 환경정의 프로젝트다. 또한 토양 건강을 증진하고 토착 식물 종을 보존하며 생물 다양성을 향상하는 견고한 토지 관리 활동과 같은 환경 보호 및 개선 이니셔티브에도 참여하고 있다."
748,context,0.1112,neutral,0.9998,인적자원 관리,S,S_HR__DIVERSITY_INCLUSION,다양성 및 형평성 (DEI),0.3708637058734894,금융권 관계자는 아직 부족한 면도 있지만 이번 여성 이사회 의장 선임은 다양성 확대 측면에서 큰 의미가 있다며 앞으로도 금융권에서 여성의 영향력은 더욱 확대될 것 이라고 말했다.
749,context,0.0839,neutral,0.7401,에너지 관리,E,E_ENERGY__RENEWABLE_TRANSITION,신재생에너지 전환,0.37790435552597046,"그는 독일은 지난해 태양광 같은 경우 14.4기가와트(GW)를 설치했다 며 역사적으로 태양광 발전이 가장 많이 설치된 2012년에 6.2GW를 설치했었는데, 그거의 곱절 이상을 작년 한 해에만 설치했다 고 밝혔다."
750,context,0.1852,neutral,0.994,에너지 관리,E,E_ENERGY__EFFICIENCY_CONSUMPTION,에너지 소비 및 효율화,0.6210320591926575,"MUFG는 2030년까지 누적 35조 엔의 지속가능금융을 제공한다는 목표를 지난 2019년에 세운 바 있다. MUFG는 재생에너지, 에너지 효율 개선, 녹색건축물 등 기후변화 적응 및 완화에 기여하는 사업 스타트업 발전, 일자리 창출, 빈곤 완화에 기여하는 기업 지역사회 활성화 및 지역 발전에 기여하는 기업 대중교통, 상수도, 공항 등 기본 인프라와 병원, 학교, 경찰 등 필수 서비스 사업에 대출 펀드에 대한 지분투자 주식 및 채권 인수 금융자문을 제공하는 행위를 지속가능금융으로 분류했다."
751,context,0.1193,neutral,0.9964,에너지 관리,E,E_ENERGY__RENEWABLE_TRANSITION,신재생에너지 전환,0.39899569749832153,"보고서에 따르면 IRA는 아시아와 유럽 기업들이 미국에 더 많이 투자하도록 유도했다. 또한 EU가 청정에너지 프로젝트 및 관련된 산업의 인재 유출을 방지하기 위해 녹색 산업 계획을 개발할 수밖에 없도록 만들었다. 이에 풍력 및 태양광 발전, 배터리 제조 등 전통적인 청정 에너지 분야에 투자가 쏠린 것이라고 분석했다."
752,context,0.2186,neutral,0.9973,기후변화·온실가스,E,E_CLIMATE__SCOPE3_EMISSION,Scope 3 배출량,0.7308093309402466,스코프 3 배출량은 기업의 원자재 조달에서 제조까지의 공급망을 뜻하는 업스트림 공급망과 제품 생산 후 운송과 유통 등의 공급망을 뜻하는 다운스트림 공급망에서 발생하는 전체 온실가스 배출량을 뜻한다. 스코프 3 배출량은 기업 탄소 배출의 상당량을 차지하는데다 배출량을 협력업체 등에 외주화하는 경우가 많아 공시가 반드시 필요하다는 공감대가 폭넓게 확산돼 있다.
753,opportunity,0.4264,positive,0.7646,기후변화·온실가스,E,E_CLIMATE__SCOPE1_2_EMISSION,Scope 1·2 배출량,0.5577101111412048,"CAISO는 지난 2일, 전력 사용량 증가와 재생에너지로의 전환에 따른 송전망 안정성을 유지하기 위해 이번 프로젝트를 계획했다고 밝혔다. CAISO는 또한 캘리포니아 주의 2035년 전기차 전환 목표와 온실가스 감축 목표를 달성하기 위해서는 85GW 이상의 재생에너지 발전 용량을 확보해야 한다고 예상하고 있다. 이미 캘리포니아 주에서 판매되는 신차의 5분의 1이 전기차인만큼 전력에 대한 수요도 급증하는 상황이다."
754,context,0.1799,neutral,0.998,에너지 관리,E,E_ENERGY__RENEWABLE_TRANSITION,신재생에너지 전환,0.600951075553894,"그러면서 지난해 제10차 전력수급기본계획(전기본)을 통해 2030년 전원별 발전 비중을 원전 32.4%와 신재생에너지 21.6% 등으로 설정, 기존(23.9%와 30.2%)과 비교해 원전은 확대하고 신재생에너지는 축소한 것이 개선이라고 주장했다."
755,context,0.1693,neutral,0.9994,에너지 관리,E,E_ENERGY__RENEWABLE_TRANSITION,신재생에너지 전환,0.5646983981132507,"이날 탄녹위와 환경부는 문재인 정부 때 2030년 NDC를 수립하며 신재생에너지 발전 비중을 30.2%까지 높이기로 한 것, 수소와 다른 연료를 혼합해 발전하는 방안을 도입하기로 한 것, 플라스틱 원료를 바이오납사로 전환하기로 한 것 등을 비현실적 감축 수단이라고 비판했다."
756,context,0.0833,neutral,0.9999,에너지 관리,E,E_ENERGY__RENEWABLE_TRANSITION,신재생에너지 전환,0.27752211689949036,총선 후보 중 24.1%만 기후 공약 제시... 교통패스 RE100 관련 공약 다수
757,opportunity,0.6142,positive,0.9787,이사회 구조,G,G_BOARD__COMPOSITION_INDEPENDENCE,이사회 구성 및 독립성,0.627541720867157,"OCI홀딩스는 2021년 BB에서 2022년 BBB에 이어 2023년 A까지 최근 3년간 매년 1단계씩 상승했다. OCI홀딩스는 2023년 기준으로 화학물질 정책 수립 및 공개를 통한 질소산화물(NOx), 황산화물(SOx) 등 화학물질 배출 강도 감소, 수자원 관리 방안 제고에 따른 실제 수자원 사용량 강도 감소 등으로 환경 평가에서 높은 점수를 받았다고 설명했다. 지난해 5월 OCI홀딩스 중심의 지주사 체제로 전환하면서 대표이사와 의장을 분리해 이사회 독립성을 강화한 것도 지배구조 개선 노력으로 인정받았다고 덧붙였다."
758,context,0.1897,neutral,0.9739,윤리경영·준법,G,G_ETHICS__ANTI_CORRUPTION_COMPLIANCE,반부패 및 컴플라이언스,0.6493794322013855,"지주사의 철강팀 수소사업팀과 사업회사인 포스코의 탄소중립전략실이 나눠 수행하던 탄소중립 전환 업무의 주요 기능은 지주사 전략기획총괄 산하에 신설되는 탄소중립팀으로 통합됐다. 또한 포스코는 그룹의 새 전략 사업인 이차전지 소재 사업 강화를 위해 관련 사업 기능을 전략기획총괄 산하로 이관해 이차전지 소재 사업 관리 담당을 신설했고, 그룹 차원의 연구개발(R D) 컨트롤타워 강화를 위한 기술 총괄도 신설했다. ESG팀과 법무팀은 임직원의 윤리 의식 제고, 컴플라이언스(준법 감시) 기능 강화를 위해 기업윤리팀으로 통합됐다. 이사회의 전략적 의사결정을 지원하기 위한 이사회 사무국도 신설됐다."
759,context,0.1663,neutral,0.9497,에너지 관리,E,E_ENERGY__EFFICIENCY_CONSUMPTION,에너지 소비 및 효율화,0.5835418105125427,"일본 최대 금융그룹 미쓰비시 UFJ 파이낸셜 그룹(MUFG)이 증가하는 수요로 인해 2030년 지속가능한 금융 목표를 35조엔에서 100조엔(미화 6600억 달러, 한화 892조 원)으로 약 3배 확대하기로 했다. MUFG는 2030년까지 누적 35조 엔의 지속가능금융을 제공한다는 목표를 지난 2019년에 세운 바 있다. MUFG는 재생에너지, 에너지 효율 개선, 녹색건축물 등 기후변화 적응 및 완화에 기여하는 사업 스타트업 발전, 일자리 창출, 빈곤 완화에 기여하는 기업 지역사회 활성화 및 지역 발전에 기여하는 기업 대중교통, 상수도, 공항 등 기본 인프라와 병원, 학교, 경찰 등 필수 서비스 사업에 대출 펀드에 대한 지분투자 주식 및 채권 인수 금융자문을 제공하는 행위를 지속가능금융으로 분류했다."
760,context,0.1573,neutral,0.7708,에너지 관리,E,E_ENERGY__RENEWABLE_TRANSITION,신재생에너지 전환,0.6802195906639099,"전력 전환은 전력 부문 탈탄소화를 향한 진전과 미래의 노력을 측정한다. 화석 연료와 재생에너지에 중점을 둔 현재의 전환 정도, 재생에너지 투자, 석탄 사용 전망, 향후 재생에너지 공급 비율, 풍력 및 태양광 발전 전망 등에 중점을 둔 미래 전망이라는 두 가지 하위 항목으로 구성된다. 전력 부문 전환 점수는 블룸버그 NEF(BNEF) 데이터를 기반으로 한다."
761,opportunity,0.5106,positive,0.9809,에너지 관리,E,E_ENERGY__RENEWABLE_TRANSITION,신재생에너지 전환,0.5205003619194031,"현관문, 창호의 기밀성능은 직 간접면에 관계없이 1등급을 적용하며, 업계에서 이미 적용하고 있는 열교환환기장치는 신규 항목으로 도입한다. 신재생에너지 설치배점도 상향할 계획이다."
762,context,0.1857,neutral,0.9991,에너지 관리,E,E_ENERGY__RENEWABLE_TRANSITION,신재생에너지 전환,0.6194369196891785,"정부는 2009년 친환경주택 건설기준을 제정한 뒤 제로에너지 주택을 확대하기 위해 단계적으로 기준을 강화해왔다. 제로에너지 건축물은 신재생에너지 등을 활용해 에너지 소요량을 충당하는 친환경 건축물로, 제로에너지 인증은 에너지 자립률에 따라 1 5등급으로 나뉜다."
763,context,0.1462,neutral,0.9999,에너지 관리,E,E_ENERGY__RENEWABLE_TRANSITION,신재생에너지 전환,0.4872112274169922,"지역구 내 친환경 공공 교통 시스템의 구축, 전기차 충전소 설치 등과 아울러 지역의 자연환경에 맞는 태양광, 풍력, 수소 발전 등 신재생에너지 인프라 구축을 촉진하는데도 앞장서야 한다. 정부 부처로부터 관련 예산을 확보하는데도 지역구 국회의원의 힘은 반드시 필요하다."
764,context,0.218,neutral,0.9998,이사회 구조,G,G_BOARD__COMPOSITION_INDEPENDENCE,이사회 구성 및 독립성,0.7266483902931213,"또한 밸류업의 주체는 이사회라며 이사회 독립성을 강화하고, 이사회가 중심이 돼서 자본비용, 자본수익률, 주가 밸류에이션 등을 분석하고 구체적인 행동 계획을 수립해 발표 및 시행해야 한다고 덧붙였다."
765,context,0.1541,neutral,0.9859,에너지 관리,E,E_ENERGY__EFFICIENCY_CONSUMPTION,에너지 소비 및 효율화,0.5211325287818909,일본 환경부는 보도자료를 통해 이같이 밝히고 산업과 그 외 부문의 온실가스 감축과 가정의 절전이나 에너지 절약의 효과가 컸다 며 전체적으로 에너지 소비량이 감소한 것으로 볼 수 있다 고 설명했다.
766,context,0.1598,neutral,0.9999,에너지 관리,E,E_ENERGY__RENEWABLE_TRANSITION,신재생에너지 전환,0.5328309535980225,"이에 따라 넥스트는 건물 태양광과 영농형 태양광 설치를 대안으로 꼽으며 우리나라 농지 190만ha 중 약 6.2%에 영농형 태양광을 설치하면 2050년까지 약 60GW의 태양광 발전 보급이 가능하며, 그 해에만 106TWh의 전력을 생산할 수 있다 고 밝혔다."
767,context,0.183,neutral,0.9998,에너지 관리,E,E_ENERGY__RENEWABLE_TRANSITION,신재생에너지 전환,0.6102195978164673,"한국에너지공단이 지난 2020년 발간한 신재생에너지 백서에 따르면, 국내 태양에너지의 시장 잠재량은 연간 발전량 495TWh, 설비용량 369GW로 추정됐다. 이는 2018년 기준 국내 총 발전량의 86.7%를 담당할 수 있는 수준이다."
768,context,0.1993,neutral,0.9994,에너지 관리,E,E_ENERGY__RENEWABLE_TRANSITION,신재생에너지 전환,0.6645728945732117,한국부동산원과 한국에너지공단이 지난 5일 탄소중립 이행과 에너지부문 환경 사회 투명 경영(ESG) 실천을 위한 업무협약을 체결했다고 15일 밝혔다. 두 기관은 이번 협약을 통해 지역사회 신재생에너지 보급 및 지원 에너지 설비 자원순환 활성화 에너지 고효율 설비 보급 및 지원 지역 에너지 문제 해결을 위한 사업발굴 등에 적극 협력하기로 했다. 올해에는 사회복지시설 신재생에너지 설치 지원 사업을 협력사업으로 추진한다. 한국부동산원은 이 사업에 약 6천만원을 지원해 사회복지시설에 태양열 설비를 설치하는 사업을 진행할 계획이다.
769,context,0.1219,neutral,0.6813,인적자원 관리,S,S_HR__DIVERSITY_INCLUSION,다양성 및 형평성 (DEI),0.5963330268859863,"효성그룹과 전남 완도군, 한국수산자원공단 남해본부가 지난 8일 전남 완도군청에서 탄소중립 등 지속가능한 바다생태계 보전을 위한 업무협약(MOU)을 체결했다고 15일 밝혔다. 이번 MOU로 효성과 완도군, 한국수산자원공단 남해본부는 탄소중립과 생물 다양성 보전을 위해 바다숲 조성 관리, 해양생태환경 개선, ESG(환경 사회 지배구조) 경영 실천, 잘피숲 블루카본 사업 추진 노력 등에 상호 협력하기로 했다. 효성은 전남 완도군 신지면 동고리 해역을 바다숲 조성사업 대상지로 선정하고, 1.59 면적에 잘피를 심어 다양한 해양생물의 서식공간을 제공할 예정이다."
770,risk,0.5282,negative,0.998,이사회 구조,G,G_BOARD__COMPOSITION_INDEPENDENCE,이사회 구성 및 독립성,0.5292468070983887,또한 2012년부터 팬데믹 기간을 제외하고 매년 한차례씩 있었던 사외이사들의 해외출장이 호화 외유성 출장이었다는 의혹이 제기되며 이사회 독립성과 공정성에 문제가 있는 것 아니냐는 비판을 받기도 했다. 현재 방 사장 역시 외유성 출장과 관련해 경찰 조사 대상에 올라가 있는 상태다.
771,context,0.1572,neutral,0.9999,에너지 관리,E,E_ENERGY__RENEWABLE_TRANSITION,신재생에너지 전환,0.5239351987838745,"건물 내 태양광 발전 시설 설치도 의무화된다. 회원국은 규모에 따라 공공 및 비주거 건물에 태양열 시설을 단계적으로 배치하고, 2030년부터 모든 신축 주거용 건물에도 태양광 발전 또는 태양열 집열 시설을 설치해야 한다."
772,context,0.1317,neutral,0.9999,이사회 구조,G,G_BOARD__COMPOSITION_INDEPENDENCE,이사회 구성 및 독립성,0.43900173902511597,"ESG평가원은 이에 대해 인구구조의 고령화에 따른 자연스런 현상으로 볼 수 있지만, 이사회 구성의 추세적인 고령화 현상은 이사회 운영의 미래지향적인 혁신성과 진취성, 다양한 이해관계자들과의 소통 측명에서 바람직하지 않은 것으로 판단된다고 밝혔다."
773,context,0.156,neutral,0.9996,ESG 데이터 거버넌스,G,G_DATA_GOVERNANCE__ESG_DATA_CONTROL,ESG 데이터 내부통제,0.5201514363288879,"비즈니스 전문 미디어 코퍼릿 디스클로져(Corporate Disclosures) 의 지난해 10월 보도에 따르면 브라질은 2026년부터 상장기업을 대상으로 ESG 공시를 의무화하며, 기업의 지속가능성 보고서에 대한 합리적 확신(Reasonable Assurance) 수준의 제3자 인증을 요구할 예정이다."
774,context,0.1904,neutral,0.9998,이사회 구조,G,G_BOARD__COMPOSITION_INDEPENDENCE,이사회 구성 및 독립성,0.6348177194595337,또한 선진국들 사례에 비추어 건강한 독립적 이사회 구성을 위해서는 업계 출신의 전문경영인이 사외이사로 많이 진출하는 게 바람직하다며 전문경영인 출신자들은 교수나 관료들에 비해 고연봉을 쫓기 보다는 경제와 산업 발전을 위해 자신의 재능을 기부한다는 입장에서 이사회 활동에 실질적으로 기여한다는 연구 사례가 많다 고 평가원은 밝혔다.
775,context,0.1899,neutral,0.9999,기후변화·온실가스,E,E_CLIMATE__SCOPE3_EMISSION,Scope 3 배출량,0.6329179406166077,존 포데스타(John Podesta) 기후특사는 지난 17일 뉴욕시 컬럼비아 대학교에서 지난 17일 열린 행사에서 이같이 밝혔다. 신설 TF는 상거래와 제조업에서의 탄소 유출 탄소 투기 업스트림 제조와 생산 관련 배출 문제에 대응하는 데 주력할 예정이다.
776,context,0.1462,neutral,0.9437,에너지 관리,E,E_ENERGY__RENEWABLE_TRANSITION,신재생에너지 전환,0.5162785053253174,"생산 공정에서의 감축과 함께 애플은 소비자의 제품 사용 및 충전에서 비롯되는 배출량 감축에 대해서도 2030년까지 충전 전력 100%에 대응하는 재생에너지 전력을 생산하겠다고 약속한 바 있다. 이에 따라 회사는 미시간 주 전역의 132MW 규모 태양광 발전 용량 구축 프로젝트와 스페인(105MW), 인도(14MW)에서의 태양광 프로젝트 등 재생에너지 확충에 투자하고 있다고 밝혔다."
777,context,0.1948,neutral,0.9977,에너지 관리,E,E_ENERGY__EFFICIENCY_CONSUMPTION,에너지 소비 및 효율화,0.6508404612541199,"탄소중립 기술은 에너지 효율 개선이나 공정 개선, 재생에너지 확보 등으로 온실가스 배출량을 줄이는 기술이나 발생한 온실가스를 포집 이용 저장하는 기술(CCUS), 배출된 온실가스를 흡수하는 기술 등을 포괄한다."
778,context,0.1614,neutral,0.9999,인적자원 관리,S,S_HR__DIVERSITY_INCLUSION,다양성 및 형평성 (DEI),0.5381719470024109,이와 함께 금융위는 ESG 공시대상 기업에 환경정보 공개제도에 의해 법규상 공개되고 있는 환경정보와 산업안전이나 장애인 고용 현황 같은 정부에서 공개를 요청한 정보도 공시할 수 있도록 했다. 이를 통해 정부 부처 홈페이지 등에 산재한 정보가 ESG 공시를 통해 시장에 체계적으로 제공될 것으로 금융위는 기대하고 있다.
779,opportunity,0.554,positive,0.9997,에너지 관리,E,E_ENERGY__RENEWABLE_TRANSITION,신재생에너지 전환,0.5541315078735352,현대차그룹 관계자는 이번 태양광 발전 프로젝트와의 PPA를 시작으로 현대차그룹 미국 사업장의 재생에너지 전환을 위한 투자와 계약이 순차 진행될 예정이다 며 효과적인 재생에너지 확보를 위해 그룹사간 협력을 지속 추진할 계획이다 고 말했다.
780,opportunity,0.6544,positive,0.997,에너지 관리,E,E_ENERGY__RENEWABLE_TRANSITION,신재생에너지 전환,0.6563220620155334,한편 이번 PPA는 기존 재생에너지 발전시설과 공급계약이 아닌 현대차그룹의 대규모 발주와 연계된 신규 태양광 발전시설로부터 재생에너지를 조달하는 방식이라는 점에서 글로벌 탄소 감축에 더욱 고무적이다. 향후 에너지 조달을 통해 기대되는 탄소 저감 효과는 연간 14만톤(t)으로 추산된다. 이는 준중형세단 8만4000여대가 1년간 배출하는 탄소의 흡수량과 동일한 규모다.
781,opportunity,0.5635,positive,0.9999,에너지 관리,E,E_ENERGY__RENEWABLE_TRANSITION,신재생에너지 전환,0.5635765194892883,이번 계약은 다수 그룹사들이 참여해 그룹 차원으로 체결한 첫 계약으로 조지아주에 위치한 현대차그룹 해외 사업장이 공동구매 계약을 추진해 개별 그룹사 계약 시 대비 구매 비용이 크게 절감됐다. 현대차그룹은 앞으로도 그룹 차원의 통합조달과 장기계약 등을 통해 비용 효율성을 제고해 재생에너지 전환을 가속화한다는 계획이다.
782,context,0.1589,neutral,0.9998,에너지 관리,E,E_ENERGY__RENEWABLE_TRANSITION,신재생에너지 전환,0.5298464894294739,따라서 정책적 개입과 재생에너지 전환에 대한 전세계적 경로 수정이 시급하다 고 IRENA는 밝혔다.
783,opportunity,0.54,positive,0.999,에너지 관리,E,E_ENERGY__RENEWABLE_TRANSITION,신재생에너지 전환,0.5405316948890686,"전 세계적으로 친환경 재생 에너지 사용에 대한 관심이 커지면서 태양광 패널 수요는 빠르게 증가하는 추세다. 지난 1월 국제에너지기구(IEA)가 발표한 보고서에 따르면 전 세계적으로 지난해 새로 추가된 재생 에너지 용량은 전년 대비로 약 50% 증가했는데, 이 증가분의 약 4분의 3을 태양광 발전이 차지한 것으로 파악됐다."
784,context,0.1682,neutral,0.9998,기후변화·온실가스,E,E_CLIMATE__SCOPE3_EMISSION,Scope 3 배출량,0.560804545879364,"지난 2022년 EPA의 발전소 규제안의 법적 근거를 만들어준 미 대법원 판결은 발전소 규제안은 전력 시스템이나 공급망을 거치지 않고 개별 발전소가 충족할 수 있는 규제안을 작성하는데 국한된다는 점을 강조했다. 이는 EPA가 저탄소 수소, 녹색 수소로 수소의 종류를 제한하게 되면 규제안이 개별 발전소 차원을 넘어 수소 생산의 업스트림 배출을 포함하게 되기 때문에 법적 리스크가 커질 수 있음을 의미한다."
785,context,0.1828,neutral,0.9996,에너지 관리,E,E_ENERGY__RENEWABLE_TRANSITION,신재생에너지 전환,0.6096808910369873,"그러면서 최근의 기후 환경 문제에 대응하고 탄소중립, 신재생에너지 확대 등 새로운 아젠다에 대응하는 경영목표와 실행방안을 만들기 위해 다양한 이념과 경력을 가진 전문가를 임원으로 선임하여 이사회 다양성과 수용성을 확대해야 할 것 이라고 지적했다."
786,context,0.1837,neutral,0.9998,인적자원 관리,S,S_HR__DIVERSITY_INCLUSION,다양성 및 형평성 (DEI),0.6123528480529785,"한전 가스공사 이사회, 안건 반대 사례 전무... 이사회 다양성 수용성 확대해야"
787,context,0.1705,neutral,0.9996,윤리경영·준법,G,G_ETHICS__ANTI_CORRUPTION_COMPLIANCE,반부패 및 컴플라이언스,0.5686391592025757,"구체적으로 인증협회는 포럼 및 컨퍼런스 개최 등 인증시장 확대 인증 전문 인력 양성 및 발전 직무 윤리강령 제정 및 운용 관리 등의 활동을 전개할 예정이다. 이날 포럼의 진행을 맡은 이종재 인증협회 준비위원은 다음달 중 정부에 공식 기관으로 등록을 하고, 새로 구성될 22대 국회와도 정책 방향을 논의하는 등 활동을 전개할 계획이라고 밝혔다."
788,context,0.1585,neutral,0.9999,에너지 관리,E,E_ENERGY__RENEWABLE_TRANSITION,신재생에너지 전환,0.5282204151153564,"구체적으로 영농형 태양광 내구연한, 경제성 등을 반영해 농업진흥지역 외 농지에 한해 영농형 태양광 발전 사업을 위한 일시사용허가 기간을 기존 8년에서 23년으로 연장한다."
789,context,0.1664,neutral,0.9998,에너지 관리,E,E_ENERGY__RENEWABLE_TRANSITION,신재생에너지 전환,0.5549156069755554,"탄녹위는 이 전략을 통해 농업인이 농업을 병행하여 전기를 생산함으로써 농가소득 증대에 기여하는 한편, 재생에너지 전환에도 기여할 수 있도록 관련 제도와 정책을 정비하겠다고 밝혔다."
790,context,0.1363,neutral,0.9998,에너지 관리,E,E_ENERGY__EFFICIENCY_CONSUMPTION,에너지 소비 및 효율화,0.4543793499469757,"인도 정부의 에너지 전환 압박만이 이유는 아니다. 실제로 인도 내 재생에너지 산업의 사업성이 유망하다는 분석도 나온다. 국제에너지기구(IEA)에 따르면 2022년 인도의 총 에너지 소비량은 세계 3위였지만, 1인당 에너지 사용량은 아직 세계 평균의 절반에 불과하다. 향후 에너지 사용량이 증가할 가능성이 매우 높다는 뜻이다. IEA는 향후 30년 동안 인도가 세계 어느 나라보다 가장 큰 에너지 수요 증가세를 보일 것이라고 분석했다. 인도가 향후 몇 년간 연평균 6% 이상의 성장률을 달성할 것이라는 분석을 인용하면, 이러한 예측은 과장이 아니다."
791,context,0.123,neutral,0.9863,에너지 관리,E,E_ENERGY__RENEWABLE_TRANSITION,신재생에너지 전환,0.4157780110836029,인도 정부의 재생에너지 전환 압박과 향후 인도 내 재생에너지 수요 급증 예측
792,context,0.0599,neutral,0.5845,인적자원 관리,S,S_HR__DIVERSITY_INCLUSION,다양성 및 형평성 (DEI),0.3416803479194641,미국에서 고전한 블랙록이 유럽에서는 선전했다. 블랙록아 ACS North American ESG Insights Equity 펀드로 48억달러가 순유입되면서 유럽에서 판매된 ESG 펀드 중 가장 큰 규모의 순유입을 기록했다.
793,context,0.1295,neutral,0.9996,인적자원 관리,S,S_HR__DIVERSITY_INCLUSION,다양성 및 형평성 (DEI),0.4317963421344757,ESG 펀드 중 블랙록의 아이셰어(iShare) MSCI USA ESG Select ETF SUSA와 아이셰어(iShare) ESG Aware MSCI USA ETF ESGU 2개 패시브 펀드에서만 40억달러가 순유출됐다. 파르나서스 코어 에쿼티(Parnassus Core Equity) PRBLX와 파르나서스 미드캡(Parnassus Mid Cap) PARMX) 펀드에서도 23억달러가 순유출됐다.
794,context,0.1707,neutral,0.9993,에너지 관리,E,E_ENERGY__RENEWABLE_TRANSITION,신재생에너지 전환,0.5694400072097778,"한국동서발전 충남 당진발전본부는 발전 신재생에너지 분야 30여개 중소기업이 참여한 가운데 상반기 구매상담회를 열고, 27억원 규모의 구매계획을 수립했다고 29일 밝혔다. 우수한 기술력을 보유했으나 판로 개척에 어려움을 겪는 중소기업을 지원하기 위해 전날 마련된 상담회는 실무 직원들에게 직접 제품을 홍보하고 발전소 적용 가능성을 타진하는 일대일 면담 방식으로 진행됐다."
795,context,0.2065,neutral,0.9989,기후변화·온실가스,E,E_CLIMATE__SCOPE1_2_EMISSION,Scope 1·2 배출량,0.6892168521881104,"삼성바이오로직스가 임직원을 대상으로 생활 속에서 실천할 수 있는 2024 ESG 캠페인을 시작했다고 29일 밝혔다. 이번 캠페인은 조명 소등, 종이 절약, 계단 이용, 텀블러 사용의 4가지 활동으로 구성됐다. 이 회사는 올해 연간 온실가스 직접 배출량 20%를 감축하는 것이 목표다."
796,opportunity,0.5685,positive,0.9977,에너지 관리,E,E_ENERGY__RENEWABLE_TRANSITION,신재생에너지 전환,0.5698375105857849,"팍스콘은 애플(Apple)의 최대 공급업체 중 하나이며, 2030년까지 애플 제품 제조에는 재생가능에너지만 사용하겠다고 약속했다. 팍스콘은 새로운 약속과 함께 클라이밋(Climate Group)이 주도하는 이니셔티브인 RE100에 합류하겠다고 약속했다. RE100 회원은 전세계 운영 전반에 걸쳐 사용되는 전기의 100%를 재생 가능 에너지원의 전기로 조달하기로 약속했다."
797,context,0.1656,neutral,0.9994,인적자원 관리,S,S_HR__DIVERSITY_INCLUSION,다양성 및 형평성 (DEI),0.5522220730781555,"통상 인류세 시대는 인류가 지질학과 생태계에 상당한 영향력을 미치기 시작한 이후의 시대 를 말하는데, 보고서에서는 기후 변화부터 생물 다양성 손실, 해양 온난화 및 산성화, 삼림 벌채, 수질 및 대기 오염에 이르기까지 인간의 활동이 환경에 미치는 영향이 커지고 자연 시스템이 전례 없는 속도로 변화하고 있는 시기를 뜻한다."
798,context,0.1483,neutral,0.9983,에너지 관리,E,E_ENERGY__RENEWABLE_TRANSITION,신재생에너지 전환,0.49512264132499695,"보고서는 국제 사회의 RE100 요구가 거세지는 상황에서 수출의존도가 높은 국내 기업이 사용에너지를 재생에너지로 전환하지 않는다면 수출경쟁력이 하락할 가능성이 있다면서 2040년 한국 기업이 RE100에 동참하지 않을 시 자동차, 반도체, 디스플레이 패널 산업의 수출액이 각각 15%, 31%, 40%씩 감소할 것으로 예측한다고 덧붙였다."
799,context,0.1482,neutral,0.9999,에너지 관리,E,E_ENERGY__RENEWABLE_TRANSITION,신재생에너지 전환,0.49401721358299255,비싼 발전단가만이 문제는 아니다. 응답자의 33.7%는 RE100 이행시 애로사항으로 각종 규제와 제도 정책의 불확실성을 꼽았다. 대기업은 절반 이상이 규제와 제도의 불확실성을 가장 큰 애로사항으로 꼽았다. 보고서는 투자전략 및 경영과정에 가장 큰 위험은 불확실성 으로 RE100 대응에 있어서 정부의 일관된 재생에너지 공급 정책 기조가 중요하다고 강조했다.
800,context,0.1669,neutral,0.9998,에너지 관리,E,E_ENERGY__RENEWABLE_TRANSITION,신재생에너지 전환,0.5563948154449463,"RE100은 지난 2023년 발행한 연간보고서에서 한국은 재생가능한 전력을 구매하기 가장 어려운 시장 중 하나 라고 표현했다. 한국은 일본, 싱가포르와 함께 RE100 회원사들이 재생에너지 조달에 어려움을 겪었다고 응답한 상위 지역에 등극했다. 그렇다보니 최종에너지소비 중 재생에너지 비중도 최하 수준이다. IEA가 발표한 2020년 국가별 재생에너지 소비 비중에서 한국은 OECD 회원국 중 가장 낮은 수치(OECD 평균 14.9%, 한국 3.6%)를 기록했다."
801,context,0.1589,neutral,0.9995,에너지 관리,E,E_ENERGY__RENEWABLE_TRANSITION,신재생에너지 전환,0.5298763513565063,"특히 한국의 재생에너지 조달 비용은 미국과 유럽, 중국의 1.5 3배 수준이다. 한국수출입은행이 발표한 2023년 하반기 국가별 태양광 발전단가(달러 MWh)를 보면 인도 26 47달러 중국 31 45달러 아랍에미리트(UAE) 33 47달러 프랑스 38 59달러 베트남 48 96달러 독일 50 69달러 미국 52 79달러 일본 52 101달러 한국 78 147달러로 한국이 태양광 1메가와트당 발전단가가 세계 최고 수준임을 알 수 있다."
802,context,0.1584,neutral,0.9997,에너지 관리,E,E_ENERGY__RENEWABLE_TRANSITION,신재생에너지 전환,0.5282999277114868,"설사 재생에너지 사용 압박에 적극적으로 대응하여 RE100에 참여한다고 해도, 국내 참여기업들의 재생에너지 사용 비중은 참여기업 전체 평균에 비해 무척 저조한 수준이다. RE100 참여기업들은 2022년 기준 평균적으로 전체 전력의 50%를 재생에너지로 조달하고 있는 데 비해, RE100에 참여 중인 한국 기업의 재생에너지 이용은 전체 전력의 9%만을 재생에너지로 조달했다."
803,context,0.1384,neutral,0.9961,에너지 관리,E,E_ENERGY__RENEWABLE_TRANSITION,신재생에너지 전환,0.4632229208946228,RE100 참여 국내 기업들도 재생에너지 사용 비율 9%...수출 직격탄 맞을수도
804,context,0.1808,neutral,0.9999,에너지 관리,E,E_ENERGY__RENEWABLE_TRANSITION,신재생에너지 전환,0.6027775406837463,"응답자들은 이렇듯 낮은 재생에너지 사용률을 제고하고, RE100 이행을 위해 가장 필요한 정책 과제로 재생에너지 구매 비용 지원(29.2%) 재생에너지 보급 확대(16.4%) 재생에너지 전력인프라 확대(15.7%) 정보 및 재생에너지 사업자 매칭 컨설팅 지원(12.8%) 부대비용(망사용료, 수수료 등)(9.5%) 인하 재생에너지 확대를 위한 규제개선(9.2%) 재생에너지 구매를 온실가스 감축 실적으로 인정(6.2%) 등을 꼽았다."
805,context,0.1469,neutral,0.9991,에너지 관리,E,E_ENERGY__RENEWABLE_TRANSITION,신재생에너지 전환,0.49024516344070435,재생에너지 사용을 요구받은 기업들은 RE100 이행수단을 활용(71.8%) 다른 거래처 물색(13%) 재생에너지 비용이 저렴한 지역으로 사업장 이전(7.5%) 재생에너지 요구 기업과의 거래 중단(1.8%) 순으로 대응했다. 재생에너지 사용 요구 압력에 적극 대응하기보다는 다른 거래처를 물색하거나 거래를 중단하는 방식으로 대응하겠다는 업체도 각각 13%와 1.8%로 적지 않았다. 보고서는 이들이 수출액 500만 달러 미만의 중소기업으로 분석되어 이들 업체에 대한 맞춤형 지원대책 마련이 필요하다고 덧붙였다.
806,opportunity,0.616,positive,0.9998,에너지 관리,E,E_ENERGY__RENEWABLE_TRANSITION,신재생에너지 전환,0.6160839200019836,현대자동차그룹은 스페인 재생에너지 개발업체 매트릭스 리뉴어블스 (Matrix Renewables)가 주도하는 신규 태양광 발전 프로젝트와 오는 2025년부터 2040년까지 15년간 장기 전력구매계약(PPA)을 최근 체결했다고 22일 밝혔다. 이는 국내 기업이 미국 사업장의 재생에너지 사용을 위해 체결한 PPA 중 최대 규모다.
807,context,0.1714,neutral,0.9753,에너지 관리,E,E_ENERGY__RENEWABLE_TRANSITION,신재생에너지 전환,0.5860089063644409,"연구원은 보고서 서문에서 최근 글로벌 제조기업들이 재생에너지로의 전환을 적극 추진하면서 RE100에 가입한 제조업의 비중이 꾸준히 증가하고 있어 주목된다 며 공급망을 포함해 탄소중립 경쟁력을 획득하려는 고객사 수요가 짙어지면서, RE100 참여 기업들이 공급망 내 협력사들에게 재생에너지 사용을 적극적으로 요구함에 따라 재생에너지 조달은 수출경쟁력과 직결되는 피할 수 없는 과제가 되고 있다 고 연구 배경을 밝혔다."
808,context,0.1856,neutral,0.9987,에너지 관리,E,E_ENERGY__RENEWABLE_TRANSITION,신재생에너지 전환,0.6193768382072449,"RE100(Renewable Electricity 100%)은 기업이 2050년까지 100% 재생에너지 전력만 사용하겠다고 선언하는 자발적 글로벌 캠페인으로, 2023년 423개 글로벌 대기업들이 참여를 약속했다. 기업이 보유한 사업장 전체를 대상으로 하며, 기업은 매년 전세계 사업장의 전체 전력 사용량 대비 재생에너지 사용량으로 산정해 CDP 위원회에 보고해야 한다. 국내에서는 SK그룹 삼성전자 현대자동차 네이버 등 36개 기업이 참여하고 있다."
809,context,0.1856,neutral,0.9987,기후변화·온실가스,E,E_CLIMATE__SCOPE1_2_EMISSION,Scope 1·2 배출량,0.6193768382072449,"RE100(Renewable Electricity 100%)은 기업이 2050년까지 100% 재생에너지 전력만 사용하겠다고 선언하는 자발적 글로벌 캠페인으로, 2023년 423개 글로벌 대기업들이 참여를 약속했다. 기업이 보유한 사업장 전체를 대상으로 하며, 기업은 매년 전세계 사업장의 전체 전력 사용량 대비 재생에너지 사용량으로 산정해 CDP 위원회에 보고해야 한다. 국내에서는 SK그룹 삼성전자 현대자동차 네이버 등 36개 기업이 참여하고 있다."
810,context,0.1567,neutral,0.9999,에너지 관리,E,E_ENERGY__RENEWABLE_TRANSITION,신재생에너지 전환,0.522599995136261,한국무역협회 산하 국제무역통상연구원은 지난 24일 제조 수출기업의 RE100 대응 실태와 과제 보고서를 발간하고 이같이 밝혔다. 연구원은 2022년 이후 100만 달러 이상 수출 실적을 보유한 제조기업 610개를 대상으로 RE100에 대한 인식 가입에 대한 요구 정도 이행 현황 애로사항 등에 대해 물었다.
811,context,0.1683,neutral,0.9998,에너지 관리,E,E_ENERGY__RENEWABLE_TRANSITION,신재생에너지 전환,0.5611149072647095,정부는 소비 지역에서 직접 전력을 생산 및 소비하는 분산에너지를 활성화하고 신재생에너지 확대를 통한 에너지 저탄소화를 실현하기 위해 분산에너지 활성화 특별법(분산법) 을 제정하여 오는 6월 14일부터 시행될 예정이다.
812,context,0.0777,neutral,0.5728,기후변화·온실가스,E,E_CLIMATE__SCOPE1_2_EMISSION,Scope 1·2 배출량,0.4523793160915375,그러나 제한적인 신재생에너지원의 범위 히트펌프 사용으로 인한 전력 사용량 증가와 전기요금의 급격한 상승 히트펌프를 포함한 재생열에 대한 정책의 부재 국내 건축 특성으로 인한 기술적 한계 등의 요인으로 국내에 히트펌프가 확산되기 어려운 상황임을 지적했다.
813,context,0.1804,neutral,0.9999,에너지 관리,E,E_ENERGY__EFFICIENCY_CONSUMPTION,에너지 소비 및 효율화,0.6012647151947021,송 교수는 탄소중립시대에는 건물에너지성능평가가 보다 더 실효성 있는 에너지 절감효과를 보장할 수 있는 평가방법으로 이루어져야 한다고 덧붙였다.
814,context,0.1566,neutral,0.9999,에너지 관리,E,E_ENERGY__EFFICIENCY_CONSUMPTION,에너지 소비 및 효율화,0.522010862827301,정부는 2020년 취약계층 이용 공공건축물그린리모델링 사업을 시작했다. 2020년 기준 국비 2276억원이 편성됐으며 전국 195개 지방자치단체 공공건축물 838곳의 사업 대상이 선정되어 현재 그린리모델링이 진행 중이다. 해당 사업의 목표는 에너지 절감률 30% 미세먼지 저감 75%이상 달성 일자리 창출 온실가스 12만톤 저감이다.
815,opportunity,0.5868,positive,0.9729,에너지 관리,E,E_ENERGY__RENEWABLE_TRANSITION,신재생에너지 전환,0.6031420826911926,로이터에 따르면 1일(현지시간) 두 기업은 새로운 풍력 태양광 발전소를 개발하기 위해 100억달러(약 13.5조 원) 규모의 계약을 맺었다. 양사는 10.5기가와트 이상의 재생에너지 전력을 확보하기 위해 새로운 풍력 및 태양광 발전소를 세울 것이라고 밝혔다.
816,context,0.1342,neutral,0.9998,이사회 구조,G,G_BOARD__COMPOSITION_INDEPENDENCE,이사회 구성 및 독립성,0.44749173521995544,더욱이 신임 CEO가 취임 직후부터 ESG에 더 많은 자원을 투자하겠다고 밝힌다면 자신의 이익에 해롭다고 인식하는 이사회 구성원들과 충돌을 빚을 수도 있다. 이 경우 ESG 쪽에 투자를 늘리려는 신임 CEO의 의지는 낮아지게 된다.
817,context,0.1142,neutral,0.9999,에너지 관리,E,E_ENERGY__RENEWABLE_TRANSITION,신재생에너지 전환,0.3806741535663605,"그나마 기대할 수 있는 것은 이 기후위기 시계를 보고 출근할 국회의원들이 기후공시법을 만들어 빠르게 강화시켜 주는 것이다. 이번 총선에서 신재생에너지 발전확대, 기후위기 대응 강화 등을 공약한 국회의원 당선자가 많으니 그 공약이 제대로 지켜지기를 기대해 본다."
818,context,0.1555,neutral,0.9957,기후변화·온실가스,E,E_CLIMATE__SCOPE1_2_EMISSION,Scope 1·2 배출량,0.5207033157348633,ESG투데이 등 외신에 따르면 월마트는 26일 미국 전역에서 재생에너지 전력 사용량을 1GW 늘리기 위한 새로운 투자 및 구매 계약을 발표했다. 이번 계약은 지난 1월 발표된 월마트의 재생에너지 프로젝트의 일환이다.
819,context,0.1634,neutral,0.9992,에너지 관리,E,E_ENERGY__RENEWABLE_TRANSITION,신재생에너지 전환,0.5451163649559021,"그런데, 그 기업의 지속가능경영보고서를 보면 지난 3년간 신재생에너지 확보를 위해 사용한 비용은 총 3억원이 되지 않는다."
820,risk,0.4498,negative,0.9592,에너지 관리,E,E_ENERGY__RENEWABLE_TRANSITION,신재생에너지 전환,0.4689602255821228,자산 2조원이 넘는 국내 대기업들이 이 정도 비용 감수가 부담이 된다면 오히려 그 기업 재무상태가 불안정한 것이라고 봐야 한다. 국세청자료를 보면 2023년 국내기업들이 쓴 업무추진비(예전에는 접대비)가 11조원이 넘는다. 이 비용 정도를 신재생에너지 전환이나 온실가스 정보체계 구축 및 관리에 사용한다면 많은 문제가 해결 될 것이다.
821,context,0.1648,neutral,0.9942,에너지 관리,E,E_ENERGY__RENEWABLE_TRANSITION,신재생에너지 전환,0.5525307655334473,"기업의 부담이라는 것도 온실가스 배출에 관한 정보 수집 및 관리 비용, 신재생에너지 사용확대 비용, 기후 재난에 대한 대응 비용 등이다. 이는 앞으로 기후재난 시대에 기업이 생존하기 위해 반드시 지출해야할 비용이다."
822,opportunity,0.5387,positive,0.9926,에너지 관리,E,E_ENERGY__RENEWABLE_TRANSITION,신재생에너지 전환,0.5427420139312744,솔라 파워 유럽(Solar Power Europe)에 따르면 지난해 EU의 재생에너지 발전능력은 56GW 늘어났다. 2022년의 40GW보다 16GW나 늘어나면서 사상 최대치를 기록했다.
823,context,0.163,neutral,0.9572,인적자원 관리,S,S_HR__DIVERSITY_INCLUSION,다양성 및 형평성 (DEI),0.5674707889556885,"2019년 설립된 AI대쉬는 인공위성 분석과 인공지능을 활용한 솔루션을 제공한다. 이 솔루션은 전력, 가스, 수도 시설, 교통, 건설 산업 등 다양한 인프라 산업 분야의 기후 변화 탄력성과 지속 가능성을 개선하고, 안정성을 높이는 데 도움을 준다. AI대쉬의 솔루션은 고객들의 인프라 유지 관리 및 기후 변화 탄력성 문제를 파악할 수 있으며, 이를 통해 기업들이 생물 다양성 및 넷제로 의무와 탄소 포집 목표를 달성할 수 있도록 돕는다."
824,opportunity,0.548,positive,0.9828,에너지 관리,E,E_ENERGY__RENEWABLE_TRANSITION,신재생에너지 전환,0.5575911402702332,마이크로소프트(MS)가 캐나다의 브룩픽드 자산운용과 재생에너지 전력 개발 계약을 체결했다. 두 기업은 새로운 풍력 태양광 발전소를 개발하기 위해 100억 달러(약 13.5조 원) 규모의 계약을 맺었다. 양사는 10.5GW(기가와트) 이상의 재생에너지 전력을 확보하기 위해 새로운 풍력 및 태양광 발전소를 세울 것이라고 밝혔다. 이번 계약 단일 기업의 전력구매계약(PPA)으로는 역대 최대 규모다. 블룸버그에 따르면 2023년 한해 동안 성사된 전체 PPA 용량은 총 46기가와트 규모다. 이번 계약으로 브룩필드는 2026년에서 2030년까지 미국과 유럽의 마이크로소프트 건물들에 신재생에너지를 공급하게 됐다.
825,context,0.1818,neutral,0.9092,에너지 관리,E,E_ENERGY__EFFICIENCY_CONSUMPTION,에너지 소비 및 효율화,0.6666002869606018,"LG전자가 올해부터 협력사에 탄소배출 감축 컨설팅을 지원하고, ESG 리스크 관리를 위한 제3자 검증(Audit)을 확대한다고 7일 밝혔다. LG전자는 오는 6월까지 협력사 15곳을 대상으로 탄소배출 감축을 위한 컨설팅을 진행한 뒤 개선 방안을 도출해 실행할 계획이다. 사전 조사부터 측정 진단, 개선 방안 도출, 온실가스 감축 목표 수립 등 전 단계에 걸친 컨설팅을 통해 생산 공정 중 에너지 소비가 많은 설비에 대한 관리체계를 분석하고 설비 효율 개선과 에너지 관리를 최적화할 수 있도록 돕는다."
826,context,0.1774,neutral,0.9998,에너지 관리,E,E_ENERGY__RENEWABLE_TRANSITION,신재생에너지 전환,0.5914697647094727,엠버의 글로벌 인사이트 담당 이사 데이브 존스(Dave Jones)는 2023년에 발생한 태양광 발전량의 증가는 2030년까지 COP28에서 약속한 재생에너지 발전량 3배 증가에 도달할 수 있는 가능성을 열어줬다고 말했다.
827,opportunity,0.3941,positive,0.8475,에너지 관리,E,E_ENERGY__RENEWABLE_TRANSITION,신재생에너지 전환,0.46496686339378357,"보고서는 지난해 전 세계 재생에너지 전력이 전년대비 태양광 발전량은 23.2%, 풍력 발전량은 9.8% 증가했다고 밝혔다. 이중 절반 이상은 중국에서 생산된 것으로 나타났다."
828,context,0.1242,neutral,0.6327,에너지 관리,E,E_ENERGY__RENEWABLE_TRANSITION,신재생에너지 전환,0.6541072130203247,"글로벌 에너지 싱크탱크 엠버(Ember)의 글로벌 전력 리뷰(Global Electricity Review)에 따르면 재생에너지원은 다수의 프로젝트, 특히 태양광 발전 프로젝트의 확대로 지난해 전 세계 전력의 30.3%를 공급했다. 지난 2022년의 29.4% 보다 비중이 확대됐다. 에너지원을 원자력으로까지 확대하면, 저탄소 에너지는 지난해 전세계 전력 생산의 약 40%를 차지했다."
829,context,0.2153,neutral,0.9998,에너지 관리,E,E_ENERGY__RENEWABLE_TRANSITION,신재생에너지 전환,0.7178528904914856,"도는 8일 플랫폼 개발사인 식스티헤르츠, 재생에너지 거래를 지원할 현대건설 및 엔라이튼 등과 경기 RE100 거래 플랫폼 구축 업무협약을 맺었다. 플랫폼이 구축되면 기업과 가정 등에서 자가소비를 위해 생산한 재생에너지 발전량에 대해 도가 인증해 주고 RE100(재생에너지 100%) 참여 기업들은 재생에너지공급 인증서(REC)를 구매해 재생에너지 생산 비중을 늘릴 수 있게 된다."
830,context,0.1761,neutral,0.9991,에너지 관리,E,E_ENERGY__EFFICIENCY_CONSUMPTION,에너지 소비 및 효율화,0.5875682234764099,문제는 포집 과정에서 필요한 전력과 포집 비용이다. DAC는 공기 중 탄소만을 선택적으로 포집하는 데 상당한 열과 전력이 필요한 에너지 집약적 기술이다. 세계자원연구소(WRI)는 지난 2022년 한 보고서에서 오늘날 DAC 기술을 이용해서 대기 중의 10억 톤의 이산화탄소를 제거하려면 전 세계 총 에너지 소비량의 10%에 해당하는 어마어마한 에너지가 필요하다고 밝혔다. 에너지 문제에 대해 매머드 공장은 공장 가동을 위해 아이슬란드의 지열발전소로부터 전력을 공급받는다고 밝혔다.
831,opportunity,0.6697,positive,0.9998,에너지 관리,E,E_ENERGY__RENEWABLE_TRANSITION,신재생에너지 전환,0.6698392629623413,"발전기는 한국가스안전공사와 한국전기안전공사의 안전 검사를 통과해 상업 운용 허가를 받았다. 이번 수소엔진 발전기 상용화는 정부의 2050년 수소 전소 목표 시기를 20여년 앞당겼다는 의미가 있다고 효성중공업 측은 설명했다. 또 기업들의 RE100(재생에너지 100% 사용) 목표 달성에 도움이 되고, 오는 6월 시행되는 분산에너지활성화특별법(분산에너지법)에도 효과적으로 대응할 수 있을 것으로 기대했다."
832,context,0.1853,neutral,0.9998,에너지 관리,E,E_ENERGY__RENEWABLE_TRANSITION,신재생에너지 전환,0.6178695559501648,"금융위원회는 지난 3월 기후위기 대응을 위한 금융지원 확대방안을 통해 2050 탄소중립을 달성하고 기업의 기후위기 대응을 지원하기 위해 30년까지 정책금융 420조원 공급 태양광, 풍력 등을 포함한 신재생에너지 설비투자 확대를 위해 은행권 출자를 통한 미래에너지펀드(9조원) 조성 은행권 출자를 기반으로 조성한 총 3조원 규모의 기후기술펀드 등을 통해 기후기술 선점을 위한 총 9조원의 투자 계획을 발표했다."
833,context,0.1513,neutral,0.9986,인적자원 관리,S,S_HR__DIVERSITY_INCLUSION,다양성 및 형평성 (DEI),0.504898726940155,"특권의식의 조직내 다양성과 형평성, 포용성(Diversity, Equity, Inclusion DE I)을 파괴한다. 신뢰와 협동의 조직문화가 형성되는 것을 가로막는다."
834,context,0.1152,neutral,0.9979,인적자원 관리,S,S_HR__DIVERSITY_INCLUSION,다양성 및 형평성 (DEI),0.3848510980606079,"저자들은 또 스탠퍼드대학에서 실시한 조사 결과도 소개했다. 2022년 젊은 투자자들은 탄소 감소, 지속 가능한 공급망, 투자하는 기업의 성별, 임금, 형평성 등 다양한 문제를 지원하기 위해 투자금의 6 10%를 기꺼이 포기하겠다고 답했다. 하지만, 2023년 조사에서는 이 투자자들은 1 5%만 포기하겠다고 말했다는 것이다."
835,context,0.1937,neutral,0.9998,에너지 관리,E,E_ENERGY__RENEWABLE_TRANSITION,신재생에너지 전환,0.6459656953811646,"기업이든 국가든 탄소 감축 목표 수립과 이행을 위해서는 탄소에 대한 정확한 이해가 필요하며, RE100, ESG공시, CBAM과 각종 글로벌 이니셔티브와 프레임워크의 난해한 요구 사항에 대한 기본적인 지식 습득도 매우 중요하다."
836,context,0.1566,neutral,0.9147,에너지 관리,E,E_ENERGY__RENEWABLE_TRANSITION,신재생에너지 전환,0.5706531405448914,"신재생에너지 및 그린수소, 이차전지, 자원순환, 미래기술 소재 등 5개 연구그룹과 1개 연구 지원그룹으로 구성되는 R D 센터 운영을 위해 고려아연은 200여명의 신규 임직원을 채용할 계획이다."
837,opportunity,0.5445,positive,0.9886,에너지 관리,E,E_ENERGY__RENEWABLE_TRANSITION,신재생에너지 전환,0.5507696866989136,"고려아연 2000억원을 신규 투자해 인천 송도에 연구개발(R D) 센터 설립을 추진한다고 13일 밝혔다. 고려아연은 신성장 동력 핵심 사업인 신재생에너지 및 수소, 이차전지 소재, 자원순환 사업 추진과 기존 제련 사업을 기반으로 한 신기술 개선과 원가 절감을 지원할 수 있도록 연구개발 센터 설립을 추진한다고 설명했다."
838,context,0.1915,neutral,0.9998,인적자원 관리,S,S_HR__DIVERSITY_INCLUSION,다양성 및 형평성 (DEI),0.6386197209358215,"SEC는 지난 2022년, 자산운용사가 환경과 기후, 인권, DEI(다양성, 형평성, 포용성) 등 4개의 ESG 관련 카테고리를 포함해 총 14개 카테고리에 대해 주주총회에서의 대리투표권 행사 결과를 공개하도록 하는 규정을 채택했다."
839,context,0.1713,neutral,0.9996,에너지 관리,E,E_ENERGY__RENEWABLE_TRANSITION,신재생에너지 전환,0.5711575746536255,"한편 루트에너지는 재생에너지 수용성 전문 소셜 벤처로 전국 20여 건의 해상, 육상풍력 주민참여 및 지역상생 재생에너지 사업을 추진 중이다. 아울러 RE100 솔루션, 주민주도형 IPP 등 재생에너지 관련 전문 서비스를 제공하고 있다."
840,opportunity,0.5037,positive,0.8344,에너지 관리,E,E_ENERGY__RENEWABLE_TRANSITION,신재생에너지 전환,0.6037106513977051,"특히 회사는 재생에너지 사업주에게 종합적인 지역수용성 솔루션을 제공하고, 그 과정에서 지방소멸이라는 사회적 문제 해결과 탄소감축이라는 환경적 성과까지 충족했다고 평가됐다. 3년 전 최초인증 시보다 이해관계자 참여부터 주민참여, 이익 공유까지 지역수용성 문제 해결의 전 과정을 아우르도록 사업 영역이 확장된 것도 주효했다. RE100(재생에너지 100% 조달), 주민주도형 민자발전사업(IPP) 등 새롭게 추가된 솔루션도 좋은 평가를 받았다."
841,context,0.1648,neutral,0.9969,에너지 관리,E,E_ENERGY__RENEWABLE_TRANSITION,신재생에너지 전환,0.5511618852615356,보고서는 반도체 클러스터와 재생에너지 발전소 공동 설립을 위해 정부가 태양광 및 풍력 등 등 복합단지 건설을 위한 허가 발급 태양광 발전을 규제하는 도로와의 거리 제한 철폐 등을 추진해야 한다고 제언했다.
842,risk,0.4982,negative,0.9904,기후변화·온실가스,E,E_CLIMATE__SCOPE1_2_EMISSION,Scope 1·2 배출량,0.5030716061592102,"보고서에 따르면, 삼성은 미국과 대만 경쟁사들에 비해 친환경 전력 사용량이 크게 부족한 실정이다. 삼성은 제조 시설 내 100% 재생에너지 사용을 약속하고 해외 제조시설은 2027년까지 달성을 목표로 한 반면, 국내 시설은 2050년까지 달성하겠다고 밝혔다. 삼성전자가 2030년까지 한국 제조시설에서 소비하는 전력은 109TWh(테라와트시)를 넘어갈 것으로 예상되며, 연간 탄소 배출량은 3200만 톤을 가뿐히 넘길 수 있다."
843,context,0.1549,neutral,0.8979,윤리경영·준법,G,G_ETHICS__ANTI_CORRUPTION_COMPLIANCE,반부패 및 컴플라이언스,0.5748789310455322,"LX인터내셔널이 ESG 경영 강화를 위해 기업의 사회적 책임 실천 국제협약인 유엔글로벌콤팩트(UNGC)에 가입했다고 14일 밝혔다. UNGC는 유엔의 세계 최대 규모 자발적 기업 지속가능성 협약이다. 인권, 노동, 환경, 반부패 등 4개 분야의 10대 원칙을 중심으로 지속가능한 경영 실천과 기업 시민 의식 향상을 주도하고 있다. 전 세계 167개국에서 2만5천여개 기업 및 기관이 회원으로 참여하고 있다."
844,context,0.1177,neutral,0.6562,기후변화·온실가스,E,E_CLIMATE__SCOPE1_2_EMISSION,Scope 1·2 배출량,0.5980626344680786,"MS는 15일(현지시간) 발표한 2023년 지속가능성 보고서에서 데이터센터 건설로 인해 2020년 이후 총 탄소 배출량이 약 30% 늘었다고 밝혔다. MS는 직접 탄소 배출량은 6.3% 감소했지만 간접 배출량이 증가했다고 설명했다. 탄소 간접 배출은 데이터센터 건설에 사용된 반도체, 연료, 건축자재 등에서 주로 나왔다."
845,context,0.1679,neutral,0.9999,윤리경영·준법,G,G_ETHICS__ANTI_CORRUPTION_COMPLIANCE,반부패 및 컴플라이언스,0.5598703026771545,"CA협의체 5개 위원회 중 하나인 책임경영위원회는 그룹사 정기 감사와 컴플라이언스, 윤리, 법무 이슈를 총괄하는 조직으로, 지난 2월 설치 후 한동안 권대열 ESG위원장이 겸임해왔다. 정 위원장 선임으로 카카오 그룹의 쇄신과 책임경영 기조가 한층 강화될 것이란 관측이 나온다."
846,context,0.1921,neutral,0.9998,에너지 관리,E,E_ENERGY__RENEWABLE_TRANSITION,신재생에너지 전환,0.6406756043434143,아울러 산업부는 기업의 RE100 지원 차원에서 재생에너지 발전 사업자로부터 전력을 직접 구매하는 PPA 시장 확대를 위해 녹색프리미엄의 재생에너지 원별 구매허용 등 거래편의를 개선하고 PPA 용량기준 등 규제를 완화한다. 별도 중개시장도 개설할 계획이다.
847,opportunity,0.5385,positive,0.9071,에너지 관리,E,E_ENERGY__RENEWABLE_TRANSITION,신재생에너지 전환,0.5936687588691711,"또 기업들의 RE100(재생에너지 100% 사용) 목표 달성에 도움이 되고, 오는 6월 시행되는 분산에너지활성화특별법(분산에너지법)에도 효과적으로 대응할 수 있을 것으로 기대했다."
848,opportunity,0.4705,positive,0.9406,에너지 관리,E,E_ENERGY__RENEWABLE_TRANSITION,신재생에너지 전환,0.500177800655365,또한 월마트는 태양광 시스템 설치 업체인 피벗 에너지(Pivot Energy)와 리액티베이트(Reactivate)가 6개의 주에 걸쳐 건설한 26개의 지역사회 태양광 발전 시설에 투자하기로 했다.
849,context,0.1832,neutral,0.9999,에너지 관리,E,E_ENERGY__RENEWABLE_TRANSITION,신재생에너지 전환,0.6108903884887695,"아울러 ESS를 포함한 REC 구매 방법을 놓고는 발전소에서 REC를 발급받은 것을 수요기업이 (구매해) 인정을 받을 수가 있는데, 지금 특구 내에서는 REC 발급이 불가능하기 때문에 인증 방법이 없다고 설명했다."
850,opportunity,0.5526,positive,0.985,에너지 관리,E,E_ENERGY__RENEWABLE_TRANSITION,신재생에너지 전환,0.561042845249176,"물류 기업 한진이 올해 전기차 충전소와 태양광 발전시설을 구축해 ESG 경영을 강화한다고 21일 밝혔다. 한진은 우선 환경부 2024년 무공해차 전환 브랜드 공모사업에 선정돼 택배 터미널 중심으로 운영하는 전기차 충전소를 기존 9기에서 21기로 늘리는 등 전기차 충전소 사업을 확대한다. 택배 거점 가운데 부산택배지점, 진주택배지점 등 5곳의 택배허브 및 터미널에 100 (키로와트)급 급속 충전기 6기를 설치한다. 김포공항 주유소도 리모델링을 거쳐 올 하반기 친환경 에너지원인 전기차 충전소로 새롭게 탈바꿈한다. 충전기를 6기 설치하고 사용자들의 휴게 공간도 확충한다."
851,context,0.1896,neutral,0.9973,에너지 관리,E,E_ENERGY__RENEWABLE_TRANSITION,신재생에너지 전환,0.6335660219192505,"엠버의 또다른 보고서인 글로벌 전력 리뷰(Global Electricity Review)에 따르면 재생에너지원은 다수의 프로젝트, 특히 태양광 발전 프로젝트의 확대로 지난해 전 세계 전력의 30.3%를 공급했다. 지난 2022년의 29.4% 보다 비중이 확대됐다. 에너지원을 원자력으로까지 확대하면, 저탄소 에너지는 지난해 전세계 전력 생산의 약 40%를 차지했다."
852,context,0.1597,neutral,0.9997,에너지 관리,E,E_ENERGY__RENEWABLE_TRANSITION,신재생에너지 전환,0.5325407385826111,그는 재생에너지 활용을 위한 기술적 잠재력 에 집중할 필요가 있고 이를 위한 전력망 강화와 태양광 발전 이격거리 규제 완화 등이 필요하다며 재생에너지 전환을 위한 국회와 정부의 정책적 의지가 중요하다 고 강조했다.
853,context,0.147,neutral,0.9998,에너지 관리,E,E_ENERGY__RENEWABLE_TRANSITION,신재생에너지 전환,0.4900900423526764,"김승완 사단법인 넥스트 그룹 대표는 발제를 통해 국내 재생에너지 전환은 입지 부족의 문제가 아닌, 재생에너지 잠재량이 충분히 발휘되지 못하게 하는 규제가 문제 라고 지적했다."
854,context,0.151,neutral,0.9948,에너지 관리,E,E_ENERGY__RENEWABLE_TRANSITION,신재생에너지 전환,0.5061639547348022,"알리 이자디-나자파바디(Ali Izadi-Najafabadi) 블룸버그NEF APAC 부장은 재생에너지 전환에 대한 글로벌 투자와 관련해 아시아의 경우 수익성 있는 프로젝트(bankable project)가 부족하다 며 에너지 전환과 관련한 기술은 이미 증명돼있으나, 시장에서 그러한 프로젝트들을 인센티브화해야 하는 문제가 남아 있다 라고 밝혔다."
855,context,0.1531,neutral,0.9988,에너지 관리,E,E_ENERGY__RENEWABLE_TRANSITION,신재생에너지 전환,0.5108798742294312,"키민스 이사는 각종 데이터와 회원사의 연간 보고서를 바탕으로 각 기업들이 겪고 있는 장애물을 파악하고 제거하며 RE100 달성을 지원하고 있다며, 이를 토대로 봤을 때 현재 RE100 달성을 위한 기술은 이미 확보돼 있는 반면, 시장 구조가 잘 마련되기 위한 정책적 변화가 가장 중요하다고 강조했다."
856,context,0.1538,neutral,0.9998,에너지 관리,E,E_ENERGY__RENEWABLE_TRANSITION,신재생에너지 전환,0.5127121806144714,"따라서 클락슨 CEO는 재생에너지 전환을 지연시키는 이러한 규제 및 정책적 장애물들을 제거하는 데 주력해야 한다며 공공과 민간, 금융부문을 포함한 더 넓은 가치사슬 간의 공동노력이 필요하다 고 강조했다."
857,context,0.1304,neutral,0.9985,에너지 관리,E,E_ENERGY__RENEWABLE_TRANSITION,신재생에너지 전환,0.43547940254211426,그는 특히 한국과 일본에서 재생에너지에 대한 높은 비용과 낮은 시장 접근성이 RE100 회원사들로부터 계속 지적되고 있다고 말했다. 그는 이러한 장애물들이 녹색경제로의 전환을 지연시킨다 며 예를 들어 한국에서 해상풍력발전사업자들은 29개의 서로 다른 법률 하에 최대 10개가 넘는 행정기관에서 허가를 얻어야 한다 고 밝혔다.
858,context,0.1329,neutral,0.9983,에너지 관리,E,E_ENERGY__EFFICIENCY_CONSUMPTION,에너지 소비 및 효율화,0.4437490701675415,"헬렌 클락슨(Helen Clarkson) 클라이밋 그룹 CEO는 개회사를 통해 아시아는 전세계 에너지 소비량의 절반을 차지하고 있으며 그중 화석연료 최대 소비국은 중국, 인도, 일본 그리고 한국이라고 말했다."
859,context,0.1887,neutral,0.9999,에너지 관리,E,E_ENERGY__RENEWABLE_TRANSITION,신재생에너지 전환,0.6290086507797241,"강원 고성군이 산업통상자원부와 한국에너지공단이 주관하는 2025년 신재생에너지 융복합지원사업의 대상자를 이달 말까지 발굴한다고 23일 밝혔다. 이는 에너지 자립 도시 조성과 탄소중립 기반 구축을 위해 주택 공공 건물에 태양광, 태양열, 지열 등 신재생에너지원을 설치하는 사업이다."
860,context,0.2355,neutral,0.9996,기후변화·온실가스,E,E_CLIMATE__SCOPE1_2_EMISSION,Scope 1·2 배출량,0.7852491736412048,"BNK금융그룹은 SBTi 기준에 따라 온실가스 직 간접 배출량을 2022년 대비 2030년까지 42% 감축하고, 금융배출량은 2022년 대비 2030년까지 35% 감축하는 목표를 수립했다. BNK금융은 지난해 10월 전 계열사 본점과 영업점의 전기, 유류 사용량을 환산해 내부 배출량을 측정하는 ESG데이터플랫폼(E)을 구축하고, 금융배출량 측정관리시스템을 마련하는 등 온실가스 측정 체계를 확보했다. 또한 중장기 ESG 전략을 수립하고 탄소중립 목표 달성 추진 친환경 금융 상품 관리 체계 정착 친환경 경영 고도화 글로벌 환경 이니셔티브 참여 등 전략 과제를 추진하고 있다."
861,context,0.1677,neutral,0.9783,에너지 관리,E,E_ENERGY__RENEWABLE_TRANSITION,신재생에너지 전환,0.5713098049163818,"KODEX K-신재생에너지액티브는 태양광, 풍력, 수소, 원자력은 물론 2차전지와 전력인프라 등 신재생에너지 관련 국내 기업들에 투자한다. 현재 주요 구성종목은 효성중공업(8.85%), 씨에스윈드(7.48%), HD현대일렉트릭(7.8%), LS(7.19%), LS ELECTRIC(6.64%), 일진전기(6.38%), 씨에스베어링(6.37%) 등이다."
862,context,0.1076,neutral,0.8663,에너지 관리,E,E_ENERGY__RENEWABLE_TRANSITION,신재생에너지 전환,0.4139789044857025,삼성자산운용측은 여타 신재생에너지 패시브ETF가 그 동안 기초지수 수준의 수익률을 보여 왔다는 것을 감안하면 이러한 지속적인 초과 수익률 기록은 액티브 운용의 차별적인 경쟁력과 존재 가치를 명확히 입증했다고 전했다.
863,context,0.1851,neutral,0.9999,에너지 관리,E,E_ENERGY__RENEWABLE_TRANSITION,신재생에너지 전환,0.6172038912773132,그는 ESG경제와의 전화통화에서 ESS의 (법적) 지위가 전기수용가가 아닌 발전사업자로 돼있어 발전소랑 ESS(사업자)랑 PPA 계약이 안 되는 측면이 있다 고 설명했다.
864,context,0.2133,neutral,0.999,에너지 관리,E,E_ENERGY__RENEWABLE_TRANSITION,신재생에너지 전환,0.711568295955658,"이 컨소시엄은 6월부터 12월까지 국비, 시비, 민간 자본 등 총사업비 18억3400만원을 투입해 기장군 신소재 산단 ESS 구축, 신재생에너지 탄소배출권 등록, 재생에너지 100(K-RE100) 지원, 에너지슈퍼스테이션 조성 등을 추진한다. 에너지구축슈퍼스테이션은 전기차에 저장된 전력을 공장에 공급할 수 있는 V2G충전시스템이다. 사업이 완료되면 신재생에너지 잉여전력을 활용해 공장 전력비용이 감소하고 부산의 분산에너지 기반 조성에 기여하게 된다."
865,context,0.1824,neutral,0.9949,에너지 관리,E,E_ENERGY__RENEWABLE_TRANSITION,신재생에너지 전환,0.6112256646156311,"부산시가 산업통상자원부, 한국에너지공단이 주관하는 2024년 미래 지역에너지 생태계 활성화 지원사업 공모에서 부산 산업단지 ESS 활용 분산에너지 기반 조성 사업이 선정됐다고 27일 밝혔다. 부산시는 에너지 기업 크로커스, 누리플렉스, 동영클린에너지협동조합 등과 컨소시엄을 구성해 이번 공모에 참여했다. 부산 산업단지 ESS 활용 분산에너지 기반조성 사업은 신재생에너지 잉여전력을 ESS에 저장 활용함으로써 산업시설 최대 수요전력을 감축하고 탄소중립에 활용하는 운영시스템을 구축하는 사업이다."
866,risk,0.4098,negative,0.9997,에너지 관리,E,E_ENERGY__RENEWABLE_TRANSITION,신재생에너지 전환,0.40993842482566833,"망 이용료 중복 부과 의혹에 대해서는 송배전용 전기설비 이용규정 제43조 및 제44조 9항에 따라 PPA 소비자는 전기요금에 포함되어 부담하는 망 기본요금만 부담하며, 한전의 송배전설비 이용에 따른 기본요금을 이중으로 부과하지 않는다고 한전은 밝혔다."
867,opportunity,0.5373,positive,0.9983,에너지 관리,E,E_ENERGY__RENEWABLE_TRANSITION,신재생에너지 전환,0.5382161140441895,"기후솔루션은 PPA 체결기업이 납부하는 현행 요금체계가 PPA 전력량 요금에 포함된 송 배전설비 이용요금 에 더해, 부족 전력량에 따른 PPA 요금제에 포함된 기본요금 에도 망 이용료가 포함되어 있어 망 이용료가 중복으로 납입되고 있다는 설명이다."
868,opportunity,0.4918,positive,0.9228,에너지 관리,E,E_ENERGY__RENEWABLE_TRANSITION,신재생에너지 전환,0.532968282699585,PPA요금제는 PPA 계약을 체결한 기업이 PPA 전력으로 충족하지 못하는 전력을 한전으로부터 공급받을 때 부과되는 요금이다. PPA로 필요한 전력을 모두 충족시킬 수 있는 기업이 없어 사실상 모든 PPA 체결 기업에 적용되는 요금으로 볼 수 있다.
869,risk,0.552,negative,0.9986,에너지 관리,E,E_ENERGY__RENEWABLE_TRANSITION,신재생에너지 전환,0.5527836084365845,"기후솔루션은 PPA 체결 기업들이 한전에 부담하는 전력망 이용 원가와 이용료 산정 방식, 어떻게 이용료가 요금에 산입돼 부과되고 있는지에 대해 한전이 공개한 바가 없다고 주장했다."
870,context,0.1904,neutral,0.9124,에너지 관리,E,E_ENERGY__RENEWABLE_TRANSITION,신재생에너지 전환,0.6957584023475647,"직접PPA는 전기 사용자가 한전을 거치지 않고 장기 계약을 통해 재생에너지 사업자로부터 직접 전력을 구매할 수 있는 제도다. 계약 기간은 보통 15 20년으로, 국내 기업들은 장기적이고 안정적으로 재생에너지를 확보할 수 있어 직접PPA를 선호하고 있는 만큼 핵심적인 RE100 달성 수단으로 꼽힌다."
871,context,0.1166,neutral,0.7158,인적자원 관리,S,S_HR__DIVERSITY_INCLUSION,다양성 및 형평성 (DEI),0.5427499413490295,"LG전자는 지난 4월 미국 뉴저지주 북미 법인 사옥에 폴리네이터 정원(수분 매개자 정원)을 마련해 한국 기업 최초로 전미야생동물연합(NWF)의 야생 서식지 인증을 획득했다. 폴리네이터 정원은 기후 변화로 개체 수가 줄어든 벌, 나비 등이 안정적으로 살 수 있는 생물 다양성 보존 정원을 말한다."
872,context,0.2233,neutral,0.9997,인적자원 관리,S,S_HR__DIVERSITY_INCLUSION,다양성 및 형평성 (DEI),0.7444663047790527,"DL이앤씨가 경영의 내재화와 공감대 형성을 위해 모든 임직원을 대상으로 ESG 교육을 실시했다고 28일 밝혔다. 이번 교육은 ESG 기초 개념부터 실행 및 대응 노하우를 체득시키기 위한 것으로, 공급망 실사, 다양성 형평성 포용성(DEI), 기업의 직접 통제 범위 밖에 있는 간접 탄소 배출(스코프 3) 등 최신 이슈와 사례로 구성됐다."
873,context,0.0799,neutral,0.5478,에너지 관리,E,E_ENERGY__RENEWABLE_TRANSITION,신재생에너지 전환,0.48611199855804443,MS는 지난 1일에도 캐나다의 대체자산 전문 브룩픽드 자산운용과 함께 새로운 풍력 태양광 발전소를 개발하기 위해 100억달러(약 13.5조 원) 규모의 계약을 맺었다. 양사는 10.5기가와트 이상의 재생에너지 전력을 확보하기 위해 새로운 풍력 및 태양광 발전소를 세울 것이라고 밝혔다.
874,context,0.1106,neutral,0.9482,에너지 관리,E,E_ENERGY__RENEWABLE_TRANSITION,신재생에너지 전환,0.38892415165901184,"클린에너지 커넥트는 일본의 이토추상사 산하 태양광발전 회사다. 구글은 클린에너지 커넥트와 함께 일본의 제한된 토지 가용성 문제를 해결하기 위해, 일본의 여러 지역에 걸쳐 약 800개의 소규모 태양광 발전소를 건설할 계획이다. 2026년까지 6390만달러(약 868억800만원)가 들어갈 예정이다."
875,opportunity,0.5616,positive,0.9998,에너지 관리,E,E_ENERGY__RENEWABLE_TRANSITION,신재생에너지 전환,0.5616772770881653,"구글이 24일(현지시간) 일본에서 처음으로 두 건의 신규 태양광발전 전력구매계약(PPA)을 체결했다고 발표했다. 이번 전력구매계약은 새로운 태양광 발전소 건설을 지원하며, 일본의 전력망에 60MW의 청정 에너지를 공급한다."
876,context,0.1531,neutral,0.9999,에너지 관리,E,E_ENERGY__RENEWABLE_TRANSITION,신재생에너지 전환,0.510562002658844,"지붕 디자인도 서울 여의도 공원 내에 바람의 세기나 방향, 주변 건물들에 의한 음영에 의한 일사량이나 이런 것들을 분석을 해서 이 2개의 대공간이 충분히 자연 환기와 채광을 이루어질 수 있도록 했어요. 그리고 지붕에는 이렇게 다양한 셀들이 모여 다양한 역할을 할수있게 디자인했죠. 일부 셀에는 태양광 발전 기능이 있어서 태양광 발전이 되도록 했고, 일부 셀은 보이드 즉 뻥 뚫려 있어서 압력 차에 의해 환기가 잘 되도록 디자인을 했습니다."
877,context,0.1336,neutral,0.9998,에너지 관리,E,E_ENERGY__RENEWABLE_TRANSITION,신재생에너지 전환,0.4453999698162079,"근데 우리나라는 신재생에너지를 구매하고 싶어도 구매할 데가 없고, 신재생에너지 구매가 인정이 된다고는 하는데 선례가 없는 걸로 알고 있습니다. 구매에 대한 증빙을 어떻게 할 것이며 거기에 대한 세부 제도가 없어요."
878,context,0.1802,neutral,0.9999,에너지 관리,E,E_ENERGY__RENEWABLE_TRANSITION,신재생에너지 전환,0.6007285714149475,그래서 제로 에너지를 활성화하려면 해외의 경우에는 신재생에너지 구매가 있잖아요. 그러니까 건물 자체 생산량 외에도 신재생에너지를 구매한 것을 인정해주고 제로 에너지 인증이나 에너지 효율 등급을 받고 있거든요.
879,context,0.157,neutral,0.9986,에너지 관리,E,E_ENERGY__RENEWABLE_TRANSITION,신재생에너지 전환,0.5242090821266174,공급 의무화 비율은 예상 에너지 소비량 대비 신재생에너지 생산량을 계산하는데 현재 공공건물의 경우 그 비율이 32%로 꽤 높은 기준이구요. 그런데 건물 지붕에 설치하는 태양광이나 지하로 뚫고 내려가는 지열 시스템은 사실 공간과 면적에 한계가 있기 때문에 태양광과 지열로 해결이 안되는 생산량은 연료 전지로 해결을 하고 있어요.
880,context,0.157,neutral,0.9986,에너지 관리,E,E_ENERGY__EFFICIENCY_CONSUMPTION,에너지 소비 및 효율화,0.5242090821266174,공급 의무화 비율은 예상 에너지 소비량 대비 신재생에너지 생산량을 계산하는데 현재 공공건물의 경우 그 비율이 32%로 꽤 높은 기준이구요. 그런데 건물 지붕에 설치하는 태양광이나 지하로 뚫고 내려가는 지열 시스템은 사실 공간과 면적에 한계가 있기 때문에 태양광과 지열로 해결이 안되는 생산량은 연료 전지로 해결을 하고 있어요.
881,context,0.1742,neutral,0.9998,에너지 관리,E,E_ENERGY__RENEWABLE_TRANSITION,신재생에너지 전환,0.5809130668640137,녹색 건축 인증 기준이나 정부 규제로 충족해야하는 것들에 신재생에너지 공급 의무화 비율과 에너지 자립율 등이 있는데요. 현재는 이것을 충족하기 위해 태양광이나 지열 냉난방 시스템을 주로 사용하고 있어요.
882,context,0.1768,neutral,0.9999,에너지 관리,E,E_ENERGY__RENEWABLE_TRANSITION,신재생에너지 전환,0.5894025564193726,"- 건물에서 필요한 에너지는 태양광, 태양열, 지열 등 신재생에너지를 자체 생산하는 것도 에너지 항목 평가에 들어간다고 하셨는데요. 녹색 건물들의 신재생에너지 자체 공급은 어떻게 진행되나요."
883,context,0.1853,neutral,0.9996,에너지 관리,E,E_ENERGY__RENEWABLE_TRANSITION,신재생에너지 전환,0.617802619934082,"이 항목에서 1 등급을 받으려면 사실상 거의 제로에너지 수준을 만들어야 합니다. 규모가 큰 건물에서 제로에너지 수준을 만드려면 패시브적인 것(채광, 환기 등 자연적 조절방식과 고성능 단열재, 창호 등 사용)뿐만 아니라 설비적인 것(조명제어, 고효율 설비, 전열교환기 등) 그리고 신재생에너지 같은 부분도 동시에 고려를 해야 하기 때문에 하나의 항목에 여러 가지 증빙이 들어가야 니다."
884,context,0.1414,neutral,0.9841,인적자원 관리,S,S_HR__DIVERSITY_INCLUSION,다양성 및 형평성 (DEI),0.47900426387786865,"이건혁 LIG넥스원 생산부문장은 블랑제리길의 길(GIL) 은 LIG의 철자를 반대로 표기한 발음으로, 장애인 근로자의 노력과 열정을 발휘할 수 있는 기회를 제공하여 상생하는 길을 함께 걷고자 하는 마음을 담았다 며 장애인 고용과 사회적 자립 지원 등을 통해 기업의 사회적 책임을 다하겠다 말했다."
885,context,0.2193,neutral,0.9995,에너지 관리,E,E_ENERGY__EFFICIENCY_CONSUMPTION,에너지 소비 및 효율화,0.7312173843383789,"SK하이닉스는 이번 워크숍에서 전 영역에서의 온실가스 감축 전략을 발표했다. 스코프1 배출량은 지구온난화지수(GWP)가 낮은 가스 개발, 공정 최적화, 스크러버 효율 개선으로 저탄소 공정을 실현해 직접 감축하고, 스코프2는 재생에너지 조달, 에너지 사용량 관리로 줄인다는 전략이다. 스코프3 배출량은 협력사 온실가스 배출 데이터 수집과 산정 방식 고도화, 협력사 온실가스 감축 목표 달성 지원을 통해 감축할 계획이다."
886,opportunity,0.4958,positive,0.8467,에너지 관리,E,E_ENERGY__RENEWABLE_TRANSITION,신재생에너지 전환,0.5855138897895813,"연료전지 발전사업자 자격을 취득한 것은 국내 상업용 건물 중 롯데월드타워가 최초다. 연료전지 외에도 수열 지열 태양열 풍력 등 다양한 신재생에너지 시설을 보유하고 있으며, 전체 에너지 사용량의 약 15%를 신재생에너지로 자체 생산하는 친환경 랜드마크다. 2017년 100층 이상 건축물 중 세계 최초로 친환경 건축물 인증(LEED) 골드 등급을 받았으며, 2022 서울특별시 환경상 도 수상했다."
887,opportunity,0.6701,positive,0.9998,에너지 관리,E,E_ENERGY__RENEWABLE_TRANSITION,신재생에너지 전환,0.6702343821525574,롯데물산은 지난해 12월 19일 한국전력공사와 연료전지 전력 매매 계약을 체결했다. 연료전지(전기 에너지를 발생시키는 장치) 발전설비를 효율적으로 운영하고 신재생에너지 생산과 활성화를 통해 6대 저감 방안을 실천하기 위한 목적이다.
888,context,0.205,neutral,0.9477,에너지 관리,E,E_ENERGY__EFFICIENCY_CONSUMPTION,에너지 소비 및 효율화,0.7210912704467773,"롯데는 재생 에너지 확대 수소 에너지 개발 탄소 포집 기술 개발 무공해차 전환 에너지 효율 개선 친환경 원료 및 연료 전환 이라는 6대 저감 방안을 선정하고, 그룹 친환경추진단을 통해 탄소 중립 이행을 평가하고 있다. 2022년 9월에는 모든 임직원이 준수해야 하는 올바른 행동 및 가치 판단 기준을 명시한 환경경영헌장 을 제정했다."
889,context,0.1526,neutral,0.7403,윤리경영·준법,G,G_ETHICS__ANTI_CORRUPTION_COMPLIANCE,반부패 및 컴플라이언스,0.6872195601463318,"롯데글로벌로지스, 롯데케미칼을 비롯해 총 10개 계열사도 ISO 37301 국제표준 인증을 획득했다. 롯데지주는 더 많은 계열사들이 ISO 37301 인증을 획득할 수 있도록 지원하고 있다. 연 1회 계열사 컴플라이언스 담당자들을 모아 그룹 컴플라이언스 발전 방향을 논의하는 준법 포럼 을 개최하고 있으며, 컴플라이언스에 관한 업무를 효과적으로 실행할 수 있도록 업무 가이드라인을 수립 배포하고 있다."
890,context,0.2035,neutral,0.9963,윤리경영·준법,G,G_ETHICS__ANTI_CORRUPTION_COMPLIANCE,반부패 및 컴플라이언스,0.6810369491577148,"롯데지주는 모든 부서의 컴플라이언스 리스크를 분석 및 관리할 수 있도록 통제 목표를 수립하는 등 ISO 국제표준에 부합하는 규범준수경영시스템을 구축했다. 그룹 내 모든 임직원들에 컴플라이언스 교육을 실시하고 있으며, 납품업체와의 거래에서 발생할 수 있는 불공정거래행위 근절 활동 및 계열사 내부 활동 모니터링을 진행하고 있다."
891,opportunity,0.7617,positive,0.9978,윤리경영·준법,G,G_ETHICS__ANTI_CORRUPTION_COMPLIANCE,반부패 및 컴플라이언스,0.7634158730506897,"롯데지주는 지난해 9월 15일 한국경영인증원으로부터 규범준수경영시스템 국제표준인 ISO 37301 인증을 취득했다. ISO 37301 은 국제표준화기구(ISO, International Organization For Standardization)가 제정한 컴플라이언스 관련 국제표준으로, 규범준수경영 계획 수립과 실행 유지관리 및 개선 등 체계적인 경영시스템 구축 여부를 평가한 후 부여하는 글로벌 인증이다."
892,context,0.1993,neutral,0.9975,윤리경영·준법,G,G_ETHICS__ANTI_CORRUPTION_COMPLIANCE,반부패 및 컴플라이언스,0.6659008860588074,"롯데는 거버넌스 측면에서도 선진 지배구조 정착, 주주가치 제고, 준법 윤리경영 실천, 리스크 관리강화를 위한 활동들을 진행하고 있다. 2016년 준법경영 선포 후, 2017년에는 컴플라이언스 핵심 내용을 담은 준법경영 헌장을 제정하며 준법경영 시스템을 강화하고 있다."
893,context,0.1529,neutral,0.9988,인적자원 관리,S,S_HR__DIVERSITY_INCLUSION,다양성 및 형평성 (DEI),0.5101715922355652,"그 결과 2022년 기준 여성 신입사원은 10년간 2배 이상 증가했으며 여성 간부는 5배 이상 늘었다. 그룹 내 장애인 고용률은 법정 의무고용률을 상회하여 유지 중이며, 약 26개국에 진출해 현지 직원 4만여 명을 고용하고 있다."
894,context,0.1442,neutral,0.9999,인적자원 관리,S,S_HR__DIVERSITY_INCLUSION,다양성 및 형평성 (DEI),0.48066508769989014,"포럼 참석자들은 다양성에 대한 전문가 강연부터, 대담 및 참여형 연극 등을 통해 의견을 교류했다. 롯데는 2013년에 롯데그룹 다양성 헌장 을 제정하고 성별, 세대, 장애, 국적 등 4대 영역에서 다양성을 늘리기 위한 노력을 기울이고 있다."
895,context,0.1599,neutral,0.9999,인적자원 관리,S,S_HR__DIVERSITY_INCLUSION,다양성 및 형평성 (DEI),0.5331645607948303,"롯데는 지난해 11월 17일 롯데인재개발원 오산캠퍼스에서 2023 다양성 포럼 을 개최했다. 세대, 장애, 성별, 글로벌 등 다양성 확보의 중요성을 알리기 위해 2012년부터 매년 개최해오고 있다. 2023 다양성 포럼의 슬로건은 다양성 안에서 소속된다(We Belong in Diversity)로, 다양성의 포용뿐만 아니라 구성원들의 소속감과 연결감을 높이는 것이 중요하다는 메시지를 담았다."
896,context,0.1762,neutral,0.9961,기후변화·온실가스,E,E_CLIMATE__SCOPE3_EMISSION,Scope 3 배출량,0.5897599458694458,해당 기업이 실사를 통해 부정적인 영향을 해소해야 하는 조치를 취해야 할 대상은 원자재 조달에서 제조까지의 공급망을 뜻하는 업스트림 공급망과 운송과 유통 등의 공급망을 뜻하는 다운스트림 공급망에 포함된 협력사다. 태평양은 다만 다운스트림 협력사 중 중 간접적인 협력사와 상품의 폐기를 담당하는 협력사는 제외된다고 설명했다.
897,opportunity,0.4476,positive,0.9562,에너지 관리,E,E_ENERGY__RENEWABLE_TRANSITION,신재생에너지 전환,0.4680832326412201,"한화그룹이 타임의 100대 기업에 오른 것은 이번이 처음으로, 거장 분야 20개 기업에 포함됐다. 타임은 한화그룹은 방산사업 수출 활성화로 지난해 시장가치가 78억달러를 넘을 정도로 성공 가도를 달리고 있다며 태양광, 풍력, 청정수소 기술 등 신재생에너지 사업도 발전시키고 있다고 선정 이유를 밝혔다."
898,context,0.1879,neutral,0.9999,에너지 관리,E,E_ENERGY__RENEWABLE_TRANSITION,신재생에너지 전환,0.626345694065094,남태섭 사무처장은 발전소 폐쇄에 따른 고용보장 방안은 사업장 내 전환배치 타 사업장으로의 전직 실직 등 그 유형에 따라 촘촘하게 마련돼야 한다고 주장했다. 또한 발전공기업에게 재생에너지로의 사업 전환을 보장해줘야 한다고 말했다. 남 사무처장은 RE100 참여 확대에 따른 국내 기업의 재생에너지 수요 증가에 효과적으로 대응하기 위해 전력 산업의 이해도가 높은 발전공기업 중심의 대규모 재생에너지 확대 방안 마련이 필요하다고 주장했다.
899,context,0.1804,neutral,0.9999,에너지 관리,E,E_ENERGY__RENEWABLE_TRANSITION,신재생에너지 전환,0.6015551686286926,"송 부대표는 조만간 발표될 11차 전기본, 2035 국가온실가스감축목표(NDC)에서도 이러한 선형감축구조를 유지할 것으로 예상된다며 이외에도 미세먼지 지역관리제 대기오염물질 배출허용기준 신재생에너지 공급의무화제도 등이 시행되면서 직간접적으로 석탄발전소 가동에 제약 요인이 늘어나고 있다고 말했다."
900,context,0.2018,neutral,0.9983,에너지 관리,E,E_ENERGY__RENEWABLE_TRANSITION,신재생에너지 전환,0.6739692687988281,또한 정부는 장기적으로 신재생에너지 의무 공급 비율(RPS) 제도를 중심으로 한 현재의 재생에너지 전력 시장을 장기 고정 입찰 방식으로 전환하는 방안을 국회 업계 전문가 등과 폭넓은 논의를 거쳐 신중하게 추진하기로 했다.
901,context,0.1675,neutral,0.9995,에너지 관리,E,E_ENERGY__RENEWABLE_TRANSITION,신재생에너지 전환,0.5587005615234375,현재 제공되고 있는 풍력과 태양광 발전 사업에 대한 생산 및 투자 세액공제는 올해 종료된다. 2025년 착공되는 프로젝트부터 IRA에 따른 새로운 생산 및 투자 세액공제 혜택을 받게 되는 데 이번 지침을 통해 지원 대상을 확대한 것이다.
902,context,0.1964,neutral,0.9999,에너지 관리,E,E_ENERGY__RENEWABLE_TRANSITION,신재생에너지 전환,0.654846727848053,카카오페이는 2023년 4대 ESG 중대 이슈로 개인정보보호 상품 및 서비스 혁신 통합 리스크 관리 친환경 상품 및 서비스를 선정하고 보고서에서 관련 대응 활동과 성과를 공개했다. 카카오페이는 환경영역에서 2040년까지 전력 사용량을 재생에너지로 100% 전환하는 RE100 로드맵을 수립했다.
903,context,0.1964,neutral,0.9999,기후변화·온실가스,E,E_CLIMATE__SCOPE1_2_EMISSION,Scope 1·2 배출량,0.654846727848053,카카오페이는 2023년 4대 ESG 중대 이슈로 개인정보보호 상품 및 서비스 혁신 통합 리스크 관리 친환경 상품 및 서비스를 선정하고 보고서에서 관련 대응 활동과 성과를 공개했다. 카카오페이는 환경영역에서 2040년까지 전력 사용량을 재생에너지로 100% 전환하는 RE100 로드맵을 수립했다.
904,context,0.1892,neutral,0.9951,에너지 관리,E,E_ENERGY__RENEWABLE_TRANSITION,신재생에너지 전환,0.6336673498153687,"국제원자력기구(IEA)는 지난 2022년 내놓은 원자력과 안전한 에너지전환((Nuclear Power and Secure Energy Transition)이라는 제목의 보고서에서 세계가 에너지 위기를 맞은 가운데, 원전은 재생에너지가 지배할 에너지 시스템으로의 안전한 전환을 돕는 데 중요한 역할을 할 수 있는 잠재력을 지녔다 고 평가했다."
905,context,0.1802,neutral,0.9998,에너지 관리,E,E_ENERGY__RENEWABLE_TRANSITION,신재생에너지 전환,0.6008107662200928,"이에 대해 기후단체 플랜1.5는 정부는 태양광 및 풍력의 설비용량이 2022년 23GW에서 2030년 72GW 로 증가하기 때문에 3배 확대 목표를 달성할 수 있다고 언급하고 있으나(...) 재생에너지에는 수력, 바이오매스 등이 모두 포함되어야 한다며 한국에너지공단의 신재생에너지 보급 통계에 따르면 2022년 기준 수력을 포함한 국내 재생에너지 설비 용량은 32.5GW에 달한다고 지적했다. 즉 2022년 전체 재생에너지 설비 용량에서 3배를 확대하게 되면 97.5GW로 현재 제시한 72GW보다 훨씬 높은 수준이어야 한다는 지적이다."
906,context,0.1474,neutral,0.9999,에너지 관리,E,E_ENERGY__RENEWABLE_TRANSITION,신재생에너지 전환,0.4914056062698364,맑은학교 환경운동회는 초등학교에 태양광 발전설비를 비롯한 맞춤형 미세먼지 저감시설을 지원하는 맑은학교 만들기 사업의 일환으로 진행된 체험형 환경교육 활동이다. 한화의 환경운동회는 대표적인 풀뿌리 ESG 교육의 사례라는 평가를 받는다.
907,context,0.1649,neutral,0.9932,에너지 관리,E,E_ENERGY__RENEWABLE_TRANSITION,신재생에너지 전환,0.553341269493103,전력거래소는 오는 6월부터 매주 첫째 주 수요일 서울 또는 전남 나주에서 PPA 컨설팅센터를 운영할 계획이다. 참여를 희망하는 기업은 홍보물 내 QR코드를 통해 신청서를 작성 및 제출하면 컨설팅을 받을 수 있다.
908,context,0.2187,neutral,0.9997,에너지 관리,E,E_ENERGY__RENEWABLE_TRANSITION,신재생에너지 전환,0.7292433977127075,"직접 PPA 제도는 국내 기업의 RE100(재생에너지 100% 사용) 캠페인 참여 촉진을 위해 2022년 9월 시행됐다. 전기를 사용하는 기업이 태양광, 풍력 등 재생에너지를 이용해 생산된 전기를 공급 사업자와 직접 계약해 사는 방식이다."
909,context,0.0944,neutral,0.5458,에너지 관리,E,E_ENERGY__RENEWABLE_TRANSITION,신재생에너지 전환,0.5764139294624329,전력거래소가 국내 기업의 직접 전력구매계약(PPA) 제도 활용을 돕기 위해 오는 6월부터 직접 PPA 컨설팅센터를 운영한다고 지난 29일 밝혔다.
910,context,0.1695,neutral,0.9999,에너지 관리,E,E_ENERGY__RENEWABLE_TRANSITION,신재생에너지 전환,0.5649157762527466,"경기 RE100 플랫폼은 도내 전역의 온실가스 배출량과 흡수량, 신재생에너지 발전량 등 기후 에너지 관련 데이터를 한 곳에서 볼 수 있는 기후위기 대응 플랫폼으로, 내년 6월 정식 서비스를 시작할 예정이다."
911,context,0.1306,neutral,0.9996,에너지 관리,E,E_ENERGY__RENEWABLE_TRANSITION,신재생에너지 전환,0.43546241521835327,경기도는 지난달 31일 경기 RE100 플랫폼 구축을 위해 15개 공공 민간기관과 협약을 맺었다.
912,context,0.1106,neutral,0.8553,에너지 관리,E,E_ENERGY__RENEWABLE_TRANSITION,신재생에너지 전환,0.4311210513114929,"반면에 풍력과 태양광, 수력 발전 비중은 54%로 치솟아 지난 2023년 5월의 31%를 넘어서며 사상 최고치를 기록했다. 풍력과 태양광 발전 비중은 월 단위로는 처음으로 EU 전력 생산의 3분의 1 이상을 차지했다."
913,opportunity,0.4533,positive,0.9925,에너지 관리,E,E_ENERGY__RENEWABLE_TRANSITION,신재생에너지 전환,0.4567573666572571,"태양광 발전 용량은 2023년부터 2030년까지 연평균 14%씩 증가할 전망이다. EU 회원국 중 독일과 스페인 등이 가장 적극적으로 발전 용량을 늘려가고 있고 과거에 소극적이었던 폴란드 리투아니아, 아일랜드는 각각 2022년에 비해 4배와 6배, 20배로 태양광 발전 용량 목표치를 공격적으로 늘려가고 있다."
914,context,0.1807,neutral,0.9997,에너지 관리,E,E_ENERGY__RENEWABLE_TRANSITION,신재생에너지 전환,0.6024119257926941,엠버의 23일자 EU 재생에너지 보급 현황 추적 보고서에 따르면 EU는 2030년까지 약 650GW의 태양광 발전 용량을 확보할 전망이다. 2022년의 196GW의 3배 이상 증가한 수치다. 태양광 발전 용량은 450GW로 2022년의 204GW의 2배 이상 늘어날 전망이다. 하지만 EU가 목표한 태양광 750GW와 풍력 500GW에는 미치지 못하는 수준이다. 이 보고서는 EU 회원국이 제시한 재생에너지 발전 목표를 기반으로 작성됐다.
915,context,0.1796,neutral,0.9999,에너지 관리,E,E_ENERGY__EFFICIENCY_CONSUMPTION,에너지 소비 및 효율화,0.5986551642417908,"중국 국무원이 2024 2025년 에너지 절약 및 탄소 감축 행동 방안을 발표했다. 이번 정책은 2025년까지 이산화탄소 배출량 2억 6000만톤 감축을 목표로 산업 부문 생산량을 통제하는 방침과 생산과정의 친환경화, 재생에너지 비중을 확대하는 내용 등이 포함됐다. 이번 발표에서 중국은 2025년까지 탄소배출량 2억6000만톤을 감축하겠다는 목표를 세웠다. 이를 위해 산업 에너지 부문에 생산량 감소를 포함해 재생에너지 사용, 친환경 설비 사용을 통해 에너지 소비량과 배출량을 절감하겠다는 것이다."
916,opportunity,0.6042,positive,0.9998,에너지 관리,E,E_ENERGY__RENEWABLE_TRANSITION,신재생에너지 전환,0.6043339967727661,"구글이 일본에서는 처음으로 두 건의 신규 태양광발전 전력구매계약(PPA)을 체결했다고 발표했다. 이번 전력구매계약은 새로운 태양광 발전소 건설을 지원하며, 일본의 전력망에 60MW의 청정 에너지를 공급한다. 이번 전력구매계약은 구글이 지난해 치바현 인자이시에 일본 최초의 데이터 센터를 가동하기 시작한 것으로부터 비롯됐다. 구글 또한 이번 계약이 2030년까지 CFE(무탄소에너지, Carbon Free Energy)로 모든 사업을 진행하기로 한 목표에 도움이 될 것이라고 밝혔다"
917,opportunity,0.5021,positive,0.9998,에너지 관리,E,E_ENERGY__RENEWABLE_TRANSITION,신재생에너지 전환,0.5021743774414062,"구글, 일본서 처음으로 60MW 규모 전력구매계약(PPA) 체결"
918,opportunity,0.5029,positive,0.9968,에너지 관리,E,E_ENERGY__RENEWABLE_TRANSITION,신재생에너지 전환,0.5045276284217834,"독일 발전사 RWE는 마이크로소프트(Microsoft, 이하 MS)와 446MW에 달하는 15년짜리 전력 구매 계약(PPA)을 체결했다고 밝혔다. RWE는 텍사스에 위치한 두 개의 새로운 육상 풍력 발전 단지에서 해당 전력을 생산할 것으로 보인다."
919,opportunity,0.5666,positive,0.9998,에너지 관리,E,E_ENERGY__RENEWABLE_TRANSITION,신재생에너지 전환,0.5667033791542053,"MS, RWE와 446MW 규모의 15년 전력구매계약(PPA) 체결"
920,context,0.2114,neutral,0.9999,에너지 관리,E,E_ENERGY__RENEWABLE_TRANSITION,신재생에너지 전환,0.7047980427742004,"이번 세미나는 2024년 달라진 재생에너지 보급 지원 사업과 RE100 추진 방안 전력 시장 개편에 따른 전기사업법 개정 및 직접전력거래 확대 방안 분산자원의 안정적 계통연계와 전력망 관련 이슈, 차세대 하이브리드 (AC DC Hybrid) 배전망 운영과 기대효과 배전망 유연 자원 활용을 위한 국내 DSO 시스템 구축과 지역 유연성 도입 방안 달라진 전력 시장의 진단 분석을 통한 민간기업의 신사업 계획 추진 방안 제11차 전력수급기본계획과 전력시장 성장을 위한 정책 방향 등의 주제 발표가 예정돼 있다."
921,context,0.1766,neutral,0.9941,안전보건,S,S_SAFETY__OCCUPATIONAL_HEALTH_MANAGEMENT,사업장 안전보건 관리체계,0.592021644115448,"롯데케미칼은 협력사 근로자가 자주 사용하는 시설 설비에 대한 안전 검사와 보수 교체 등을 실시하고, 첨단기술을 활용한 사고예방 시스템을 구축하는 한편 50인 미만 소규모 협력사 등을 대상으로 안전보건 관리체계 구축을 지원한다."
922,opportunity,0.429,positive,0.9281,에너지 관리,E,E_ENERGY__RENEWABLE_TRANSITION,신재생에너지 전환,0.46221086382865906,이처럼 엄청난 전력 수요가 예상되자 아마존과 메타 등 소위 빅테크들은 지난 몇 년 동안 데이터센터가 건설되기도 전에 풍력 발전소나 태양광 발전소에서 전력을 확보할 수 있는 전력 구매 계약(PPA) 체결을 위해 바쁘게 움직이고 있는 것으로 알려졌다.
923,opportunity,0.4681,positive,0.975,기후변화·온실가스,E,E_CLIMATE__SCOPE1_2_EMISSION,Scope 1·2 배출량,0.4800810217857361,데이터센터의 전력 사용량이 급증하면서 막대한 신규 청정에너지 용량이 필요할 수 있다는 예상도 이 분야 투자에 대한 관심을 높이고 있는 것으로 분석됐다.
924,context,0.1648,neutral,0.9968,에너지 관리,E,E_ENERGY__RENEWABLE_TRANSITION,신재생에너지 전환,0.5511272549629211,"올해 태양광 발전 투자는 5000억달러를 초과하면서 다른 발전원에 대한 투자를 압도할 전망이다. 태양광 모듈 가격이 하락하면서 투자 금액의 증가율은 다소 둔화될 수 있으나, 태양광은 에너지 전환을 주도하는 핵심적인 발전원이다. 투자 효율도 높아져 지난해 태양광 투자액 1달러당 에너지 생산량이 10년 전보다 2.5배로 늘어났다."
925,context,0.196,neutral,0.999,에너지 관리,E,E_ENERGY__EFFICIENCY_CONSUMPTION,에너지 소비 및 효율화,0.6541552543640137,"국제에너지기구(IEA)는 6일 내놓은 세계 에너지 투자 2024(World Energy Investment 2024)라는 제목의 보고서에서 2024년 전 세계 에너지 투자는 사상 처음으로 3조 달러를 초과할 것으로 예상되며 이중 재생에너지 발전과 전기차, 원자력, 전력망, 에너지 저장장치, 이산화탄소 저배출 원료, 에너지 효율 개선, 히트 펌프 등에 2조달러가 투자될 전망 이라고 밝혔다."
926,context,0.145,neutral,0.9413,기후변화·온실가스,E,E_CLIMATE__SCOPE1_2_EMISSION,Scope 1·2 배출량,0.513380229473114,현대엘리베이터는 2040년까지 71% 감축을 이뤄낸 뒤 2050년 기업의 전력 사용량 100%를 재생에너지로 대체하는 RE100을 달성한다는 계획이다.
927,context,0.1445,neutral,0.8669,에너지 관리,E,E_ENERGY__RENEWABLE_TRANSITION,신재생에너지 전환,0.555682897567749,"앞서 현대엘리베이터는 2022년 충주 스마트 캠퍼스로 본사를 이전하며 연간 6 (메가와트)급 태양광 발전시설을 설치하고, 2030년까지 온실가스 배출량을 42% 감축하겠다는 목표를 밝힌 바 있다. 7년 빠르게 목표를 9%포인트 초과 달성한 셈이다."
928,context,0.1086,neutral,0.61,에너지 관리,E,E_ENERGY__RENEWABLE_TRANSITION,신재생에너지 전환,0.5934882164001465,현대엘리베이터가 작년 온실가스 배출량을 전년 대비 절반 수준으로 감축하며 RE100(재생에너지 100% 사용) 달성에 바짝 다가갔다.
929,opportunity,0.3907,positive,0.718,기후변화·온실가스,E,E_CLIMATE__SCOPE1_2_EMISSION,Scope 1·2 배출량,0.5441051125526428,전전기 함정이란 함정에 탑재되는 모든 장비와 무기체계에 드는 동력을 전기로 대체한 선박을 말한다. 작전 중에 고속으로 기동하며 이에 따라 추진을 위한 대용량의 전력 부하가 소요된다. 고속 추진 중 고출력 전자기 무장을 사용할 경우 급격한 전력 사용량 증가로 추진성능이 저하되거나 적시 전자기 무장 사용이 불가한 경우가 발생할 수 있다.
930,context,0.1727,neutral,0.9973,기후변화·온실가스,E,E_CLIMATE__SCOPE3_EMISSION,Scope 3 배출량,0.5771167278289795,"법무법인 태평양에 따르면 활동사슬(chain of activities)이란 CSDDD에 따른 실사 대상 범위로, 운송과 유통 등의 공급망을 뜻하는 다운스트림 공급망 협력사가 포함되나 이 중 간접적인 협력사와 상품의 폐기를 담당하는 협력사는 제외된다. 업스트림 공급망인 원자재 조달에서 제조까지의 공급망은 모두 포함된다."
931,context,0.1449,neutral,0.979,인적자원 관리,S,S_HR__DIVERSITY_INCLUSION,다양성 및 형평성 (DEI),0.49329254031181335,이번 협약을 통해 현대차는 앞으로 5년간 관련 기관 기업과 동해안 산불 피해 지역 중심으로 훼손된 산림 복원을 추진하고 친환경 숲을 새로 조성한다. 이를 통해 산림 생태계의 건전성 회복과 생물 다양성 보전에 기여하기 위한 것이다.
932,context,0.2157,neutral,0.9999,에너지 관리,E,E_ENERGY__RENEWABLE_TRANSITION,신재생에너지 전환,0.7190942168235779,이번 세미나에서는 탄소 중립을 위한 배출권 거래제(ETS)와 기업의 대응 방안 RE100 vs CF100 탄소중립 실현을 위한 최적의 이행 방안 RE100 이행을 위한 직접 PPA와 제3자 PPA 비교 및 활성화 방안 온실가스 감축을 위한 수소 생산 전과정평가 및 국제 인증 심사.표준제도 국내외 탄소배출권 시장과 자발적탄소시장(VCM) 확대 방안 이산화탄소 대기직접포집 (DAC) 기술 활용방안과 상용화 방안 등의 주제 발표가 예정되어 있다.
933,context,0.1836,neutral,0.9999,에너지 관리,E,E_ENERGY__RENEWABLE_TRANSITION,신재생에너지 전환,0.6120907068252563,"한국미래기술교육연구원(대표 박희정)이 오는 7월 11일 서울 여의도 전경련회관 사파이어홀에서 국내외 탄소시장 분석과 기업 대응 솔루션 세미나 - ETS, VCM, RE100 CF100, PPA, 수소 생산 CCU, DAC을 온오프라인으로 병행해서 개최한다."
934,context,0.1406,neutral,0.9997,에너지 관리,E,E_ENERGY__RENEWABLE_TRANSITION,신재생에너지 전환,0.46860650181770325,부산시는 미음 국제물류산업단지 내 지붕 등 유휴공간에 총 380MW규모의 태양광 발전시설을 설치하는 부산산단 지붕형 태양광 프로젝트 를 추진한다.
935,context,0.1931,neutral,0.9997,에너지 관리,E,E_ENERGY__RENEWABLE_TRANSITION,신재생에너지 전환,0.6438248157501221,이 지역은 국내 첫 번째 신재생에너지 집적화 단지로 지정돼 신재생에너지공급인증서(REC) 추가 부여 등의 혜택을 받게 될 것으로 보인다.
936,opportunity,0.2924,positive,0.6575,에너지 관리,E,E_ENERGY__RENEWABLE_TRANSITION,신재생에너지 전환,0.444654643535614,국내에서는 태양광 발전을 위한 경제성 있는 대규모 부지를 찾는 게 쉽지 않아 수상 태양광이 하나의 대안으로 주목받고 있다.
937,opportunity,0.5185,positive,0.9995,에너지 관리,E,E_ENERGY__RENEWABLE_TRANSITION,신재생에너지 전환,0.5187100768089294,임하댐 수상 태양광 사업은 732억원을 투입해 올해 12월까지 임하댐 수면에 47 (메가와트) 규모의 수상 태양광 발전 시설을 구축하는 사업이다. 수상 태양광은 수면 위에 뜨는 부력체 위에 태양 전지판을 설치해 전기를 생산하는 방식이다.
938,context,0.1621,neutral,0.9996,윤리경영·준법,G,G_ETHICS__ANTI_CORRUPTION_COMPLIANCE,반부패 및 컴플라이언스,0.5406656265258789,"김은성 KCA 이사장은 이번 컨퍼런스와 어워즈가 국내 컴플라이언스 생태계 조성과 글로벌 스탠다드에 부합하는 컴플라이언스 체계 구축의 계기가 되기를 바란다며, 앞으로도 기업과 기관의 컴플라이언스 역량 강화를 적극 지원해 나가겠다고 포부를 밝혔다."
939,context,0.1894,neutral,0.9992,윤리경영·준법,G,G_ETHICS__ANTI_CORRUPTION_COMPLIANCE,반부패 및 컴플라이언스,0.631928563117981,"특히 ICA(International Compliance Association)가 후원하는 2024 컴플라이언스 어워즈는 기업, 공공부문, 프로그램 등 3개 부문에서 모범이 되는 기업과 기관을 발굴하여 시상함으로써, 기업의 자율적인 윤리경영 문화 확산에 기여한다는 취지로 마련됐다."
940,context,0.207,neutral,0.9999,윤리경영·준법,G,G_ETHICS__ANTI_CORRUPTION_COMPLIANCE,반부패 및 컴플라이언스,0.6901202201843262,"오전 세션에서는 2024 대한민국 컴플라이언스 어워즈 시상식에 이어 기업윤리, 리더의 윤리의식, 글로벌 기업 지멘스의 컴플라이언스 우수 사례 등이 발표된다. 오후 세션에서는 AI 시대의 컴플라이언스, ESG 경영가치와 반부패윤리경영, CP등급평가 운영계획 및 공정거래 자율준수 우수사례, 컴플라이언스 기업대상 사례 등 실무 중심의 주제로 논의가 이어질 예정이다."
941,context,0.1459,neutral,0.9998,윤리경영·준법,G,G_ETHICS__ANTI_CORRUPTION_COMPLIANCE,반부패 및 컴플라이언스,0.4864824116230011,"한국컴플라이언스협회(KCA, 이사장 김은성)가 오는 7월 5일 서울 코엑스 3층 E컨퍼런스홀에서 제2회 대한민국 컴플라이언스 컨퍼런스와 ICA 후원 2024 컴플라이언스 어워즈를 동시에 개최한다."
942,context,0.214,neutral,0.9993,에너지 관리,E,E_ENERGY__RENEWABLE_TRANSITION,신재생에너지 전환,0.7139405012130737,"최 대표는 이 중 배출량 감축을 위해 가장 보편적인 기술은 재생에너지, 그 중에서도 태양광 발전이기 때문에 어떻게든 기업들이 재생에너지를 많이 도입할 수 있도록 만드는 게 첫번째 목표라고 생각하고 있다며 특히 신재생에너지 수급을 원하는 기업을 대상으로 PPA(전력구매계약)를 준비해주는 사업을 추진하고 있다 고 밝혔다."
943,context,0.1325,neutral,0.8597,기후변화·온실가스,E,E_CLIMATE__CLIMATE_GOVERNANCE_INVENTORY,기후 거버넌스·인벤토리,0.5137960910797119,"최 대표는 페르세포니나 워터셰드 같은 기업이 급성장할 수 있게 된 배경에 대해 미국과 같은 선진 시장에서는 (탄소회계 소프트웨어) 시장에 대한 기대감이 굉장히 높다 며 그 요인으로 미국 증권거래위원회(SEC)가 몇 년 전부터 (기후공시) 의무화를 도입할 것이라는 얘기가 계속 있었고, (애플, 구글, MS 등 탄소중립을 선언하는) 자발적인 기업들의 움직임도 많았기 때문에 (시장에) 요구사항들이 계속 있었다 고 지적했다."
944,context,0.1702,neutral,0.9999,기후변화·온실가스,E,E_CLIMATE__CLIMATE_GOVERNANCE_INVENTORY,기후 거버넌스·인벤토리,0.5672481656074524,최근 기후 공시 의무화 흐름 속에서 특히 스코프3 공시를 위한 데이터 수집 필요성이 커지면서 탄소회계 소프트웨어가 각광을 받고 있다. 대표적인 탄소회계 플랫폼 선도기업인 미국의 페르세포니(Persefoni)는 2020년 설립된 신생 기업이지만 지난 3월 5000만달러의 시리즈C 투자를 유치해 누적 투자금액 1억5000만달러(약 2066억원)를 돌파했다. 2019년 설립된 워터셰드(Watershed)도 지난 2월 1억달러(1376억원)의 시리즈C 투자를 유치한 가운데 기업 가치가 18억달러(2조 4777억원)에 달한다.
945,context,0.1891,neutral,0.8914,기후변화·온실가스,E,E_CLIMATE__CLIMATE_GOVERNANCE_INVENTORY,기후 거버넌스·인벤토리,0.7073590159416199,"최 대표의 이같은 생각은 기업용 탄소회계 플랫폼 개발로 이어졌다. 현재 카본사우루스의 주력 서비스는 공급망내 배출량을 포함한 기업의 탄소배출량을 측정하기 위해 필요한 데이터를 자동으로 수집하고 이를 관리, 분석해주는 소프트웨어 카본트랙(CarbonTrack) 이다."
946,opportunity,0.4787,positive,0.9998,기후변화·온실가스,E,E_CLIMATE__SCOPE1_2_EMISSION,Scope 1·2 배출량,0.47881510853767395,"약 1000억원을 투자해 전체 초고압변압기 생산능력을 40% 이상 확대한다는 계획이다. 이는 기후변화에 대응한 신재생 발전 증가와 더불어 전력 사용량이 높은 인공지능(AI), 전기차, 반도체의 인기로 세계 각국에서 전력망 인프라 수요가 늘고 있기 때문이다."
947,context,0.2318,neutral,0.9999,이사회 구조,G,G_BOARD__COMPOSITION_INDEPENDENCE,이사회 구성 및 독립성,0.772880494594574,나 교수는 이날 발표문을 통해 이사의 충실의무 대상에 주주를 포함하는 상법 개정 감사위원 전원의 분리선임 이사 선임 시 집중투표제 확대를 통한 이사회 독립성과 주주 권한 강화 등을 제안했다.
948,context,0.1985,neutral,0.9999,에너지 관리,E,E_ENERGY__RENEWABLE_TRANSITION,신재생에너지 전환,0.6616421341896057,"박희원은 기업 및 지자체 등의 탄소중립, RE100 전략 수립을 지원하는 넷제로홀딩스그룹 대표다. 속초 등 지자체, 다수 대기업, 중소기업의 넷제로 전략을 자문하고, 현장의 ESG 실무자들을 위한 넷제로아카데미도 운영하고 있다. 서울대에서 공학박사(에너지자원공학) 학위를 땄다. 풀뿌리 ESG를 주제로 ESG경제 에 칼럼을 연재한다."
949,context,0.1789,neutral,0.9999,에너지 관리,E,E_ENERGY__RENEWABLE_TRANSITION,신재생에너지 전환,0.5963703989982605,"먼저 E부분을 보면 이번 개발에 따른 잠재적 환경 오염 가능성에 대해 미리 검토하고 대책을 세워야 한다. 천재일우의 기회를 잡아 생산 단계에 들어서도 최근 메이저 회사들이 고민하는 탄소 중립 원유 생산을 위해 무엇을 준비해야 할지 누군가는 고민해야 한다. RE100 등 국제적 요구에 따라 신재생에너지의 급성장에 따른 저유가 우려와 관련한 사업성 검토도 철저히 진행해야 한다,"
950,context,0.1423,neutral,0.9997,에너지 관리,E,E_ENERGY__RENEWABLE_TRANSITION,신재생에너지 전환,0.4744757115840912,프랑스 에너지 규제 위원회(French Energy Regulatory Commission)에 따르면 올해 프랑스 정부가 태양광 발전 사업자에 지급할 보조금은 5억9000만유로로 예상된다
951,context,0.1536,neutral,0.9999,에너지 관리,E,E_ENERGY__RENEWABLE_TRANSITION,신재생에너지 전환,0.5121809840202332,"로이터에 따르면 국민연합은 재생에너지 사업에 보조금 지급을 중단하고 이미 설치된 풍력 터빈을 해체하는 것을 포함해 태양광 발전 확대 정책를 중단하겠다고 공약했다. 국민연합은 재생에너지 대신 미래의 에너지원으로 원자력과 수력, 수소에 집중적으로 투자해야 한다는 입장이다."
952,opportunity,0.5781,positive,0.9986,에너지 관리,E,E_ENERGY__RENEWABLE_TRANSITION,신재생에너지 전환,0.5789132714271545,대우건설 관계자는 당사가 개발한 국내 최대 15 급 부유식 해상풍력 모델의 기본 승인으로 울산 부유식 풍력 프로젝트 입찰 자격을 확보하게 됐다며 날로 중요성이 더해가는 신재생에너지 분야의 기술 개발 및 사업 참여에 적극적으로 나서겠다고 말했다.
953,opportunity,0.7437,positive,0.9913,에너지 관리,E,E_ENERGY__RENEWABLE_TRANSITION,신재생에너지 전환,0.7502162456512451,"CTT란 재생에너지 프로젝트 개발업체와 전력구매계약(PPA)을 맺는 기존 방식과는 다르게, 안정적으로 재생에너지 전력을 공급 받을 수 있도록 전력망 인프라 구축과 에너지 저장시스템(ESS)에도 일정 금액을 투자하는 방식이다."
954,context,0.1288,neutral,0.9999,인적자원 관리,S,S_HR__DIVERSITY_INCLUSION,다양성 및 형평성 (DEI),0.4293503761291504,"현대건설은 지난 12일 서울 여의도 월드비전 본사에서 강원도, 강원도자연환경연구공원, 월드비전과 이러한 내용의 생물 다양성 보호 사업 업무협약을 체결했다."
955,context,0.1995,neutral,0.9996,기후변화·온실가스,E,E_CLIMATE__SCOPE1_2_EMISSION,Scope 1·2 배출량,0.6653050184249878,"아울러 2030년까지 스코프1,2 배출량 감축 목표를 2019 20년 대비 50%에서 70%로 높이겠다고 밝혔다. 스코프1은 비즈니스를 운영하면서 발생하는 직접 배출량, 스코프2는 회사가 사용하는 전력을 생산하는 데 발생하는 간접 배출량을 말한다."
956,opportunity,0.5348,positive,0.9998,에너지 관리,E,E_ENERGY__RENEWABLE_TRANSITION,신재생에너지 전환,0.5349494814872742,새로운 계약에 따라 에어 프로덕트는 2030년부터 토탈에너지스의 북유럽 정유소에 연간 7만 톤의 녹색 수소를 공급하게 된다. 두 회사는 또한 토탈에너지스가 텍사스의 태양광 프로젝트에서 생산된 150MW의 에너지를 에어 프로덕트에 공급하는 전력공급계약(PPA)을 체결하기도 했다.
957,context,0.2123,neutral,0.9998,에너지 관리,E,E_ENERGY__RENEWABLE_TRANSITION,신재생에너지 전환,0.7078109383583069,"이때 의무공급자는 총 발전량 가운데 의무공급비율만큼 자체적으로 신재생에너지를 생산하거나, 그렇지 않을 경우 인증서 거래시장에서 REC를 구매해 의무를 이행해야 해야 한다. REC는 신재생에너지 사업자의 발전량에 최고 2.5의 가중치 를 곱하여 발급되는 크레딧으로, 발전원가가 상대적으로 비싼 신재생에너지의 수익성을 보조하는 역할을 한다. 즉, 신재생에너지 사업자는 화석연료 발전사업자와 똑같은 양의 전기를 생산했더라도, 기존 전력판매대금과 별도로 가중치를 곱한 만큼 공급인증서(REC)를 발급받아 추가 수익을 얻을 수 있다."
958,context,0.2063,neutral,0.9802,에너지 관리,E,E_ENERGY__RENEWABLE_TRANSITION,신재생에너지 전환,0.7017194628715515,"정부는 2012년부터 신재생에너지 공급의무화제도(RPS, Renewable Portfolio Standard)를 실행하고 있는데, 이는 500MW 이상의 설비를 운용하는 대형 발전사에 총발전량의 일정 비율(의무공급비율, 현재 13.5%) 이상을 신재생에너지로 충당해야 하는 의무를 부과한다."
959,context,0.1976,neutral,0.9995,에너지 관리,E,E_ENERGY__RENEWABLE_TRANSITION,신재생에너지 전환,0.6590039730072021,"한국 정부는 산림바이오매스를 포함한 바이오매스를 적극 지원하고 있다. 현행 신재생에너지 공급인증서(REC, Renewable Energy Certificate) 제도에서는 대규모 설비 투자가 필요한 해상풍력(최고 2.5)을 제외하면 미이용 산림바이오매스(최고 2.0)가 태양광(최고 1.6)이나 육상풍력(1.2)보다 높은 가중치를 부여받는다."
960,context,0.1878,neutral,0.9994,에너지 관리,E,E_ENERGY__RENEWABLE_TRANSITION,신재생에너지 전환,0.6262836456298828,"한편 루트에너지는 주민참여 펀드와 이해관계자 참여, 이익 공유 솔루션을 제공하는 재생에너지 수용성 솔루션 전문 기업이다. 전국에서 20여건의 해상, 육상풍력 주민참여 및 지역상생 재생에너지 사업을 추진 중이며 RE100 솔루션, 주민주도형 IPP(민자발전사업) 등 재생에너지 관련 전문 서비스를 제공하고 있다."
961,context,0.1802,neutral,0.9989,ESG 데이터 거버넌스,G,G_DATA_GOVERNANCE__ESG_DATA_CONTROL,ESG 데이터 내부통제,0.6012653112411499,"끝으로, 지속가능성 이니셔티브와 전반적인 지속가능성 전략 간의 연계성을 높이기 위해 기업은 다양한 기술과 도구, 데이터 거버넌스를 활용할 수 있여야 한다. 또한 지속가능성 관련 KPI를 정해 전 조직의 성과를 평가하고 향상시키며 인사이트를 제공하는 것도 매우 중요하다."
962,context,0.1673,neutral,0.9999,인적자원 관리,S,S_HR__DIVERSITY_INCLUSION,다양성 및 형평성 (DEI),0.5578968524932861,"그리고 비즈니스 모델의 탈탄소화와 온실가스 배출량 감축은 거의 모든 응답자가 ESG 전략에 가장 자주 포함해 추진한 주제로 나타났다. 다음으로 많이 언급된 ESG 주제는 다양성, 평등, 포용, 가치 사슬에서의 인권이었고, 자연자원과 생물다양성의 중요성을 인식하고 있었다."
963,context,0.1749,neutral,0.9998,에너지 관리,E,E_ENERGY__RENEWABLE_TRANSITION,신재생에너지 전환,0.5831241607666016,글로벌 RE100(재생에너지 100% 조달) 캠페인을 주관하는 국제 비영리재단 클라이밋그룹(Climate Group)이 21일 서울 롯데호텔에서 개최한 아시아 재생에너지 성장 포럼 에 참석한 전문가들은 이구동성으로 이와 같이 말했다.
964,context,0.1459,neutral,0.9998,에너지 관리,E,E_ENERGY__RENEWABLE_TRANSITION,신재생에너지 전환,0.4865662753582001,주목해야 할 또 다른 포인트는 모범적인 영농형 태양광 사례의 확산이다. 영농형 태양광 발전사업이 농민들의 선택을 받기 위해서는 먼저 그간의 농촌 태양광 사례로 인해 형성된 불신과 부정적 인식이 개선될 만큼의 좋은 선례가 필요하다.
965,context,0.1636,neutral,0.9999,에너지 관리,E,E_ENERGY__RENEWABLE_TRANSITION,신재생에너지 전환,0.5455344319343567,각국의 영농형 운영 및 관리 요건도 농업 을 강조하며 농업과 에너지 생산의 조화를 위한 기반을 제공한다. 독일의 경우 농업 생산량이 기준 생산량의 3분의 1 이상 감소해서는 안 된다. 프랑스는 영농형 태양광 발전소가 해당 토지의 90%를 초과하지 않도록 규제하고 있다. 이탈리아에서는 70% 이상의 농경지와 40% 미만의 태양광 발전이 보장되어야 한다. 일본도 태양광 설치 재허가를 위해 작물의 생산량이 20% 이상 감소하지 않고 품질 저하가 없어야 한다는 조건을 걸고 있다.
966,context,0.1316,neutral,0.9997,에너지 관리,E,E_ENERGY__RENEWABLE_TRANSITION,신재생에너지 전환,0.43861380219459534,"비교적 영농형 태양광이 활성화되고 있는 국가인 독일과 프랑스, 이탈리아, 일본 등에서 영농형 태양광을 어떻게 정의하고 있는지 살펴보면, 영농형 태양광의 정체성을 농업에서 찾고 있음을 알 수 있다. 영농형 태양광 정의에 앞서 농지의 정의를 보아야 하는 이유는 영농형 태양광이 농지위에 설치되어 농업과 태양광 발전을 동시에 수행하는 것을 의미하기 때문이다."
967,context,0.1777,neutral,0.9999,에너지 관리,E,E_ENERGY__RENEWABLE_TRANSITION,신재생에너지 전환,0.5924826860427856,그간 재생에너지 문제에 소극적 입장을 보여왔던 농림축산식품부도 전향적으로 지난 4월 영농형 태양광 도입 전략을 발표했다. 농식품부는 농업인을 영농형 태양광 발전사업의 주체로 설정하고 비우량농지 중심으로 집적화를 유도하며 촘촘한 관리체계 구축으로 부실 영농을 방지하는 것을 3대 전략으로 설정하였다. 산업부와 탄중위 또한 재생에너지 우선적 확산의 과제로 영농형 태양광 을 꼽고 있어 영농형 태양광 정책 변화를 기대해 본다.
968,context,0.1291,neutral,0.992,에너지 관리,E,E_ENERGY__RENEWABLE_TRANSITION,신재생에너지 전환,0.4340161383152008,보고서는 미국 정부가 미국 제조업체와 태양광 발전 사업자의 이익을 균형있게 조정해 태양광 모듈 공급에서 병목현상이 오해 지속 되지 않도록 할 것이라고 전망했다.
969,context,0.1289,neutral,0.9996,에너지 관리,E,E_ENERGY__RENEWABLE_TRANSITION,신재생에너지 전환,0.42993080615997314,"토지 이용은 태양광 에너지의 핵심적인 문제로 지적돼 왔다. 토지 면적이 유틸리티 규모의 태양광 발전소 설치를 제한하는 요소가 될 수 있기 때문이다. 가디언의 보도에 따르면, 미국 토지관리국(Bureau of Land Management)은 2035년까지 100% 무탄소 에너지를 공급하겠다는 조바이든 행정부의 공약을 달성하기 위해서는 70만 에이커의 토지 면적에 태양광 패널을 설치해야 한다고 설명했다. 현재 국토 면적 중 3만 4000에이커만이 태양광 발전소로 이용되고 있다는 점을 고려하면, 2035년까지 미국은 엄청난 면적의 토지가 태양광 발전소로 탈바꿈해야 한다."
970,context,0.151,neutral,0.9156,에너지 관리,E,E_ENERGY__RENEWABLE_TRANSITION,신재생에너지 전환,0.5496964454650879,"플랜티드 솔라의 CEO 에릭 브라운(Eric Brown)에 따르면, 기존 태양광 발전소의 경우 일반적으로 1메가와트(MW)의 전력을 생산하기 위해 최소 약 5에이커(acre, 약 6120평)가 필요한 데 비해 플랜티드 솔라는 약 2에이커의 토지만으로 같은 전력을 생산할 수 있다. 태양광 1메가와트는 약 170가구에 전력을 공급할 수 있는 규모다."
971,opportunity,0.7211,positive,0.9993,에너지 관리,E,E_ENERGY__RENEWABLE_TRANSITION,신재생에너지 전환,0.7215603590011597,"LG유플러스는 이번 업무협약을 통해 재생에너지 전력 중개 시장을 빠르게 선점한다는 계획이다. 스마트그린빌리지는 태양광 발전자원을 모집하고 RE100 이행방안 등 기업 컨설팅을 제공하며, 한화시스템은 재생에너지 발전소 구축 및 유지보수 서비스 제공 분야에서 협력할 방침이다."
972,context,0.2,neutral,0.996,에너지 관리,E,E_ENERGY__RENEWABLE_TRANSITION,신재생에너지 전환,0.6693881154060364,"국내 기업의 RE100(재생에너지 100% 조달) 가입 및 이행 등 재생에너지 수요가 증가하는 가운데, 재생에너지는 기상 조건 등에 따라 전력 생산이 유동적이라는 특징과 더불어 소규모 발전 시설이 전국에 분산돼 있어 기존 전력시장에 편입되기가 어렵다는 한계가 있다."
973,opportunity,0.6352,positive,0.9993,에너지 관리,E,E_ENERGY__RENEWABLE_TRANSITION,신재생에너지 전환,0.6356927752494812,"회사는 태양광 발전 사업 개발 컨설팅 업체인 스마트그린빌리지, 태양광 발전소 관련 ICT 솔루션 및 인프라 전문 기업 한화시스템과 함께 재생에너지 공급 사업 협력을 위한 업무협약을 체결했다고 20일 밝혔다."
974,opportunity,0.6302,positive,0.9999,에너지 관리,E,E_ENERGY__RENEWABLE_TRANSITION,신재생에너지 전환,0.6302863955497742,LG유플러스가 VPP(가상발전소)와 직접 전력구매계약(PPA) 등 재생에너지 전력 중개 사업에 진출한다.
975,context,0.14,neutral,0.9362,기후변화·온실가스,E,E_CLIMATE__SCOPE3_EMISSION,Scope 3 배출량,0.4984631836414337,서레이 카운트 의회는 성명을 통해 이번 판결은 지역 당국이 (화석연료 사업을 승인할 때 화석연료 사용에 따른) 다운스트림 온실가스 배출량을 고려해야 한다는 점을 분명히 한 것이라며 호스필 프로젝트 승인 여부가 적절한 절차에 따라 결정될 것 이라고 밝혔다.
976,opportunity,0.344,positive,0.5584,에너지 관리,E,E_ENERGY__RENEWABLE_TRANSITION,신재생에너지 전환,0.6160717010498047,LS일렉트릭 관계자는 RE100(재생에너지 100% 사용) 수요 증가에 따른 에너지 전환 트렌드에 발맞춰 초대형 신재생에너지 사업 개발을 적극적으로 추진해 나갈 것이라고 말했다.
977,opportunity,0.6536,positive,0.9996,에너지 관리,E,E_ENERGY__RENEWABLE_TRANSITION,신재생에너지 전환,0.6538879871368408,"지에스당진솔라팜 태양광 발전소는 2025년 12월 상업운전 시작을 목표로 하며, 준공 후 20년간 생산되는 전기는 직접 전력구매계약(PPA) 수요자에게 판매할 계획이다. 태양광 발전소를 통한 친환경 전력 생산으로 매년 소나무 24만그루를 심는 효과와 맞먹는 약 7만3000t의 탄소 발생을 줄일 수 있을 것으로 기대된다."
978,opportunity,0.611,positive,0.9731,에너지 관리,E,E_ENERGY__RENEWABLE_TRANSITION,신재생에너지 전환,0.6279258131980896,LS일렉트릭 컨소시엄은 최근 지에스당진솔라팜과 태양광 발전소 구축 설계 조달 시공(EPC) 사업계약을 체결했다. 이 사업은 GS에너지 자회사인 지에스당진솔라팜이 대호만 방조제 건설로 조성된 염해부지 100만 에 오는 2025년 12월까지 태양광 발전소를 구축하는 프로젝트다.
979,context,0.1591,neutral,0.9999,기후변화·온실가스,E,E_CLIMATE__SCOPE1_2_EMISSION,Scope 1·2 배출량,0.5304269194602966,분산법 시행에 따라 일정 규모 이상의 전력사용 시설에는 분산에너지 설치가 의무화된다. 연간 20만MWh(메가와트시) 이상 전력을 사용하는 시설 또는 100만 이상 규모의 도시개발사업은 의무설치 대상이다. 향후 전력 사용량이 많은 시설을 짓거나 신도시를 개발할 때는 자가 발전설비를 일부 설치해야 한다는 것이다.
980,context,0.1597,neutral,0.9993,에너지 관리,E,E_ENERGY__RENEWABLE_TRANSITION,신재생에너지 전환,0.5326185822486877,유럽연합 집행위원회(European Commission)는 넷제로에 필요한 기술들의 숙련된 노동자를 양성하는넷제로 아카데미(Net-Zero Academies) 계획 중 첫 번째로 유럽 태양광 아카데미(European Solar Academy)의 출범을 발표했다. 새로운 아카데미는 향후 3년 동안 태양광 발전 가치 사슬에서 10만명의 근로자를 교육해 해당 부문의 인력 및 기술 격차를 해결하는 것을 목표로 하고 있다.
981,opportunity,0.4928,positive,0.8886,에너지 관리,E,E_ENERGY__RENEWABLE_TRANSITION,신재생에너지 전환,0.5545997619628906,"LG에너지솔루션은 유럽은 신재생에너지 발전 비중이 높고, 환경 규제도 선진화돼 ESS 잠재 수요가 큰 시장이라며 인터배터리 유럽을 통해 유럽 및 글로벌 ESS 시장을 선도할 핵심 전략 및 제품 포트폴리오를 선보일 것이라고 밝혔다."
982,context,0.1576,neutral,0.997,기후변화·온실가스,E,E_CLIMATE__SCOPE3_EMISSION,Scope 3 배출량,0.5270920395851135,"H M, 패션 공급망 배출 문제 위해 산업 탈탄소화 스타트업에 투자"
983,context,0.1819,neutral,0.9998,에너지 관리,E,E_ENERGY__RENEWABLE_TRANSITION,신재생에너지 전환,0.6063188910484314,"또한 재생에너지의 경제성을 개선하기 위해 재생에너지 전력 구매자에 부담금 면제와 같은 금전적 혜택을 제공해야 한다고 제언했다. 또한 전력 판매 계약(PPA) 이용 개선을 위해 명확한 지침을 설정하고, 구매자가 더 광범위한 공급자와 거래할 수 있는 환경을 지원해 PPA 접근성을 개선해야 한다고 밝혔다."
984,context,0.164,neutral,0.9994,에너지 관리,E,E_ENERGY__RENEWABLE_TRANSITION,신재생에너지 전환,0.5469833612442017,RE100 주관사인 클라이밋 그룹(the Climate Group)은 25일 정책제안서를 통해 이같이 밝혔다.
985,context,0.2053,neutral,0.9986,에너지 관리,E,E_ENERGY__RENEWABLE_TRANSITION,신재생에너지 전환,0.6852262020111084,"RE100은 일본 정부에 투명하고 공정한 전기 가격을 촉진하는 정책 구현 2035년까지 재생에너지 3배 확대 목표 설정 기업의 전력 구매 계약(PPA)에 대한 접근성 향상 전력망 인프라와 운영 개선 2030년까지 재생에너지에 대한 공공 및 민간 투자 17.9 18.1조엔 동원 비화석연료 인증서(Non-Fossil Certificates, 이하 NFCs) 발급, 추적 및 인증 시스템 단순화 등을 제안하고 나섰다."
986,context,0.1141,neutral,0.7419,에너지 관리,E,E_ENERGY__EFFICIENCY_CONSUMPTION,에너지 소비 및 효율화,0.5125283598899841,"이번 투자금은 현대화 기금이 출범한 이래 가장 큰 규모의 지출이며, 현재까지 현대화 기금의 총 지출액은 126억 5000만 유로(135억 8613만 달러)에 달한다. EU 위원회에 따르면, 이번 투자는 10개국 39개 프로젝트를 지원하며 에너지 시스템 현대화 에너지, 산업 및 교통 부문 온실가스 배출 감소 에너지 효율 개선을 촉진할 예정이다."
987,context,0.1371,neutral,0.8497,에너지 관리,E,E_ENERGY__EFFICIENCY_CONSUMPTION,에너지 소비 및 효율화,0.5379559397697449,"이번 청정에너지 프로젝트 투자는 EU의 현대화 기금(EU s Modernisation Fund)을 통해 이뤄졌다. 2018년에 결성된 현대화 기금은 불가리아, 크로아티아, 체코, 에스토니아, 헝가리, 라트비아, 리투아니아, 폴란드, 루마니아, 슬로바키아 등 10개 저소득 회원국의 에너지 시스템 현대화와 에너지 효율 개선을 지원하기 위해 설립됐다. 2024년에는 그리스, 포르투갈, 슬로베니아 등 수혜국이 추가되어 13개국으로 확대됐다. 현대화 기금은 EU ETS 수익금으로 운영된다."
988,context,0.1414,neutral,0.8493,에너지 관리,E,E_ENERGY__RENEWABLE_TRANSITION,신재생에너지 전환,0.5550444722175598,태양광 발전설비의 경우 2014년 1.7GW에서 2023년 23.9GW로 13배이상 급증했다. 특히 호남 등 태양광이 집중 보급된 지역에 발전설비가 추가로 들어올 경우 출력제어 상시화가 우려된다. 실제로 산업통상자원부에 따르면 호남지역 재생에너지 설비용량은 2032년까지 32.5GW로 늘어날 예정이다. 그때까지 전력망이 확충되지 않는다면 이 중 3% 이상을 출력제어해야 하는 상황이 오게된다는 것이 정부 예측이다.
989,context,0.1978,neutral,0.9704,안전보건,S,S_SAFETY__OCCUPATIONAL_HEALTH_MANAGEMENT,사업장 안전보건 관리체계,0.6794421672821045,"코오롱인더스트리는 2047년 넷제로(탄소중립)를 목표로 생산 공정에 폐열스팀을 활용하고, 화석연료 대신 바이오가스를 이용하는 등 다양한 활동을 펼치고 있다. 또 전사 안전보건 관리 시스템을 재정비했으며, 올해 대표이사 직속 ESG경영센터도 신설했다."
990,context,0.1963,neutral,0.9995,안전보건,S,S_SAFETY__OCCUPATIONAL_HEALTH_MANAGEMENT,사업장 안전보건 관리체계,0.6548081636428833,"보고서는 온실가스 감축, 안전보건 관리 강화, 기후변화 대응 체계 구축 및 내재화 등에 대한 노력과 성과를 소개했다."
991,opportunity,0.418,positive,0.9969,인적자원 관리,S,S_HR__DIVERSITY_INCLUSION,다양성 및 형평성 (DEI),0.4193439781665802,정길근 CJ제일제당 커뮤니케이션실장은 이번 협업은 발달장애인 고용 창출과 자원 선순환 측면에서 시너지를 내는 모범적인 사회공헌 모델이 될 것이라고 말했다.
992,opportunity,0.3706,positive,0.9998,인적자원 관리,S,S_HR__DIVERSITY_INCLUSION,다양성 및 형평성 (DEI),0.3706483244895935,CJ제일제당은 굿윌스토어에 올해 50억원 상당 식품을 기부하기로 했다. 이는 굿윌스토어에 근무하는 발달장애인 고용 창출로 이어진다고 CJ제일제당은 설명했다. 또 발달장애인을 위해 글쓰기 수업 등의 교육을 지원한다.
993,context,0.2043,neutral,0.9971,에너지 관리,E,E_ENERGY__RENEWABLE_TRANSITION,신재생에너지 전환,0.6831049919128418,"이영호 엔라이튼 대표는 RE100 자가용 태양광 구독 사업 PF 대출은 단순히 태양광 설치를 위한 자금조달을 넘어, 중소 중견기업들에게 RE100 이행을 위한 최적의 솔루션을 제공한다 며 앞으로도 끊임없는 기술 개발과 혁신을 통해 에너지 시장의 변화를 선도하고, 지속 가능한 미래를 위한 사회적 책임을 다할 것이라고 말했다."
994,opportunity,0.3896,positive,0.5704,에너지 관리,E,E_ENERGY__RENEWABLE_TRANSITION,신재생에너지 전환,0.6830572485923767,"엔라이튼은 전기요금 절감, RE100 이행, 발전수익 창출 등 고객의 목적에 최적화된 사업설계, 발전소 건설 및 관리운영까지 통합 솔루션을 제공하는 에너지 기후테크 기업이다. 발전소 자산관리 플랫폼 발전왕과 RE100 구독형 자가용 태양광 이 대표서비스다. 엔라이튼은 발전왕(2만4800여 개소, 6.2GW 이상 발전소 연동) 을 통해 재생에너지 전력을 네이버에 공급하는 제3자 PPA 계약을 체결한 바 있다."
995,opportunity,0.5857,positive,0.9989,에너지 관리,E,E_ENERGY__RENEWABLE_TRANSITION,신재생에너지 전환,0.5863558053970337,엔라이튼은 대표 사례로는 지난 4월 준공된 대동모빌리티 대구 S-Factory 3MW 태양광 발전소를 들었다. 대동모빌리티는 엔라이튼의 RE100 자가용 태양광 구독 서비스로 공장 지붕에 태양광 발전소를 설치해 S-Factory 전기사용량의 100%가 넘는 재생에너지를 확보하고 있다.
996,context,0.1468,neutral,0.7476,에너지 관리,E,E_ENERGY__RENEWABLE_TRANSITION,신재생에너지 전환,0.6543936133384705,"RE100 자가용 태양광 구독 서비스를 통해 중소 중견기업들은 초기비용 부담없이 태양광을 설치해 전기요금 절감과 함께 RE100 목표를 이행할 수 있고, 잉여전력 발생 시 전기 및 REC 판매를 통해 추가수익을 창출할 수 있다는 것이 회사측 설명이다."
997,opportunity,0.6105,positive,0.9995,에너지 관리,E,E_ENERGY__RENEWABLE_TRANSITION,신재생에너지 전환,0.610807478427887,엔라이튼은 이번 PF 대출을 시작으로 RE100 달성을 목표로 하는 중소 중견기업들에게 RE100 자가용 태양광 구독 서비스를 본격적으로 확대할 계획이다.
998,context,0.1002,neutral,0.5711,에너지 관리,E,E_ENERGY__RENEWABLE_TRANSITION,신재생에너지 전환,0.5850568413734436,"엔라이튼은 전국 55개 공장에 22MW 규모 지붕태양광을 운영 중이며, 대기업 및 중견기업 사업장에 25MW 이상 RE100 태양광 사업을 개발 및 건설하고 있다. 특히 엔라이튼은 까다로운 작업 및 안전보건 기준을 제시하는 다수의 대기업 및 중견기업 사업장에 RE100 태양광을 건설 및 운영하면서 엔지니어링 기술력을 입증, 보수적인 금융기관들로부터 PF 대출금을 조달하는데 성공했다."
999,opportunity,0.4044,positive,0.6864,에너지 관리,E,E_ENERGY__RENEWABLE_TRANSITION,신재생에너지 전환,0.5891760587692261,"엔라이튼이 중소 중견기업을 대상으로 한 자가용 태양광 금융구조화에 성공하면서, 이제 중소 중견기업도 RE100 자가용 태양광 구독 서비스를 통해 재생에너지를 조달할 수 있는 길이 열린 셈이다."
1000,opportunity,0.5657,positive,0.9995,에너지 관리,E,E_ENERGY__RENEWABLE_TRANSITION,신재생에너지 전환,0.5660080909729004,"탄소중립 목표 달성을 위한 에너지 전환 계획에 따라 KAI는 태양광 정부지원 사업으로 본사 8개동에 태양광 발전장비를 설치했으며, 향후 자체 투자를 통해 전체 사업장에 태양광 설치를 할 계획이다."
1001,context,0.1846,neutral,0.9942,에너지 관리,E,E_ENERGY__RENEWABLE_TRANSITION,신재생에너지 전환,0.6188705563545227,"이번 보고서에는 탄소중립 목표를 달성하기 위한 태양광 발전 투자, 인권경영의 의지 표명 및 실천을 위한 인권경영 선언, 사외이사 전문성 구축을 위한 전문분야별 후보자 선임제도 정착화 등 다양한 지속가능 경영 활동을 담았다."
1002,opportunity,0.3578,positive,0.5639,에너지 관리,E,E_ENERGY__RENEWABLE_TRANSITION,신재생에너지 전환,0.6345772743225098,"이번 보고서에는 탄소 감축 계획 달성을 위한 K-RE100 가입, 업장 공정관리등급 S등급 획득, 중장기 인권경영 로드맵 수립 등의 주요 성과가 담겼다. 세부 내용은 한화 홈페이지에서 열람할 수 있다."
1003,opportunity,0.4285,positive,0.9394,에너지 관리,E,E_ENERGY__RENEWABLE_TRANSITION,신재생에너지 전환,0.45613059401512146,재생에너지 중 태양광 발전량이 전년대비 18.9% 증가했다. 특히 2018년부터 2023년까지 5년간 126.3% 증가했다. 풍력발전량은 13.4% 증가했고 수력발전량도 2022년 가뭄을 겪을 때 보다 수량이 늘어나 증가세를 보였다.
1004,context,0.113,neutral,0.7923,에너지 관리,E,E_ENERGY__RENEWABLE_TRANSITION,신재생에너지 전환,0.4756217896938324,"로이터 통신에 따르면 벨기에 전력망 운영업체 엘리아(Elia)는 최근 벨기에의 태양광 발전 용량이 급증함에 따라 이번 여름에 저렴한 에너지가 과잉 공급되는 기간이 발생할 수 있으며, 이로 인해 전력망의 균형을 맞추기가 어려워질 것 이라고 경고하기도 했다. 루비 사무총장은 정책입안자들에게 재생에너지의 더 큰 용량에 대처하기 위해 전력망 업그레이드에 투자할 것을 촉구했다."
1005,context,0.1553,neutral,0.9305,에너지 관리,E,E_ENERGY__RENEWABLE_TRANSITION,신재생에너지 전환,0.5563451051712036,"유렉트릭은 유럽의 에너지 믹스 변화를 주도하는 주 요인으로 재생 에너지의 빠른 보급을 꼽았다. EU는 지난 2023년에만 56GW(기가와트)의 새로운 태양광 발전 용량을 확충했으며, 이는 단일연 실적으로 가장 높은 수치다. 16GW의 새로운 풍력 발전 용량을 설치하기도 했다."
1006,context,0.0654,neutral,0.8655,에너지 관리,E,E_ENERGY__RENEWABLE_TRANSITION,신재생에너지 전환,0.2518843710422516,보고서는 그러나 이런 증가세 둔화에도 캘리포니아가 앞으로도 옥상 태양광 설치를 가장 많이 하는 주가 될 것으로 전망했다. 또한 인구는 많지만 옥상 태양광 보급률이 낮은 텍사스와 플로리다주가 미국의 옥상 태양광 발전용량 증가에 핵심적인 역할을 하게 될 수 있다고 전망했다.
1007,opportunity,0.4883,positive,0.9969,에너지 관리,E,E_ENERGY__RENEWABLE_TRANSITION,신재생에너지 전환,0.4897879660129547,재생에너지 중에서도 태양광 발전량이 특히 빠른 증가세를 보였다. 보고서에 따르면 지난해 1분기부터 올해 1분기 사이에 태양광 발전용량은 전년대비 155% 증가한 5.9GW를 기록했다. 올해 태양광 발전용량 증가 폭이 지난해에 이어 2년 연속 사상 최대를 기록할 것으로 추정됐다. 미국 에너지정보청(EIA)는 올해 태양광 발전용량이 35GW 확충될 것으로 전망했다.
1008,opportunity,0.5452,positive,0.8847,에너지 관리,E,E_ENERGY__RENEWABLE_TRANSITION,신재생에너지 전환,0.6162133812904358,"대우건설 관계자는 친환경 기술 개발 및 신재생에너지 관련 신사업 투자 확대 등을 통해 2050 탄소중립 로드맵을 성실히 이행해나가겠다며 안전, 환경, 사업, 품질 부문 등에서의 다양한 리스크를 통합적으로 관리해 불확실성에 대비하고 기업의 지속가능성을 확보하겠다고 말했다."
1009,opportunity,0.546,positive,0.999,에너지 관리,E,E_ENERGY__RENEWABLE_TRANSITION,신재생에너지 전환,0.5465417504310608,"구글은 아시아에서 일본과 대만, 싱가포르에 데이터센터를 구동하고 있다. 구글의 대만 데이터센터는 지난 2013년 운영을 개시했고, 2019년 아시아 최초 구글의 재생에너지 구매 계약인 대만 타이난시의 태양광 발전소에서 생산되는 10메가와트(MW)의 장기 전력 구매 계약을 체결했다."
1010,opportunity,0.3705,positive,0.8046,에너지 관리,E,E_ENERGY__RENEWABLE_TRANSITION,신재생에너지 전환,0.46046850085258484,"구글은 회사의 연간 전력 사용량을 뛰어넘는 재생에너지 전력을 구매하면서 RE100(재생에너지 조달 100%)을 지난 2017년 이미 달성했고, 더욱 야심찬 목표로 24 7 CFE 달성을 이듬해 약속했다."
1011,opportunity,0.3705,positive,0.8046,기후변화·온실가스,E,E_CLIMATE__SCOPE1_2_EMISSION,Scope 1·2 배출량,0.46046850085258484,"구글은 회사의 연간 전력 사용량을 뛰어넘는 재생에너지 전력을 구매하면서 RE100(재생에너지 조달 100%)을 지난 2017년 이미 달성했고, 더욱 야심찬 목표로 24 7 CFE 달성을 이듬해 약속했다."
1012,opportunity,0.4906,positive,0.9984,기후변화·온실가스,E,E_CLIMATE__SCOPE3_EMISSION,Scope 3 배출량,0.49136605858802795,구글은 생산된 태양광 전력의 일부는 대만 내 반도체 공급업체에도 제공할 것이라며 이를 통해 협력사의 지속가능성 목표 달성을 지원하고 자사의 스코프 3(scope 3) 배출량도 줄여나갈 것이라고 밝혔다.
1013,opportunity,0.6513,positive,0.9986,에너지 관리,E,E_ENERGY__RENEWABLE_TRANSITION,신재생에너지 전환,0.6521635055541992,"구글의 이번 투자로 최대 300메가와트(MW)의 태양광 전력을 전력구매계약(PPA)과 대만 재생에너지공급인증서(T-RECs)를 통해 구매해 데이터센터와 클라우드 설비, 대만 지사 사무실에 재생에너지 전력을 공급할 것이라 밝혔다."
1014,context,0.0737,neutral,0.6807,에너지 관리,E,E_ENERGY__RENEWABLE_TRANSITION,신재생에너지 전환,0.36084458231925964,블룸버그에 따르면 아마존이 이런 어려움을 지적하고 나섰고 구글의 지주회사인 알파벳은 지난 5월 일본에서 직접 지속가능 인프라 확충에 나섰다. 알파벳은 억9000만달러 투자를 약속했고 태양광 발전사업자와 전력 구매에도 합의했다.
1015,context,0.1983,neutral,0.9968,에너지 관리,E,E_ENERGY__RENEWABLE_TRANSITION,신재생에너지 전환,0.663104236125946,"클라이밋그룹은 일본 정부에 투명하고 공정한 전기 가격을 촉진하는 정책 구현 2035년까지 재생에너지 3배 확대 목표 설정 기업의 전력 구매 계약(PPA)에 대한 접근성 향상 전력망 인프라와 운영 개선 2030년까지 재생에너지에 대한 공공 및 민간 투자 17.9 18.1조엔 동원 비화석연료 인증서(Non-Fossil Certificates, 이하 NFCs) 발급, 추적 및 인증 시스템 단순화 등을 제안했다."
1016,context,0.1893,neutral,0.9999,에너지 관리,E,E_ENERGY__EFFICIENCY_CONSUMPTION,에너지 소비 및 효율화,0.63092041015625,"한편 이번 디자인포럼은 ESG와 디지털디자인, 그리고 AI 미래라는 주제로 개최됐다. 재활용과 같은 자원 사용의 효율성, 디자인 제품 생산시 에너지 소비량, 폐기물처리방법, 탄소 및 온실가스 배출량 등의 문제를 해소할 수 있는 디자인의 효율적인 방향을 통해 기업이 갖는 환경적 책임에 대해 논의했다."
1017,context,0.168,neutral,0.9999,에너지 관리,E,E_ENERGY__RENEWABLE_TRANSITION,신재생에너지 전환,0.560154378414154,K-택소노미 환경부 녹색채권 가이드라인 충족 vs. 신재생에너지 에 투자한다더니
1018,risk,0.5059,negative,0.9932,에너지 관리,E,E_ENERGY__RENEWABLE_TRANSITION,신재생에너지 전환,0.5093145370483398,보고서는 다만 태양광 패널 수입에 대한 불확실성이 커지면서 2022년과 같이 태양광 발전사업이 지연될 가능성이 있다고 지적했다.
1019,context,0.153,neutral,0.9426,에너지 관리,E,E_ENERGY__RENEWABLE_TRANSITION,신재생에너지 전환,0.5409313440322876,구글은 또한 공급망 내 원자재 구입 지출을 기준으로 주요 하드웨어 부품 공급업체에 2029년까지 재생에너지 전력을 100% 사용을 요구하는 구글 재생에너지 어덴덤(Google Renewable Energy Addendum) 을 시행했다고 밝혔다.
1020,opportunity,0.4479,positive,0.9994,에너지 관리,E,E_ENERGY__RENEWABLE_TRANSITION,신재생에너지 전환,0.44814640283584595,구글은 지난해 24 7 CFE 달성 현황에 대해 세계 전역의 데이터센터와 사무실 운영을 위한 소비전력이 증가했음에도 평균적으로 64%의 달성율을 유지했다고 밝혔다. 또 2017년 RE100 첫 달성 이후 연간 전력사용량을 뛰어넘는 재생에너지 전력을 구매하며 7년째 RE100을 유지하고 있다고 덧붙였다.
1021,context,0.1305,neutral,0.9399,인적자원 관리,S,S_HR__DIVERSITY_INCLUSION,다양성 및 형평성 (DEI),0.46282559633255005,메리츠는 자본비용(Cost of equity)은 주주의 요구수익률(Required rate of return)이며 현재 10%대라고 명쾌히 밝혔다. 기업이 양의 자본초과 수익(Equity spread ROE - 자본비용)을 추구하는 것은 너무나 당연하다.
1022,context,0.168,neutral,0.9989,인적자원 관리,S,S_HR__DIVERSITY_INCLUSION,다양성 및 형평성 (DEI),0.5605030059814453,"메리츠금융지주의 기업가치 제고 계획은 목표 및 절차가 명확할 뿐 아니라 총주주수익률(TSR, Total shareholder return), 주주환원율, 자본비용, 자본초과 수익(Equity spread ROE - 자본비용), 밸류에이션 등 모든 핵심 지표가 포함돼 있어 A 학점을 부여한다."
1023,context,0.1992,neutral,0.9957,에너지 관리,E,E_ENERGY__RENEWABLE_TRANSITION,신재생에너지 전환,0.6667776703834534,"한편, 국제에너지기구(IEA)는 지난해 전력망과 안전한 에너지 전환(Electricity Grids and Secure Energy Transitions) 보고서를 발행하고, 전세계적으로 전력망 용량이 풍력 및 태양광 등 재생에너지 기술의 성장을 따라가지 못하고 있다고 지적한 바 있다. 이를 극복하기 위해서는 2030년까지 지금의 두 배 수준인 연간 6000억달러(약 814조8900억원) 이상의 투자가 필요하다고도 언급했다."
1024,context,0.1719,neutral,0.9941,에너지 관리,E,E_ENERGY__RENEWABLE_TRANSITION,신재생에너지 전환,0.5763925909996033,재생에너지 중 보급이 상대적으로 많았던 태양광은 주민 계통 수용성이 우수하고 재생에너지 전력 수요가 많은 산업단지 태양광을 중심으로 활성화를 추진한다. 또 농업과 태양광 발전을 함께 할 수 있는 영농형 태양광과 제로에너지건축물과 연계된 건물 일체형 태양광 발전 시스템도 활성화할 계획이다.
1025,context,0.1855,neutral,0.9999,에너지 관리,E,E_ENERGY__RENEWABLE_TRANSITION,신재생에너지 전환,0.6183522343635559,"포럼에서는 기후위기와 22대 국회의 과제 라는 주제로 서왕진 국회의원이, RE100, 탄소국경조정제도(CBAM)와 우리 기업의 대응 전략 이라는 주제로 김태한 한국사회책임투자포럼 수석연구원이 발표한다."
1026,context,0.1985,neutral,0.9999,에너지 관리,E,E_ENERGY__RENEWABLE_TRANSITION,신재생에너지 전환,0.6616421341896057,"박희원은 기업 및 지자체 등의 탄소중립, RE100 전략 수립을 지원하는 넷제로홀딩스그룹 대표다. 속초 등 지자체, 다수 대기업, 중소기업의 넷제로 전략을 자문하고, 현장의 ESG 실무자들을 위한 넷제로아카데미도 운영하고 있다. 서울대에서 공학박사(에너지자원공학) 학위를 땄다. 풀뿌리 ESG를 주제로 ESG경제 에 칼럼을 연재한다."
1027,context,0.1308,neutral,0.9999,인적자원 관리,S,S_HR__DIVERSITY_INCLUSION,다양성 및 형평성 (DEI),0.4360286593437195,"생물 다양성 측면에서도, 예컨대 도심 근교나 산단 주변에 녹지를 조성하거나 훼손된 숲을 다시 살릴 경우 다양한 동식물의 서식 공간을 확보하는 것은 물론, 시민들이 깨끗한 공기를 마시는 휴식처로 활용할 수 있다. 최근 큰 관심을 받는 유기성 폐기물을 활용한 바이오차(char)를 비료로 활용한다면 일석이조가 될 것이다."
1028,context,0.1464,neutral,0.9997,에너지 관리,E,E_ENERGY__RENEWABLE_TRANSITION,신재생에너지 전환,0.4881573021411896,상쇄 수요 증가로 배출권 가격이 오르는 것도 꼭 나쁜 것만은 아니다. 당연히 기업들은 배출을 최소화 하기 위해 노력할 것이고 대기질은 개선되며 이에 따라 공공 보건 측면에서 의료 비용이 줄어들고 배출권 판매 자금으로 신재생에너지 투자가 촉발되어 여러 공익적인 부분에서 투자도 활성화 될 수 있다.
1029,context,0.1554,neutral,0.9987,에너지 관리,E,E_ENERGY__RENEWABLE_TRANSITION,신재생에너지 전환,0.5187926292419434,"신재생에너지 비율을 높이면 대기와 수질 오염이 줄어들고 인프라가 열악한 지역에서도 에너지 사용이 수월해지게 되며, 여기에 신재생에너지 밸류체인 상에서 각종 고용 창출까지 기대할 수 있다."
1030,context,0.1054,neutral,0.9997,에너지 관리,E,E_ENERGY__RENEWABLE_TRANSITION,신재생에너지 전환,0.3514755070209503,해상풍력이 육상풍력이나 태양광 등 다른 신재생에너지 발전 방식보다 오히려 생태계에 미치는 피해가 적을 수 있다는 점을 시사하는 부분이다.
1031,opportunity,0.5836,positive,0.9998,에너지 관리,E,E_ENERGY__RENEWABLE_TRANSITION,신재생에너지 전환,0.5837071537971497,"이번에 계약한 물량은 노르웨이 신재생에너지 전력망 확충 및 노후화된 설비 교체를 위한 것으로, 2029년까지 순차적으로 공급할 예정이다."
1032,context,0.151,neutral,0.9997,에너지 관리,E,E_ENERGY__RENEWABLE_TRANSITION,신재생에너지 전환,0.5035121440887451,"그는 블룸버그에 전기차나 태양광 발전과 마찬가지로 명확한 국가 전략이 있다면 중국은 더 깨끗한 항공 연료를 공급하기 위한 전세계적인 노력을 촉진하게 될 것 이라며 중국에서 SAF 지원 정책이 마련되면 일이 매우 빠르게 진행되고, 아주 큰 영향을 미치게 될 것 이라고 말했다."
1033,context,0.1378,neutral,0.9998,이사회 구조,G,G_BOARD__COMPOSITION_INDEPENDENCE,이사회 구성 및 독립성,0.45926085114479065,"또한 80% 이상은 지속 가능성에 대한 조치를 취하라는 압력을 적어도 3개 이상의 이해관계자 그룹으로부터 느낀다고 답했으며, 가장 흔하게 압력을 가하는 이해관계자로는 규제 기관, 이사회 구성원, 주주 등을 꼽았다."
1034,context,0.1651,neutral,0.9998,에너지 관리,E,E_ENERGY__RENEWABLE_TRANSITION,신재생에너지 전환,0.5504041910171509,"이에 따라 김 이사는 (PPA) 대신에 여러 가지 이슈로 ESS 등이 들어가야 될 경우들이 있을 텐데, 그럴 경우에도 재생에너지 인증을 받을 수 있는 체계가 필요할 것으로 생각된다고 밝혔다."
1035,context,0.1897,neutral,0.9991,에너지 관리,E,E_ENERGY__RENEWABLE_TRANSITION,신재생에너지 전환,0.6330323219299316,"아울러 김 이사는 에너지저장장치(ESS) 사업자를 통한 재생에너지 구매도 분산에너지 특구 내에선 인증을 받긴 힘들 것이라고 밝혔다. 특구 내 REC 발급이 불가능하다는 조건에 더해, PPA 계약을 통한 조달 인증도 어렵다는 설명이다."
1036,context,0.1943,neutral,0.9994,에너지 관리,E,E_ENERGY__RENEWABLE_TRANSITION,신재생에너지 전환,0.6480823755264282,REC를 구매한 기업은 재생에너지 전력을 사용한 것으로 인정 받을 수 있어 기업의 RE100 달성을 위한 주요 수단으로도 활용된다. 그러나 분산법(제43조 6항)에 따르면 특구 내 직접전력거래 전기에 대해서는 REC 발급이 불가하다.
1037,context,0.1583,neutral,0.9999,에너지 관리,E,E_ENERGY__RENEWABLE_TRANSITION,신재생에너지 전환,0.527716338634491,김 이사는 실질적으로 지금 분산에너지 특구 내에서 재생에너지를 조달하려는 사업자가 사용할 수 있는 방법은 지역 내에 있는 이제 PV(태양광 발전)나 풍력 사업자랑 PPA를 맺는 것밖에 안 되는 것으로 보인다 고 지적했다.
1038,risk,0.4984,negative,0.983,에너지 관리,E,E_ENERGY__RENEWABLE_TRANSITION,신재생에너지 전환,0.5070624947547913,송 배전을 독점하는 한전이 PPA 체결 기업에 대한 전력망 이용료를 투명하게 공개하지 않고 이용료를 이중 부과하는 경우도 있다고 기후솔루션은 지적했다.
1039,context,0.2111,neutral,0.9997,에너지 관리,E,E_ENERGY__RENEWABLE_TRANSITION,신재생에너지 전환,0.7040465474128723,지난달 14일부터 본격 시행된 분산에너지법에 따라 분산에너지 특화지역 내에서 거래되는 재생에너지 전력에 대해서는 RE100 주요 달성 수단 중 하나인 재생에너지 공급인증서(REC)를 발급받을 수 없기 때문이다.
1040,context,0.1261,neutral,0.9935,에너지 관리,E,E_ENERGY__RENEWABLE_TRANSITION,신재생에너지 전환,0.42294842004776,중국 북서부의 칭하이성에서도 태양광 발전으로 생산된 전력의 대부분이 낮에 출력 제한으로 버려진다. 저녁에는 필요한 전력 수요를 충족시키기 위해 인근 지역 석탄 화력 발전소에서 생산된 전력을 구매해야 한다.
1041,context,0.1607,neutral,0.9989,에너지 관리,E,E_ENERGY__RENEWABLE_TRANSITION,신재생에너지 전환,0.536381721496582,중국의 34개 성 중 최소 12개 성의 지방정부는 태양광 발전 사업자에게 배터리 저장 장치를 사용해 전력망에 대한 부담을 완화하도록 권장하거나 요구했다.
1042,context,0.1324,neutral,0.9989,인적자원 관리,S,S_HR__DIVERSITY_INCLUSION,다양성 및 형평성 (DEI),0.4417456090450287,"셋째, 마는 자동화의 AI로 인한 직장 내 변화로 불이익을 받는 집단이 생겨나고 있다는 점에서 다양성 측면에서 이룬 진전을 되돌리지 않도록 이에 따른 영향을 관리하는 것이 기업의 중요 의제가 될 것으로 예상했다."
1043,context,0.2093,neutral,0.9998,이사회 구조,G,G_BOARD__COMPOSITION_INDEPENDENCE,이사회 구성 및 독립성,0.697862982749939,"현재 이사회의 다양성과 포용성 제고 측면에서 주주 행동주의가 활발하게 펼쳐지고 있다. 즉, 주주들이 이사회의 지배구조에 영향을 미치거나 이사 선임 시 다양성을 고려하도록 위원회를 지명하고 이사회 구성 및 다양성에 대한 투명성을 요구하는 행동 등이 점차 많이 목격되고 있다."
1044,context,0.1195,neutral,0.9998,인적자원 관리,S,S_HR__DIVERSITY_INCLUSION,다양성 및 형평성 (DEI),0.39826759696006775,인공지능(AI)이 기업 곳곳에 영향을 미치겠지만 기업은 AI가 업무 환경과 사회에 미치는 영향을 예의 주시하면서 AI로 인해 직원들이 ESG의 핵심 가치인 평등과 다양성 차원에서 불이익을 당하지 않도록 세심하게 신경을 쓸 것이다.
1045,context,0.2146,neutral,0.9997,기후변화·온실가스,E,E_CLIMATE__SCOPE3_EMISSION,Scope 3 배출량,0.7155488133430481,"이 발표는 작년에 레고 그룹이 2050년까지 넷제로 배출을 달성하겠다는 일련의 기후 관련 약속을 시작한 후, 과학 기반 목표 이니셔티브(SBTi)와 협력하여 스코프1 및 2 배출량과 스코프3 공급망 배출량을 포함하는 배출 감축 목표를 개발한 데 따른 것이다. 레고그룹은 당시 향후 3년 동안 환경 지속가능성 이니셔티브에 14억 달러 이상을 투자할 것이라고 밝히기도 했다. 레고그룹은 또한 임원 보수에 탄소 핵심성과지표(KPI)를 추가하고, 특히 국제 출장 및 여행을 줄이기 위한 책임감 있는 출장 정책을 추구하겠다고 약속했다."
1046,context,0.1511,neutral,0.997,인적자원 관리,S,S_HR__DIVERSITY_INCLUSION,다양성 및 형평성 (DEI),0.505170464515686,"보고서에 따르면, MS는 운영 배출 감소 탄소 제거 가속화 폐기물 최소화 생물 다양성 개선 사용하는 것보다 더 많은 토지를 보호하는 등 여러 분야에서 목표를 향해 나아가고 있지만, 아직 스코프3 또는 간접 배출을 줄이는 목표는 달성하지 못하고 있다."
1047,opportunity,0.5914,positive,0.9994,에너지 관리,E,E_ENERGY__RENEWABLE_TRANSITION,신재생에너지 전환,0.5917137265205383,한진은 지난해 원주와 진주에 각각 연간 약 65MWh의 재생에너지를 발전할 수 있는 태양광 발전설비를 구축 가동한 바 있다. 앞으로도 대전메가허브를 비롯해 인천공항 글로벌물류센터(GDC) 등 물류 시설에 친환경 에너지 사용을 늘려간다는 방침이다.
1048,context,0.1311,neutral,0.7865,에너지 관리,E,E_ENERGY__RENEWABLE_TRANSITION,신재생에너지 전환,0.5557757019996643,"한진은 한국에너지공단 태양광 보조사업인 건물지원사업에도 참여할 계획이며, 올해 안에 남부산 택배터미널에 자가소비형 태양광 발전기를 구축하고 연간 약 52MWh(메가와트시) 전기를 재생에너지로 대체해 사용할 예정이다."
1049,risk,0.3126,negative,0.7209,에너지 관리,E,E_ENERGY__RENEWABLE_TRANSITION,신재생에너지 전환,0.43356484174728394,"특히 지난 7월엔 중국 동부의 폭염에 따라 총 전력 소비량이 역대급 수요에 달한 와중에도 태양광 발전과 수력 발전이 전례없는 발전량을 보이며 석탄 발전 비중이 65%를 기록했다. 전년 대비 71%에서 크게 줄어든 수치로, 절대적인 발전량도 소폭 감소했다."
1050,context,0.1702,neutral,0.9896,에너지 관리,E,E_ENERGY__RENEWABLE_TRANSITION,신재생에너지 전환,0.5734537839889526,"중국이 막대한 금액을 전력망에 투자하고 있으나, 계통 불안정을 막기 위한 재생에너지 발전의 출력제한이 빈번하게 발생하고 있다. 지난 1년 간 5개 성 100개 이상의 현과 시에서 신규 소규모 태양광 발전 사업자에 대한 출력제한이 이루어졌다."
1051,context,0.1465,neutral,0.9705,에너지 관리,E,E_ENERGY__RENEWABLE_TRANSITION,신재생에너지 전환,0.50321364402771,"세계 최대 이산화탄소 배출국인 중국은 세계 최대 재생에너지 투자국이기도 하다. 에너지 조사기관 우드 맥킨지에 따르면 2023년 중국은 전 세계 풍력발전 용량의 65%, 태양광 발전 용량의 60%를 차지했다."
1052,opportunity,0.291,positive,0.5224,에너지 관리,E,E_ENERGY__RENEWABLE_TRANSITION,신재생에너지 전환,0.5571283102035522,"엔라이튼은 발전소 자산관리플랫폼 발전왕(6.2GW이상 발전소 연동) 을 통해 재생에너지 전력을 네이버에 공급하는 제3자 PPA 계약을 체결한 바 있으며, 지난 5월 경기도와 업무협약 체결을 통해 경기도 RE100 재생에너지 공급사업자 역할을 맡고 있다."
1053,context,0.1196,neutral,0.611,에너지 관리,E,E_ENERGY__RENEWABLE_TRANSITION,신재생에너지 전환,0.6525800824165344,"한편 엔라이튼은 전기요금 절감, RE100 이행, 발전수익 창출 등 고객의 목적에 최적화된 사업설계, 발전소 건설 및 관리운영까지 통합 솔루션을 제공하는 에너지 기후테크 기업이다."
1054,context,0.1745,neutral,0.9975,에너지 관리,E,E_ENERGY__RENEWABLE_TRANSITION,신재생에너지 전환,0.5832816362380981,"이영호 엔라이튼 대표는 엔라이튼의 지붕태양광 팩토링 상품은 단순히 신용 보강을 넘어, 중소형 시공사의 금융 안정성을 확보하고 태양광 발전 사업의 성공을 위한 실질적인 솔루션 이라며 앞으로도 지속적인 상품 개발과 서비스 개선을 강화하여 사업 설계부터 금융, 건설, 운영 관리까지 포괄적인 맞춤형 통합 솔루션을 제공할 것이라고 말했다."
1055,opportunity,0.5041,positive,0.9998,에너지 관리,E,E_ENERGY__RENEWABLE_TRANSITION,신재생에너지 전환,0.5041571855545044,"엔라이튼은 지붕태양광 팩토링 사업에서 꾸준한 성장세를 보이고 있다. 지난 4월 지붕태양광 팩토링 상품 출시 이후 경기 남양주시에 59.52kW규모 태양광 발전소와 충북 음성군에 357.12kW 규모 태양광 발전소가 지붕태양광 팩토링을 이용해 연이어 준공됐다. 추가로 연내 약 8MW 규모 사업이 추가 확정되어 있으며, 연말까지 20MW 이상의 지붕태양광 팩토링 사업을 계획 중이다."
1056,context,0.18,neutral,0.9999,에너지 관리,E,E_ENERGY__RENEWABLE_TRANSITION,신재생에너지 전환,0.600208044052124,"2부에서는 강금실 경기도 기후대사가 좌장을 맡아 민현기 LS일렉트릭 전력그리드영업팀 파트장, 조현진 산업통상자원부 재생에너지정책과 사무관, 김영준 파주시 재정경제실장, 이유진 녹색전환연구소장, 임재민 에너지전환포럼 사무처장 등이 중소기업 지원 RE100 3대 입법의 의미, 재생에너지의 중요성과 보급 확대, 산업단지 및 영농형 태양광 활성화 제안 등에 관한 토론이 이어진다."
1057,context,0.1,neutral,0.9999,에너지 관리,E,E_ENERGY__RENEWABLE_TRANSITION,신재생에너지 전환,0.33342868089675903,"경기도는 국회 기후위기 탈탄소 경제포럼과 함께 오는 16일 오후 국회의원회관에서 글로벌 RE100 압박과 한국의 대응, 그래서 무엇을 할 것인가 를 주제로 토론회를 개최한다고 10일 밝혔다."
1058,context,0.1227,neutral,0.9917,에너지 관리,E,E_ENERGY__RENEWABLE_TRANSITION,신재생에너지 전환,0.4123280346393585,"또한 최근 PPA 거래 활성화를 위해 이르면 올해 하반기 PPA 중개시장 개설을 위한 시범도입을 추진하고, PPA 망사용료 지원 범위와 기간을 확대하는 방안도 추진 하겠다고 밝혔다."
1059,context,0.1941,neutral,0.9999,에너지 관리,E,E_ENERGY__RENEWABLE_TRANSITION,신재생에너지 전환,0.6469565033912659,"산업부는 산업단지와 주택에 설치된 재생에너지 자가설비는 현재 RE100 미활용 자원으로서 효과적인 추가 이행수단이 될 수 있어, 정부는 조만간 CDP와 공식 협의를 마무리하고 새로운 RE100 이행수단을 신설 하겠다고 밝혔다."
1060,context,0.211,neutral,0.9999,에너지 관리,E,E_ENERGY__RENEWABLE_TRANSITION,신재생에너지 전환,0.7034884691238403,"이번 설명회는 최근 국내외 기업들의 RE100 가입이 확대됨에 따라, 직접전력구매(PPA), 자가발전 등 주요 국내 재생에너지 구매제도에 대한 정책방향을 설명하고, 올해 제2차 녹색프리미엄 입찰 시행 사전 안내를 통해 기업의 거래편의를 제고하기 위해 개최됐다."
1061,context,0.1898,neutral,0.9999,에너지 관리,E,E_ENERGY__RENEWABLE_TRANSITION,신재생에너지 전환,0.6328284740447998,산업부는 11일 국내 RE100 지원제도 개선사항과 추진 계획을 설명하기 위해 개최한 자발적 재생에너지 정책 설명회 에서 이같이 밝혔다.
1062,context,0.2091,neutral,0.9998,에너지 관리,E,E_ENERGY__RENEWABLE_TRANSITION,신재생에너지 전환,0.6970741152763367,"아울러 국내 녹색프리미엄 제도는 글로벌 RE100 운영기구(CDP)에서 공식 인정한 재생에너지 조달수단 이라며, 오는 11월 예정된 제3차 녹색프리미엄 입찰시에는 다년도 물량도 구매할 수 있도록 기업 편의를 제공 하겠다고 언급했다."
1063,context,0.2117,neutral,0.992,에너지 관리,E,E_ENERGY__RENEWABLE_TRANSITION,신재생에너지 전환,0.7111525535583496,"산업통상자원부가 기업의 RE100(재생에너지 조달 100%) 달성을 위한 재생에너지 조달수단인 녹색프리미엄에 대해 올해부터는 RE100 수요기업의 요청을 반영해 태양광, 풍력 등 재생에너지 원별로 선택 구매할 수 있도록 개선했다 고 밝혔다."
1064,context,0.2031,neutral,0.9999,에너지 관리,E,E_ENERGY__RENEWABLE_TRANSITION,신재생에너지 전환,0.6771968603134155,RE100 가입 기업은 RE100 이행보고서를 제출할 때 재생에너지 발전원별로 나눠서 사용 실적을 기입해야 한다. 서 연구원은 현재는 발전원별로 녹색프리미엄을 구매할 수 없어 녹색프리미엄에 대해서는 (발전)원별 믹스 로 기입한다 고 말했다.
1065,context,0.1996,neutral,0.9998,에너지 관리,E,E_ENERGY__RENEWABLE_TRANSITION,신재생에너지 전환,0.6653479337692261,산업부는 또한 올해부터 RE100 수요기업의 요청을 반영해 재생에너지 발전원별로 (녹색프리미엄을) 선택 구매할 수 있도록 개선했다 고 밝혔다.
1066,context,0.2532,neutral,0.9998,에너지 관리,E,E_ENERGY__RENEWABLE_TRANSITION,신재생에너지 전환,0.8442076444625854,한국형 RE100 이행수단은 녹색프리미엄 REC(Renewable Energy Certificate) 구매 제3자 전력구매계약(PPA) 재생에너지 사업 지분 투자 자가 발전 직접 전력구매계약(PPA) 6개 수단으로 이루어져 있다.
1067,context,0.2054,neutral,0.999,에너지 관리,E,E_ENERGY__RENEWABLE_TRANSITION,신재생에너지 전환,0.6854234337806702,정부는 RE100 가입 기업을 중심으로 국내 기업들이 재생에너지 구매를 위한 제도 도입을 요구하자 지난 2022년 한국형 RE100 이행수단을 도입했다.
1068,context,0.1859,neutral,0.9998,에너지 관리,E,E_ENERGY__RENEWABLE_TRANSITION,신재생에너지 전환,0.6198801398277283,CDP한국위원회의 서승연 연구원은 이에 대해 REC 공급을 늘리는 정책이긴 하지만 자가설비의 발전량이 많지 않다 고 지적했다. 실질적인 REC 공급 확대로 이어지려면 재생에너지 자가설비 발전량이 늘어나야 한다는 뜻이다. RE100 가입 기업을 실질적으로 지원하려면 결국은 재생에너지 발전량 자체를 늘려야 한다는 지적이기도 하다.
1069,context,0.2098,neutral,0.9999,에너지 관리,E,E_ENERGY__RENEWABLE_TRANSITION,신재생에너지 전환,0.6994076371192932,산업통상자원부는 11일 서울 코리아나 호텔에서 열린 RE100 정책 설명회에서 산업단지와 주택에 설치된 재생에너지 자가설비는 현재 RE100 미활용 자원으로 효과적인 추가 이행수단이 될 수 있다 며 정부는 조만간 탄소공개프로젝트(CDP)와 공식 협의를 마무리하고 (자가설비 소유자에게 REC를 발급하는) 새로운 RE100 이행수단을 신설 하겠다고 밝혔다.
1070,context,0.184,neutral,0.9998,에너지 관리,E,E_ENERGY__RENEWABLE_TRANSITION,신재생에너지 전환,0.6133023500442505,정부는 현재 자가사용 설비 소유자에게 재생애너지 사용확인서만 발급해주고 있다. 하지만 RE100 이행수단 중 하나인 REC 공급 부족 현상이 빚어지자 이를 해소하기 위한 방안의 하나로 자가설비 소유자에게도 REC를 발급해주기로 한 것이다.
1071,risk,0.3783,negative,0.6579,에너지 관리,E,E_ENERGY__EFFICIENCY_CONSUMPTION,에너지 소비 및 효율화,0.5750240087509155,"그러나 MS, 구글 등 빅테크 기업들은 이로 인한 막대한 전력 소비와 탄소 배출량 증가 우려로 대규모 재생에너지 구매 계약을 잇따라 체결하고 있다. 이에 대해 보고서는 칩과 서버, 냉각 시스템, 하이퍼스케일 데이터센터, 에너지 수요 관리 등의 분야에서 에너지 효율 개선이 필요하며, 이는 잠재적으로 빠르게 성장할 수 있는 또 다른 분야 라고 밝혔다."
1072,context,0.1384,neutral,0.9345,에너지 관리,E,E_ENERGY__RENEWABLE_TRANSITION,신재생에너지 전환,0.4937889277935028,"특히 재생에너지 발전은 큰 폭으로 증가하고 있다. 중국전력산업협회가 분석한 결과, 지난 5월 태양광 발전량은 전년 동기 대비 78%나 급증해 94테라와트시(TWh)에 달했다. 풍력 발전량은 전년 대비 5% 증가하여 83TWh에 달했다. 수력 발전량은 가뭄으로 타격을 받았던 작년 대비 39% 증가했다."
1073,context,0.123,neutral,0.7688,에너지 관리,E,E_ENERGY__RENEWABLE_TRANSITION,신재생에너지 전환,0.5332139134407043,반대로 비화석연료원에서 생산된 전력 비율은 44%로 역대 최고치를 기록했다. 구체적인 발전 비중으로는 태양광 발전 12% 풍력 11% 수력 15% 원자력 5% 바이오매스 2% 등으로 구성된다. 라우리 연구원은 이러한 추세가 지속된다면 중국의 탄소 배출량은 지난해 정점을 찍고 향후 계속 감소세를 기록할 것이라고 분석했다.
1074,context,0.1801,neutral,0.999,에너지 관리,E,E_ENERGY__RENEWABLE_TRANSITION,신재생에너지 전환,0.600966215133667,"기후 싱크탱크 글로벌 에너지 모니터(Global Energy Monitor, 이하 GEM)는 지난 11일 발간한 보고서에서 이같이 밝혔다. 보고서는 중국이 현재 건설 중인 풍력 및 태양광 발전소는 339기가와트(GW) 규모로, 전세계 풍력 및 태양광 발전규모의 64%에 달한다고 밝혔다. 2위인 미국(40GW)의 프로젝트 파이프라인의 8배가 넘는다."
1075,context,0.22,neutral,0.9986,기후변화·온실가스,E,E_CLIMATE__SCOPE3_EMISSION,Scope 3 배출량,0.7344236373901367,"스코프 3 배출량은 기업의 원자재 조달에서 제조까지의 공급망을 뜻하는 업스트림 공급망과, 제품 생산 후 운송과 유통 등의 공급망을 뜻하는 다운스트림 공급망에서 발생하는 전체 온실가스 배출량을 뜻한다. 스코프3 배출량은 기업의 직접 통제 범위에서 벗어나 있으나, 기업 온실가스 배출량의 상당 부분을 차지하는 경우가 많아 탈탄소화를 위한 측정과 관리가 중요해지고 있다."
1076,context,0.1292,neutral,0.9999,에너지 관리,E,E_ENERGY__RENEWABLE_TRANSITION,신재생에너지 전환,0.43072211742401123,도는 경기 RE100 수송부문 정책의 하나로 이같은 내용을 담은 친환경 버스 전환을 통한 탄소중립 실천 계획을 15일 발표했다.
1077,opportunity,0.6195,positive,0.9418,에너지 관리,E,E_ENERGY__RENEWABLE_TRANSITION,신재생에너지 전환,0.6577418446540833,"한편, 베트남 정부는 또한 지난 3일 직접 전력 구매 계약(Direct Power Purchase Agreements, 이하 DPPA)을 통해 재생에너지 공급업체로부터 직접 전기를 구매할 수 있도록 허용하는 새로운 법령을 발표했다. 법령에 따르면 DPPA 거래에 참여하려는 풍력 및 태양광 발전 프로젝트는 용량이 10MW 이상이어야 한다."
1078,opportunity,0.488,positive,0.9317,에너지 관리,E,E_ENERGY__RENEWABLE_TRANSITION,신재생에너지 전환,0.52382493019104,"이 계획에 따르면 베트남은 옥상 태양광 발전 프로젝트로 2030년까지 2.6GW 용량의 태양광 발전을 추가할 수 있을 것으로 예상된다. 베트남 현지매체 VnExpress 보도에 따르면 현재 베트남에는 10만 3000개 이상의 옥상 태양광 발전 프로젝트가 있으며, 총 설치 용량은 9.5GW 이상이다."
1079,context,0.1744,neutral,0.9784,에너지 관리,E,E_ENERGY__RENEWABLE_TRANSITION,신재생에너지 전환,0.5943028926849365,옥상 태양광 발전의 전력 가격은 EVN이 태양광 발전소에서 구매하는 전력 가격의 절반에도 미치지 못할 수준이다. 베트남은 지난해 5월 정부가 승인한 주요 전력 개발 계획(Power Plan VIII)에 따라 2030년까지 전체 주거 및 사무용 건물 옥상 절반 이상에 태양열 패널을 설치해 전력을 공급받는 것을 목표로 하고 있다.
1080,opportunity,0.6581,positive,0.9995,에너지 관리,E,E_ENERGY__RENEWABLE_TRANSITION,신재생에너지 전환,0.6584582924842834,이에 따라 SK바이오사이언스는 SK E S가 태양광 발전소에서 생산한 재생에너지 전력을 매년 2만3227MWh 규모로 2026년부터 20년간 안동 공장 등 주요 사업장에 공급받는다. 이는 4인 가구 평균 전력 사용량(307kWh) 기준 약 7만5000가구에 매월 공급할 수 있는 전력량이라고 회사는 설명했다. PPA는 온실가스 감축에 기여하는 탄소중립 활동 가운데 하나라고 회사는 전했다.
1081,opportunity,0.6581,positive,0.9995,기후변화·온실가스,E,E_CLIMATE__SCOPE1_2_EMISSION,Scope 1·2 배출량,0.6584582924842834,이에 따라 SK바이오사이언스는 SK E S가 태양광 발전소에서 생산한 재생에너지 전력을 매년 2만3227MWh 규모로 2026년부터 20년간 안동 공장 등 주요 사업장에 공급받는다. 이는 4인 가구 평균 전력 사용량(307kWh) 기준 약 7만5000가구에 매월 공급할 수 있는 전력량이라고 회사는 설명했다. PPA는 온실가스 감축에 기여하는 탄소중립 활동 가운데 하나라고 회사는 전했다.
1082,opportunity,0.6712,positive,0.9998,에너지 관리,E,E_ENERGY__RENEWABLE_TRANSITION,신재생에너지 전환,0.6713799834251404,SK바이오사이언스는 에너지 기업 SK E S와 태양광 발전을 통해 생산되는 재생에너지를 직접 구매하는 계약(PPA)을 체결했다고 16일 밝혔다.
1083,context,0.1807,neutral,0.9997,에너지 관리,E,E_ENERGY__RENEWABLE_TRANSITION,신재생에너지 전환,0.6027036905288696,하지만 김 수석연구원은 국내에서 혼소발전을 얘기하는 건 시기상조 라며 현행법상 기업이 LNG발전사업자와 PPA 계약을 체결할 수 없다고 말했다. 따라서 기업들이 혼소발전 전력을 직접 구매할 수 있도록 법 개정이 필요하다. 혼소발전 전력이 일반 전력망을 통해 공급되면 RE100 이행실적으로 인정받을 수 있는 재생에너지 사용 비율을 입증하기 어렵기 때문이다.
1084,opportunity,0.3255,positive,0.5215,에너지 관리,E,E_ENERGY__RENEWABLE_TRANSITION,신재생에너지 전환,0.6240793466567993,혼소발전 전력 사용이 RE100 이행실적으로 인정받는 다면 재생에너지 전력 공급이 부족해 RE100 이행에 어려움을 겪는 국내 기업들에게 적지 않은 도움이 될 전망이다.
1085,context,0.1576,neutral,0.9984,에너지 관리,E,E_ENERGY__RENEWABLE_TRANSITION,신재생에너지 전환,0.5262476801872253,TAG는 2년 주기로 RE100 기술기준을 업데이트하고 있으며 지난 2023년 12월 최신개정기술기준을 발표한 바 있다.
1086,context,0.2204,neutral,0.9994,에너지 관리,E,E_ENERGY__RENEWABLE_TRANSITION,신재생에너지 전환,0.734904944896698,혼소발전 외에도 RE100 기술자문그룹은 에너지속성인증서(EAC) 발급이 가능한 곳에서 재생에너지 전력을 구매할 때 EAC 제출을 요구하는 방안과 발전을 시작한 후 15년 이내의 재생에너지 발전소에서 구매한 전력만 이행실적으로 인정하는 15년 제한규정 (20 30년 PAA 계약 등은 예외로 인정)에서 최초 계약자 정의를 유연화하는 방안 재생에너지 조달 수단 구분 개편 방안 등도 함께 검토하고 있다.
1087,context,0.1787,neutral,0.9999,에너지 관리,E,E_ENERGY__RENEWABLE_TRANSITION,신재생에너지 전환,0.5958606004714966,"이에 앞서 김 수석연구원은 지난 11일 열린 RE100 정책방향 설명회에서 RE100 기술기준 동향에 관해 설명하면서 석탄 혼소발전은 모두 제외하는 방안(A안)과 화석연료를 사용한 혼소발전은 모두 제외하는 방안(B안), 100% 재생에너지 연료만 사용하는 수소연료전지 발전이나 화력발전만 인정하는 방안(C안)이 검토되고 있다고 밝혔다."
1088,opportunity,0.3194,positive,0.5448,에너지 관리,E,E_ENERGY__RENEWABLE_TRANSITION,신재생에너지 전환,0.5862189531326294,다만 혼소발전 전력 사용이 이행실적으로 인정받게 돼도 혼소발전에 사용하는 연료는 그린수소나 그린암모니아로 제한될 가능성이 크고 이런 연료를 사용하는 비율만큼만 RE100 이행실적으로 인정된다.
1089,context,0.1648,neutral,0.9289,에너지 관리,E,E_ENERGY__RENEWABLE_TRANSITION,신재생에너지 전환,0.5912429094314575,"남아공은 지난 2021년 미국 유럽연합(EU) 일본 캐나다 영국 등 9개국과 정의로운 에너지 전환 파트너십(Just Energy Transition Partnership, 이하 JETP)을 체결했다. 남아공은 JETP를 통해 보조금, 대출, 보증의 형태로 93억 달러의 지원을 약속받았다. 지원금은 전체 전력 생산의 약 80%를 석탄 발전이 차지하고 있는 남아공의 석탄 의존도를 낮추는 데 쓰일 예정이다."
1090,context,0.183,neutral,0.9753,에너지 관리,E,E_ENERGY__RENEWABLE_TRANSITION,신재생에너지 전환,0.6253522634506226,"CTR에너지는 지난해 사명을 변경하고 글로벌 자동차 부품 기업인 CTR그룹의 계열사로 편입됐다. CTR그룹은 안전 을 최우선 가치로 삼고 있으며, 모두가 안전한 미래를 누릴 수 있는 세상을 만들기 위해 신재생에너지 사업을 확장하고 ESG경영을 가속화하고 있다. CTR에너지는 CTR창원공장(경남 창원시), CTR모빌리티(대구광역시) 등 총 12곳에 약 7.2MW의 태양광 발전소를 설치해 계열사 간 시너지 효과를 통해 RE100 목표 달성을 노력하고 있다."
1091,opportunity,0.671,positive,0.9779,에너지 관리,E,E_ENERGY__RENEWABLE_TRANSITION,신재생에너지 전환,0.6861600279808044,"CTR에너지는 2017년에 설립한 신재생에너지 전문기업이다. 사용 전력의 100%를 재생에너지로 전환하기 위한 RE100 솔루션과 금융 조달의 어려움을 겪고 있는 발전사업주를 위한 금융솔루션(EPC 설계, 조달, 시공), 시공사업(발전사업), 지붕임대사업 뿐만 아니라 약 26MW 규모의 자사 자체발전소도 운영하고 있다. 또한, 4월 1일 신사업 배터리 ESS 사업부 를 구성해 신재생에너지 사업을 확장한 바 있다."
1092,opportunity,0.5122,positive,0.9971,기후변화·온실가스,E,E_CLIMATE__SCOPE1_2_EMISSION,Scope 1·2 배출량,0.5136954188346863,"이를 통해 연간 약 137만 1816kWh의 전력을 생산할 수 있으며, 대전 R D센터 연간 전력 사용량의 약 11%를 재생에너지로 대체할 수 있다. 또한, 연간 630톤의 온실가스 배출을 저감할 수 있으며, 이는 소나무 4510그루를 심는 것과 같은 효과라고 설명했다."
1093,context,0.1541,neutral,0.9666,에너지 관리,E,E_ENERGY__RENEWABLE_TRANSITION,신재생에너지 전환,0.5313467383384705,앞서 지난달 28일 오전 LG U 는 황현식 대표와 주요 경영진이 참석한 가운데 대전 R D센터에서 준공식을 열고 태양광 발전설비를 가동했다.
1094,context,0.1583,neutral,0.9998,인적자원 관리,S,S_HR__DIVERSITY_INCLUSION,다양성 및 형평성 (DEI),0.5276731848716736,"4개 목표는 생태계의 면적과 온전성, 연셜성 증대와 멸종위기종 멸종 경감, 유전적 다양성 보호 및 유지 자연이 인간에게 주는 혜택을 가치화하고 보존이나 복구가 가능한 지속가능한 자연의 이용 유전자원으로부터 빌생하는 이익의 공정하고 공평한 공유 2050년 비전 및 GBF 달성에 필요한 재정 및 이행수단 격차 해소로 이루어져 있다."
1095,context,0.1248,neutral,0.9999,에너지 관리,E,E_ENERGY__RENEWABLE_TRANSITION,신재생에너지 전환,0.4160141348838806,특히 지자체별 다양한 태양광 발전 이격거리 규제와 관련해 넥스트 분석 결과 현재와 같은 이격거리 제도를 다 적용할 경우 태양광 발전이 가능한 토지의 22.7%만 활용 가능해 이격거리 규제만 해소해도 물량이 크게 늘어나게 될 것 이라고 주장했다.
1096,context,0.1568,neutral,0.9999,에너지 관리,E,E_ENERGY__RENEWABLE_TRANSITION,신재생에너지 전환,0.5228939056396484,국내 기후에너지정책 싱크탱크 넥스트 대표이자 충남대 전기공학과 김승완 교수는 지난 16일 국회에서 열린 글로벌 RE100 압박과 한국의 대응 정책토론회에서 이같이 밝혔다. 이날 토론회는 국회기후위기 탈탄소 경제포럼과 경기도가 공동주최했다.
1097,context,0.1902,neutral,0.9998,에너지 관리,E,E_ENERGY__RENEWABLE_TRANSITION,신재생에너지 전환,0.6340917944908142,"정 연구위원은 기후정책과 통상, 산업정책의 연계성이 확대되고 EU CBAM, RE100, ESG 등의 확산으로 산업부문의 청정에너지 사용 요구가 증가하고 있다면서 에너지 전환이 뒷받침되지 않으면 산업 부분의 탄소중립 달성과 산업경쟁력 확보는 불가능하다고 강조했다."
1098,context,0.1396,neutral,0.9996,에너지 관리,E,E_ENERGY__RENEWABLE_TRANSITION,신재생에너지 전환,0.465525358915329,아울러 지난 3월까지 경기도 내 87개 산단이 태양광 발전 설비를 설치했다며 2025년까지 경기도의 모든 산단이 다 태양광 발전을 할 수 있도록 완성할 계획 이라고 밝혔다.
1099,context,0.1295,neutral,0.9999,에너지 관리,E,E_ENERGY__RENEWABLE_TRANSITION,신재생에너지 전환,0.4318833649158478,경기도가 추진 중인 산업단지 RE100 전략과 관련해 차 국장은 재생에너지 보급을 늘리기 위해 가장 포텐셜이 큰 게 산업단지 라며 (산업단지는) 계통 문제나 이격거리와 관련된 부분이 제약이 적기 때문에 굉장히 중요하다 고 밝혔다.
1100,context,0.1084,neutral,0.9989,에너지 관리,E,E_ENERGY__RENEWABLE_TRANSITION,신재생에너지 전환,0.3615996539592743,"차성수 국장은 국내는 36개 기업이 RE100에 가입했는데, 그중 경기도에만 본사와 사업장을 둔 기업이 27개나 된다 며 그만큼 경기도도 RE100에 대한 이슈들이 (많고), (RE100) 가입 기업뿐만 아니라 많은 중소기업들이 (RE100 가입 기업의) 공급망에 같이 있기 때문에 수출에 어려움을 호소하고 있다 고 밝혔다."
1101,context,0.137,neutral,0.8373,에너지 관리,E,E_ENERGY__RENEWABLE_TRANSITION,신재생에너지 전환,0.545342206954956,한국은 높은 가격과 더불어 재생에너지 공급 자체가 부족해 RE100 달성이 가장 어려운 나라로 꼽힌다. RE100 캠페인을 주도하는 비영리단체 더 클라이밋 그룹과 탄소공개정보프로젝트(CDP) 위원회는 지난 3월 발간한 보고서를 통해 한국에서 사업을 영위하는 RE100 가입 기업 165개곳 중 40%인 66개사가 한국을 재생에너지 조달에 장벽이 있는 국가로 꼽았다.
1102,opportunity,0.3601,positive,0.9949,에너지 관리,E,E_ENERGY__RENEWABLE_TRANSITION,신재생에너지 전환,0.3619442284107208,그러나 2050년을 목표로 RE100 달성을 선언한 SK하이닉스는 해외 사업장에서는 이미 RE100을 달성한 것과 비교해 국내 달성률은 11%에 불과하다. 삼성전자도 해외 사업장 RE100 달성율 97%와 비교해 국내 달성률은 9%에 그친다.
1103,context,0.186,neutral,0.9997,에너지 관리,E,E_ENERGY__RENEWABLE_TRANSITION,신재생에너지 전환,0.6200451254844666,"경기도는 지난해 4월 2030년까지 재생에너지 발전 비중 30%를 달성하겠다는 목표를 담은 경기 RE100 을 선포해 추진 중에 있다. 공공기관 RE100 달성과 산업단지 RE100 전환, 경기 RE100 특구 조성, 통합 데이터 플랫폼인 경기 RE100 플랫폼 추진 전략 등을 담고 있다."
1104,context,0.1384,neutral,0.9999,에너지 관리,E,E_ENERGY__RENEWABLE_TRANSITION,신재생에너지 전환,0.46122246980667114,차성수 경기도 기후환경에너지국장은 16일 여의도 국회에서 열린 글로벌 RE100 압박과 한국의 대응 정책토론회에서 이같이 밝혔다. 이날 토론회는 경기도와 국회 기후위기 탈탄소 경제포럼이 공동 주최했다.
1105,context,0.1978,neutral,0.9991,에너지 관리,E,E_ENERGY__RENEWABLE_TRANSITION,신재생에너지 전환,0.6600372195243835,"한세실업은 2050년 탄소중립을 선언하며 친환경 에너지원 사용, 신재생에너지 공급인정서(REC) 구매 등을 통해 전년 대비 온실가스 배출량을 8.1% 절감했다. 한세실업은 올해 온실가스 데이터에 대한 제3자 검증을 통해 대외적인 신뢰도도 높였다."
1106,context,0.1865,neutral,0.9933,에너지 관리,E,E_ENERGY__RENEWABLE_TRANSITION,신재생에너지 전환,0.6256598830223083,아모레퍼시픽은 RE100(재생에너지 100% 사용)에 가입해 내년까지 전 사업장에서 사용하는 전력 100%를 재생에너지로 전환하기 위한 로드맵을 만들어 이행하는 등 탄소중립을 위한 다양한 활동을 펼치고 있다.
1107,context,0.0962,neutral,0.5466,에너지 관리,E,E_ENERGY__EFFICIENCY_CONSUMPTION,에너지 소비 및 효율화,0.5864932537078857,올해의 에너지위너상은 에너지 절감 및 고효율 성능이 우수한 제품에 수여하는 에너지위너상과 탄소중립과 관련된 활동 및 성과가 우수한 기업 또는 제품에 수여하는 탄소중립위너상으로 나뉜다.
1108,context,0.1951,neutral,0.9999,인적자원 관리,S,S_HR__DIVERSITY_INCLUSION,다양성 및 형평성 (DEI),0.6504404544830322,"하지만 세종은 기관투자자는 특히 의결권 경쟁 상황에서는 그러한 점들을 종합적으로 고려하여 지지할 후보자를 선택한다며 기업들은 주주 친화적이면서도 안정적인 경영권을 확보하기 위해서는 이사의 전문성과 다양성, 책임성을 고려하는 구체적 선임 정책을 구비하고 관련된 후보의 풀(Pool) 형성 및 추천 등 관련 절차를 준비해 공시할 필요 가 있다고 강조했다."
1109,opportunity,0.6217,positive,0.873,에너지 관리,E,E_ENERGY__RENEWABLE_TRANSITION,신재생에너지 전환,0.7120851278305054,"한편 엔라이튼은 전기요금 절감, RE100 이행, 발전수익 창출 등 고객의 목적에 최적화된 사업구조 수립, 발전소 건설 및 관리운영까지 통합 솔루션을 제공하는 에너지 기후테크 기업이다. 엔라이튼은 발전왕(6.2GW 이상 발전소 연동) 을 통해 네이버에 재생에너지 전력을 공급하는 제3자 PPA 계약을 체결했으며, 지난 5월에는 경기도와 RE100 재생에너지 공급사업자 역할을 맡는 업무협약을 체결했다."
1110,context,0.1888,neutral,0.9634,에너지 관리,E,E_ENERGY__RENEWABLE_TRANSITION,신재생에너지 전환,0.6531760692596436,"엔라이튼은 롯데케미칼 기초화학연구소 태양광 사례를 기반으로, RE100 이행을 원하는 대전충남 지역 기업들과 상생협력 모델을 확산하기 위해 한국에너지공단 대전충남지역본부, 충남도청 탄소중립경제과, 충남테크노파크 에너지센터와 적극 협력해 나갈 계획이다."
1111,context,0.1759,neutral,0.9998,에너지 관리,E,E_ENERGY__RENEWABLE_TRANSITION,신재생에너지 전환,0.5865737795829773,"이창섭 이사는 롯데케미칼 기초화학연구소와 본사의 ESG경영부문은 태양광 발전소 프로젝트의 기획 단계에서부터 설계, 승인, 시공 및 운영에 이르는 모든 단계에서 적극적인 협조와 지원을 아끼지 않았다 며 정밀한 공정이 이루어지는 대기업 사업장에 추진되는 RE100 태양광 발전소 프로젝트가 성공하기 위해서는 기업의 적극적인 협력 없이는 불가능하다 고 말했다."
1112,opportunity,0.5172,positive,0.994,에너지 관리,E,E_ENERGY__RENEWABLE_TRANSITION,신재생에너지 전환,0.5203370451927185,엔라이튼은 롯데케미칼 기초화학연구소에 태양광 발전소가 성공적으로 도입될 수 있었던 또다른 요인으로 롯데케미칼의 적극적인 협력을 꼽았다.
1113,opportunity,0.3159,positive,0.5808,에너지 관리,E,E_ENERGY__RENEWABLE_TRANSITION,신재생에너지 전환,0.5438518524169922,"엔라이튼은 지난 1월 롯데케미칼 기초화학연구소의 주차장 및 건물 지붕에 총 630kW 규모의 태양광 발전소를 준공했으며, 현재 RE100 자가용 태양광 구독 방식을 통해 재생에너지 전기를 공급하고 있다."
1114,opportunity,0.6577,positive,0.966,에너지 관리,E,E_ENERGY__RENEWABLE_TRANSITION,신재생에너지 전환,0.6808338165283203,"롯데케미칼은 지난해 7월 글로벌 이니셔티브인 RE100에 가입하며 2050년까지 사용 전력 100%를 재생에너지로 전환할 계획을 밝혔다. 이를 위해 롯데케미칼은 국내 사업장에 태양광 발전소 도입을 결정했고, 엔라이튼은 투자, 공사도급, 관리운영, RE100 사업개발 등 태양광 사업의 전 과정을 담당하며 성공적으로 프로젝트를 수행했다."
1115,context,0.1993,neutral,0.9995,에너지 관리,E,E_ENERGY__RENEWABLE_TRANSITION,신재생에너지 전환,0.6646444201469421,"한국에너지공단 대전충남지역본부, 충남도청 탄소중립경제과, 충남테크노파크 에너지센터 관계자 등이 참석한 가운데 엔라이튼 이창섭 이사는 대전충남 지역 RE100 이행 우수사례로 롯데케미칼 기초화학연구소의 태양광 도입 사례를 공유했다."
1116,context,0.1819,neutral,0.9999,에너지 관리,E,E_ENERGY__RENEWABLE_TRANSITION,신재생에너지 전환,0.6064255833625793,"이번 간담회는 지난 16일 한국에너지공단 대전충남지역본부에서 개최됐으며, 한국형 RE100 참여 활성화 방안을 모색하기 위해 마련됐다."
1117,context,0.1985,neutral,0.9999,에너지 관리,E,E_ENERGY__RENEWABLE_TRANSITION,신재생에너지 전환,0.6616421341896057,"박희원은 기업 및 지자체 등의 탄소중립, RE100 전략 수립을 지원하는 넷제로홀딩스그룹 대표다. 속초 등 지자체, 다수 대기업, 중소기업의 넷제로 전략을 자문하고, 현장의 ESG 실무자들을 위한 넷제로아카데미도 운영하고 있다. 서울대에서 공학박사(에너지자원공학) 학위를 땄다. 풀뿌리 ESG를 주제로 ESG경제 에 칼럼을 연재한다."
1118,context,0.1826,neutral,0.9998,에너지 관리,E,E_ENERGY__EFFICIENCY_CONSUMPTION,에너지 소비 및 효율화,0.608906090259552,"이번 계획안은 또한 최종 에너지 소비량에서 재생에너지 비중을 기존 47%에서 51%까지 늘리겠다는 목표를 세웠다. 최종 에너지 소비량은 전력 부문에서 사용되는 에너지를 제외하고 가정, 산업, 농업, 상업 공공, 수송 부문 등에서 소비하는 총 에너지를 말한다. 운송 및 난방 등 전력 부문 외 다양한 에너지 소비를 포함한다."
1119,context,0.1545,neutral,0.9997,인적자원 관리,S,S_HR__DIVERSITY_INCLUSION,다양성 및 형평성 (DEI),0.5152117609977722,해리스는 알렉산드리아 오카시오-코르테즈 의원과 함께 기후평등법(Climate Equity Act)를 발의하여 정부의 환경 정책이 경제 및 인종 불평등을 고려하도록 요구한 바 있다. 이를 통해 기후 정책이 모든 사람에게 공정하게 적용되도록 하겠다는 것이다.
1120,context,0.155,neutral,0.9974,에너지 관리,E,E_ENERGY__RENEWABLE_TRANSITION,신재생에너지 전환,0.5179743766784668,"NEM 3.0은 미국 캘리포니아주의 주택용 태양광 소비자에게 적용되는 제도로, 주택용 태양광 발전소에서 생산된 잉여전력을 유틸리티 회사가 구매하게 하는 것이다. 지난 4월부터 NEM 3.0이 시행된 이후 캘리포니아에서 주거용 태양광과 저장 장치 설치가 급증했다."
1121,context,0.1542,neutral,0.8925,윤리경영·준법,G,G_ETHICS__ANTI_CORRUPTION_COMPLIANCE,반부패 및 컴플라이언스,0.5758509039878845,컴플라이언스 상장기업은 검증 가능하고 감사받을 수 있는 지속가능성 관련 지표에 대해 정기적으로 공시해야 한다.
1122,context,0.1262,neutral,0.9998,에너지 관리,E,E_ENERGY__RENEWABLE_TRANSITION,신재생에너지 전환,0.4206618368625641,"개정안은 발전시설을 저수지에서 직선거리로 300m 이격하는 내용도 삭제했다. 다만, 불갑저수지 등에 태양광 발전시설이 설치될 경우 주민 민원 발생이 예상돼 현행대로 유지하도록 했다."
1123,context,0.1284,neutral,0.9887,에너지 관리,E,E_ENERGY__RENEWABLE_TRANSITION,신재생에너지 전환,0.43274953961372375,"기존에는 태양광 발전시설 허가기준을 10가구 이상 주거밀집 지역과 관광지, 공공시설 등으로부터 500m 이상 떨어져야 했지만 개정안 통과에 따라 300m로 줄어들게 됐다."
1124,context,0.1499,neutral,0.9998,에너지 관리,E,E_ENERGY__RENEWABLE_TRANSITION,신재생에너지 전환,0.49987199902534485,"서울시 녹색건축물설계기준을 개정해 지하개발 면적의 50% 이상 지열을 설치하거나, 신재생에너지 설치 의무량의 50% 이상을 수열 폐열 등으로 공급하는 방안 중 사업주가 유리한 방식을 선택할 수 있다."
1125,context,0.0844,neutral,0.6148,에너지 관리,E,E_ENERGY__RENEWABLE_TRANSITION,신재생에너지 전환,0.4578268826007843,글로벌 에너지 모니터(GEM)는 현재 전세계에 건설 중인 신규 풍력 및 태양광 발전소의 약 3분의 2가 중국에 세워지고 있다고 최근 보고서를 통해 밝혔다.
1126,opportunity,0.4571,positive,0.9998,에너지 관리,E,E_ENERGY__RENEWABLE_TRANSITION,신재생에너지 전환,0.45722663402557373,태양광 발전량도 전년 동기 대비 무려 39.4% 증가한 378.4TWh를 보였다. 원자력 발전량은 작년 상반기와 비슷한 추세를 보이며 212.26TWh가 생산됏다.
1127,context,0.0739,neutral,0.8841,에너지 관리,E,E_ENERGY__RENEWABLE_TRANSITION,신재생에너지 전환,0.278440922498703,"그러나 아프리카 재생에너지 프로젝트가 미국과 유럽에 비해 자본 비용은 더 많이 투입되는 것으로 나타났다. 아프리카 내에서도 남아프리카, 나이지리아, 케냐는 가장 큰 태양광 발전 시장을 제공하는 반면, 우간다는 재생에너지 프로젝트에서 가장 높은 수익을 제공하는 것으로 나타났다."
1128,context,0.1499,neutral,0.9998,기후변화·온실가스,E,E_CLIMATE__SCOPE1_2_EMISSION,Scope 1·2 배출량,0.4998888075351715,"금융배출량은 금융기관이 대출 투자, 보험 등을 제공하면서 발생하는 온실가스 간접 배출량을 뜻한다. 금융기관은 제조업과 달리 직접 배출량이 많지 않아 금융배출량이 온실가스 감축 성과를 평가하는 중요한 지표가 된다. 금융배출량만 관리지표로 사용할 경우 은행은 온실가스 감축 목표를 달성하기 위해 탄소집약적인 업종에 대한 대출을 줄여야 한다. 이렇게 되면 탄소집약적인 기업의 탈탄소전환을 위한 대출이 어려워질 수 있다."
1129,context,0.2047,neutral,0.9998,이사회 구조,G,G_BOARD__COMPOSITION_INDEPENDENCE,이사회 구성 및 독립성,0.6825090646743774,신한금융이 A 등급을 받지 못한 이유는 이사회 의장과 대표이사 회장의 위상 때문이다. 경영진을 뽑고 감시하는 이사회 의장이 독립적이어야 하며 당연히 서류상 대표이사 회장보다 먼저 언급되야 한다. 그러나 이번 기업가치 제고 계획이나 홈피의 이사회 구성을 보면 진옥동 회장이 윤재원 의장 위에 있다. 단순히 아랫사람의 충성이라기 보다는 엄연한 현실 및 신한금융그룹의 정서를 반영한 것으로 보인다.
1130,context,0.1264,neutral,0.9977,인적자원 관리,S,S_HR__DIVERSITY_INCLUSION,다양성 및 형평성 (DEI),0.4225148856639862,"아래 그림 신한금융 ROE, 시총 및 PBR 장기 추이 (2001-24) 에서 보듯이 국내금융기관의 영업환경은 녹록치 못하다. 신한금융은 자본비용(Cost of equity, COE) 10%보다 ROE (2023년 9%)가 낮음을 인정했고 PBR이 최근 주가 상승에도 여전히 0.45배에 머무르는 이유로 낮은 주주환원율 및 향후 ROE 개선 불확실성을 꼽았다."
1131,opportunity,0.5428,positive,0.9486,에너지 관리,E,E_ENERGY__RENEWABLE_TRANSITION,신재생에너지 전환,0.5722403526306152,"태양광 발전설비는 대전 R D센터 내 주차장, 운동장 등 총 4862m 면적에 설치됐다. 양면형 태양광 모듈 1740장이 사용됐다. 이는 국내 통신업계가 가동하는 단일 시설 태양광 발전설비 중 가장 큰 규모다."
1132,context,0.1853,neutral,0.9966,기후변화·온실가스,E,E_CLIMATE__CLIMATE_GOVERNANCE_INVENTORY,기후 거버넌스·인벤토리,0.619953989982605,이를 위해 정부는 핵심 소재와 부품의 LCI DB와 배출계수 구축 실측데이터 확보를 위한 측정기기 보급 국제통용되는 탄소발자국 검증제도 의 국제 상호인정 확대 등을 추진하기로 했다.
1133,context,0.182,neutral,0.9863,에너지 관리,E,E_ENERGY__RENEWABLE_TRANSITION,신재생에너지 전환,0.6151372194290161,정부는 산업단지나 지자체와 협력해 공급망 취약 기업에 대한 지원을 강화할 계획이다. 정부는 18개 산업단지 입주 기업의 에너지 데이터를 연결해 분석하고 2030년까지 6GW 규모의 태양광 발전 시설을 보급하기로 했다. 폐열과 부산물의 재자원화를 위한 지원도 이루어질 예정이다.
1134,context,0.1355,neutral,0.9998,인적자원 관리,S,S_HR__DIVERSITY_INCLUSION,다양성 및 형평성 (DEI),0.45183607935905457,전날 브라질 리우데자네이루에서 열린 G20 재무장관 회의에서도 옐런은 저탄소 경제의 중요성을 역설했다. 옐런 장관은 기후 변화와 자연 및 생물 다양성 손실에 대처하지 않는 것은 단순히 나쁜 환경 정책일뿐만 아니라 나쁜 경제 정책 이라고 말했다. 넷제로 목표를 달성하는 것이 바이든-해리스 행정부의 최우선 과제이며 이를 위해서는 미국 국경을 뛰어넘는 리더십이 필요하다고 덧붙였다.
1135,context,0.1639,neutral,0.9998,에너지 관리,E,E_ENERGY__RENEWABLE_TRANSITION,신재생에너지 전환,0.5465689897537231,"영국의 노동당 정부는 청정에너지의 슈퍼파워 국가 전략으로 2030년까지 해상풍력 4배, 태양광 발전 3배, 육상풍력 발전 2배를 목표로 내세웠다. 더불어 영국 수백만 가구에 주택 태양광 발전기를 보급하는 태양광 옥상 혁명 계획을 발표했다. 이를 위해 신축 건물 태양광 설치 의무화, 태양광 설치 제한 규제 재검토 등 제도 기반 구축을 준비하고 있다."
1136,opportunity,0.3065,positive,0.5267,에너지 관리,E,E_ENERGY__RENEWABLE_TRANSITION,신재생에너지 전환,0.5820060968399048,"기업이 국내에서 RE100 달성이 가능하도록 재생에너지를 확대하고, 탄소중립과 관련한 산업을 확장하기 위해서는 재생에너지 기반 에너지산업을 수출산업화로 연결해야 한다. 정부가 의지를 다지고, 장기, 중기, 단기 전략을 수립해야 하는 것이다."
1137,context,0.1769,neutral,0.9992,에너지 관리,E,E_ENERGY__RENEWABLE_TRANSITION,신재생에너지 전환,0.5900283455848694,"2020년 베트남 정부는 발전, 지붕 및 수상 태양광 프로젝트에 대한 요금을 개정했다. 생산자에게 시장 가격 이상을 보장함으로써 태양광 에너지에 대한 투자를 장려한 정부 정책의 힘이 컸다. 추가 용량의 대부분은 주거용 및 상업용 건물에 설치된 옥상 태양광 발전으로 인한 것이었다. 현재 베트남에는 10만 3000개 이상의 옥상 태양광 발전 프로젝트가 있으며, 총설치 용량은 9.5GW 이상이다. 17GW 중 9.5GW가 지붕 태양광이다."
1138,context,0.1261,neutral,0.8843,에너지 관리,E,E_ENERGY__RENEWABLE_TRANSITION,신재생에너지 전환,0.4754166007041931,"한국무역협회 조사에 따르면 RE100 압박으로 재생에너지 비용이 저렴한 국가로 이전을 고려하는 수출기업 비중은 중소기업일수록 높게 나왔으며, 유력한 지역은 동남아(52.2%)로 나타났다. 동남아가 우리보다 재생에너지 여건이 좋다는 이야기가 된다. 우리 기업이 태양광 확보를 위해 공장을 이전한 베트남에서는 어떤 변화가 일어나고 있는 것일까"
1139,context,0.1275,neutral,0.999,에너지 관리,E,E_ENERGY__RENEWABLE_TRANSITION,신재생에너지 전환,0.4253997802734375,"스페인 에너지부는 성명에서 300여 개의 프로젝트들 중 43개의 풍력 발전소, 1개의 수력발전소를 제외하면 모두 태양광 발전소에 해당한다고 밝혔다. 스페인은 햇빛이 잘 드는 평야, 바람이 잘 부는 언덕, 빠르게 흐르는 강을 활용해 2030년까지 재생에너지 발전 비중을 현재 약 50%에서 전체 81%까지 끌어올릴 계획이다."
1140,context,0.0853,neutral,0.6443,에너지 관리,E,E_ENERGY__RENEWABLE_TRANSITION,신재생에너지 전환,0.4412916898727417,이처럼 태양광 발전 생산량이 빠르게 성장하는 데 비해 에너지 위기(지난 2021년) 이후 독일의 전력 수요가 회복세가 저조해 가격 폭락 우려가 제기되고 있다. 블룸버그NEF는 올 여름 독일의 전력 수요가 전년대비 1%만 증가할 것이라고 예측했다.
1141,context,0.135,neutral,0.9735,에너지 관리,E,E_ENERGY__RENEWABLE_TRANSITION,신재생에너지 전환,0.4621872305870056,"29일 블룸버그NEF에 따르면, 독일은 올 여름 많은 태양광 프로젝트가 운행을 시작함에 따라 가파른 태양광 발전 상승세를 보일 예정이다. 유럽에너지거래소의 데이터에 따르면 일조량이 가장 많은 정오에 독일의 태양광 생산량은 4만 8681메가와트(MW)에 달했다."
1142,context,0.1174,neutral,0.7494,에너지 관리,E,E_ENERGY__RENEWABLE_TRANSITION,신재생에너지 전환,0.5223658084869385,이에 대해 보고서는 일본은 기업 수요 증가와 인증서 가격 하한선 하락으로 청정에너지 인증서가 8.5TW 판매됐다면서 일본이 PPA 시장보다는 인증서 구매가 활발하게 이뤄진 결과라고 분석했다. 이어 보고서는 한국 기업들은 영국과 EU의 탄소국경조정제도(CBAM)가 시행되기 전에 RE100 활동을 늘릴 것으로 기대된다고 덧붙였다.
1143,context,0.1835,neutral,0.9986,에너지 관리,E,E_ENERGY__RENEWABLE_TRANSITION,신재생에너지 전환,0.6124639511108398,"한편, 블룸버그NEF는 2030년 RE100 회원사의 전력 수요를 650TWh로 전망하고, 재생에너지 비중은 76.8%인 499TWh로 전망한 바 있다. 보고서는 이러한 전망에 따르면 2030년 기준 지역별로 미주(AMER) 132TWh, 아시아 태평양(APAC) 109TWh, 유럽 중동 아프리카(EMEA) 60TWh의 재생에너지가 추가 보급될 필요가 있다고 전했다."
1144,context,0.1137,neutral,0.9991,에너지 관리,E,E_ENERGY__RENEWABLE_TRANSITION,신재생에너지 전환,0.3793123960494995,"그러나 한국의 RE100 기업 재생에너지 조달은 평균에 한참 못 미치는 수준이다. 블룸버그NEF에 따르면, 각국 RE100 기업들의 재생에너지 비중은 사우디아라비아 0% 아랍에미리트 2% 싱가포르 4% 한국 8% 순으로 낮다. 같은 아시아 태평양 지역인 일본은 21%, 필리핀 23%, 호주 24%, 태국 15%로 모두 한국보다 재생에너지 비중이 높다. 일부 산유국을 제외하면 한국은 세계 꼴찌 수준이다."
1145,context,0.2201,neutral,0.9999,에너지 관리,E,E_ENERGY__RENEWABLE_TRANSITION,신재생에너지 전환,0.7336761951446533,"에너지경제연구원이 지난 29일 발표한 국제 RE100 동향과 단기 전망 보고서에 따르면, 2022년 기준 전세계 회원사들의 전력소비량은 481TWh로, 이중 재생에너지 비중은 50% 수준이다. 주요 조달 방안은 재생에너지 인증서(41%) 전력구매계약(Power Purchase Agreement, PPA)(31%) 공급자와의 계약(Contract with Supplier)(24%) 등이 있다."
1146,context,0.1781,neutral,0.9889,에너지 관리,E,E_ENERGY__RENEWABLE_TRANSITION,신재생에너지 전환,0.6003159880638123,"RE100은 기업이 전력소비량의 100%를 재생에너지로 조달하겠다는 자발적인 캠페인으로 메타, 구글, 애플, 스타벅스 등 433개 글로벌 기업들이 회원사로 가입했다. 한국에서는 삼성, SK, 현대차, LG 등 35개 기업이 참여 중이다. RE100 참여 기업은 2050년까지 재생에너지 소비 비중 100% 달성을 목표로, 2030년까지 60%, 2040년까지 90% 이상의 실적 달성을 권고받고 있다."
1147,context,0.1748,neutral,0.9542,에너지 관리,E,E_ENERGY__RENEWABLE_TRANSITION,신재생에너지 전환,0.6105137467384338,한국의 RE100 기업이 직접전력구매계약(PPA)을 통해 구매한 재생에너지 전력은 945MW로 선진국은 물론 인도나 호주 등 다른 아시아 태평양 지역 기업에 비해서도 적은 규모를 나타냈다.
1148,risk,0.5091,negative,0.9997,에너지 관리,E,E_ENERGY__RENEWABLE_TRANSITION,신재생에너지 전환,0.5092805624008179,하지만 에이케이컴은 태양광 모듈 공급 과잉에 따른 재무구조 악화로 지난 6월 일부 모듈의 생산 중단을 발표하고 국제 태양광 발전과 스마트 에너지 컨퍼런스 및 전시회 참여 계획도 취소했다.
1149,context,0.1392,neutral,0.7853,에너지 관리,E,E_ENERGY__RENEWABLE_TRANSITION,신재생에너지 전환,0.5909587144851685,"구글은 2030년까지 전 세계 모든 운영시설과 밸류체인에서의 온실가스 순배출 제로(0)을 달성하고, 이를 위해 매일 24시간, 1주일 내내 무탄소 전력(24 7 CFE) 사용을 달성하겠다고 선언한 바 있다. 지난 2017년 회사의 연간 전력 사용량을 뛰어넘는 재생에너지 전력을 구매하면서 RE100(재생에너지 조달 100%)을 달성했고, 더욱 야심찬 목표로 24 7 CFE 달성을 이듬해 약속했다."
1150,context,0.1392,neutral,0.7853,기후변화·온실가스,E,E_CLIMATE__SCOPE1_2_EMISSION,Scope 1·2 배출량,0.5909587144851685,"구글은 2030년까지 전 세계 모든 운영시설과 밸류체인에서의 온실가스 순배출 제로(0)을 달성하고, 이를 위해 매일 24시간, 1주일 내내 무탄소 전력(24 7 CFE) 사용을 달성하겠다고 선언한 바 있다. 지난 2017년 회사의 연간 전력 사용량을 뛰어넘는 재생에너지 전력을 구매하면서 RE100(재생에너지 조달 100%)을 달성했고, 더욱 야심찬 목표로 24 7 CFE 달성을 이듬해 약속했다."
1151,context,0.176,neutral,0.9987,에너지 관리,E,E_ENERGY__RENEWABLE_TRANSITION,신재생에너지 전환,0.5873377919197083,EIB는 유럽의 풍력발전 사업에 대한 은행 등 대출기관의 신용 리스크를 낮추고 보증 제공을 확대하기 위해 50억유로를 지원하겠다고 지난해 12월 발표한 바 있다. 이는 유럽의 재생에너지 전환과 풍력 발전산업을 확대하기 위한 EU의 풍력발전 정책 패키지(EU Wind Power Package)의 일환이다.
1152,context,0.1874,neutral,0.9998,기후변화·온실가스,E,E_CLIMATE__CLIMATE_GOVERNANCE_INVENTORY,기후 거버넌스·인벤토리,0.6246353387832642,"중국 정부는 전기와 철강, 건축 자재 등 주요 산업의 탄소회계 기준과 규정을 제정하는 한편, 탄소배출권 거래제 적용 대상 산업도 확대하기로 했다. 온실가스 배출량 관련 통계 개선과 온실가스 배출 요인에 관한 데이터베이스도 정기적으로 업그레이드 하기로 했다."
1153,context,0.1661,neutral,0.9996,에너지 관리,E,E_ENERGY__RENEWABLE_TRANSITION,신재생에너지 전환,0.5537487864494324,이 채권 발행을 통해 선진국으로부터 자금을 조달해 태양광 발전이나 에너지 저장장치 등에 투자해야 한다는 제안이다.
1154,context,0.2037,neutral,0.9999,기후변화·온실가스,E,E_CLIMATE__SCOPE3_EMISSION,Scope 3 배출량,0.6790143847465515,"제트블루는 또한 지난 2022년에 기업고객의 여행 배출량 해결을 지원하기 위해 SAF 인증서 구매, 제트블루가 운항하는 모든 국내선 항공편의 무료 탄소 상쇄 서비스, 배출량 보고를 위한 맞춤형 여행 데이터 및 분석 등의 서비스를 제공하는 지속가능한 여행 파트너 프로그램 을 출시했다. 기업 입장에서는 스코프3(Scope 3) 배출량에 해당하는 여행 및 출장 배출량을 감축할 수 있는 상품이다."
1155,opportunity,0.4174,positive,0.9998,에너지 관리,E,E_ENERGY__RENEWABLE_TRANSITION,신재생에너지 전환,0.41753333806991577,"아시아 태평양 지역의 PPA 시장은 지난해 전년대비 26% 성장하여 9.7GW에 도달했다. 인도의 재생에너지 PPA 거래 규모는 3.7GW로 아시아 시장을 주도했으며, 호주 역시 1.1GW 규모였다. 한국과 일본은 각각 945MW와 500MW를 기록했다."
1156,context,0.1249,neutral,0.9152,에너지 관리,E,E_ENERGY__RENEWABLE_TRANSITION,신재생에너지 전환,0.4547657370567322,"한화가 태양광 발전 관련 경남인사이트루프탑솔라1호 등 5개사를 계열 편입하고, 롯데가 이차전지 배터리 소재 관련 롯데인프라셀을 설립하는 등 6개 집단에서 15개사가 계열 편입했다."
1157,risk,0.5088,negative,0.9926,에너지 관리,E,E_ENERGY__RENEWABLE_TRANSITION,신재생에너지 전환,0.5125827789306641,"특히 이번 조사 기간에는 태양광과 이차전지, 바이오에너지 등 신재생에너지 분야에서의 사업역량 확대를 위한 지분인수 및 회사 설립이 두드러졌다."
1158,opportunity,0.6268,positive,0.8834,에너지 관리,E,E_ENERGY__RENEWABLE_TRANSITION,신재생에너지 전환,0.7095664739608765,"한편 엔라이튼은 전기요금 절감, RE100 이행, 발전수익 창출 등 고객의 목적에 최적화된 사업구조를 수립하고, 발전소 건설 및 관리운영까지 통합 솔루션을 제공하는 에너지 기후테크 기업이다. 엔라이튼은 발전왕(6.2GW 이상 발전소 연동) 을 통해 네이버에 재생에너지 전력을 공급하는 제3자 PPA 계약을 체결했으며, 지난 5월에는 경기도와 RE100 재생에너지 공급사업자 역할을 맡는 업무협약을 체결했다."
1159,opportunity,0.3944,positive,0.8373,에너지 관리,E,E_ENERGY__RENEWABLE_TRANSITION,신재생에너지 전환,0.4710238575935364,에너지 기후테크기업 엔라이튼(대표 이영호)은 초기비용 부담없이 태양광 발전을 이용해 전기요금을 절감할수 있는 주택용 태양광 구독서비스 를 출시했다고 7일 밝혔다.
1160,context,0.1591,neutral,0.9986,에너지 관리,E,E_ENERGY__RENEWABLE_TRANSITION,신재생에너지 전환,0.5311644077301025,"국제감축사업은 국내기업 또는 비영리단체가 해외에서 온실가스 감축 사업을 추진하고 그 감축 실적을 국내로 이전받는 사업을 말한다. 항만, 양식장 신재생에너지 보급 사업이나 맹그로브 복원 사업 등이 대표적이다."
1161,context,0.1425,neutral,0.9997,기후변화·온실가스,E,E_CLIMATE__SCOPE1_2_EMISSION,Scope 1·2 배출량,0.475134015083313,"금융배출량은 금융기관이 대출 투자, 보험 등을 제공하면서 발생하는 온실가스 간접 배출량을 뜻한다. 금융기관은 제조업과 달리 직접 배출량이 많지 않아 금융배출량이 온실가스 감축 성과를 평가하는 중요한 지표가 된다."
1162,context,0.1245,neutral,0.9996,인적자원 관리,S,S_HR__DIVERSITY_INCLUSION,다양성 및 형평성 (DEI),0.4150872826576233,"그는 따라서 우리 모두가 성장하고 지속 가능한 항공 산업을 원한다면, 언젠가는 eSAF로 가야 할 것 이라고 강조했다. SAF 생산으로 인해 생길 수 있는 생물 다양성 손실, 삼림 벌채, 농작물로 인해 생길 수 있는 토지 이용 변화 문제를 해결하려면 eSAF가 대안이라는 게 그의 생각이다. 다만 아직은 eSAF 생산에 적극적으로 뛰어드는 국가는 많지 않다."
1163,context,0.1317,neutral,0.9997,에너지 관리,E,E_ENERGY__RENEWABLE_TRANSITION,신재생에너지 전환,0.4392811059951782,"하지만, 운송 부문 배출량과 고속도로 태양광 패널의 감축 잠재력을 국가 단위로 따져본다면, 세계 주요 배출국 중에서 중국과 인도만이 고속도로 태양광 발전을 통해 교통 부문의 배출량을 완전히 상쇄할 수 있는 것으로 분석됐다."
1164,context,0.1783,neutral,0.9998,기후변화·온실가스,E,E_CLIMATE__SCOPE1_2_EMISSION,Scope 1·2 배출량,0.5942689776420593,보고서를 작성한 기후솔루션 김근하 해운팀 연구원은 해운업 탈탄소의 핵심은 연료의 전환에 있다. 현재 우리나라 정부 등 동아시아의 해운 탈탄소 방향은 석유계 연료라는 화석연료에서 결국 LNG라는 또 다른 화석연료로 옮겨가는 아이러니한 상황 이라며 이제는 연료별 전주기 온실가스 배출 집약도를 반영하여 연료 전환 계획을 재수립해야한다고 말했다.
1165,opportunity,0.3233,positive,0.6095,기후변화·온실가스,E,E_CLIMATE__SCOPE1_2_EMISSION,Scope 1·2 배출량,0.5304572582244873,"메탄올의 경우 다양한 제조 방식에 기반해 무탄소에 가까운 그린 메탄올을 만들 수 있는 반면, 화석연료인 석탄과 LNG를 기반으로 만들어지는 브라운 그레이 메탄올의 전주기 배출 집약도는 100.4 g CO2eq MJ로 석유계 연료를 상회하는 것으로 나타났다."
1166,context,0.1706,neutral,0.9825,기후변화·온실가스,E,E_CLIMATE__SCOPE1_2_EMISSION,Scope 1·2 배출량,0.5789631605148315,"바이오매스를 원료로 생산된 바이오연료 또한 토지이용변화에 따른 온실가스 배출을 고려할 경우, 작물 및 유지 작물(식용의 기름을 짜내기 위해 심는 작물) 기반 바이오디젤의 전주기 온실가스 배출 집약도는 최소 56.7 62.1 g CO2eq MJ에서 최대 106.6 130.7 g CO2eq MJ으로 선박연료유 평균(91.4 91.7 g CO2eq MJ)보다 최대 약 1.4배 높게 나타났다."
1167,context,0.1901,neutral,0.9999,기후변화·온실가스,E,E_CLIMATE__SCOPE1_2_EMISSION,Scope 1·2 배출량,0.6336340308189392,먼저 LNG의 경우 전주기 온실가스 배출 집약도(76 89 g CO2eq MJ)는 석유계 연료 온실가스 집약도(90 91 g CO2eq MJ)와 큰 차이가 없었다. 전주기 온실가스 배출 집약도는 연료 생산을 위한 원료의 확보 및 생산 단계에서의 온실가스 배출을 모두 포함한 결과다.
1168,context,0.1905,neutral,0.9958,기후변화·온실가스,E,E_CLIMATE__SCOPE1_2_EMISSION,Scope 1·2 배출량,0.6376394033432007,"한편 3국 모두 중간 대체연료를 통해 해상 운송 부문의 탈탄소화에 대응하고 있다. 그러나 보고서는 분석 결과 중간 대체 연료가 그린 연료로 가는 친환경 연료가 아니라고 지적했다. 석유계 연료인 선박용 중유(HFO)와 중간 대체 연료(LNG, 메탄올, 바이오연료)의 전 과정의 온실가스 배출량을 비교한 결과, 전주기 온실가스 배출 집약도 차이가 크지 않았다는 것이다."
1169,context,0.1686,neutral,0.9883,에너지 관리,E,E_ENERGY__RENEWABLE_TRANSITION,신재생에너지 전환,0.5687010288238525,특히 엔라이튼은 까다로운 작업 및 안전보건 기준을 요구하는 대기업 및 중견기업 사업장에 RE100 태양광을 성공적으로 건설 및 운영하며 높은 엔지니어링 기술력을 인정받고 있다.
1170,context,0.101,neutral,0.5433,에너지 관리,E,E_ENERGY__RENEWABLE_TRANSITION,신재생에너지 전환,0.619931161403656,"현재 엔라이튼은 한국공장지붕태양광지주 를 통해 대기업 및 중견기업 사업장에 30MW 이상의 RE100 태양광 사업을 개발 및 운영 중이다. 이 외에도 엔라이튼은 계열사를 통해 전국에 100MW 이상의 태양광 자산을 보유하고 있으며, RE100 컨설팅 EPC O M 사무수탁 등 에너지 관련 통합 서비스를 제공하고 있다."
1171,context,0.1816,neutral,0.9471,에너지 관리,E,E_ENERGY__RENEWABLE_TRANSITION,신재생에너지 전환,0.6391715407371521,"엔라이튼은 이번 자금을 통해 기업들이 RE100 목표를 효과적으로 이행하고, 지속 가능한 에너지 솔루션을 쉽게 도입할 수 있도록 RE100 태양광 구독 상품의 보급을 확대할 계획이다."
1172,context,0.1826,neutral,0.9995,에너지 관리,E,E_ENERGY__RENEWABLE_TRANSITION,신재생에너지 전환,0.6091132760047913,RE100 태양광 구독 상품은 기업들이 초기 비용 부담 없이 태양광을 설치하고 전기요금을 절감하며 RE100 목표를 이행할 수 있도록 지원한다. 또한 잉여 전력 판매를 통한 추가 수익 창출 기회도 제공하는 상품이다.
1173,context,0.1617,neutral,0.8386,에너지 관리,E,E_ENERGY__RENEWABLE_TRANSITION,신재생에너지 전환,0.6426424980163574,"이번에 조달된 자금은 한국공장지붕태양광지주 가 추진하는 사업의 지분 투자를 위해 투입되어, 부족한 재원과 전문성으로 인해 RE100 목표 달성에 어려움을 겪는 중소 중견기업 및 해외 기업의 국내 지사들을 위한 RE100 태양광 구독 사업을 확산하는 데 중요한 역할을 할 것이다."
1174,context,0.1613,neutral,0.9344,에너지 관리,E,E_ENERGY__RENEWABLE_TRANSITION,신재생에너지 전환,0.5753229856491089,"엔라이튼은 금융시장의 보수적 기조에도 불구하고, 지난 6월 59억원 규모의 프로젝트 파이낸싱(PF) 대출에 이어 이번 자금조달을 통해 RE100 태양광 사업에 필요한 자금을 연이어 확보하며 금융 전문성과 사업 구조화 역량을 입증했다."
1175,context,0.1298,neutral,0.9991,인적자원 관리,S,S_HR__DIVERSITY_INCLUSION,다양성 및 형평성 (DEI),0.4328976571559906,또한 기업의 기존 DEI 노력에 반대하는 주주 제안이 51건이나 있었으나 이 중 통과된 안건은 단 한 건도 없었다는 점도 주목할 필요가 있다는 게 프레시필즈 측의 설명이다.
1176,context,0.1463,neutral,0.9999,인적자원 관리,S,S_HR__DIVERSITY_INCLUSION,다양성 및 형평성 (DEI),0.48774275183677673,가령 주주의 압박을 받은 전원 생활용품 체인점인 트랙터 서플라이는 6월에 DEI 목표를 철회하겠다고 발표하기도 했다. 트랙터 제조업체인 존 디어 역시 7월에 비슷한 발표를 통해 인력 다양성을 계속 추적하되 문화와 사회적 인식에 초점을 맞춘 행사 참여는 중단하겠다고 밝혔다.
1177,context,0.1966,neutral,0.9999,인적자원 관리,S,S_HR__DIVERSITY_INCLUSION,다양성 및 형평성 (DEI),0.6553054451942444,"ESG에 지배구조 관련 이슈는 회사의 윤리적 경영, 주주 권리 보호, 위험 관리, 이사회와 경영진의 역할과 관련된 이슈를 말한다. 또 환경과 사회 관련 이슈는 기업에 온실가스 배출을 줄이고, 보다 지속가능한 공급망 관행을 채택하고, 다양성 형평성 포용성(DEI) 목표를 채택하도록 강제하는 이슈를 가리킨다."
1178,context,0.153,neutral,0.9995,인적자원 관리,S,S_HR__DIVERSITY_INCLUSION,다양성 및 형평성 (DEI),0.51039719581604,"이번 프로젝트는 지역 사회 농민들과 협력해 정의로운 보상 체계 구축과 야생동물 서식지 복원 및 생물 다양성 보호에도 관심을 기울일 계획이다. 실바 캐피탈은 이번 프로젝트에 대해 농업 활동을 보완하고 향상시키고, 친환경 재배를 통해 토양 건강과 생물다양성을 개선하도록 설계되었으며, 탄소 감축, 식량 안보, 토지 생산성 등의 이점 고 밝혔다."
1179,risk,0.5202,negative,0.9812,기후변화·온실가스,E,E_CLIMATE__SCOPE3_EMISSION,Scope 3 배출량,0.5301353335380554,"보고서는 LNG를 사용하는 반도체 기업은 Scope 1, 2, 3 배출량에 대한 공개 요건으로 인해 전 세계적으로 압박이 가중될 수 있다 는 점을 강조했다. 더불어 이로 인한 투자자와 대출 기관의 우려가 높아져 자금 조달 및 자본에 대한 접근이 제한될 수 있다고 지적했다. 나아가 다운스트림 고객과 업스트림 공급업체는 Scope 3 온실가스 배출과 관련된 더 엄격한 보고 요건으로 인해 비즈니스 수행에 어려움을 겪을 수도 있다 고도 말했다."
1180,risk,0.5202,negative,0.9812,기후변화·온실가스,E,E_CLIMATE__SCOPE1_2_EMISSION,Scope 1·2 배출량,0.5301353335380554,"보고서는 LNG를 사용하는 반도체 기업은 Scope 1, 2, 3 배출량에 대한 공개 요건으로 인해 전 세계적으로 압박이 가중될 수 있다 는 점을 강조했다. 더불어 이로 인한 투자자와 대출 기관의 우려가 높아져 자금 조달 및 자본에 대한 접근이 제한될 수 있다고 지적했다. 나아가 다운스트림 고객과 업스트림 공급업체는 Scope 3 온실가스 배출과 관련된 더 엄격한 보고 요건으로 인해 비즈니스 수행에 어려움을 겪을 수도 있다 고도 말했다."
1181,context,0.1188,neutral,0.9659,에너지 관리,E,E_ENERGY__RENEWABLE_TRANSITION,신재생에너지 전환,0.4100413918495178,미국 팹리스 고객들이 재생에너지 사용 제조업체를 우선시하는 상황에서 LNG와 같은 화석연료를 사용하는 반도체 클러스터는 SK하이닉스의 RE100 목표와 시장 경쟁력을 위협할 수 있다는 것이다. RE100 가입률이 가장 높은 국가가 미국이라는 점을 고려해봐도 구매자들이 환경문제를 이유로 거래를 자제할 경우 SK하이닉스와 국내 반도체 업체들은 시장 점유율을 잃을 수 있다.
1182,context,0.1431,neutral,0.9995,에너지 관리,E,E_ENERGY__RENEWABLE_TRANSITION,신재생에너지 전환,0.47737035155296326,"김 연구원은 한국은 지정학적 영향력, 국가 안보, 산업 리더십, 금융 접근성, 공공 복지를 지키기 위해 재생에너지 전환을 가속화해야 한다면서 재생에너지 부족 문제를 해결함으로써 한국은 글로벌 경쟁력을 유지할 수 있다고 말했다."
1183,context,0.1711,neutral,0.9998,기후변화·온실가스,E,E_CLIMATE__SCOPE3_EMISSION,Scope 3 배출량,0.5706175565719604,"보고서의 저자이자 IEEFA 한국 에너지 금융 전문가인 미셸(채원) 김은 보고서에서 글로벌 반도체 구매자들은 공급망의 탄소 집약도에 대해 점점 더 우려하고 있으며, 탄소 발자국을 적극적으로 줄이는 제조업체를 찾고 있다면서 반도체는 한국 전체 수출의 20% 이상을 차지하기 때문에 재생에너지 도입은 한국 경제의 경쟁력을 지키고 업스트림 및 다운스트림 공급망의 미래 공급업체와 고객을 확보하는 데 매우 중요하다고 강조했다."
1184,context,0.1805,neutral,0.9991,윤리경영·준법,G,G_ETHICS__ANTI_CORRUPTION_COMPLIANCE,반부패 및 컴플라이언스,0.6021587252616882,남양유업은 준법 윤리 경영을 감독할 컴플라이언스 위원회를 이달 설치할 계획이다. 외부 전문가도 참여하는 이 위원회는 남양유업의 준법 윤리 경영 정책 및 내부통제 시스템 전반을 검토하고 주요 현안에 대한 준법 감시 역할을 한다.
1185,context,0.1972,neutral,0.9988,윤리경영·준법,G,G_ETHICS__ANTI_CORRUPTION_COMPLIANCE,반부패 및 컴플라이언스,0.6581478714942932,또한 체계적인 내부통제를 위한 준법통제기준을 제정하고 이를 바탕으로 상시 모니터링을 통해 이상 거래나 부적절한 행위를 탐지하며 컴플라이언스(준법)를 강화할 계획이다.
1186,opportunity,0.3509,positive,0.928,에너지 관리,E,E_ENERGY__RENEWABLE_TRANSITION,신재생에너지 전환,0.37810027599334717,"미국 정부는 동남아시아에서 생산되는 태양광 패널은 중국이 미국의 반덤핑 상계관세를 회피하기 위해 우회 수출하는 중국산 패널로 보고 있다. 미국은 태양광 발전의 빠른 확충을 위해 동남아산 패널에 대해서는 관세를 유예했으나, 자국 기업의 피해를 막기 위해 지난 6월6일부터 말레이시아와 태국, 캄보디아, 베트남에서 수입되는 태양광 패널에 대한 관세를 복원했다."
1187,context,0.2067,neutral,0.9745,기후변화·온실가스,E,E_CLIMATE__CLIMATE_GOVERNANCE_INVENTORY,기후 거버넌스·인벤토리,0.7068936824798584,NBIM은 또한 내부 탄소가격 책정이나 자원 및 관계(resources and Relationships) 와 영향 및 의존성(impacts and dependencies) 개념도 ISSB 기준과 일치해야 한다고 지적했다.
1188,context,0.2054,neutral,0.9999,에너지 관리,E,E_ENERGY__RENEWABLE_TRANSITION,신재생에너지 전환,0.684796929359436,이날 세미나는 분산에너지법 후속 이행과제 산업 및 활성화 추진방향 분산에너지 특화지역 차별화 전략 및 비즈니스 모델 통합발전소(VPP)를 활용한 재생에너지 입찰 제도 운영 및 미래 활용 방향 분산에너지와 지역별 전기요금 차등제의 대응전략과 비즈니스 방향 RE100 이행지원을 위한 전력거래계약(PPA) 활성화 추진방안 분산에너지 신사업 전략- 에너지프로슈머 P2P 기술 개발 동향 및 사례와 사업화 전략 분산형 수소연료전지 비즈니스 모델 확대 방안 전력시장 제도 개선 및 분산에너지 활성화 특별법 기반 사업화 전략 등의 발제로 진행될 예정이다.
1189,context,0.1651,neutral,0.9994,기후변화·온실가스,E,E_CLIMATE__SCOPE1_2_EMISSION,Scope 1·2 배출량,0.5505238771438599,메타의 재생에너지 책임자 우르비 파레크는 보도자료를 통해 이번 협력은 재생에너지 확대를 위한 회사의 노력과 데이터센터 및 사무실의 전력 사용량을 100% 재생에너지로 충당하겠다는 우리의 약속을 보여주는 중요한 사례 라고 밝혔다.
1190,context,0.0855,neutral,0.9993,에너지 관리,E,E_ENERGY__RENEWABLE_TRANSITION,신재생에너지 전환,0.28531721234321594,왕은 다만 CNN에 태양광 발전소의 폐지를 주장하는 것은 아니다 라면서 충분한 양의 태양 에너지를 생산하려면 분명히 많은 지역이나 표면이 필요하기 때문에 태양광 발전소를 없애자는 말을 하고 싶지는 않다 고 밝혔다.
1191,context,0.1132,neutral,0.9991,에너지 관리,E,E_ENERGY__RENEWABLE_TRANSITION,신재생에너지 전환,0.37770095467567444,그러나 지상 태양광 발전소를 세우려면 많은 땅이 필요하다. 태양광 발전소 설치를 두고 사회적 갈등이 생기는 것도 이런 이유 때문이다. 이런 점에서 옥스퍼드 대학교 연구진은 그들이 개발한 기술이 에너지 비용을 절감하면서 이 문제에 대한 해결책을 제시할 수 있다고 믿고 있다.
1192,opportunity,0.4741,positive,0.9986,에너지 관리,E,E_ENERGY__RENEWABLE_TRANSITION,신재생에너지 전환,0.47474053502082825,전문가들은 태양광 패널이 호황을 누리는 주요 이유로 화석 연료를 포함한 다른 어떤 형태의 에너지보다 생산 비용이 저렴해진 태양광 발전 비용의 하락과 태양 에너지 변환의 효율성 제고를 꼽고 있다.
1193,context,0.1426,neutral,0.9998,에너지 관리,E,E_ENERGY__RENEWABLE_TRANSITION,신재생에너지 전환,0.47552791237831116,"연구에 참여한 옥스퍼드의 물리학자 준케 왕은 페로브스카이트 코팅이 자동차나 건물의 지붕, 심지어 휴대폰 뒷면과 같은 더 넓은 유형의 표면에 적용되어 저렴한 태양광 발전을 하는 모습을 상상할 수 있다 면서 이런 방식으로 더 많은 태양 에너지를 생산할 수 있다면 장기적으로 실리콘 패널을 사용하거나 더 많은 태양열 발전소를 건설할 필요성이 줄어들 것 이라고 내다봤다."
1194,context,0.0892,neutral,0.941,에너지 관리,E,E_ENERGY__RENEWABLE_TRANSITION,신재생에너지 전환,0.3158589005470276,다만 이것이 태양광 발전소를 대체하기 위한 것이 아니라 태양광 발전소를 보조하기 위한 수단이라는 게 CNN의 설명이다.
1195,context,0.1374,neutral,0.9966,인적자원 관리,S,S_HR__DIVERSITY_INCLUSION,다양성 및 형평성 (DEI),0.4595106244087219,"LIG는 자립준비청년 지원 외에도 취약계층 환자 의료비 지원, 국가유공자 지원, 대한장애인축구협회 후원 등 다양한 사회공헌 활동에 앞장서고 있다. 아울러 방산업계 최초로 자회사형 장애인 표준사업장 블랑제리길 을 경북 구미에 설립해 운영하는 등 장애인 고용과 지역사회 상생에도 이바지하고 있다."
1196,context,0.1022,neutral,0.651,인적자원 관리,S,S_HR__DIVERSITY_INCLUSION,다양성 및 형평성 (DEI),0.5233811140060425,노르디이 에쿼티 리서치(Nordea Equity Research)가 2017년 실시한 조사에서는 2012년부터 2015년까지 ESG 등급이 가장 높은 기업이 가장 낮은 기업보다 40%나 높은 성과를 거둔 것으로 확인됐다.
1197,context,0.1595,neutral,0.9999,에너지 관리,E,E_ENERGY__RENEWABLE_TRANSITION,신재생에너지 전환,0.5316255688667297,"행사는 전시회, 국제컨퍼런스 및 포럼, 세미나, 학술대회 등이 준비되어 있으며, 전시 주제는 수소 생산(수전해, 탄소포집, 신재생에너지(풍력, 원자력) 등) 수소 저장 운송(수소충전소, 수소탱크, 액화 기체, 파이프라인, 운송(해상, 육상), 안전 등) 수소 활용(모빌리티, 연료전지, 서비스, 철강, 화학 등 관련산업 등) 기관 및 단체(해외 국가관, 지자체, 연구기관, 각국 대사관, 무역투자청 등)으로 다양하다."
1198,opportunity,0.5509,positive,0.9924,에너지 관리,E,E_ENERGY__RENEWABLE_TRANSITION,신재생에너지 전환,0.5551408529281616,구글은 지난 2017년 회사의 연간 전력 사용량을 뛰어넘는 재생에너지 전력을 구매하면서 RE100(재생에너지 조달 100%)을 달성했다. 이후 회사는 더욱 야심찬 목표로 2030년까지 전 세계 모든 운영시설과 밸류체인에서의 온실가스 순배출 제로(0)와 24 7 CFE를 달성하겠다고 선언한 바 있다.
1199,opportunity,0.5509,positive,0.9924,기후변화·온실가스,E,E_CLIMATE__SCOPE1_2_EMISSION,Scope 1·2 배출량,0.5551408529281616,구글은 지난 2017년 회사의 연간 전력 사용량을 뛰어넘는 재생에너지 전력을 구매하면서 RE100(재생에너지 조달 100%)을 달성했다. 이후 회사는 더욱 야심찬 목표로 2030년까지 전 세계 모든 운영시설과 밸류체인에서의 온실가스 순배출 제로(0)와 24 7 CFE를 달성하겠다고 선언한 바 있다.
1200,opportunity,0.5543,positive,0.9344,에너지 관리,E,E_ENERGY__RENEWABLE_TRANSITION,신재생에너지 전환,0.5932333469390869,"중국 정부는 또한 공격적으로 태양광 발전 용량을 늘리고 있기도 하다. 기후 싱크탱크 글로벌 에너지 모니터(Global Energy Monitor, 이하 GEM)가 지난달 발간한 보고서에 따르면, 중국이 현재 건설 중인 풍력 및 태양광 발전소는 339기가와트(GW) 규모로 전세계 풍력 및 태양광 발전규모의 64%에 달한다고 밝혔다. 2위인 미국(40GW)의 프로젝트 파이프라인의 8배가 넘는다."
1201,opportunity,0.4893,positive,0.9998,에너지 관리,E,E_ENERGY__RENEWABLE_TRANSITION,신재생에너지 전환,0.4894026517868042,"태양광 발전량도 신기록을 갱신했다. 태양광 발전량은 지난해 7월 260억 kWh, 2022년에는 210억 kWh에서 지난 7월에 360억 kWh로 급증했다. 이같은 수치는 2021년 말 이후 두 배 이상 증가한 태양광 설치 용량 증가에 힘입은 바 크다."
1202,context,0.0914,neutral,0.5768,에너지 관리,E,E_ENERGY__RENEWABLE_TRANSITION,신재생에너지 전환,0.5284161567687988,"지난 7월 재생에너지 발전량은 동시다발적으로 사상 최고치를 기록했다. 중국국가통계국에 따르면, 7월 중국의 수력 발전량은 전년동기 대비 450억 kWh 증가했으며, 태양광 발전량은 100억 kWh, 풍력 발전량은 50억 kWh 증가했다."
1203,context,0.1169,neutral,0.9996,인적자원 관리,S,S_HR__DIVERSITY_INCLUSION,다양성 및 형평성 (DEI),0.3898168206214905,"카츠키도 기후변화, 생물 다양성, 인권은 전 세계적인 의제가 되었기 때문에 이런 운동이 후퇴하지는 않을 것 이라며 일본 시장은 반ESG 움직임에 큰 영향을 받지 않을 것으로 내다봤다."
1204,context,0.1085,neutral,0.9997,에너지 관리,E,E_ENERGY__RENEWABLE_TRANSITION,신재생에너지 전환,0.3619338274002075,"하지만 이에 비해 재생에너지 전환은 더뎌 늘어나는 당국의 전력 수요를 쫓아가지 못하자, 호주 야당인 자유당은 치솟는 에너지 가격을 낮추기 위해 원자력 발전소를 지어야 한다고 주장하고 있다. 그러나 노동당 정부는 이를 반대하고 있다."
1205,context,0.104,neutral,0.9997,에너지 관리,E,E_ENERGY__RENEWABLE_TRANSITION,신재생에너지 전환,0.34674379229545593,"이어 플리버섹 장관은 성명에서 호주인들은 이미 진행 중인 재생에너지 전환을 통해 일자리를 창출하고 전력 가격을 낮추거나, 실현되지 않을 수도 있는 값비싼 원자력 발전에 대한 환상에 비용을 지불하는 것 중 하나를 선택할 수 있다고 말했다."
1206,context,0.1416,neutral,0.9964,에너지 관리,E,E_ENERGY__RENEWABLE_TRANSITION,신재생에너지 전환,0.47370344400405884,타냐 플리버섹 호주 환경장관은 이 프로젝트는 세계에서 가장 큰 태양광 발전 허브가 될 것이며 호주가 친환경 에너지 분야의 세계적인 리더임을 알리는 신호탄이 될 것이라고 말했다.
1207,context,0.1802,neutral,0.9955,이사회 구조,G,G_BOARD__COMPOSITION_INDEPENDENCE,이사회 구성 및 독립성,0.6032136678695679,"이어 최태원 회장은 지난 수년 간 그룹 디렉터스 서밋(Director s summit)에서 이사회 중심의 경영을 강조하고, 이사회 역량을 강화해 독립경영이 가능한 수준으로 지배구조를 혁신해야 한다고 역설해놓고 막상 최 회장 본인, CEO, 사외이사 등 SK그룹 핵심 이해관계자들이 주주권리, 이사회 독립성 등 거버넌스 기본개념 조차 제대로 정립되지 않은 상태에서 밀어붙여 성과보다는 후유증이 많았다 며 대표적인 예가 SK이노베이션이 90% 지분 보유한, SK 손자회사인 SK온 상장 계획이라고 지적했다."
1208,context,0.1807,neutral,0.9989,에너지 관리,E,E_ENERGY__RENEWABLE_TRANSITION,신재생에너지 전환,0.603000283241272,"청구인은 이 규정에 따라 주택용전력 소비자의 에너지 선택권이 기업과 대조해 제한적이라며, 소비자의 자기결정권과 평등권을 침해한다고 주장했다. 기업이 자사의 온실가스 배출량 감축, RE100(재생에너지 조달 100%) 및 탄소중립 이행을 위해 재생에너지를 선택 구매하듯이 주택용전력 소비자도 일본, 독일처럼 재생에너지 전력을 선택해 소비할 수 있도록 해야 한다는 것이다."
1209,context,0.2058,neutral,0.9969,에너지 관리,E,E_ENERGY__RENEWABLE_TRANSITION,신재생에너지 전환,0.688270628452301,"산업부 고시사항 중 신재생에너지 발전전력 제3자간 전력거래계약에 관한 지침(제2장 4조 4항)은 300kW 이상의 일반용전력, 또는 산업용전력 고압 고객만 재생에너지를 선택해 제3자간 전력구매계약(PPA)을 체결할 수 있도록 하고 있기 때문이다."
1210,context,0.1619,neutral,0.9999,에너지 관리,E,E_ENERGY__EFFICIENCY_CONSUMPTION,에너지 소비 및 효율화,0.5398702025413513,더욱이 여름철과 같은 더운 날씨에는 전력을 쓰지 않고도 삽입된 금속 코팅이 외부에서 오는 태양 에너지를 최소 60% 차단할 수 있어 차량의 에너지 효율 개선에 큰 도움이 된다.
1211,context,0.1881,neutral,0.9972,에너지 관리,E,E_ENERGY__RENEWABLE_TRANSITION,신재생에너지 전환,0.6286835074424744,"또한, 시장과 정책 환경 변화에 맞춰 현재의 신재생에너지 공급의무화(RPS) 제도를 개선하여 정부의 재생에너지 공급 역할은 강화하고, 국민 부담을 줄이는 방안을 국회, 업계 및 전문가와의 폭넓은 논의를 통해 추진할 예정이다. 기업들이 재생에너지 발전사업자로부터 전력을 직접 구매할 수 있는 시장을 확대하기 위해서 전력 구매 규제와 거래 편의를 개선하고, 별도의 중개시장도 개설할 예정이다."
1212,context,0.181,neutral,0.9999,에너지 관리,E,E_ENERGY__RENEWABLE_TRANSITION,신재생에너지 전환,0.603293776512146,마지막 세션에서는 대응 및 사업화 전략을 주제로 재생에너지 PPA 조달 방법론 및 사례(KEI 컨설팅) C-PPA 시장 분석 및 전망(한화신한테라와트아워)에 대한 발표가 이뤄질 예정이다.
1213,context,0.1862,neutral,0.9998,기후변화·온실가스,E,E_CLIMATE__CLIMATE_GOVERNANCE_INVENTORY,기후 거버넌스·인벤토리,0.6208610534667969,"블룸버그는 온실가스 배출량 산정과 보고를 위해 사용되는 국제 기준인 GHG 프로토콜 이 기업의 배출량 집계를 위해 언번들 REC를 사용할 수 있도록 허용하고 있다면서, 전문가들이 정확한 배출량 집계를 위한 탄소회계 기준 개정이 필요하다고 지적했다고 보도했다."
1214,context,0.1192,neutral,0.6626,기후변화·온실가스,E,E_CLIMATE__SCOPE1_2_EMISSION,Scope 1·2 배출량,0.5996184349060059,MS는 지난 5월 발간한 지속가능보고서에서 3년 사이 탄소 배출량이 30% 급증했다고 밝혔다. 이를 두고 MS는 전력 사용량 증가 때문이 아니라 데이터센터 등 AI 인프라의 빠른 구축을 위한 탄소집약적 부품과 건축자재를 사용했기 때문이라고 설명했다.
1215,context,0.1535,neutral,0.9942,에너지 관리,E,E_ENERGY__RENEWABLE_TRANSITION,신재생에너지 전환,0.5146225094795227,하지만 언번들 EAC는 그러한 추가성(additionality) 요건을 결여해 온실가스 감축 효과가 상대적으로 낮다는 지적이 제기된다. 아울러 블룸버그는 언번들 REC 구매는 전력 발전원에 대한 투명성이 낮아 실제 재생에너지 발전을 통해 발급된 것이 아닐 수 있다고 지적했다.
1216,context,0.2137,neutral,0.9694,에너지 관리,E,E_ENERGY__RENEWABLE_TRANSITION,신재생에너지 전환,0.7346575856208801,글로벌 재생에너지 컨설팅 기업 에코즈(Echoz)에 따르면 번들 REC는 발전사와 통상 10 20년 동안 전력을 구매하기로 하는 계약(PPA)을 체결하고 제공받는다. PPA를 통해 발전소에 안정적인 전력 수입 확보는 추가적인 재생에너지 확대로 이어질 수 있다.
1217,context,0.1665,neutral,0.9996,기후변화·온실가스,E,E_CLIMATE__SCOPE1_2_EMISSION,Scope 1·2 배출량,0.5551800727844238,"블룸버그는 테크 기업이 AI의 실제 탄소 발자국을 가리는 방법(How Tech Companies Are Obscuring AI s Real Carbon Footprint) 이라는 기사를 통해 아마존, 마이크로소프트(MS), 메타가 재생에너지 구매 인증 방식 중 하나인 언번들 재생에너지공급인증서(Unbundled REC) 구매를 통해 전력 사용량 증대로 인한 실제 배출량을 축소해 보고할 수 있다고 보도했다."
1218,context,0.1841,neutral,0.9996,에너지 관리,E,E_ENERGY__RENEWABLE_TRANSITION,신재생에너지 전환,0.6139773726463318,블룸버그뉴스는 21일 온실가스 감축효과가 크지 않은 언번들 REC 구매를 통해 기업이 감축했다고 주장하는 온실가스 배출량의 규모가 과장됐을 수 있다고 보도했다. 실제 빅테크 기업들의 온실가스 배출량은 지속가능보고서를 통해 공시된 배출량보다 많을 수 있다는 지적이다.
1219,context,0.1318,neutral,0.9993,에너지 관리,E,E_ENERGY__RENEWABLE_TRANSITION,신재생에너지 전환,0.43951553106307983,ESG경제신문 김연지 브라질 전력당국이 수시로 풍력 및 태양광 발전 전력에 대한 출력제한을 실시하면서 재생에너지 사업자들의 수익성이 악화하고 있다. 그러자 사업자들은 신규 재생에너지 사업 투자 재검토를 경고하고 나섰다고 로이터통신이 22일 보도했다.
1220,context,0.1411,neutral,0.9996,에너지 관리,E,E_ENERGY__RENEWABLE_TRANSITION,신재생에너지 전환,0.4706186354160309,그린피스 동아시아지부의 가오 유헤 활동가는 중국은 올해들어 석탄 발전에 제동을 걸고 있고 풍력과 태양광 발전용량은 적극적으로 늘리고 있다 며 2022년 이후 재생에너지 보급 확충에도 석탄 발전도 증가세를 보였으나 이제 전환기에 접어들었을 가능성이 있다 고 말했다.
1221,context,0.151,neutral,0.9996,인적자원 관리,S,S_HR__DIVERSITY_INCLUSION,다양성 및 형평성 (DEI),0.503420352935791,"연구팀이 전 세계 기후 전문가들 대상으로 진행한 설문 조사에서, 전문가들은 4개 평가 기준 가운데 효과성 을 가장 중요한 기준(평균 4.42점)으로 여겼고, 그 다음으로 실행 가능성(4.03점)과 형평성(4.0점)이었으며, 효율성은 마지막 순위(3.63점)였다."
1222,context,0.148,neutral,0.9983,인적자원 관리,S,S_HR__DIVERSITY_INCLUSION,다양성 및 형평성 (DEI),0.4943799376487732,"챗GPT는 효과성, 효율성, 형평성, 실행가능성 등 4가지 기준에 골고루 최고 점수인 5점을 부여했다. 챗GPT는 각 기준은 상호 연결되어 있으며 효과적인 기후 정책 평가를 위해서는 전체적인 접근 방식이 필요하다 고 덧붙였다."
1223,context,0.1985,neutral,0.9999,에너지 관리,E,E_ENERGY__RENEWABLE_TRANSITION,신재생에너지 전환,0.6616421341896057,"박희원은 기업 및 지자체 등의 탄소중립, RE100 전략 수립을 지원하는 넷제로홀딩스그룹 대표다. 속초 등 지자체, 다수 대기업, 중소기업의 넷제로 전략을 자문하고, 현장의 ESG 실무자들을 위한 넷제로아카데미도 운영하고 있다. 서울대에서 공학박사(에너지자원공학) 학위를 땄다. 풀뿌리 ESG를 주제로 ESG경제 에 칼럼을 연재한다."
1224,context,0.1699,neutral,0.9999,인적자원 관리,S,S_HR__DIVERSITY_INCLUSION,다양성 및 형평성 (DEI),0.5665472149848938,"사회 통합 관점에서 샐러들볼 모델이 ESG의 가치에 좀 더 가깝기는 하다. 개개인의 다양성을 유지하며, 이를 통해 사회 전반에 걸친 시너지 효과를 기대할 수 있는 장점을 지니기 때문이다. 이 모델을 통해 다양한 관점과 배경을 가진 사람들이 상호작용하며 새로운 아이디어와 혁신을 창출할 수 있다. 요즘 화두가 되는 DE I(다양성, 형평성, 포용성)와 일맥상통한다."
1225,context,0.1509,neutral,0.9999,에너지 관리,E,E_ENERGY__RENEWABLE_TRANSITION,신재생에너지 전환,0.5029021501541138,"그런데 필자가 기업 강연이나 자문을 통해 확인한 점은 한국은 여전히 탄소문맹 수준이라는 사실이다. 기후 문제 심각성에 대한 과학 기반의 이해도가 매우 낮을 뿐 더러 탄소 통상 압박의 진상을 심각하게 받아들이는 이를 찾아보기 힘들다. 이러니 기업이나 지자체의 몇몇 리더들이 아무리 대응책을 강구해도 조직 구석구석에 뿌리내리는 내재화는 어렵다. 재생에너지 사업은 RE100(재생에너지 100%) 이슈와 직결되며 이는 결국 한국의 중소기업 생존과 그대로 맞물려 있음에도, 이를 모르니 지역마다 우리는 안된다는 님비(NIMBY) 현상이 극에 달한다."
1226,context,0.1427,neutral,0.9917,에너지 관리,E,E_ENERGY__RENEWABLE_TRANSITION,신재생에너지 전환,0.47964194416999817,로이터 통신은 20일 수력 및 태양광 발전의 기록적인 발전량으로 전례 없는 전력수요가 충족되면서 석탄화력발전량은 전년 동기 대비 소폭 감소해 중국 발전원의 빠른 변화를 보여주었다면서 이같이 보도했다.
1227,context,0.1604,neutral,0.9986,에너지 관리,E,E_ENERGY__RENEWABLE_TRANSITION,신재생에너지 전환,0.5353821516036987,"중국 국가에너지국이 최근 발표한 전력산업 통계에 따르면 지난 7월까지 중국의 누적 태양광 및 풍력 발전용량은 총 1206GW로 집계됐다. 누적 태양광 발전용량이 735GW, 풍력 발전용량이 470GW다."
1228,context,0.1379,neutral,0.9991,윤리경영·준법,G,G_ETHICS__ANTI_CORRUPTION_COMPLIANCE,반부패 및 컴플라이언스,0.4601774513721466,이처럼 엄격한 반부패 운동은 베트남의 행정 관료들로 하여금 규정을 위반할까봐 이니셔티브 승인이나 진행을 늦추는 일종의 업무 마비 현상을 발생시키고 있다. 베트남 재무부에 따르면 2021년부터 2023년까지 집행된 국가 예산은 애초에 계획된 예산의 4분의 1에 불과한 190억 달러다.
1229,context,0.0898,neutral,0.9994,윤리경영·준법,G,G_ETHICS__ANTI_CORRUPTION_COMPLIANCE,반부패 및 컴플라이언스,0.2994914948940277,로이터 통신은 베트남의 해상 풍력 규제 개혁이 지연되는 이유로 정치적 혼란 남중국해에 대한 영유권 분쟁 국내 기업 우선주의를 꼽았다. 베트남 정부는 최근 몇년간 당안팎으로 반부패 운동을 벌이며 대대적인 숙청을 계속해왔다.
1230,context,0.1814,neutral,0.9907,에너지 관리,E,E_ENERGY__RENEWABLE_TRANSITION,신재생에너지 전환,0.6102441549301147,"특히 탄소배출을 혁신적으로 줄인 GIS, 신재생에너지 발전 효율성을 높이는 ESS와 미래 송전망 건설의 핵심 기술인 HVDC를 전면에 내세워 탄소 중립 을 강조하는 유럽 고객을 사로잡을 계획이다."
1231,context,0.1343,neutral,0.9979,기후변화·온실가스,E,E_CLIMATE__SCOPE3_EMISSION,Scope 3 배출량,0.44860750436782837,"페어의 자체 분석에 따르면, 40개의 글로벌 대규모 축산 및 유제품 회사 중 자체 기후 분석을 수행한 회사는 6개에 불과하다. 영국의 금융 싱크탱크 플래닛 트래커(Planet Tracker)의 식량 및 토지 이용 책임자인 피터 엘윈은 식량 시스템은 매우 복잡하고, 투자 성과는 고르지 못하다면서 대부분의 투자는 다운스트림 및 미드스트림 기업에 이루어지고 일반적으로 농부와 목장주에게는 투자하지 않는다. 식품 재배는 항상 고위험, 저수익이기 때문 이라고 말했다."
1232,context,0.2128,neutral,0.9997,기후변화·온실가스,E,E_CLIMATE__CLIMATE_GOVERNANCE_INVENTORY,기후 거버넌스·인벤토리,0.7096376419067383,"주요 기능은 데이터 기반의 시각화된 공정흐름도 LCA 분석 결과 리포트 자동 발행 EU 배터리법, 탄소국경조정제도(CBAM) 등 글로벌 규제 대응에 필요한 데이터 추출이다. 향후 사업장별 탄소배출량을 산정하는 탄소회계 기능까지 탑재될 예정이다."
1233,opportunity,0.1659,positive,0.3744,에너지 관리,E,E_ENERGY__RENEWABLE_TRANSITION,신재생에너지 전환,0.44314658641815186,"이에 반대하는 여론은 CCS가 아직 입증되지 않은 기술이며, 특히 에너지 부문에 있어 배출량 감축에 더욱 효율적인 재생에너지 전환에 집중해야 한다고 지적해왔다. 그러나 하벡 장관은 CCS 기술이 과거에 비해 더욱 발전했으며, 기후변화 대응을 위한 시간이 부족한 가운데 자국의 탄소 집약적인 산업계의 배출량을 감축하기 위해선 현재 가진 기술적 해결책을 사용해야 한다고 피력했다."
1234,context,0.1371,neutral,0.9994,인적자원 관리,S,S_HR__DIVERSITY_INCLUSION,다양성 및 형평성 (DEI),0.45732614398002625,기아는 이번 채용에서도 다양성 형평성 포용성(DEI) 관점을 반영해 다양한 인재를 선발하여 창의적이고 포용적인 조직 문화를 구축하고 미래 모빌리티 경쟁력을 높인다는 목표다.
1235,context,0.1461,neutral,0.9988,인적자원 관리,S,S_HR__DIVERSITY_INCLUSION,다양성 및 형평성 (DEI),0.48764854669570923,그 일환으로 기아는 기아의 가치와 행동 의 규범 중 하나인 사람을 생각합니다 에 기반해 인적 다양성 확보 및 공정한 문화를 구축하기 위해 채용 정책 및 교육 프로그램을 진행하고 있다.
1236,opportunity,0.2978,positive,0.7764,에너지 관리,E,E_ENERGY__RENEWABLE_TRANSITION,신재생에너지 전환,0.38355526328086853,21일에는 호주 정부가 경제 효과가 200억호주달러(약 18조원)으로 평가되는 세계 최대규모의 태양광 발전 허브 건설을 승인했다는 소식이 들려왔다.
1237,context,0.1816,neutral,0.9995,에너지 관리,E,E_ENERGY__EFFICIENCY_CONSUMPTION,에너지 소비 및 효율화,0.6056861281394958,"국내에서도 BPS와 유사한 개념의 규제가 시행되고 있다. 건물의 에너지 효율과 친환경 성능을 평가하여 인증하는 녹색건물인증제도나 건축물의 에너지 사용량을 최대한 줄이고, 재생에너지를 통해 자급자족할 수 있는 제로에너지건축물 보급을 추진하기 위해 마련된 제로에너지건축 의무화 조치, 대형 건축물 등의 에너지 소비량을 제한하는 에너지 소비총량제 등이 그것이다."
1238,opportunity,0.2799,positive,0.7661,에너지 관리,E,E_ENERGY__RENEWABLE_TRANSITION,신재생에너지 전환,0.36535200476646423,상반기 기준 지속적인 증가세를 보여 온 태양광 발전이 올해엔 작년과 비슷한 2210억달러를 유치하며 증가세 둔화를 보였다. 보고서는 중국산 태양광 모듈 공급 과잉 등에 따른 투자 비용 하락과 공급망 병목 현상을 주 원인으로 꼽았다. 풍력발전 투자 규모는 전년 동기 대비 11% 감소해 총 907억달러가 투자됐다.
1239,opportunity,0.5591,positive,0.9873,에너지 관리,E,E_ENERGY__RENEWABLE_TRANSITION,신재생에너지 전환,0.566268801689148,"지난해 전세계 전체 전력 발전용량은 8.9TW(테라와트)로 집계됐다. 이중 풍력발전 용량이 약 1TW, 태양광이 1.6TW로 집계됐고, 특히 태양광 발전용량은 전년 대비 76% 증가한 428GW가 지난해 신규 설치됐다."
1240,context,0.1414,neutral,0.9031,에너지 관리,E,E_ENERGY__RENEWABLE_TRANSITION,신재생에너지 전환,0.5217398405075073,"블룸버그 뉴에너지파이낸스(NEF)는 27일 지난해 전력부문 전환 트렌드에 관한 보고서를 발표하면서 이같이 밝혔다. 보고서에 따르면 전세계가 소비한 전력 중 풍력과 태양광 발전이 13.9%를 차지하며 사상 최대치를 달성했으며, 이외 수력 발전이 14.7%, 원자력 발전이 9.4%를 차지했다."
1241,context,0.22,neutral,0.995,ESG 데이터 거버넌스,G,G_DATA_GOVERNANCE__ESG_DATA_CONTROL,ESG 데이터 내부통제,0.7368762493133545,"자발적 탄소시장의 탄소 크레딧 발급과 사용에 관한 표준을 만들고 있는 자발적 탄소시장 무결성 이니셔티브(VCIM)도 지난해 12월 탄소 감축 활동과 탄소 크레딧 발급의 적정성 검증을 위한 가이던스를 공개했다. 가이던스의 핵심은 감축 활동에 문제가 없다고 주장하는 기업의 탄소 무결성 청구(Carbon Integrity Claims)를 검증하는 모니터링과, 공시, 인증 (Monitering, Reporting, Assurance, MRA) 방법론이다."
1242,context,0.1793,neutral,0.9951,기후변화·온실가스,E,E_CLIMATE__SCOPE1_2_EMISSION,Scope 1·2 배출량,0.6005874276161194,"로이터는 토탈에너지스가 직접 배출량 감축에 나서고 있으나, 2030년까지의 스코프 3 배출량 감축 계획을 세우지 않았다고 보도했다."
1243,opportunity,0.4347,positive,0.9996,에너지 관리,E,E_ENERGY__EFFICIENCY_CONSUMPTION,에너지 소비 및 효율화,0.4348771870136261,LG 냉장고 신제품의 효율은 A 등급보다 약 25% 높다. LG전자 동급 모델 중 최저 소음인 29 (데시벨)의 저소음도 장점이다. 건조기 신제품은 에너지 효율 등급 A 보다 효율을 26% 더 높였다. 유럽 시장에 출시된 건조기 제품 중 에너지 소비량이 가장 적다고 LG전자는 설명했다.
1244,context,0.1642,neutral,0.9999,인적자원 관리,S,S_HR__DIVERSITY_INCLUSION,다양성 및 형평성 (DEI),0.5474979877471924,"배신은 ESG 내재화의 적이다. 배신은 조직 내 다양성과 형평성, 포용성(Diversity, Equity, Inclusion DE I)을 파괴한다. DE I는 차별 없이 다양한 배경과 경험을 가진 인재를 포용하고, 그들의 성장 잠재력을 극대화해 발전할 수 있는 환경을 조성하는 데 중점을 둔다."
1245,context,0.1606,neutral,0.8782,에너지 관리,E,E_ENERGY__RENEWABLE_TRANSITION,신재생에너지 전환,0.6094487309455872,EDPR은 올해 초 싱가포르 공공주택 1075개동과 정부 소유 건물 101개동에 최대 200MW 용량의 태양광 패널을 설치하는 솔라노바 8 프로그램을 수주했다. 2014년에 출범한 싱가포르의 솔라노바 프로그램은 태양광 발전을 가속화하고 2030년까지 최소 2GW의 태양광 용량을 배치하려는 싱가포르 정부 주도의 이니셔티브다.
1246,context,0.155,neutral,0.9991,에너지 관리,E,E_ENERGY__RENEWABLE_TRANSITION,신재생에너지 전환,0.5171114802360535,"가오 보 CSCEC 회장은 양사 간의 교류를 강화하고 더욱 많은 사업 기회를 발굴해 신재생에너지, 투자개발 등 새로운 분야에서 협력 영역과 방식을 넓혀 나가길 희망한다고 했다."
1247,context,0.2032,neutral,0.9996,에너지 관리,E,E_ENERGY__RENEWABLE_TRANSITION,신재생에너지 전환,0.677678108215332,"엔라이튼의 이영호 대표는 이번 전시회에서 RE100 이행 기업, 발전소 사업주와 시공사의 수익을 극대화할 수 있는 맞춤형 통합 솔루션을 선보일 예정 이라며 단순한 태양광 발전 시스템 구축을 넘어, 에너지 통합 관리 솔루션과 딥러닝 기반의 전력량 예측 등 다양한 분야에서 혁신적인 기술과 서비스를 제공하며 에너지 기후테크 산업을 선도해 나가겠다 고 포부를 밝혔다."
1248,context,0.1764,neutral,0.9999,에너지 관리,E,E_ENERGY__RENEWABLE_TRANSITION,신재생에너지 전환,0.587988018989563,"태양광 구독 상품은 구독경제 모델을 태양광 설비에 적용하여, 발전 사업자들이 초기 자본 부담 없이 태양광 설비를 구축할 수 있도록 돕는 혁신적인 상품이다. 특히, 엔라이튼은 국내 최초로 주택용 태양광 구독 과 중소 중견기업의 RE100 목표 달성을 지원하는 RE100 태양광 구독 상품을 출시하여 큰 주목을 받았다."
1249,context,0.1985,neutral,0.9998,에너지 관리,E,E_ENERGY__RENEWABLE_TRANSITION,신재생에너지 전환,0.6619261503219604,"엔라이튼은 박람회 기간 동안 RE100 이행 기업, 시공사, 사업주 등을 대상으로 자사의 핵심 사업인 태양광 구독 상품, 지붕태양광 팩토링 상품, 그리고 발전소 자산관리 플랫폼 발전왕 을 집중적으로 소개할 계획이다."
1250,context,0.1985,neutral,0.9999,에너지 관리,E,E_ENERGY__RENEWABLE_TRANSITION,신재생에너지 전환,0.6616421341896057,"박희원은 기업 및 지자체 등의 탄소중립, RE100 전략 수립을 지원하는 넷제로홀딩스그룹 대표다. 속초 등 지자체, 다수 대기업, 중소기업의 넷제로 전략을 자문하고, 현장의 ESG 실무자들을 위한 넷제로아카데미도 운영하고 있다. 서울대에서 공학박사(에너지자원공학) 학위를 땄다. 풀뿌리 ESG를 주제로 ESG경제 에 칼럼을 연재한다."
1251,context,0.1975,neutral,0.9987,기후변화·온실가스,E,E_CLIMATE__SCOPE3_EMISSION,Scope 3 배출량,0.6591933369636536,대부분의 공시법들과 프레임워크를 들여다보면 공급망 상의 기업들 전체를 대상에 포함시키고 있으며 스코프3(SCOPE 3) 온실가스 배출량 보고도 규칙에 포함시키고 있다. 상당한 도전이다.
1252,context,0.1256,neutral,0.7058,에너지 관리,E,E_ENERGY__RENEWABLE_TRANSITION,신재생에너지 전환,0.5932539105415344,"코탐 프로젝트는 각각 50MW 이상 규모의 태양광 발전소로 세 곳으로 구성된다. 아울러 에너지저장장치(ESS)와 전력망 계통 접속, 발전소 유지 및 보수를 위한 관련 설비가 함께 개발된다."
1253,context,0.1938,neutral,0.9554,윤리경영·준법,G,G_ETHICS__ANTI_CORRUPTION_COMPLIANCE,반부패 및 컴플라이언스,0.6762480735778809,"이번 공개초안 번역본은 지속가능성 인증 업무에서 발생할 수 있는 이해상충, 비밀유지 등의 이슈를 다룬 윤리강령 파트와 지속가능성 인증인이 비인증업무를 수행할 때 준수해야 하는 독립성 기준 파트로 구성되어 있다."
1254,context,0.192,neutral,0.9998,에너지 관리,E,E_ENERGY__EFFICIENCY_CONSUMPTION,에너지 소비 및 효율화,0.6402730345726013,동원그룹은 지난 2020년 창립 50주년을 맞아 탄소중립 추진 계획을 마련해 사업장별 에너지 절감 계획을 수립하고 전국 주요 사업장에 태양광 패널을 설치했다.
1255,context,0.0985,neutral,0.7087,기후변화·온실가스,E,E_CLIMATE__SCOPE1_2_EMISSION,Scope 1·2 배출량,0.46340280771255493,AI 보급 확대로 데이터 센터의 전력 사용량이 급증하면서 글로벌 빅 테크의 탄소 배출량이 늘어나는 시기에 탄소 크레딧 사용 확대 여부는 이들에게 중요한 이슈가 되고 있다.
1256,context,0.1745,neutral,0.9427,기후변화·온실가스,E,E_CLIMATE__SCOPE3_EMISSION,Scope 3 배출량,0.6168999075889587,"UBA는 지난 6일 성명을 통해 이같이 밝혔다. UER은 석유 및 가스 생산의 업스트림 부문, 즉 원유가 정유 공장에서 처리되기 전 연료를 채취하는 과정에서 발생하는 오염 감소에 투자해 배출량 감축을 인정받는 방법론이다."
1257,context,0.1304,neutral,0.8138,에너지 관리,E,E_ENERGY__RENEWABLE_TRANSITION,신재생에너지 전환,0.5341644883155823,"LS일렉트릭은 이번 전시에서 차세대 에너지저장장치(ESS), 스마트배전 설루션, 초고압 변압기 등 3개 테마로 부스를 꾸렸다. 신재생에너지 발전부터 송전, ESS 연계 배전에 이르는 전력 계통을 구현하고 현지 고객이 자사 제품과 설루션을 직접 경험할 수 있도록 했다."
1258,context,0.118,neutral,0.9979,에너지 관리,E,E_ENERGY__RENEWABLE_TRANSITION,신재생에너지 전환,0.39399710297584534,"이에 대해 정부는 2021년 코로나19가 잠잠해지면서 경기회복의 영향으로 배출량이 일시적 증가했음에도, 2022년 이후 원전을 비롯한 신재생에너지 확대 등 정부의 온실가스 배출량 감축 노력이 본격적으로 효과를 보인 것으로 풀이된다 고 설명했다."
1259,risk,0.5707,negative,0.9967,에너지 관리,E,E_ENERGY__RENEWABLE_TRANSITION,신재생에너지 전환,0.572624921798706,"구체적으로 전환부문에서 발전량이 전년 대비 1% 감소하고, 온실가스를 배출하지 않는 무탄소 발전인 원전(4.4TWh)과 신재생에너지(3.5TWh)의 발전량이 증가하면서 전환(발전) 부문 배출량이 7.6%(1억 6500만톤) 감소했다."
1260,context,0.1538,neutral,0.9873,에너지 관리,E,E_ENERGY__RENEWABLE_TRANSITION,신재생에너지 전환,0.5192691683769226,블룸버그에 따르면 투자의 귀재 워런 버핏이 소유한 투자회사 버크셔 헤더웨이는 미국 웨스트버지니아주에서 항공산업에 전력을 공급할 태양광 발전과 에너지 저장 프로젝트에 참여하기 위해 11일 에너지 저장장치(ESS) 제조업체 포윈에너지(Powin Energy)와 파트너십을 체결했다.
1261,context,0.1519,neutral,0.9998,에너지 관리,E,E_ENERGY__RENEWABLE_TRANSITION,신재생에너지 전환,0.506457507610321,"11차 전기본 실무안에 따르면 주요 무탄소 전원인 원전과 신재생에너지 비중은 각각 2030년 31.8%, 21.6%를 기록하고, 2038년 35.6%, 32.9%로 높아진다. 또 수소암모니아 발전 비중도 2030년 2.4%에서 2038년 5.5%로 확대된다. 현재 원전의 발전 비중은 약 30% 수준이다."
1262,opportunity,0.5871,positive,0.9586,에너지 관리,E,E_ENERGY__RENEWABLE_TRANSITION,신재생에너지 전환,0.6124864220619202,호주 전력회사 오스트레일리안 에너지 마켓 오퍼레이터(Austrailian Energy Market Operator)의 다니엘 웨스터만 CEO는 (사우스 오스트레일리아주의) 세계를 선도하는 옥상 태양광 발전은 태양광 발전설비와 전력망을 연결하는 전력 시스템 설비의 고도화로 가능해졌다 고 말했다.
1263,context,0.1178,neutral,0.9805,에너지 관리,E,E_ENERGY__RENEWABLE_TRANSITION,신재생에너지 전환,0.40055111050605774,지난 2023년 12월31일에는 옥상 태양광 발전만으로 30분간 전력 수요의 101.7%를 공급하기도 했다.
1264,context,0.1526,neutral,0.9999,에너지 관리,E,E_ENERGY__RENEWABLE_TRANSITION,신재생에너지 전환,0.5087410807609558,소비자를 기만하고 평가사에도 환영 받지 못하는 ESG 광고는 전혀 효율적이지 않다. 자원낭비일 뿐이다. 그 돈으로 회사 옥상과 주차장에 태양광 발전기를 달아 직원들 전기차 싸게 충전해 주고 청소하는 협력사 분들의 휴게실이나 넓혀주고 에어컨 달아주면 좋겠다. 그러면 평가사도 좋아하고 직원들도 좋아하고 협력사도 좋아하고 지속가능경영보고서에 자랑할 꺼리도 생긴다. 결론은 ESG 한다면서 쓸데 없는데 돈 쓰지 말자.
1265,context,0.0832,neutral,0.9997,에너지 관리,E,E_ENERGY__RENEWABLE_TRANSITION,신재생에너지 전환,0.2773967683315277,일본은 버블경제가 꺼지면서 수많던 골프장이 점차 태양광 발전소나 숲과 공원으로 다시 변화하고 있다. 골프장이 솔라장이 되고 있는 것이다. 얼마 전에 우리나라 서해안에 새로 생긴 거대한 간척지에 골프장을 조성한다는 기사를 봤다. 그 간척지에 태양광 발전소를 세우면 얼마나 좋을까하는 생각을 했다. 땅이 좁아서 태양광 발전을 못하는 것이 아니다. 인식과 의지가 없어서 그렇다.
1266,context,0.2004,neutral,0.9999,에너지 관리,E,E_ENERGY__RENEWABLE_TRANSITION,신재생에너지 전환,0.6681027412414551,"전시대상으로는 신재생에너지 환경산업(하 폐수 폐가스 처리, 수질 및 대기 개선 관련 장비 및 설비 시스템 등) 모빌리티 자원순환(폐플라스틱 재활용, 폐배터리, 순환골재 등) ESG(컨설팅, ESG 경영기업, ESG 기술사업 등) 녹색상품 녹색건축 등이 있다."
1267,context,0.1336,neutral,0.9774,에너지 관리,E,E_ENERGY__RENEWABLE_TRANSITION,신재생에너지 전환,0.4558347165584564,그럼에도 SEIA는 9월에 발표한 2024년 3분기 보고서에서 미국 태양광 산업이 2025년부터 5년간 매년 최소 40GW 이상의 태양광 발전 용량을 추가할 것이라고 예상했다. 또한 2025년부터 2029년까지 연간 미국 태양광 산업의 성장률이 평균 4%가 될 것이라고 전망했다.
1268,context,0.1472,neutral,0.9995,에너지 관리,E,E_ENERGY__RENEWABLE_TRANSITION,신재생에너지 전환,0.490994930267334,"한편, 비영리 단체 주간 재생에너지 위원회(Interstate Renewable Energy Council)는 지난 16일 국가 태양광 일자리 인구조사(National Solar Jobs Census) 연례 연구를 발표하고, 지난해 미국의 태양광 산업 일자리가 전년대비 5.9% 증가해 약 28만 개로 사상 최고치를 기록했다고 밝혔다."
1269,context,0.1343,neutral,0.7757,에너지 관리,E,E_ENERGY__RENEWABLE_TRANSITION,신재생에너지 전환,0.5772492289543152,엠버가 내놓은 보고서는 일부 국가들은 한낮에 최대 출력량으로 전력을 생산하는 태양광 발전을 소화하는 데 어려움을 겪기 시작하고 있다면서 이러한 문제를 해결하기 위해서는 전력망 인프라에 투자하는 것이 2030년대 말까지 태양광 발전을 지속적으로 성장시키고 세계가 재생에너지 용량을 3배로 늘릴 수 있는 길이라고 분석했다.
1270,context,0.157,neutral,0.9996,에너지 관리,E,E_ENERGY__RENEWABLE_TRANSITION,신재생에너지 전환,0.5234630703926086,"엠버는 각국이 기후목표 달성을 위해 더 많은 재생에너지 용량을 확보하려는 노력과 태양광 패널의 저렴한 가격이 만나 태양광 발전 용량이 증가한 것으로 분석했다. 블룸버그NEF에 따르면, 현재 태양광 모듈 가격은 와트당 약 0.10달러로 역대 최저 수준으로 떨어졌다."
1271,context,0.1518,neutral,0.9345,에너지 관리,E,E_ENERGY__RENEWABLE_TRANSITION,신재생에너지 전환,0.5414407253265381,"블룸버그NEF 역시 2024년 태양광 발전 설치 추가 용량이 594.8GW에 달할 것으로 예상했다. 엠버에 따르면, 중국, 인도, 독일과 같은 주요 시장들은 올해에도 꾸준한 성장세를 보였으며, 사우디아라비아, 파키스탄처럼 이전에는 태양광에 큰 관심을 보이지 않았던 국가들의 수요도 급증했다."
1272,opportunity,0.4582,positive,0.9908,에너지 관리,E,E_ENERGY__RENEWABLE_TRANSITION,신재생에너지 전환,0.4624760150909424,"한편 공개 매수 성공 시 고려아연의 신사업 궤도 수정도 불가피할 전망이다. 장형진 영풍그룹 고문이 그동안 최 회장이 추진해온 트로이카 드라이브 전략 에 반대 입장을 보인 데다 MBK 역시 불확실한 해외 투자는 지양하겠다 고 분명히 밝혔기 때문이다. 트로이카 드라이브는 고려아연이 2차전지 소재와 자원순환, 신재생에너지 분야로 사업을 확대하는 전략을 말한다. 이를 위해 고려아연은 울산에 니켈 생산공장 등을 짓고 있다."
1273,context,0.1507,neutral,0.9861,에너지 관리,E,E_ENERGY__RENEWABLE_TRANSITION,신재생에너지 전환,0.5095950961112976,"박기덕 고려아연 사장은 MBK파트너스는 사모펀드의 본질인 투자수익 확보를 위해 전체 주주 및 구성원들의 이익에 반하는 독단적인 경영을 할 가능성이 매우 높다며 공개 매수자들이 고려아연 경영권을 확보할 경우 이차전지 소재와 폐배터리 리사이클링, 신재생에너지 등 핵심사업 전략이 제대로 추진되지 못해 주주가치가 심대하게 훼손될 것이라고 했다."
1274,opportunity,0.4896,positive,0.9846,에너지 관리,E,E_ENERGY__RENEWABLE_TRANSITION,신재생에너지 전환,0.49721768498420715,"1974년 설립된 고려아연은 아연, 연, 동 등 기초금속과 금, 은 등 귀금속뿐 아니라 인듐, 비스무트, 안티모니 등 희소금속 종합제련기업으로 성장해왔다. 지난 2022년 기준 자동차 전자 부품 등에 들어가는 아연 생산량은 64만67t, 자동차 및 산업용 배터리 등에 활용되는 연 생산량은 41만4432t으로 집계됐다. 동 생산량은 2만6419t이다. 여기에 신재생에너지 및 수소, 자원순환, 이차전지 소재를 트로이카 드라이브로 내세워 글로벌 탈탄소 흐름에 발맞추고 있다."
1275,context,0.1391,neutral,0.9815,에너지 관리,E,E_ENERGY__EFFICIENCY_CONSUMPTION,에너지 소비 및 효율화,0.47239458560943604,"국제에너지기구(IEA)에 따르면 인도는 지난 2021년 기준 국가 전력 발전원의 약 69%를 석탄 및 석유에 의존하고 있다. 2022년 인도의 총 에너지 소비량은 세계 3위였지만, 1인당 에너지 사용량은 아직 세계 평균의 절반에 불과하다. 향후 에너지 사용량이 증가할 가능성이 매우 높다는 뜻이다."
1276,context,0.1154,neutral,0.7945,에너지 관리,E,E_ENERGY__RENEWABLE_TRANSITION,신재생에너지 전환,0.484271377325058,"인도 정부에 따르면 당국은 지난 4월부터 5개월간 태양광 발전용량 7GW를 포함한 9GW의 재생에너지 신규 설비를 확충했다. 지난 8월 기준 인도의 누적 재생에너지 발전 용량은 152.6GW로 태양광이 약 89GW, 풍력발전이 47GW를 차지하고 있다."
1277,context,0.1709,neutral,0.9936,에너지 관리,E,E_ENERGY__RENEWABLE_TRANSITION,신재생에너지 전환,0.5734143257141113,로이터통신에 따르면 지난 16일 인도의 신재생에너지부 부핀더 싱 발라(Bhupinder Singh Bhalla) 장관은 이같이 밝혔다. 그는 올해 4월부터 시작해 내년 3월로 종료되는 인도의 2024 25회계연도 동안 30GW의 신규 태양광 발전용량과 5GW의 풍력발전 용량을 추가하겠다고 로이터에 말했다.
1278,context,0.1073,neutral,0.9998,기후변화·온실가스,E,E_CLIMATE__SCOPE3_EMISSION,Scope 3 배출량,0.35774001479148865,리즈위크 CEO는 업스트림 석유와 가스 기업에 대한 대출 정책 강화로 25개 기업이 영향을 받게 될 것이라고 밝혔다.
1279,context,0.1169,neutral,0.9997,기후변화·온실가스,E,E_CLIMATE__SCOPE3_EMISSION,Scope 3 배출량,0.38984784483909607,ING은행은 또한 신규 유전 개발에 나서는 업스트림 석유와 가스 기업에 대해 일반 목적의 대출을 포함한 신규 대출을 중단할 것이라고 밝혔다. 다만 업스트림 석유와 가스 기업이 녹색사업을 추진할 경우에는 예외가 적용된다.
1280,context,0.1231,neutral,0.9987,기후변화·온실가스,E,E_CLIMATE__SCOPE3_EMISSION,Scope 3 배출량,0.41091272234916687,ING는 지난해 업스트림 석유와 가스 사업에 대한 대출을 2040년까지 단계적으로 중단하겠다고 약속한 바 있다. ING은행의 2023년 현재 석유와 가스 기업에 대한 대출 잔액은 171억유로(약 25조4000억원)를 기록했다.
1281,opportunity,0.4189,positive,0.88,에너지 관리,E,E_ENERGY__RENEWABLE_TRANSITION,신재생에너지 전환,0.4759933650493622,"미국에서는 업체들이 개별 가정에 태양광 발전 장비를 설치해주고 미리 계약한 가격에 전력을 판매하는 전력구매계약(PPA) 방식보다, 개별 가정이 직접 대출을 받아 자기 부담으로 발전 장비를 설치한 뒤 일반적인 전력요금을 부담하는 방식이 보편적이다."
1282,context,0.1906,neutral,0.9953,에너지 관리,E,E_ENERGY__RENEWABLE_TRANSITION,신재생에너지 전환,0.638517439365387,"특히 신재생에너지 발전에 최적화된 직류(DC) 교류(AC) 전력시스템 기반 스마트배전 설루션을 전면에 배치했다. 이를 통해 신재생에너지 발전부터 송전, 변전, 배전에 이르는 전력계통 전체에 적용되는 친환경 전력 설루션 기술력과 공급 역량을 강조한다."
1283,context,0.1595,neutral,0.9828,에너지 관리,E,E_ENERGY__RENEWABLE_TRANSITION,신재생에너지 전환,0.5409442186355591,"특히 전기차, 배터리, 태양광 발전 등 전략적인 기술 분야에서 EU 내 생산을 강화하고, 관련 산업 생태계를 구축해야 한다고 언급했다."
1284,risk,0.2763,negative,0.7009,에너지 관리,E,E_ENERGY__RENEWABLE_TRANSITION,신재생에너지 전환,0.3942580223083496,"태양광 발전, 배터리, 전기차 등의 분야에서 유럽은 상당한 제조 역량을 상실했으며, 중국이 태양광 발전과 배터리 생산에서 유럽보다 훨씬 저렴한 비용으로 생산을 확대하고 있는 것이 가장 큰 장애물이다."
1285,risk,0.4317,negative,0.9817,에너지 관리,E,E_ENERGY__RENEWABLE_TRANSITION,신재생에너지 전환,0.43973472714424133,보고서에 따르면 태양광 발전 비용은 1KW당 4센트(약 53원)까지 떨어졌다. 따라서 지난해 태양광 발전 비용은 화석연료나 원자력보다 56% 낮았다.
1286,context,0.1804,neutral,0.9605,에너지 관리,E,E_ENERGY__RENEWABLE_TRANSITION,신재생에너지 전환,0.6262037754058838,"KB국민은행도 1200억원을 한국형 녹색분류체계 적합성 검토를 마친 태양광 발전, 액체수소 충전소 구축, 수소 연료전지 발전, 폐배터리 재활용 사업 등에 지원할 예정이다."
1287,opportunity,0.6118,positive,0.9998,에너지 관리,E,E_ENERGY__RENEWABLE_TRANSITION,신재생에너지 전환,0.611887514591217,"한편 효성중공업은 국내뿐 아니라 영국, 남아공 등에 ESS를 공급하며 올해 1,2분기 연속 신재생에너지 유명 마켓 트렌드 리서치사인 BNEF(Bloomberg New Energy Finance)가 선정한 최우수 ESS 업체로 등재되는 등 해외 시장에서도 기술력을 인정받고 있다."
1288,opportunity,0.5969,positive,0.9997,에너지 관리,E,E_ENERGY__RENEWABLE_TRANSITION,신재생에너지 전환,0.5971144437789917,우태희 효성중공업 대표이사는 국내 ESS 시장을 선도해온 효성중공업이 이번 대용량 ESS 프로젝트 수행으로 한단계 높은 기술력을 다시 한번 선보였다 며 신재생에너지 확대로 수요가 급증하는 ESS시장에서 국내를 넘어 글로벌 시장의 선두주자로 입지를 강화하겠다 고 밝혔다.
1289,context,0.1607,neutral,0.9972,에너지 관리,E,E_ENERGY__RENEWABLE_TRANSITION,신재생에너지 전환,0.5372485518455505,"엠버의 선임 에너지 및 기후 분석가 베아트리스 페트로비치는 태양광 발전량이 급증함에 따라 배터리는 풍부한 전력량을 모든 시간대에 사용할 수 있도록 해줄 것 이라며 EU의 재생에너지 확장은 신속하고 야심차게 진행됐으며, 이젠 발전 전력을 유연하게 활용하기 위한 방안에 더욱 주목해 소비자와 기업이 화석연료 의존도 감소의 이점을 신속하게 누리도록 해야 한다 고 지적했다."
1290,context,0.1587,neutral,0.9993,에너지 관리,E,E_ENERGY__RENEWABLE_TRANSITION,신재생에너지 전환,0.5295198559761047,"보고서는 EU 회원국들은 빠르게 증가하는 태양광 발전량을 통합하기 위한 방법을 계획해야 한다 며 배터리가 이 계획의 핵심 부분이 될 것 이라고 짚었다. 간헐적인 재생에너지 발전량을 저장해 전력이 부족한 회원국으로 이송하거나 수출할 수 있으며, 저녁시간대와 같이 재생에너지 발전량이 적고 전력 수요가 많은 때에 배터리를 통해 화석연료 의존도를 낮출 수 있기 때문이다."
1291,context,0.1448,neutral,0.9996,에너지 관리,E,E_ENERGY__RENEWABLE_TRANSITION,신재생에너지 전환,0.4829026162624359,"이에 따라 기상 상황에 따라 특정 시간대별 급증하는 재생에너지 발전량을 저장하기 위한 배터리와 전력저장장치의 필요성이 대두되고 있다. 보고서에 따르면 지난 7월까지 1년간 독일, 스페인 등 EU 9개국은 태양광 발전 단독으로 전력 피크시간대 수요의 80% 이상을 충당했다. 그리스와 네덜란드의 특정 시간대엔 태양광 발전량이 수요를 초과하기도 하면서 일부 국가에선 실시간 전력 가격이 마이너스를 기록한 바 있다."
1292,context,0.2249,neutral,0.9999,이사회 구조,G,G_BOARD__COMPOSITION_INDEPENDENCE,이사회 구성 및 독립성,0.7499136328697205,"김광기 대표도 무엇보다 이사회 중심의 경영, 특히 기관투자자들이 사외이사를 적극 추천할 수 있는 제도와 관행이 만들어지기 바란다 며, 국민연금이 국내 우량기업들의 주식을 10%가량 보유하는데, 이사회 구성에는 전혀 참여하고 있지 않다. 국민연금의 거버넌스도 개선하며 여타 기관투자자들과 연대 협력해 사외이사를 추천하는 제도 도입 방안을 논의할 필요가 있다 는 의견을 밝혔다."
1293,context,0.1836,neutral,0.9989,윤리경영·준법,G,G_ETHICS__ANTI_CORRUPTION_COMPLIANCE,반부패 및 컴플라이언스,0.6126151084899902,SPC그룹은 5개 주요 계열사의 공정거래 자율준수 프로그램 도입을 추진해 공정거래 확립을 위한 구체적인 절차와 기준을 마련하고 교육 감독을 실시하기로 했다. 올해 하반기 중 이사회 결의를 거쳐 사별 자율준수 관리자를 선임해 본격적인 컴플라이언스(준법) 내부 통제시스템을 구축할 계획이다.
1294,context,0.2026,neutral,0.9998,에너지 관리,E,E_ENERGY__RENEWABLE_TRANSITION,신재생에너지 전환,0.6756396889686584,"탄소중립 실현 부문에는 과학 기반 감축목표 이니셔티브(SBTi)에 가입한 LS전선, 국내 중전 업계 최초로 글로벌 RE100(재생에너지 100% 사용)에 가입한 LS일렉트릭 등 2050년까지 탄소중립을 단계적으로 달성하고자 하는 주요 사례를 소개했다. LS를 포함해 LS전선, LS일렉트릭, LS MnM, LS엠트론 등 주요 계열사의 성과도 수록했다."
1295,context,0.1265,neutral,0.9997,인적자원 관리,S,S_HR__DIVERSITY_INCLUSION,다양성 및 형평성 (DEI),0.42190638184547424,국제금융센터에 따르면 공화당 주정부가 도입하는 반ESG 규제는 크게 화석연료나 총기 등 특정 산업에 대한 투자를 보이콧 하는 금융사와 주정부의 금융거래 계약을 금지하는 노 보이콧 특정 산업을 차별하는 금융사와 주정부의 금융거래 계약을 금지하는 ESG 차별 금지 연기금 등의 투자 결정 시 ESG 요소의 고려를 금지하는 ESG 고려 금지 등 세 가지 형태로 구분된다.
1296,opportunity,0.3147,positive,0.5502,에너지 관리,E,E_ENERGY__RENEWABLE_TRANSITION,신재생에너지 전환,0.571946382522583,"연구원 관계자는 향후 신재생에너지 보급률이 높아짐에 따라 ESS 수요는 앞으로 더 늘어날 것이고, 전기차 캐즘(일시적 수요 둔화)을 극복하기 위해 국내 주요 배터리 기업들이 ESS 신제품 개발에 열을 올리고 있다면서 이번 세미나는 ESS와 전기차의 기술 이슈 및 안정성 확보 방안 전반에 걸친 해법을 제시함과 동시에 다양한 기술과 정보를 공유하며 그에 따른 전략을 제시하는 장이 될 것이라고 밝혔다."
1297,opportunity,0.14,positive,0.4403,에너지 관리,E,E_ENERGY__RENEWABLE_TRANSITION,신재생에너지 전환,0.31789857149124146,"미국은 태양광 발전의 빠른 확충을 위해 동남아산 패널에 대해서는 관세를 유예해왔으나, 자국 기업의 피해를 막기 위해 지난 6월 6일부터 동남아 4개국에서 수입되는 태양광 패널에 대한 관세를 복원해 14.25%를 부과했다. 특히 중국산 태양광 패널에 대해 미국정부는 지난 8월부터 관세율을 기존 25%에서 50%로 인상해 적용했다."
1298,context,0.1985,neutral,0.9999,에너지 관리,E,E_ENERGY__RENEWABLE_TRANSITION,신재생에너지 전환,0.6616421341896057,"박희원은 기업 및 지자체 등의 탄소중립, RE100 전략 수립을 지원하는 넷제로홀딩스그룹 대표다. 속초 등 지자체, 다수 대기업, 중소기업의 넷제로 전략을 자문하고, 현장의 ESG 실무자들을 위한 넷제로아카데미도 운영하고 있다. 서울대에서 공학박사(에너지자원공학) 학위를 땄다. 풀뿌리 ESG를 주제로 ESG경제 에 칼럼을 연재한다."
1299,context,0.1584,neutral,0.9996,에너지 관리,E,E_ENERGY__RENEWABLE_TRANSITION,신재생에너지 전환,0.5280632376670837,"ESG 2.0시대에는 원청 대기업의 ESG경영 요구가 공급망 기업에 압박으로 작용되기도 한다. 애플은 전 세계 공급망 협력회사에 RE100(재생에너지 전력 100% 사용) 제품 생산을 요구하고 있고, 마이크로소프트는 탄소배출량 공개를 요구하는 행동강령을 제정해 공급업체에 요구하기 시작했다."
1300,context,0.1602,neutral,0.8557,ESG 데이터 거버넌스,G,G_DATA_GOVERNANCE__ESG_DATA_CONTROL,ESG 데이터 내부통제,0.623988926410675,"제한적 확신(Limited Assurance)은 인증 대상 정보에 대한 정보 사용자의 신뢰가 유의미한 수준 이상이지만, 합리적 확신에 미치지 못하는 수준을 뜻한다. 대표적인 사례로 기업의 분기나 반기 재무제표에 대한 감사인의 검토의견이 여기에 해당한다."
1301,context,0.1416,neutral,0.9319,에너지 관리,E,E_ENERGY__RENEWABLE_TRANSITION,신재생에너지 전환,0.5064248442649841,"후쿠오카에 본사가 있는 규덴코는 일본 규슈전력의 전기시공 전문 자회사로, 현지 최대 규모인 470 (메가와트)급 우쿠지마 태양광 발전소 프로젝트 대형 신재생에너지 사업도 적극 추진하고 있다."
1302,opportunity,0.5397,positive,0.9381,에너지 관리,E,E_ENERGY__RENEWABLE_TRANSITION,신재생에너지 전환,0.5752862095832825,마이크로소프트는 쓰리마일섬 원전을 소유하고 있는 콘스텔레이션(Constellation)이라는 에너지 공급 업체와 전력구매계약(PPA)을 체결함으로써 앞으로 20년 동안 쓰라마일섬 원전 1호기에서 생산되는 전력을 구매해서 쓸 예정이다.
1303,context,0.1057,neutral,0.8255,에너지 관리,E,E_ENERGY__RENEWABLE_TRANSITION,신재생에너지 전환,0.427001029253006,올해 말까지 35기가와트 이상의 태양광 발전 설치 용량을 갖추게 될 스페인 역시 지난 4월 전력 가격이 11년 만에 최저 수준으로 떨어졌다. 스페인 정부는 2030년까지 12.5기가와트의 배터리와 태양광 저장장치를 추가할 계획이다.
1304,context,0.14,neutral,0.8847,에너지 관리,E,E_ENERGY__RENEWABLE_TRANSITION,신재생에너지 전환,0.5275939106941223,이렇게 낮게 형성되는 전력 가격은 태양광 프로젝트에 대한 예상 수익성을 하락시켜 향후 투자를 어렵게 만드는 요인이 된다. 점차 증가하는 태양광 발전량과 풍력 발전량이 역설적으로 더 많은 재생에너지 발전소 건설을 어렵게 만드는 상황을 조성하는 것이다.
1305,context,0.1387,neutral,0.9838,에너지 관리,E,E_ENERGY__RENEWABLE_TRANSITION,신재생에너지 전환,0.47000187635421753,"블룸버그NEF(BNEF) 역시 지난 7월 올 여름 독일의 태양광 패널 설치가 확대되며 태양광 발전량은 전년 대비 34% 증가한 신기록을 세울 가능성이 높아졌지만, 같은 기간 전력 수요는 1%만 증가할 예정이라 가격 폭락이 불가피해 보인다고 분석한 바 있다."
1306,context,0.1874,neutral,0.9999,에너지 관리,E,E_ENERGY__RENEWABLE_TRANSITION,신재생에너지 전환,0.6247485280036926,"한국RE100협의체의 정택중 의장은 이번 RE100 컨퍼런스는 국내 재생에너지 시장에서 RPS 제도의 일몰과 새로운 입찰제도로 전환하는 큰 변화의 시기에서 재생에너지 시장 환경을 면밀히 짚어 보고, 국내외 기업들의 대응 전략을 공유함으로써 국내 기업들이 RE100과 CBAM 등의 기후통상을 슬기롭게 극복할 수 있는 대응 방안을 모색할 수 있는 자리를 마련했다고 설명했다."
1307,context,0.1944,neutral,0.9978,에너지 관리,E,E_ENERGY__RENEWABLE_TRANSITION,신재생에너지 전환,0.6493604183197021,이어 이차전지 산업의 핵심 소재인 양극재를 생산하고 있는 L F의 박원영 팀장이 이차전지 산업에서 기업의 탄소중립 및 RE100 이행 현황과 추진 전략에 대해 발제한다. 마지막으로 피크에너지코리아의 박재필 대표가 국내 재생에너지 보급 확대를 위한 금융 및 투자 전략에 대해 발제한다.
1308,context,0.1854,neutral,0.9999,에너지 관리,E,E_ENERGY__RENEWABLE_TRANSITION,신재생에너지 전환,0.6180987358093262,마지막 세션인 국내 RE100 이행 현황 및 PPA 활성화방안 세션에서는 국내 RE100 활성화를 위한 재생에너지 정책 방향에 대해 한국에너지공단 박강훈 정책총괄팀장이 발제한다. 또한 글로벌기업으로 RE100 이행뿐 아닌 국내 사업을 확장하고자 하는 아마존의 김영훈 한국일본정책협력총괄이 발제할 예정이다.
1309,context,0.2013,neutral,0.9999,에너지 관리,E,E_ENERGY__RENEWABLE_TRANSITION,신재생에너지 전환,0.6711017489433289,"기조연설 세션에는 기후 위기와 통상 대응을 위한 RE100 활성화 및 사업 기회에 대해 한화큐셀의 한국사업부장인 유재열 전무, 네이버의 대외 ESG정책총괄 임동아 책임리더, 한국RE100협의체의 정택중 의장이 발제할 예정이다."
1310,context,0.1915,neutral,0.9999,에너지 관리,E,E_ENERGY__RENEWABLE_TRANSITION,신재생에너지 전환,0.6382951140403748,"고려대학교와 한국RE100협의체는 오는 25일 서울 양재동 AT센터에서 5번째 한국RE100컨퍼런스를 개최한다. 컨퍼런스는 기조연설 세션, 글로벌 재생에너지 시장 전망 및 국내 재생에너지 보급 정책 세션, 그리고 국내 RE100 이행 현황 및 PPA 활성화방안 세션 등 3개 세션으로 구성된다."
1311,opportunity,0.5336,positive,0.9896,에너지 관리,E,E_ENERGY__RENEWABLE_TRANSITION,신재생에너지 전환,0.5392566323280334,펜실베이니아의 쓰리마일섬 원전을 보유한 콘스텔레이션 에너지(Constellation Energy)사는 지난달 20일 2028년까지 쓰리마일섬 원전 1호기의 재가동을 시작할 계획이라고 밝히면서 마이크로소프트(MS)에 20년간 무탄소 전력을 공급하기로 하는 전력구매계약(PPA)을 맺었다.
1312,opportunity,0.583,positive,0.9907,에너지 관리,E,E_ENERGY__RENEWABLE_TRANSITION,신재생에너지 전환,0.5884539484977722,"특히 재생에너지 보급은 놀라운 속도다. 2023년에만 태양광 217GW, 풍력 76GW 합쳐서 293GW를 설치했다. 중국 재생에너지 발전량은 EU 27개국의 전기 사용량의 총합을 넘었다. 2024년 말까지 풍력과 태양광 용량 1200GW에 도달할 예정이며, 이는 정부가 수립한 2030년 목표를 6년 앞당겨 달성하는 것이다. 글로벌에너지모니터(GEM)에 따르면 중국은 2023년 3월에서 2024년 3월 사이에 지난 3년 동안 합친 것보다 많은 태양광 발전기를 설치했다."
1313,risk,0.443,negative,0.7242,기후변화·온실가스,E,E_CLIMATE__SCOPE3_EMISSION,Scope 3 배출량,0.6116446256637573,"이번 발의안에는 스코프3(Scope 3) 공시 보고 요구 사항 등이 기업에 부담이 될 수 있음을 감안해 시행 첫 해에는 부실공시(단, 고의 또는 중과실 제외)에 대한 법적 책임을 면제하는 규정을 마련했다."
1314,opportunity,0.3666,positive,0.6594,에너지 관리,E,E_ENERGY__RENEWABLE_TRANSITION,신재생에너지 전환,0.5559375286102295,"이 상품은 태양광 발전소의 수익을 기반으로 원리금을 상환하는 구조로, 사업주의 재정적 부담을 최소화한다. 상환 방식은 최대 5년의 기간 동안 분기별 원금균등상환 방식으로 이루어져, 안정적인 현금 흐름을 바탕으로 상환이 가능하도록 돕는다."
1315,context,0.1719,neutral,0.9999,인적자원 관리,S,S_HR__DIVERSITY_INCLUSION,다양성 및 형평성 (DEI),0.5731543898582458,"아울러 기업들은 보고서 제목으로 ESG 라는 용어 대신 지속가능성 을 더 많이 사용하는 것으로 확인됐다. 하지만 본문에서는 ESG 라는 용어가 여전히 활발히 사용되고 있으며 DEI(다양성, 형평성, 포용성) 를 94%의 기업이 어떤 형태로든 계속 활용, 공개한 것으로 나타났다."
1316,risk,0.3597,negative,0.6694,에너지 관리,E,E_ENERGY__RENEWABLE_TRANSITION,신재생에너지 전환,0.5374021530151367,"에너지 부문의 배출량 하락세를 견인하는 요인은 태양광 발전(PV)과 배터리의 구축의 붐이 일었기 때문이다. 보고서에 따르면, 지난해 새로운 태양광 설비 구축은 400기가와트(GW)에 도달했고 대부분 지역에서 석탄보다 가격이 저렴해졌다. 배터리 가격은 지난해 전년대비 14% 하락했으며 앞으로도 지속적으로 하락할 전망이다."
1317,context,0.1544,neutral,0.9998,에너지 관리,E,E_ENERGY__RENEWABLE_TRANSITION,신재생에너지 전환,0.5148739814758301,아울러 빠르면서도 다른 지속가능 발전 및 자연보전 목표와 일치하는 방식의 재생에너지 전환과 토착민과 지역 공동체의 권리를 존중하는 포용적이고 지속가능한 보전 조치가 필요하다고 밝혔다.
1318,context,0.1224,neutral,0.9999,인적자원 관리,S,S_HR__DIVERSITY_INCLUSION,다양성 및 형평성 (DEI),0.4081740379333496,"미래 세대와의 형평성도 문제가 될 수 있다. 기후변화 적응 조치에서 비용-편익 접근 방식을 적용하게 되는데, 이때 어떤 시간적 할인율을 선택하느냐에 따라 세대간 형평성 문제가 대두될 수 있다는 것이다."
1319,opportunity,0.4707,positive,0.9845,윤리경영·준법,G,G_ETHICS__ANTI_CORRUPTION_COMPLIANCE,반부패 및 컴플라이언스,0.4781569838523865,"미래에셋증권은 인공지능(AI), 빅데이터 등 데이터 활용을 중심으로 한 혁신금융 서비스를 가속화하는 한편, 각국의 글로벌 컴플라이언스 강화 추세에 대비하고자 개인정보보호 관리체계를 강화해 이번 인증을 획득했다."
1320,context,0.1985,neutral,0.9999,에너지 관리,E,E_ENERGY__RENEWABLE_TRANSITION,신재생에너지 전환,0.6616421341896057,"박희원은 기업 및 지자체 등의 탄소중립, RE100 전략 수립을 지원하는 넷제로홀딩스그룹 대표다. 속초 등 지자체, 다수 대기업, 중소기업의 넷제로 전략을 자문하고, 현장의 ESG 실무자들을 위한 넷제로아카데미도 운영하고 있다. 서울대에서 공학박사(에너지자원공학) 학위를 땄다. 풀뿌리 ESG를 주제로 ESG경제 에 칼럼을 연재한다."
1321,context,0.1732,neutral,0.9999,인적자원 관리,S,S_HR__DIVERSITY_INCLUSION,다양성 및 형평성 (DEI),0.5772330164909363,"둘째로 사회 (Social) 관련 직업 및 비즈니스를 보면 우선 ESG 보고에서 사회적 기준이 중요해지면서, 직장 내 다양성, 평등 기회, 반차별 정책을 설계하고 실행하는 다양성, 형평성, 포용성 (DEI) 전문가의 역할이 커질것이다."
1322,context,0.1885,neutral,0.9988,에너지 관리,E,E_ENERGY__RENEWABLE_TRANSITION,신재생에너지 전환,0.6292574405670166,"또한 RE100 등 재생 가능 에너지로의 전환 요구가 커짐에 따라, 그린 수소 생산, 태양광 및 풍력 에너지, 에너지 저장 솔루션, 에너지 효율 관리, 스마트에너지관리 등 지속가능 에너지 전문가의 활동도 중요해질 것이다."
1323,context,0.2311,neutral,0.9999,기후변화·온실가스,E,E_CLIMATE__CLIMATE_GOVERNANCE_INVENTORY,기후 거버넌스·인벤토리,0.7703755497932434,"환경 (E Environmental) 분야 관련 직업 및 비즈니스를 살펴 보면 먼저 탄소 회계 (Carbon Accounting)전문가의 출현을 들 수 있다. 대다수의 국가에서 기업이 탄소 발자국을 추적하고 산정하며 보고하는 것이 의무화되면서 탄소 회계 전문가가 필요해졌다. 이들은 기업의 온실가스 배출량을 산정하고 이를 줄이기 위한 전략을 수립하며, TCFD(Task Force on Climate-related Financial Disclosures) 및 GHG Protocol 같은 기후 관련 공시 기준에 맞춘 보고서를 작성해 주기도 한다."
1324,context,0.1794,neutral,0.9955,에너지 관리,E,E_ENERGY__RENEWABLE_TRANSITION,신재생에너지 전환,0.6007747650146484,발전 수단 별로는 태양광이 올해부터 2030년까지 늘어날 재생에너지 발전용량의 80%를 차지할 것으로 전망됐다. 대규모 태양광 발전소 건설과 함께 공장이나 주택의 지붕에 태양광 모듈 설치가 계속해서 늘어날 것으로 전망됐다.
1325,context,0.1781,neutral,0.9993,에너지 관리,E,E_ENERGY__RENEWABLE_TRANSITION,신재생에너지 전환,0.5940164923667908,더불어 이같은 재생에너지 전환에 뒤처지고 있는 신흥국 및 개발도상국에 대한 금융지원을 확대해야 한다고 보고서는 밝혔다. 이에 따라 오는 11월 아제르바이잔 바쿠에서 개최되는 COP29의 핵심 의제 중 하나인 기후금융 재원 마련 등 국제적인 협력이 필수라고 강조했다.
1326,context,0.15,neutral,0.7884,에너지 관리,E,E_ENERGY__RENEWABLE_TRANSITION,신재생에너지 전환,0.6341375708580017,조욱동 LS일렉트릭 상무는 이번 협력은 베트남 제조업의 디지털 전환과 입주 기업들의 RE100(재생에너지 100%) 목표 달성을 지원하는 중요한 이정표가 될 것이라며 LS일렉트릭의 스마트팩토리 설루션과 친환경 기술력을 통해 지속가능한 생산 환경 구축을 적극적으로 도울 계획이라고 밝혔다.
1327,context,0.156,neutral,0.9913,이사회 구조,G,G_BOARD__COMPOSITION_INDEPENDENCE,이사회 구성 및 독립성,0.5245463252067566,삼성전자는 세계적 IT기업으로서 적합하지 않은 이사회 구성을 가지고 있다는 것이다. 10명 이사회 멤버 모두 한국인이고 사외이사 6명 중 4명이 IT 비전문가이다.
1328,context,0.1979,neutral,0.9994,에너지 관리,E,E_ENERGY__RENEWABLE_TRANSITION,신재생에너지 전환,0.6601241827011108,"신보는 2008년 태양광 발전 시설자금에 대한 보증 업무를 시작했고 2009년 녹색성장산업 영위기업 보증 제도를 도입했다. 2021년에는 재생에너지 기업 등을 지원하는 녹색보증을, 2022년에는 저탄소 기술혁신 기업과 저탄소 사업전환 기업, 저탄소 프로젝트 추진 기업을 지원하는 녹색공정전환보증을 신설했다."
1329,opportunity,0.5141,positive,0.9201,에너지 관리,E,E_ENERGY__RENEWABLE_TRANSITION,신재생에너지 전환,0.5586928725242615,마이크로소프트는 쓰리마일섬 원전을 소유하고 있는 에너지 기업 콘스텔레이션(Constellation)과 전력구매계약(PPA)을 체결하고 앞으로 20년 동안 쓰라마일섬 원전 1호기에서 생산되는 전력을 구매하기로 했다.
1330,context,0.2147,neutral,0.9999,에너지 관리,E,E_ENERGY__EFFICIENCY_CONSUMPTION,에너지 소비 및 효율화,0.7158566117286682,"또한 홈페이지를 통해 전략과제로 에너지 절감 및 온실가스 감축, 자원순환 및 폐기물 관리 일하기 좋은 기업문화 조성, 사회적 책임 이행 윤리 준법경영 추진체계 내실화, ESG공시 체계화 등 중요이슈 관리방안도 소개했다."
1331,context,0.1435,neutral,0.7703,에너지 관리,E,E_ENERGY__RENEWABLE_TRANSITION,신재생에너지 전환,0.6208341121673584,이번에 조달한 자금은 나이스신용평가로부터 녹색 분류체계 적합성 검토를 받은 친환경 풍력발전 사업과 태양광 발전사업 프로젝트에 지원된다.
1332,opportunity,0.5388,positive,0.9998,기후변화·온실가스,E,E_CLIMATE__SCOPE1_2_EMISSION,Scope 1·2 배출량,0.5388750433921814,전력 수요 증가세는 앞으로 더욱 가속화할 것으로 전망됐다. 매년 일본의 현재 전력 수요 만큼 글로벌 전력 사용량이 늘어날 전망이다. 탄소중립 달성을 위한 개별 국가와 글로벌 온실가스 감축 목표에 부합하는 시나리오 하에서는 전력 수요가 더 빠른 속도로 증가할 전망이다.
1333,context,0.1468,neutral,0.9998,기후변화·온실가스,E,E_CLIMATE__SCOPE1_2_EMISSION,Scope 1·2 배출량,0.4895986020565033,IEA는 앞으로 전개될 에너지 시 장의 새로운 흐름으로 전기화를 꼽았다. 지난 10년간 전력 사용량은 전체 에너지 수요의 두 배나 빠른 속도로 증가했다. 이 기간에 증가한 전력 사용량의 3분의 2는 중국에서 늘어났다.
1334,context,0.0991,neutral,0.8325,윤리경영·준법,G,G_ETHICS__ANTI_CORRUPTION_COMPLIANCE,반부패 및 컴플라이언스,0.39672642946243286,"ICA는 2001년 영국에서 설립되어 현재 150여 개국에서 활동 중인 컴플라이언스 분야의 세계적 권위 기관이다. 이번에 도입되는 글로벌 컴플라이언스 전문가 자격증과 글로벌 기업 거버넌스 전문가 자격증은 국제적으로 높은 평가를 받는 자격증으로, 이를 통해 한국의 전문가들도 세계 무대에서 인정받는 역량을 갖출 수 있게 된다."
1335,context,0.1168,neutral,0.9995,윤리경영·준법,G,G_ETHICS__ANTI_CORRUPTION_COMPLIANCE,반부패 및 컴플라이언스,0.38943591713905334,"이번 프로그램은 국제 비즈니스 환경에서 필수적인 글로벌 컴플라이언스 역량을 갖춘 전문가를 양성하는 것을 목표로 하며, 특히 모든 교육 과정이 한국어로 진행된다."
1336,context,0.15,neutral,0.9943,윤리경영·준법,G,G_ETHICS__ANTI_CORRUPTION_COMPLIANCE,반부패 및 컴플라이언스,0.5027387142181396,국내 기업들의 ESG 경영이 확산함에 따라 준법 윤리경영 분야인 컴플라이언스 전문가에 대한 수요가 꾸준히 늘고 있는 상황이다.
1337,context,0.1325,neutral,0.9748,윤리경영·준법,G,G_ETHICS__ANTI_CORRUPTION_COMPLIANCE,반부패 및 컴플라이언스,0.4530055522918701,한국컴플라이언스협회(KCA)가 국제컴플라이언스협회(ICA)와 협력하여 세계적으로 인정받는 글로벌 컴플라이언스 전문가 양성 과정을 11월 1일부터 국내 최초로 선보인다.
1338,context,0.1973,neutral,0.996,안전보건,S,S_SAFETY__OCCUPATIONAL_HEALTH_MANAGEMENT,사업장 안전보건 관리체계,0.6604532599449158,"10월에는 현장의 일일 위험성 평가 수립 및 이행, 미승인 작업 예방과 관련한 우수 사례를 선정한다. 11월에는 안전신문고 홍보 및 활용과 관련한 사례를 접수해 근로자들의 참여를 확대할 수 있는 아이디어를 발굴할 계획이다. 동절기가 시작되는 12월에는 화재 질식 예방 및 따뜻한 겨울나기를 위한 우수 사례를 선정할 예정이다."
1339,context,0.1759,neutral,0.9987,이사회 구조,G,G_BOARD__COMPOSITION_INDEPENDENCE,이사회 구성 및 독립성,0.5870173573493958,삼정 KPMG의 황정환 파트너는 2일 공인회계사회 주최로 열린 제13회 지속가능성 인증포럼 에서 KPMG가 올해 2 4월 1000개 기업의 최고 경영진 및 이사회 구성원을 대상으로 실시한 설문조사에서 이런 결과가 나왔다고 밝혔다.
1340,opportunity,0.6272,positive,0.9995,에너지 관리,E,E_ENERGY__RENEWABLE_TRANSITION,신재생에너지 전환,0.6275631189346313,현대차그룹 관계자는 그룹 차원에서 공동으로 장기 구매계약을 추진할 경우 협상력을 갖게 돼 안정적으로 재생에너지 전력을 확보할 수 있다며 개별 그룹사 차원의 조달 물량도 더해 재생에너지 전환을 가속할 계획이라고 말했다.
1341,opportunity,0.5665,positive,0.9998,에너지 관리,E,E_ENERGY__RENEWABLE_TRANSITION,신재생에너지 전환,0.5666489601135254,"현대차그룹은 이에 앞서 지난 4월 미국 조지아주 신공장 현대차그룹 메타플랜트 아메리카(HMGMA)와 동반 진출한 현대모비스, 현대제철, 현대트랜시스 등 해외법인 4개사가 신규 태양광 발전 프로젝트와 15년 장기 PPA를 체결한 바 있다."
1342,context,0.1163,neutral,0.9442,기후변화·온실가스,E,E_CLIMATE__SCOPE1_2_EMISSION,Scope 1·2 배출량,0.41055211424827576,2030년에 도달 예정인 연간 242GWh는 국내 4인 가구의 연평균 전력 사용량으로 환산하면 6만6000가구의 전력 사용분에 해당한다.
1343,opportunity,0.5746,positive,0.9432,에너지 관리,E,E_ENERGY__RENEWABLE_TRANSITION,신재생에너지 전환,0.6092357039451599,현대차그룹은 이번 PPA 업무협약을 통해 6개 그룹사 국내 사업장에 이르면 내년부터 재생에너지 전력 공급을 시작한다. 이후 공급량을 점진적으로 늘려 2030년에는 연간 242GWh 수준으로 끌어올릴 예정이다.
1344,context,0.2047,neutral,0.9997,에너지 관리,E,E_ENERGY__RENEWABLE_TRANSITION,신재생에너지 전환,0.6826815605163574,"협약에 따라 현대건설은 이들 6개사와 재생에너지 발전사업자를 연결하는 전력 거래 중개 역할을 맡는다. 또 기존 재생에너지 발전사업자 전력 구매, 신규 재생에너지 발전 프로젝트 참여 등의 방법으로 재생에너지 포트폴리오를 설계 구축한 후 그룹사별 재생에너지 전환 목표와 필요 물량을 고려해 최적화된 재생에너지 전환 설루션을 제시할 계획이다."
1345,opportunity,0.6575,positive,0.9998,에너지 관리,E,E_ENERGY__RENEWABLE_TRANSITION,신재생에너지 전환,0.6576771140098572,"현대차그룹은 부품, 물류, 철강, 금융 부문 6개 그룹사와 현대건설이 연간 242GWh규모의 2020 2025년 장기 공동 재생에너지 전력구매계약(PPA)을 위한 업무협약을 체결했다고 21일 밝혔다."
1346,context,0.1918,neutral,0.9969,에너지 관리,E,E_ENERGY__RENEWABLE_TRANSITION,신재생에너지 전환,0.6415188312530518,"이 위원은 정부의 지속가능금융 공급과 관련해, 기업들의 저탄소 공정전환을 지원하기 위해 30년까지 총 420조원의 정책금융을 공급할 예정이라고 밝혔다. 또한 신재생에너지 발전설비 증설을 위해 산업은행과 5개 시중은행이 미래에너지 펀드를 신규 조성( 30년까지 9조원 출자)하는 등 재생에너지 투자의 마중물 역할을 수행할 것이라고 덧붙였다."
1347,context,0.1347,neutral,0.6792,윤리경영·준법,G,G_ETHICS__ANTI_CORRUPTION_COMPLIANCE,반부패 및 컴플라이언스,0.6608946323394775,인증 기관은 국제윤리기준위원회의 국제윤리기준(International Independence Standards)을 포함한 전문회계사 윤리강령(International Code of Ethics for Professional Accountants)과 같은 관련 윤리적 요구 사항을 준수하고 ISSAB의 품질관리기준에 부합하는 수준의 품질관리 시스템을 적용해야 한다.
1348,context,0.1744,neutral,0.991,에너지 관리,E,E_ENERGY__RENEWABLE_TRANSITION,신재생에너지 전환,0.586829662322998,재활용 공장은 해당 추출 공정이 에너지 소비와 자원 낭비가 기존 공정과 비교해 덜하다는 특징과 더불어 지붕형 태양광 발전 시스템을 갖추는 등 100% 재생에너지 전력을 사용하고 최대 섭씨 80도의 낮은 공정 온도로 에너지 효율을 더욱 높였다고 밝혔다.
1349,context,0.1557,neutral,0.9999,안전보건,S,S_SAFETY__OCCUPATIONAL_HEALTH_MANAGEMENT,사업장 안전보건 관리체계,0.5190855264663696,"이날 본선에는 계열사별 예선을 통과한 10개 팀이 참여했다. 지난 예선에는 동원산업과 동원F B, 동원시스템즈 등 10여개 계열사에서 1000여 명이 참가해 과제를 평가받았다. 본선에서 다루는 주제는 참치 조업 시 AI를 접목한 음성번역 설루션 구축, 위험성 평가 공유 체계, 통계형 챗봇 활용 등이다."
1350,context,0.1592,neutral,0.9998,인적자원 관리,S,S_HR__DIVERSITY_INCLUSION,다양성 및 형평성 (DEI),0.5308722257614136,"4개 목표는 생태계의 면적과 온전성, 연결성 증대와 멸종위기종 멸종 경감, 유전적 다양성 보호 및 유지 자연이 인간에게 주는 혜택을 가치화하고 보존이나 복구가 가능한 지속가능한 자연의 이용 유전자원으로부터 발생하는 이익의 공정하고 공평한 공유 2050년 비전 및 GBF 달성에 필요한 재정 및 이행수단 격차 해소로 이루어져 있다."
1351,context,0.201,neutral,0.9969,에너지 관리,E,E_ENERGY__RENEWABLE_TRANSITION,신재생에너지 전환,0.6722021102905273,"올해 시범사업은 1MW 이상 발전소, RE100 가입 국내기업 36개 사를 대상으로 실시되며 정부는 향후 사업대상 및 범위를 확대할 계획이다. 자세한 사항은 한국에너지공단 신재생에너지센터 홈페이지(www.knrec.or.kr) 공고문을 통해 확인할 수 있다."
1352,context,0.1408,neutral,0.9986,에너지 관리,E,E_ENERGY__EFFICIENCY_CONSUMPTION,에너지 소비 및 효율화,0.4699421525001526,"대표적으로 미국 바이든 행정부의 미국 인플레이션 감소법(IRA) 역시 EV, 재생 에너지 및 에너지 효율 개선에 대한 수십억 달러의 보조금에 기반을 두고 있다."
1353,context,0.2254,neutral,0.9819,에너지 관리,E,E_ENERGY__RENEWABLE_TRANSITION,신재생에너지 전환,0.7652859687805176,또한 RE100 기업의 재생에너지 구매 수요를 고려해 자발적 민간시장 활성화를 위한 전력구매계약(PPA) 중개시장에 대한 시범사업을 실시한다. 이를 통해 이번 태양광 육상풍력 경쟁입찰에 선정된 발전소를 대상으로 RE100 수요기업과의 매칭기회를 제공한다.
1354,context,0.2089,neutral,0.9928,기후변화·온실가스,E,E_CLIMATE__SCOPE1_2_EMISSION,Scope 1·2 배출량,0.7013102769851685,"에너지 부문의 경우, 회사의 직접 배출량(스코프 1, 2)과 제품 생산 과정에서 발생하는 간접 배출량(스코프 3)을 모두 고려해 포괄적인 배출량 감축을 추진하기로 했다. 에너지 부문의 직접 배출량은 2030년까지 12-20% 감축할 것으로 밝혔으며, 스코프 3를 포함한 최종 배출량은 10 19% 감축할 것을 제시했다."
1355,context,0.1529,neutral,0.997,에너지 관리,E,E_ENERGY__RENEWABLE_TRANSITION,신재생에너지 전환,0.5111108422279358,"기후 싱크탱크 글로벌 에너지 모니터(GEM)은 지난 7월 발간한 보고서에서 현재 전세계에 건설 중인 신규 풍력 및 태양광 발전소의 약 3분의 2에 달하는 규모(339GW)가 중국에서 세워지고 있다며, 이는 미국에서 추진 중인 전체 프로젝트(약 40GW)의 8배 이상이라고 밝힌 바 있다."
1356,context,0.1101,neutral,0.9998,인적자원 관리,S,S_HR__DIVERSITY_INCLUSION,다양성 및 형평성 (DEI),0.367047518491745,구글은 올여름 산불 경계 지도를 유럽과 아프리카 15개국으로 확대했다. 이 지도는 현재 진행 중인 화재의 규모와 위치에 대한 정보를 거의 실시간으로 제공하여 소방관 및 기타 응급 구조대원에게 도움을 주고 있다. 산불 확산을 막을 수 있으면 생물 다양성 보호에도 큰 도움이 된다.
1357,context,0.1049,neutral,0.747,에너지 관리,E,E_ENERGY__EFFICIENCY_CONSUMPTION,에너지 소비 및 효율화,0.4682852327823639,"국내에서도 점차 쿨루프의 적용 범위가 확대되고 있지만 아직 사례는 많지 않은 편이다. 2020년 관악구에서 최대 30 온도 저감과 20% 냉방 에너지 절감을 목표로 공공시설 옥상에 쿨루프를 도입했고, 2021년 대구시는 민간 건물에도 쿨루프 기술을 지원하는 프로그램을 시행했다."
1358,opportunity,0.5393,positive,0.9675,에너지 관리,E,E_ENERGY__RENEWABLE_TRANSITION,신재생에너지 전환,0.557375431060791,코임바토르는 20메가와트(MW) 규모의 태양광 발전소 추가 건설을 위해 15억 루피(약 1700만 달러) 규모의 녹색채권을 발행할 계획이라고 시바구루 프라바카란 시 위원회 위원장은 밝혔다. 핌프리 친치와드는 20억 루피 규모의 녹색채 발행을 위해 주정부의 승인을 구하고 있다. 조달된 자금은 지속 가능한 인프라에 사용될 것이라고 시 당국의 최고 재무 책임자인 프라빈 자인은 말했다.
1359,context,0.1263,neutral,0.9998,에너지 관리,E,E_ENERGY__RENEWABLE_TRANSITION,신재생에너지 전환,0.42113205790519714,"수라트 시의회는 20억 루피(약 2380만 달러)를 조달할 계획이며, 유엔개발계획(UNDP)의 지원을 받고 있다고 샬리니 아가르왈 시 위원회 위원장은 말했다. 샬리니 위원장은 녹색채권으로 조달된 자금으로 더 많은 풍력 및 태양광 발전소를 설치하고 하수 처리를 강화할 계획이라고 그녀는 말했다."
1360,context,0.1985,neutral,0.9999,에너지 관리,E,E_ENERGY__RENEWABLE_TRANSITION,신재생에너지 전환,0.6616421341896057,"박희원은 기업 및 지자체 등의 탄소중립, RE100 전략 수립을 지원하는 넷제로홀딩스그룹 대표다. 속초 등 지자체, 다수 대기업, 중소기업의 넷제로 전략을 자문하고, 현장의 ESG 실무자들을 위한 넷제로아카데미도 운영하고 있다. 서울대에서 공학박사(에너지자원공학) 학위를 땄다. 풀뿌리 ESG를 주제로 ESG경제 에 칼럼을 연재한다."
1361,context,0.1509,neutral,0.939,에너지 관리,E,E_ENERGY__RENEWABLE_TRANSITION,신재생에너지 전환,0.5356098413467407,"독일 태양광 산업 협회는 이 계획에 대해 태양광 발전의 확장을 늦출 위험이 있으며, 특히 소규모 상업용 옥상 태양광 발전에 더욱 치명적일 수 있다고 평가했다. 협회는 태양광 발전 용량 확대를 억제하는 것보다 저장 용량을 늘리는 것이 중요하다고 덧붙였다."
1362,context,0.1396,neutral,0.9994,에너지 관리,E,E_ENERGY__RENEWABLE_TRANSITION,신재생에너지 전환,0.46571871638298035,"블룸버그가 입수한 법안 초안에 따르면, 현재는 100킬로와트(kW) 용량 이상의 태양광 발전소는 정부의 보조금 대상이 아니지만, 이러한 기준은 2026년에는 90킬로와트 이상으로 낮아진다. 90kW 이상의 용량을 가진 태양광 발전소는 더이상 정부의 전력 판매에 따른 가격 보조금을 받을 수 없어진다는 것이다."
1363,context,0.1406,neutral,0.9993,에너지 관리,E,E_ENERGY__RENEWABLE_TRANSITION,신재생에너지 전환,0.46908870339393616,이에 따라 정부는 태양광 발전소 정부의 차액보상제도의 대상이 되는 발전소의 범위를 축소하는 내용을 담은 법안을 고안한 것이다.
1364,context,0.1312,neutral,0.9979,에너지 관리,E,E_ENERGY__RENEWABLE_TRANSITION,신재생에너지 전환,0.43816718459129333,"블룸버그가 입수한 독일 정부의 보조금 축소 법안 초안에 따르면, 정부는 최근 재생에너지 전력 공급 확대로 보조금 지급 부담이 늘어난 것으로 보인다. 최근 급격한 태양광 발전량의 증가로 전력 공급이 수요를 초과하는 시간대가 늘어나면서 시간대 도매 전력 가격이 마이너스를 기록하는 때가 늘어났다."
1365,context,0.0994,neutral,0.9991,에너지 관리,E,E_ENERGY__RENEWABLE_TRANSITION,신재생에너지 전환,0.3315415680408478,"RE100이 투자 또는 거래 조건에 필수가 되는 기업들은 어쩔 수 없이 공장을 RE100 조건을 충족할 수 있는 국가로 옮겨야 한다. 기업은 공장을 해외로 옮기면 그만이지만 그 공장에서 일하는 노동자들의 일자리와 세금, 지역 경제는 보장되지 않는다."
1366,context,0.1534,neutral,0.9998,에너지 관리,E,E_ENERGY__RENEWABLE_TRANSITION,신재생에너지 전환,0.5115612745285034,"문제는 우리나라 NDC를 실행할 신재생에너지 전환이 너무 느린 속도로 진행되고 있다는 사실이다. EU와 미국, 심지어 중국도 매우 빠른 속도로 신재생에너지 전환이 진행되고 있지만 우리나라는 여전히 원자력 발전에 목을 메고 있는 상황이다. 이 상태로라면 EU와 미국의 기업들이 우리나라 주요 기업들에게 요구하는 2030 RE100 달성은 완전히 불가능하다."
1367,context,0.1482,neutral,0.9995,에너지 관리,E,E_ENERGY__RENEWABLE_TRANSITION,신재생에너지 전환,0.49419018626213074,특히 에너지 부분에서 러시아 천연가스(LNG) 의존도를 낮추기 위한 신재생에너지 발전과 인프라 구축 등 탈탄소 경제로의 전환에 많은 공공 자금을 쏟아 붙고 있다. 우르줄라 폰데어라이엔 현 EU 집행위원장의 임기인 2029년까지 이 기조는 크게 변화하지 않을 것으로 보인다.
1368,context,0.2046,neutral,0.9989,윤리경영·준법,G,G_ETHICS__ANTI_CORRUPTION_COMPLIANCE,반부패 및 컴플라이언스,0.6828643679618835,"한국도로교통공단 서울지부에서는 대내외 청렴문화 확산을 위해 청렴문화의 모범, 서로 존중하는 서울지부 를 위한 연간 윤리인권경영 계획 수립 및 전 직원 맞춤형 반부패 청렴교육 실시, 청렴 N행시 공모전 등 다양한 활동을 전개하고 있다."
1369,opportunity,0.53,positive,0.9983,에너지 관리,E,E_ENERGY__RENEWABLE_TRANSITION,신재생에너지 전환,0.5309075713157654,올해 전국 사업장에 총 20MW 규모의 태양광 발전시설을 구축한 현대차는 내년 설립 예정인 울산 EV 전용공장에 11MW 규모 태양광 패널을 추가로 설치하기로 하는 등 안정적인 탄소중립 포트폴리오 구축을 위한 노력을 이어갈 계획이다.
1370,opportunity,0.6118,positive,0.9998,에너지 관리,E,E_ENERGY__RENEWABLE_TRANSITION,신재생에너지 전환,0.6118918657302856,"현대차는 이번 계약으로 장기간 대규모 재생에너지를 확보해 약 560만t의 온실가스 감축 효과를 기대하고 있으며, 이번 PPA 외에도 거점별 친환경 에너지 공급 환경을 고려해 국내외 사업장 재생에너지 100% 사용 전환에 박차를 가한다."
1371,opportunity,0.6097,positive,0.9999,에너지 관리,E,E_ENERGY__RENEWABLE_TRANSITION,신재생에너지 전환,0.6097556948661804,"현대차는 최근 현대건설, SK E S, GS E R, 엔라이튼과 국내 최대 규모의 재생에너지 공급 계약(PPA, Power Purchase Agreement)을 체결했다고 30일 밝혔다."
1372,opportunity,0.3556,positive,0.9764,에너지 관리,E,E_ENERGY__RENEWABLE_TRANSITION,신재생에너지 전환,0.3641549348831177,투자액의 5분의 4는 태양광 발전과 배터리 제조부문에 투입됐다. 전기차 투자는 15%를 차지했다.
1373,opportunity,0.5874,positive,0.9996,에너지 관리,E,E_ENERGY__RENEWABLE_TRANSITION,신재생에너지 전환,0.5876151323318481,SK이노베이션 계열사를 활용한 재생에너지 직접구매계약(PPA) 사업 확대도 모색하고 있다. SK이노베이션 E S는 국내 최대 PPA 사업자다.
1374,context,0.1818,neutral,0.9869,에너지 관리,E,E_ENERGY__RENEWABLE_TRANSITION,신재생에너지 전환,0.614141047000885,"이번 합병으로 SK이노베이션은 석유 에너지, 화학, 액화천연가스(LNG), 전력, 배터리, 신재생에너지 등 현재와 미래의 에너지를 아우르는 포트폴리오를 구축했다. 특히 안정적 수익창출원인 LNG 밸류체인은 합병 법인의 안정적 수익 확보와 미래 사업 투자에 든든한 버팀목 역할을 할 것으로 회사 측은 기대했다."
1375,context,0.0955,neutral,0.636,에너지 관리,E,E_ENERGY__RENEWABLE_TRANSITION,신재생에너지 전환,0.5003912448883057,"친환경 에너지 기업 E1은 에너지 시장 변화에 따라 수소, 신재생에너지, 전기차 충전 등 신사업 확장에 적극적으로 나서고 있다. 2022년부터 E1은 경기도 과천, 고양 및 서울 강서에 위치한 LPG 충전소 3곳에 수소충전소를 구축해 운영 중이다. 특히 과천 복합충전소는 전기차 충전 시설도 있어 LPG 수소 전기차 충전이 모두 가능하다."
1376,opportunity,0.5112,positive,0.9837,기후변화·온실가스,E,E_CLIMATE__SCOPE1_2_EMISSION,Scope 1·2 배출량,0.5196866393089294,버스덕트는 금속 케이스 안에 판형 도체를 넣어 전력을 공급하는 장치다. 조립식이라 전선보다 설치와 이동이 간편한데다 전력 사용량도 30% 이상 줄일 수 있다. LS전선은 케레타로 버스덕트 공장을 미국과 캐나다 등 북미 시장에 대한 수출기지로 삼는다는 계획이다.
1377,opportunity,0.6905,positive,0.9924,안전보건,S,S_SAFETY__OCCUPATIONAL_HEALTH_MANAGEMENT,사업장 안전보건 관리체계,0.6957642436027527,"또한 용마로지스는 국토부가 실시하는 2023년 택배서비스 평가 에서 기업택배 분야에서 A 등급을 받으며, 4년 연속 A 등급을 획득했다. 종합물류 기업으로서 최상의 서비스를 제공하기 위해 환경경영시스템 ISO 14001, 품질경영시스템 ISO 9001, 안전보건경영시스템 ISO 45001, 정보보안경영시스템 ISO 27001 등 글로벌 표준 인증을 획득했다."
1378,context,0.1597,neutral,0.9985,인적자원 관리,S,S_HR__DIVERSITY_INCLUSION,다양성 및 형평성 (DEI),0.5332275629043579,인종이나 젠더 다양성 정보 공개도 크게 늘었다. 다양성 데이터를 추적하는 다이버IQ(DiverIQ)에 따르면 S P500 지수 편입 기업 중 올해 9월1일 현재 임직원의 인종과 성별에 관한 정보를 공개한 기업의 비중이 82.6%에 달했다. 지난 2019년에는 이런 정보를 공개한 기업이 5.3%에 불과했다.
1379,opportunity,0.709,positive,0.9961,기후변화·온실가스,E,E_CLIMATE__SCOPE3_EMISSION,Scope 3 배출량,0.7118180394172668,SM 엔터테인먼트 역시 생물다양성 보전과 친환경 인증 제품 사용에 주력하여 환경 부문 A등급을 받았다. YG 엔터테인먼트는 2023년 탄소중립 목표 수립과 스코프3 (Scope 3) 배출량 산정 등 구체적인 환경 전략을 시작했다.
1380,context,0.2044,neutral,0.9999,인적자원 관리,S,S_HR__DIVERSITY_INCLUSION,다양성 및 형평성 (DEI),0.6815188527107239,"아울러 ESG에 대한 직장인의 인식 전반을 살펴보고 기업이 지속가능경영 강화를 위한 주요 영역별 인사이트를 전달한 UNGC X 리멤버 ESG 인식조사 서베이 세션 , 성소수자에 대한 포용적인 직장문화 구축을 통한 기업의 인재유치 효과 및 기업 재무성과 제고 효과를 설명한 DEI 강연이 이어졌다."
1381,context,0.1714,neutral,0.9998,에너지 관리,E,E_ENERGY__RENEWABLE_TRANSITION,신재생에너지 전환,0.5713868141174316,"강영철 한수원 재생에너지처장은 지붕 태양광 발전소는 유휴 공간을 활용한 친환경 에너지 생산 방식으로, 환경훼손이 전혀 없고 지붕 임대를 통해 공장주는 부가 수익을 얻을 수 있어 장점이 크다며 2036년까지 태양광을 비롯해 총 9.86기가와트(GW)의 신재생 에너지 설비를 갖출 계획이라고 말했다."
1382,context,0.1663,neutral,0.9021,에너지 관리,E,E_ENERGY__RENEWABLE_TRANSITION,신재생에너지 전환,0.6145886778831482,앞서 한수원은 정부의 산업단지 태양광 활성화 정책 이행을 위해 원전 부품 가공 설비 제작 강소기업인 삼홍기계와 태양광 발전소 건설을 위한 지붕 시설 임대차 계약을 체결했다.
1383,opportunity,0.5795,positive,0.9998,에너지 관리,E,E_ENERGY__RENEWABLE_TRANSITION,신재생에너지 전환,0.579586386680603,"이번에 준공된 지붕 태양광 발전소는 설비 규모 2 (메가와트)로, 총면적 약 1만1000 지붕에 고효율 태양광 모듈 3360장을 설치해 완성했다. 이를 통해 연간 약 2410 h의 친환경 에너지를 생산한다."
1384,context,0.1738,neutral,0.9998,이사회 구조,G,G_BOARD__COMPOSITION_INDEPENDENCE,이사회 구성 및 독립성,0.5795561671257019,"한편 이 교수는 주주 행동주의에서 이해관계자 행동주의로 나아가고 있다고 분석했다. 이 교수는 이사회 구성과 운영은 주주 행동주의의 핵심 대상 이라면서 최근 들어 행동주의 투자는 전형적인 기업공격형 외에 가치투자형, 책임투자형 등 광범한 유형으로 나타나고 (...) 나아가 주주들끼리만이 아닌 정부기관, 이익집단, 지역사회 등과의 연대행동도 확대되고 있다 고 말했다."
1385,context,0.1431,neutral,0.9812,에너지 관리,E,E_ENERGY__RENEWABLE_TRANSITION,신재생에너지 전환,0.4861369729042053,"두번째로 발전소의 기여도와 무관하게 일괄적인 요금이 지급되어 성과연동 효과가 미미한 점을 지적했다. 이로 인해 효율이 낮은 발전소에도 동일한 보상이 제공되어, 도매시장에서도 비효율이 누적되고 있다는 것이다. 마지막으로 탄소 배출량을 고려하지 않고 LNG 발전소에 과도한 보상을 지속함으로써, 신규 LNG 발전소 건설이 지속되고 재생에너지 전환에 필요한 투자 여력이 줄어들고 있다는 주장이다."
1386,context,0.1279,neutral,0.6861,에너지 관리,E,E_ENERGY__RENEWABLE_TRANSITION,신재생에너지 전환,0.6211380958557129,"이를 통해 민간과 다자개발은행, 국제기구의 협력을 이끌어내 개발도상국의 태양광 발전사업을 위한 자금조달 비용을 현재의 15%에서 5%로 낮춘다는 계획이다."
1387,context,0.186,neutral,0.9984,에너지 관리,E,E_ENERGY__RENEWABLE_TRANSITION,신재생에너지 전환,0.6209254860877991,이 위원회는 이런 시설까지 모두 포함한 발전량을 집계하기 위해 유럽의 솔라파워 유럽(SolarPower Europe)이나 전 세계 태양광 발전사업자 협회나 태양광 발전 사업 개발자 등과 협력했다고 설명했다.
1388,context,0.1545,neutral,0.9994,에너지 관리,E,E_ENERGY__RENEWABLE_TRANSITION,신재생에너지 전환,0.5154399871826172,이 위원회의 소니아 던롭 CEO는 로이터와의 인터뷰에서 많은 나라에서 지붕형 태양광 등 소형 발전시설이 등록되지 않은 채 운영되고 있어 각국 정부가 태양광 발전량을 완전하게 파악하지 못하는 경우가 많다 고 말했다.
1389,context,0.1284,neutral,0.9912,에너지 관리,E,E_ENERGY__RENEWABLE_TRANSITION,신재생에너지 전환,0.4317915141582489,글로벌 태양광 위원회(Global Solar Council)는 2TW는 미국의 920만 가구가 사용할 수 있는 전력량이라고 설명했다. 이중 60%는 지상 태양광 발전이 차지했고 지붕형 태양광 시설의 발전 용량이 나머지 40%를 차지했다.
1390,opportunity,0.4747,positive,0.9998,에너지 관리,E,E_ENERGY__RENEWABLE_TRANSITION,신재생에너지 전환,0.47480708360671997,최근 2년간 태양광 발전용량은 그 이전 68년간의 발전량을 뛰어넘는 증가 폭을 기록한 것으로 집계됐다.
1391,opportunity,0.5039,positive,0.9994,에너지 관리,E,E_ENERGY__RENEWABLE_TRANSITION,신재생에너지 전환,0.5042473077774048,"수소연료전지 분야에는 한화가 여수에코파워와 여수퓨어파워를, HD현대가 에이치디하이드로젠을 설립했다. 신재생에너지 분야에서 LS는 엘펨스의 지분을 취득했고 금호석유화학은 금호그린바이오를 설립했다."
1392,risk,0.492,negative,0.8536,에너지 관리,E,E_ENERGY__RENEWABLE_TRANSITION,신재생에너지 전환,0.5764206647872925,"이번 조사 기간에는 태양광과 수소연료전지 등 신재생에너지 분야에서 사업 역량 확대를 위한 지분인수 및 회사 설립이 두드러졌다. 태양광 발전 분야에서 현대자동차는 나주호배꽃품은햇빛발전소를, 한화는 인사이트루프탑솔라6호를 설립했다."
1393,context,0.1677,neutral,0.9997,안전보건,S,S_SAFETY__OCCUPATIONAL_HEALTH_MANAGEMENT,사업장 안전보건 관리체계,0.5591611266136169,"중소기업 혁신바우처 사업은 기업의 특성과 필요에 따라 5가지 유형( 일반, 탄소중립, 지역성장형, 중대재해예방, 재기컨설팅)으로 구분해 유형별로 기업 특성에 맞춘 3개 서비스(컨설팅 기술지원 마케팅)를 바우처 방식으로 지원하는 사업이다. 이번 1차 공고는 5개 유형 중 지역성장형 을 제외한 4개 유형에 대해 실시한다."
1394,context,0.1566,neutral,0.9999,인적자원 관리,S,S_HR__DIVERSITY_INCLUSION,다양성 및 형평성 (DEI),0.521914541721344,"KPC는 이러한 일터의 변화를 반영한 2025 HRD 트렌드 키워드로 AI리터러시, DEI(다양성,형평성, 포용성), 스킬 기반 HRD를 선정하고 구체적인 인재개발 전략을 제시했다."
1395,opportunity,0.4986,positive,0.9233,에너지 관리,E,E_ENERGY__RENEWABLE_TRANSITION,신재생에너지 전환,0.5400441288948059,공장 지붕과 주차장에 태양광발전기를 설치하고 디젤트럭을 전기트럭으로 바꾸고 PPA 계약을 체결하는 등 실제 활동과 성과가 있어야 가능하다.
1396,context,0.1184,neutral,0.9996,에너지 관리,E,E_ENERGY__RENEWABLE_TRANSITION,신재생에너지 전환,0.3949507176876068,"첫째, 금리 인상 때문이다. 과거 저금리 환경에서 신재생에너지 프로젝트는 주로 빌린 돈을 갖고 발전소를 세우고, 부채를 장기적으로 상환하는 방식으로 운영됐다. 하지만 2022년부터 인플레이션을 잡기 위해 세계 중앙은행들이 금리 인상에 나서자 대출 상환 비용이 급증해 이들 기업에 큰 타격을 입었다는 설명이다."
1397,opportunity,0.3864,positive,0.8695,에너지 관리,E,E_ENERGY__RENEWABLE_TRANSITION,신재생에너지 전환,0.44444724917411804,이러한 목표가 추진되는 과정에서 탄소 배출을 줄이기 위한 신재생에너지 기술을 개발하고 보급하는 기업들의 수혜가 예상됐기 때문이다. 그러나 기대가 말 그대로 기대로 끝날 조짐이 다양한 경로에서 나타나고 있다.
1398,context,0.1927,neutral,0.9998,에너지 관리,E,E_ENERGY__RENEWABLE_TRANSITION,신재생에너지 전환,0.6426571607589722,지난해 12월 개최된 제28차 유엔기후변화협약 당사국총회(COP28)에서 총회에 참가한 200여 개국이 2030년까지 글로벌 재생에너지 생산 능력을 세 배로 확대하고 에너지 효율성을 두 배로 개선하겠다는 목표에 합의하자 신재생에너지 기업과 투자에 긍정적인 영향을 줄 것이라는 기대감이 컸다.
1399,context,0.1469,neutral,0.9997,이사회 구조,G,G_BOARD__COMPOSITION_INDEPENDENCE,이사회 구성 및 독립성,0.489994078874588,이 의장은 이사회 독립성 확보 등 기업에 투자를 결정하기 전 선진적인 거버넌스를 위한 개선사항을 요구한다면서 만약 우리의 거버넌스 개선 요구를 받아들이지 않는다면 아예 투자 자체를 안한다. 개선 의지가 없는 회사들은 결국 시장에서 소외될 것이라고 생각한다고 말했다.
1400,risk,0.443,negative,0.7242,기후변화·온실가스,E,E_CLIMATE__SCOPE3_EMISSION,Scope 3 배출량,0.6116446256637573,"이번 발의안에는 스코프3(Scope 3) 공시 보고 요구 사항 등이 기업에 부담이 될 수 있음을 감안해 시행 첫 해에는 부실공시(단, 고의 또는 중과실 제외)에 대한 법적 책임을 면제하는 규정을 마련했다."
1401,context,0.153,neutral,0.9999,인적자원 관리,S,S_HR__DIVERSITY_INCLUSION,다양성 및 형평성 (DEI),0.5099289417266846,"이번 전시 더 젠가는 생태계 속 한 개 종의 멸종으로 모든 체계가 무너질 수 있다는 생물 다양성(Biodiversity)을 젠가에 비유했다. 아모레퍼시픽재단은 그간 진행해 온 생물 다양성에 관한 연구를 예술가들과 공유하고, 5인의 예술가(양벼리, 박예나, 김은하, 남다현, 김준혁)는 이에 대한 독창적인 해석을 설치 조형 및 회화 작품으로 표현했다."
1402,context,0.1786,neutral,0.9986,기후변화·온실가스,E,E_CLIMATE__SCOPE3_EMISSION,Scope 3 배출량,0.5961105823516846,"ZEMBA의 잉그리드 이리고옌(Ingrid Irigoyen) CEO는 이번 차기 공동 입찰을 통해 상업용 e-퓨얼의 사용을 자발적으로 촉진함으로써 역사를 만들어가고 있다 면서, 이같은 e-퓨얼의 구매가 회원사들의 스코프3(Scope 3) 배출량 감축 등 지속가능성 목표 달성을 위해서도 필요하다고 덧붙였다."
1403,context,0.1874,neutral,0.9999,기후변화·온실가스,E,E_CLIMATE__SCOPE1_2_EMISSION,Scope 1·2 배출량,0.6245548129081726,"윤 연구위원은 중국은 지자체 재생에너지 목표 부여 시 정부가 종합적으로 지자체의 목표를 계산한 후 지자체의 검토의견을 받는 절차를 거친다 면서 지자체는 계통연계 고려된 재생에너지 설비 계획과 예상 발전량, 지역간 전력거래량 및 비중, 예상 전력 사용량 등에 대한 데이터를 통해 검토한다 고 말했다."
1404,context,0.1721,neutral,0.9999,이사회 구조,G,G_BOARD__COMPOSITION_INDEPENDENCE,이사회 구성 및 독립성,0.5736613273620605,"더구나 이사회 구성을 보면 6명 전원이 내국인이고, 교수 관료 위주다. 글로벌 기술전쟁시대를 돌파할 전문적이고 독립적인 의사결정을 하기 힘든 구도다. 경쟁업체인 대만 TSMC의 이사회 구성을 보면 완전히 다르다. 7명의 사외이사 중 6명이 외국인이며, 이들 모두 글로벌 기업의 전직 CEO내지 IT업계 리더다. 이들은 직접 글로벌 IT기업을 경영하면서 고비고비 중대 의사결정을 해봤던 경험을 갖고 있다. 그러니 경영진을 효율적으로 견제 감시하고 협력하면서 전략적 최고 의사결정을 내릴 수 있는 것이다."
1405,context,0.2014,neutral,0.9999,기후변화·온실가스,E,E_CLIMATE__CLIMATE_GOVERNANCE_INVENTORY,기후 거버넌스·인벤토리,0.6715092062950134,"part ESG의 시작과 확산 part ESG의 구조와 특성 part ESG 투자 규모 및 활용 현황 part ESG 관련 주요 정책 및 규제 현황 part 지속 가능 정보 공시 기준안 GRI, SASB part 지속 가능 정보 공시 기준안 TCFD 권고안 part 지속가능 정보 공시 기준안 ESRS, IFRS part ESG 평가 기관별 평가 방법 part ESG와 기업가치 part 탄소회계 등의 순으로 구성돼 있다."
1406,context,0.1778,neutral,0.9997,이사회 구조,G,G_BOARD__COMPOSITION_INDEPENDENCE,이사회 구성 및 독립성,0.592749834060669,이에 따라 ISS는 3자연합이 상정한 정관변경안(이사회 구성원 11명으로 1명 증원)과 신규이사 선임안 두 안건 모두에 대해 반대(Against) 의견을 냈다고 한미사이언스는 강조했다.
1407,opportunity,0.4916,positive,0.9938,안전보건,S,S_SAFETY__OCCUPATIONAL_HEALTH_MANAGEMENT,사업장 안전보건 관리체계,0.4946643114089966,"한편, 동아쏘시오그룹 일반의약품 사업회사 동아제약, 전문의약품 사업회사 동아에스티는 천안, 대구, 당진, 이천, 인천 송도 등 모든 의약품 생산공장에 안전보건경영시스템 ISO 45001인증을 획득했다."
1408,opportunity,0.414,positive,0.9995,에너지 관리,E,E_ENERGY__RENEWABLE_TRANSITION,신재생에너지 전환,0.41422033309936523,태양광 발전량이 기록적으로 증가하면서 태양광 발전에서 50만명이 넘는 고용 증가를 기록했다.
1409,context,0.1111,neutral,0.9996,에너지 관리,E,E_ENERGY__EFFICIENCY_CONSUMPTION,에너지 소비 및 효율화,0.3703383803367615,"비트코인 가격이 연일 최고가를 경신하면서 10만달러(약 1억 4000만원) 직전까지 올라가자 비트코인 채굴, 즉 비트코인 발행 맟 생산과 관련된 에너지 소비량이 덩달아 늘어나면서 초래될 환경 피해를 무시해서는 안 된다는 지적이 곳곳에서 제기되고 있다."
1410,context,0.1458,neutral,0.9992,이사회 구조,G,G_BOARD__COMPOSITION_INDEPENDENCE,이사회 구성 및 독립성,0.48649320006370544,"3자 연합이 목표로 한 이사회 장악에는 실패했지만 이사회 구성원 동수 재편에는 성공해 절반의 승리를 거둔 것이고, 우호 지분이 25.62%로 3자 연합보다 8%포인트가량 적었던 형제 측으로서도 이사회 정원 확대를 막아내 선전한 셈이다."
1411,context,0.1967,neutral,0.9999,에너지 관리,E,E_ENERGY__RENEWABLE_TRANSITION,신재생에너지 전환,0.6557450890541077,산업부는 앞으로도 국내외 RE100 참여기업 등과 긴밀히 소통하면서 재생에너지 공급 확대와 RE100 구매제도 개선을 위해 지원해 나갈 계획이라고 밝혔다.
1412,context,0.2162,neutral,0.9998,에너지 관리,E,E_ENERGY__RENEWABLE_TRANSITION,신재생에너지 전환,0.7207095623016357,"아울러 총 재원 2500억원 규모의 기업재생에너지 펀드 는 기업의 RE100 이행지원을 위해 PPA 등 재생에너지 발전사업 부문 투자를 주목적으로 하는 전용 펀드이다. 정부는 지난해 12월 최초로 하사미 육상풍력 PPA사업(17.6MW)이 투자 진행 중에 있으며, 올해엔 신규로 알파 태양광 PPA(18.8MW)과 그린솔라일호 태양광 PPA(24MW) 2개 프로젝트에 대해 투자를 개시할 예정이다."
1413,context,0.1588,neutral,0.7326,에너지 관리,E,E_ENERGY__RENEWABLE_TRANSITION,신재생에너지 전환,0.7223026156425476,이를 통해 RE100 관련 기업의 비용부담 완화와 함께 PPA 확대에 기여할 것으로 기대된다고 산업부는 밝혔다. PPA 송배전망 이용 요금지원 확대 내용을 담은 전력거래계약 송배전망 이용요금 지원 사업은 한국에너지공단 신재생에너지홈페이지(www.knrec.or.kr)에 게시된 공고문을 참고하면 된다.
1414,context,0.1459,neutral,0.9987,에너지 관리,E,E_ENERGY__RENEWABLE_TRANSITION,신재생에너지 전환,0.4870106279850006,"29일 산업통상자원부에 따르면 정부는 PPA 망이용료 지원 대상과 기간을 대폭 상향한다. 기존 지원 중인 중소 중견기업은 지원기간을 1년에서 3년으로 늘리고, 실제 PPA 수요처인 RE100 가입기업인 대기업에 대해서도 1년간 지원을 신설한다."
1415,context,0.1619,neutral,0.9999,인적자원 관리,S,S_HR__DIVERSITY_INCLUSION,다양성 및 형평성 (DEI),0.539607584476471,산림청 국립수목원은 기후변화가 우리나라 특산식물 다양성의 분포 변화에 미치는 영향을 평가한 결과를 국제학술지에 발표했다고 밝혔다. 이번 연구 성과의 핵심은 기후변화에 따른 특산식물의 생육지 이동에 따라 동해와 남해 연안의 산림생태계에서 특산식물의 다양성 감소가 예측된다는 것이다.
1416,context,0.1988,neutral,0.9077,에너지 관리,E,E_ENERGY__RENEWABLE_TRANSITION,신재생에너지 전환,0.7299942970275879,최근 RE100 참여기업의 PPA(전력구매계약) 수요 대응과 비용 부담 완화 등 PPA 초기시장 활성화를 위해 정부가 PPA 송배전망 이용 요금 지원 대상과 기간을 대폭 확대한다. 또 RE100 전용 기업재생에너지 펀드 활용한 대규모 태양광 등 PPA 프로젝트 투자를 본격 추진한다.
1417,context,0.1621,neutral,0.9994,에너지 관리,E,E_ENERGY__EFFICIENCY_CONSUMPTION,에너지 소비 및 효율화,0.5407560467720032,"머스크의 에마 마자리 에너지 시장 부문 부사장은 로이터에 우리는 2030년까지 전체 연료 중 녹색 연료 또는 재생에너지 연료를 15 20% 사용할 것이라면서, 이는 회사의 에너지 효율 개선 성과에 따라 달라질 수 있다고 말했다."
1418,context,0.1977,neutral,0.9998,안전보건,S,S_SAFETY__OCCUPATIONAL_HEALTH_MANAGEMENT,사업장 안전보건 관리체계,0.6590982675552368,"현재 한국환경연구원의 국가기후변화적응센터(KACCC)에서 CRAS(Climate Change Risk Assessment System)이란 이름으로 운영되고 있다. CRAS는 기후변화로 인해 발생할 수 있는 다양한 리스크의 정보를 카테고리로 구분해서 기후변화 리스크의 정의, 전달경로, 비즈니스 영향, 적응옵션 등의 정보를 제공하고 있다."
1419,context,0.2043,neutral,0.9999,기후변화·온실가스,E,E_CLIMATE__SCOPE3_EMISSION,Scope 3 배출량,0.6810217499732971,이날 국제스마트콘 컨퍼런스 세션에서 건설산업 전과정 탄소배출 저감을 위한 건설자재 공급망 관리(Scope 3) 플랫폼 EcoMix Series를 발표했다.
1420,context,0.1667,neutral,0.9994,에너지 관리,E,E_ENERGY__RENEWABLE_TRANSITION,신재생에너지 전환,0.5560047030448914,"일본의 비영리단체 재생에너지연구소(Renewable Energy Institute)는 29일 성명을 통해 정부의 초안은 IPCC가 제안한 2035년까지 60% 감축과 일치하는 것으로 보이지만, IPCC가 사용한 2019년 기준선으로 환산하면 실제 감축은 약 49%에 미칠 것으로 분석된다 며 이는 선진국으로서 일본의 책임을 다하는 데에는 미치지 못한다 고 지적했다."
1421,context,0.2054,neutral,0.9313,에너지 관리,E,E_ENERGY__RENEWABLE_TRANSITION,신재생에너지 전환,0.7352203726768494,아울러 도심형 에너지 확보를 위한 수소 에너지 기술 재생에너지 사용 확대를 위한 ESS 역할과 활용 방안 재생에너지 증가에 의한 전력산업 변화와 정책적 대응 및 사업모델 기업 재생에너지 PPA 및 RE100 자가용 태양광 구독 사례 C-PPA 시장 분석 및 전망에 대해 발표할 예정이다.
1422,context,0.1901,neutral,0.9875,이사회 구조,G,G_BOARD__COMPOSITION_INDEPENDENCE,이사회 구성 및 독립성,0.6417312026023865,"라데팡스는 이날 현재 한미사이언스의 최대주주단인 3자 연합은 4자 연합으로 확대 재편성됐다며 3자 연합과 이사회 구성, 의결권 공동행사와 우선매수권(ROFO), 동반매각참여권(태그얼롱) 등의 주요 내용을 담은 주주 간 계약을 체결했다고 전했다."
1423,context,0.2249,neutral,0.9992,기후변화·온실가스,E,E_CLIMATE__SCOPE1_2_EMISSION,Scope 1·2 배출량,0.7504052519798279,"운영경계는 직접배출과 간접배출의 구분을 뜻한다. 운영경계 설정을 위해 기업은 조직경계 내 배출 시설과 사용 연료, 원료 등을 파악해 온실가스 배출원을 밝혀내고 직접 배출량과 간점 배출량을 구분해야 한다."
1424,context,0.1975,neutral,0.9998,기후변화·온실가스,E,E_CLIMATE__SCOPE3_EMISSION,Scope 3 배출량,0.6586573123931885,"10번과 14번 항목은 모두 사운스트림 항목에 속한다. 최 교수는 일반적으로 다운스트림 항목이 업스트림 항목에 비해 집계에 어려움이 클 수 있다 며 업스트림은 계약 관계에 있는 협력사가 많지만, 다운스트림은 대개 고객이 제품이나 서비스를 사용하면서 배출하는 온실가스라서 고객에게 데이터를 요청하기가 쉽지 않다 고 설명했다."
1425,context,0.1445,neutral,0.9975,기후변화·온실가스,E,E_CLIMATE__SCOPE3_EMISSION,Scope 3 배출량,0.48279204964637756,"업스트림 항목을 모두 공시한 기업은 삼성전자와 삼성SDI, 삼성전기, 삼성에스디에스, 네이버, 삼성바이오로직스, 솔루스첨단소재 등 10곳으로 7%를 차지했다. 다운스트림 항목을 모두 공시한 기업은 SK네트웍스와 SK가스 2곳에 그쳤다."
1426,context,0.1915,neutral,0.9995,기후변화·온실가스,E,E_CLIMATE__SCOPE3_EMISSION,Scope 3 배출량,0.6384711265563965,"GHG 프로토콜은 스코프 3 배출량을 15개 항목으로 구분하고 있다. 1 8번은 업스트림 배출량 항목이고, 9 15번은 다운스트림 배출량 항목이다."
1427,context,0.1848,neutral,0.9993,에너지 관리,E,E_ENERGY__EFFICIENCY_CONSUMPTION,에너지 소비 및 효율화,0.6163026094436646,"2020년 영국 정부가 도입한 산업에너지전환기금(Industrial Energy Transformation Fund, IETF )은 산업의 탄소중립을 위해 에너지 효율 개선 등 초기 투자를 장려하고, 기술의 위험 조정 비용을 감축하기 위해 고안되었다. 즉, 궁극적으로 산업계가 더 효과적인 기술에 투자하여 에너지 비용을 절감하고, 탈탄소화 기술에 투자하는 데 드는 비용과 위험을 줄여 배출량을 줄이도록 하기 위함이다."
1428,opportunity,0.6809,positive,0.9997,윤리경영·준법,G,G_ETHICS__ANTI_CORRUPTION_COMPLIANCE,반부패 및 컴플라이언스,0.6810894012451172,"인증 획득으로 동아쏘시오홀딩스는 공정거래, 반부패, 자본시장법, 기업 지배구조, 노동법 관련 법규를 점검하고, 준법 리스크 관리, 개선 및 대응 체계를 구축했다. 향후 환경, 정보보호 등에 대한 법규 관리로 확장해 나갈 계획이다."
1429,opportunity,0.7427,positive,0.999,윤리경영·준법,G,G_ETHICS__ANTI_CORRUPTION_COMPLIANCE,반부패 및 컴플라이언스,0.7434813976287842,"앞서 동아쏘시오홀딩스는 부패방지경영시스템 ABMS ISO 37001 인증을 획득한 바 있다. ABMS는 조직이 뇌물수수 및 부패를 예방, 감지 등 조직에서 발생 가능한 부패 행위를 사전에 식별하고 통제하는 경영시스템이다."
1430,opportunity,0.6419,positive,0.9998,에너지 관리,E,E_ENERGY__RENEWABLE_TRANSITION,신재생에너지 전환,0.6420522928237915,"엔라이튼 이영호 대표는 이번 계약은 기존 대형 발전소와 대기업간의 전력거래가 주를 이루던 시장에서 중소규모의 발전소가 엔라이튼을 통해 재생에너지 구매를 희망하는 민간 수요기업과 거래할 수 있는 가능성을 열어준 중요한 사례 라며, 앞으로도 발전사업자와 재생에너지 공급이 필요한 기업 모두에게 신뢰할 수 있는 에너지 서비스를 제공하며 지속 가능한 재생에너지 전환을 선도하겠다 고 밝혔다."
1431,context,0.079,neutral,0.7115,에너지 관리,E,E_ENERGY__RENEWABLE_TRANSITION,신재생에너지 전환,0.37032362818717957,보고서는 노동력 부족과 태양광 발전 설비와 전력망 연결 지연을 문제로 꼽았다. 이러한 문제는 청정 에너지에 적대적인 도널드 트럼프 당선인이 취임하면 더욱 심화될 것으로 봤다.
1432,context,0.1371,neutral,0.9997,윤리경영·준법,G,G_ETHICS__ANTI_CORRUPTION_COMPLIANCE,반부패 및 컴플라이언스,0.457079142332077,"한국컴플라이언스협회는 이번 행사의 성공적인 개최를 바탕으로, 앞으로도 다양한 교육 프로그램과 네트워킹 기회를 제공하여 국내 컴플라이언스 수준을 한 단계 높이는 데 주력할 계획이다."
1433,context,0.1366,neutral,0.9775,윤리경영·준법,G,G_ETHICS__ANTI_CORRUPTION_COMPLIANCE,반부패 및 컴플라이언스,0.46563294529914856,김은성 이사장은 이번 어워즈를 통해 국내 컴플라이언스의 수준이 한층 높아졌음을 확인할 수 있었다며 앞으로도 우리 협회는 기업과 기관의 컴플라이언스 역량 강화를 위해 다양한 지원을 아끼지 않을 것이라고 밝혔다.
1434,context,0.1591,neutral,0.9999,윤리경영·준법,G,G_ETHICS__ANTI_CORRUPTION_COMPLIANCE,반부패 및 컴플라이언스,0.5305593013763428,"박동선 APEC 국제교육협력원 이사장은 글로벌 컴플라이언스를 주제로 특강을 진행했으며, 시상식 이후에는 수상기업들의 우수사례 발표를 통해 실질적인 컴플라이언스 운영 노하우를 공유하는 시간도 가졌다."
1435,context,0.1638,neutral,0.9628,윤리경영·준법,G,G_ETHICS__ANTI_CORRUPTION_COMPLIANCE,반부패 및 컴플라이언스,0.5671131610870361,"이날 행사에서는 기업부문에 포스코이앤씨와 CJ대한통운이, 공공부문에 인천국제공항공사가 대상을 수상했다. 또한 한국보건산업진흥원이 기타공공부문 컴플라이언스 거버넌스 추진상을 수상했다. 수상 기관들은 체계적인 컴플라이언스 시스템 구축과 혁신적인 운영으로 높은 평가를 받았다."
1436,context,0.1629,neutral,0.8813,에너지 관리,E,E_ENERGY__RENEWABLE_TRANSITION,신재생에너지 전환,0.6160231232643127,"남아공은 지난 2021년 미국 유럽연합(EU) 일본 캐나다 영국 등 9개국과 정의로운 에너지 전환 파트너십(Just Energy Transition Partnership, 이하 JETP)을 체결했다. 남아공은 JETP를 통해 보조금, 대출, 보증의 형태로 93억 달러의 지원을 약속받았다. 지원금은 전체 전력 석탄 의존도를 낮추고 재생에너지 전환을 가속화하는 데 쓰일 예정이다."
1437,context,0.1443,neutral,0.99,에너지 관리,E,E_ENERGY__RENEWABLE_TRANSITION,신재생에너지 전환,0.4859679043292999,세계 최대 재생에너지 전환 투자자이기도 한 임팩스의 이안 심(Ian Richard Simm) CEO는 새로운 정치 환경에도 불구하고 우리는 지속가능 투자 철학을 절대 바꾸지 않을 것이라고 말했다. 막대한 규모의 지속가능 투자를 시행하고 있는 파르나서스 인베스트(Parnassus Investments) 역시 미국 내 새로운 정치적 배경에도 불구하고 장기 전략은 변함이 없다고 블룸버그에 말했다.
1438,risk,0.4107,negative,0.9596,에너지 관리,E,E_ENERGY__RENEWABLE_TRANSITION,신재생에너지 전환,0.42803484201431274,SCIRO는 중국에서 진행 중인 대규모 투자와 인플레이션 압력 완화로 이번 회계연도에 대규모 배터리 에너지 저장장치와 태양광 발전소를 건설하는 데 필요한 자본비용이 각각 20%와 8% 감소할 것으로 전망했다. 반면에 풍력 발전소를 짓는 데 필요한 자본비용은 지난 2년의 증가율보다 낮은 2% 증가로 둔화할 것으로 전망했다.
1439,context,0.1169,neutral,0.9998,인적자원 관리,S,S_HR__DIVERSITY_INCLUSION,다양성 및 형평성 (DEI),0.3896869122982025,버스데이의 활동은 다양한 분야 창작자들의 IP를 미디어아트로 제작하여 콘텐츠의 다양성 향상에 크게 기여하는 것에서 나아가 미디어아트 IP를 다양한 형태로 확장하여 부가가치 창출까지 이어지는 것이 특징이다. 협업 창작자와 IP 권리와 수익을 공유하여 다시 새로운 창작활동으로 이어질 수 있는 선순환 체계를 구축하여 예술 분야의 생산 역량 강화와 산업 고도화에 큰 기여를 하였다는 평가이다.
1440,context,0.2327,neutral,0.9999,이사회 구조,G,G_BOARD__COMPOSITION_INDEPENDENCE,이사회 구성 및 독립성,0.775859534740448,"개정안에 새로 포함된 2항에는 이사는 그 직무를 수행함에 있어 총주주의 이익을 보호해야 하고, 전체 주주의 이익을 공평하게 대우해야 한다 라는 내용이 담겼다. 이외에도 개정안에는 이사회 구성의 다양화 이사 선임 과정에서 집중투표제 도입 분리선출 감사위원 이사 수 확대 전자주주총회 방식 도입 등의 내용이 담겼다."
1441,context,0.2029,neutral,0.9998,인적자원 관리,S,S_HR__DIVERSITY_INCLUSION,다양성 및 형평성 (DEI),0.6763051152229309,"여성환경연대는 특히 가족친화제도 외 성별 근로 공시, 여성 임원 할당 목표 및 계획, 직장 내 성폭력 구제 절차 등 성별 다양성 확보를 위한 부문 이 제외되어 성평등에 관한 지표는 초안 기준에 포함되지 않았다 면서 의무대상인 기후 공시사항 또한 적용 시기, 적용 대상, 적용 형식 등이 확정되지 않은 상황 이라고 지적했다."
1442,context,0.1661,neutral,0.9905,인적자원 관리,S,S_HR__DIVERSITY_INCLUSION,다양성 및 형평성 (DEI),0.5588805079460144,"지난 4월 한국회계기준원 지속가능성기준위원회(KSSB)에서 공개한 국내 지속가능성 공시기준의 공개초안(이하 공개초안)에 따르면, 의무적으로 공시해야 하는 대상은 일반 공시사항과 기후 공시사항이며, 그 외 가족친화 경영 강제노동 예방 종업원의 다양성 인권 경영 등 정책 목적을 고려한 추가 공시사항은 선택 공시 사항으로 축소됐다."
1443,context,0.1283,neutral,0.996,에너지 관리,E,E_ENERGY__RENEWABLE_TRANSITION,신재생에너지 전환,0.4293867349624634,"세계 최대 재생에너지 전환 투자자이기도 한 임팩스의 이안 심(Ian Richard Simm) CEO는 새로운 정치 환경에도 불구하고 우리는 지속가능 투자 철학을 절대 바꾸지 않을 것이라고 말했다. 그는 또한 트럼프 정책이 불러올 인플레이션에 대한 우려로 자본 집약적인 녹색 부문에 대한 투자가 둔화되는 현상을 지적하고, 트럼프는 인플레이션 급등을 막기 위해 할 수 있는 모든 조치를 취할 것으로 보인다고 전망했다."
1444,context,0.1419,neutral,0.9999,인적자원 관리,S,S_HR__DIVERSITY_INCLUSION,다양성 및 형평성 (DEI),0.4729703366756439,"또한, 쿤달은 국립수목원, 춘천국유림관리소와 함께 유아 및 어린이 가족을 대상으로 생물 다양성 보전과 산림자원의 새로운 가치 창출을 목적으로 국유림 내 유아숲, 향기 정원 조성했고, 가족 대상 교육 프로그램을 통해 향기 정원에서 체험한 향을 집에서도 느낄 수 있도록 직접 개발한 자연의 향을 이용하여 스톤 방향제를 제작하는 프로그램을 제공하는 등 자연과 환경을 생각한 ESG 활동을 진행 중이다."
1445,opportunity,0.3816,positive,0.9434,에너지 관리,E,E_ENERGY__RENEWABLE_TRANSITION,신재생에너지 전환,0.4044504761695862,협회는 올해 미국의 태양광 발전량은 40GW 늘어나고 2025 2029년에는 연평균 43GW씩 늘어날 것으로 전망했다.
1446,opportunity,0.4124,positive,0.9821,에너지 관리,E,E_ENERGY__RENEWABLE_TRANSITION,신재생에너지 전환,0.41988053917884827,"유틸리티 기업의 태양광 발전량은 3분기 중 6.6GW 늘어났다. 2분기보다 16% 감소했으나, 지난해 3분기보다는 44% 증가했다."
1447,context,0.0962,neutral,0.9986,에너지 관리,E,E_ENERGY__RENEWABLE_TRANSITION,신재생에너지 전환,0.3210386037826538,협회는 금리 상승과 태양광 발전의 미래에 대한 소비자들의 불안 심리가 주택용 태양광 모듈 수요 위축으로 이어졌다며 올해 지난해 보다 26% 감소할 것으로 전망했다.
1448,context,0.1979,neutral,0.9999,기후변화·온실가스,E,E_CLIMATE__CLIMATE_GOVERNANCE_INVENTORY,기후 거버넌스·인벤토리,0.6596962213516235,"ESG 개론학 교과서라고 할 수 있는 이 책은 ESG 개념의 역사적 발전, 구조적 특성, 투자 규모, 관련 규제 정책 현황, 공시체계, 평가사들의 평가 방법, 탄소회계 등 ESG 전반에 걸친 내용을 매우 폭괄적이면서도 상세하게 다루고 있다."
1449,opportunity,0.2727,positive,0.5283,에너지 관리,E,E_ENERGY__RENEWABLE_TRANSITION,신재생에너지 전환,0.5162444114685059,한편 중국은 전례없는 속도로 확대되는 풍력과 태양광 발전의 영향으로 더 많은 전력망 확보가 시급한 상황이다. 지난해 중국은 2030년까지 재생에너지 발전용량을 최소 1200기가와트(GW)까지 늘린다는 목표를 6년이나 앞당겨 달성한 바 있다.
1450,context,0.1919,neutral,0.999,윤리경영·준법,G,G_ETHICS__ANTI_CORRUPTION_COMPLIANCE,반부패 및 컴플라이언스,0.6402720212936401,한국컴플라이언스협회(KCA)는 공공기관의 준법경영과 투명성 강화를 위해 2025 공공기관 컴플라이언스 리더십 포럼 결의대회를 27일 개최했다.
1451,context,0.1488,neutral,0.9302,에너지 관리,E,E_ENERGY__EFFICIENCY_CONSUMPTION,에너지 소비 및 효율화,0.5332075953483582,"산업부는 지난해 난방 3만6977가구, 냉방 1만8034가구를 지원했고, 난방 지원을 받은 가구는 약 22.6%의 에너지 절감효과가 있는 것으로 분석됐다고 밝혔다."
1452,context,0.1784,neutral,0.9624,에너지 관리,E,E_ENERGY__RENEWABLE_TRANSITION,신재생에너지 전환,0.6179908514022827,"이번 협약은 2월 26일 충청남도 문예회관에서 열린 힘쎈충남 RE100 추진 업무협약식 에서 체결됐다. 행사에는 김태흠 충청남도지사, 15개 시 군 단체장, 발전사 및 에너지 기업 관계자 등 800여 명이 참석했다."
1453,context,0.1976,neutral,0.9965,에너지 관리,E,E_ENERGY__RENEWABLE_TRANSITION,신재생에너지 전환,0.6609131097793579,"이번 협약을 통해 엔라이튼은 지자체, 산업단지공단, 산업단지 입주기업체협의회 등과 협력하여 충청남도 내 기업들이 보다 쉽게 RE100을 달성할 수 있도록 지원한다. 이를 위해 RE100 태양광 구독 서비스와 PPA를 포함한 맞춤형 솔루션을 제공할 계획이다."
1454,opportunity,0.5974,positive,0.9591,에너지 관리,E,E_ENERGY__RENEWABLE_TRANSITION,신재생에너지 전환,0.6229014992713928,"특히 엔라이튼은 대기업 및 중견기업 공장의 태양광 설비 구축과 운영을 직접 수행하며 쌓아온 엔지니어링 역량을 바탕으로, 산업단지 및 농공단지 내 공장들을 대상으로 RE100 태양광 구독 서비스를 확대할 계획이다."
1455,context,0.0951,neutral,0.5808,에너지 관리,E,E_ENERGY__RENEWABLE_TRANSITION,신재생에너지 전환,0.5455994606018066,"엔라이튼의 RE100 태양광 구독 서비스는 지역 기업들의 경제적 부담을 줄이는 동시에, RE100 목표 달성을 가속화하여 탄소중립 실현에 기여할 것으로 기대된다."
1456,context,0.1824,neutral,0.9984,에너지 관리,E,E_ENERGY__RENEWABLE_TRANSITION,신재생에너지 전환,0.6088826060295105,"엔라이튼의 이영호 대표는 이번 업무협약은 충청남도가 RE100 실현에 한 걸음 더 나아가는 계기가 될 것 이라며, 엔라이튼은 경제적이면서도 지속 가능한 신재생에너지 솔루션을 제공해 더 많은 기업들이 부담 없이 탄소중립 목표를 달성할 수 있도록 최선을 다하겠다고 말했다."
1457,context,0.2163,neutral,0.9999,에너지 관리,E,E_ENERGY__EFFICIENCY_CONSUMPTION,에너지 소비 및 효율화,0.7211273312568665,"그린버튼에 수집된 에너지 소비데이터는 기관 자체가 에너지 절감방안을 수립하고 추진할 수 있는 기초자료가 되며, 산업부는 공공부문 동 하절기 에너지 절감량 점검 등 에너지 수요관리 정책 추진에 활용한다."
1458,context,0.164,neutral,0.9998,에너지 관리,E,E_ENERGY__RENEWABLE_TRANSITION,신재생에너지 전환,0.5469545125961304,"농지에 영농형 태양광 발전시설(Agro-photovoltaics, APV)을 대규모로 설치해서 농업과 전력 생산을 병행한다면 기후변화 위기 해결과 식량안보 확립이라는 두 마리 토끼를 한꺼번에 잡을 수 있다."
1459,context,0.1549,neutral,0.9947,에너지 관리,E,E_ENERGY__RENEWABLE_TRANSITION,신재생에너지 전환,0.519062340259552,"연구팀은 이를 계산할 때 태양광 발전 용량 1MW당 약 0.02 의 설치 면적이 필요하고, 1MW당 연간 1GWh의 전력을 생산한다는 보수적 추정을 적용했고, 농업 생산을 위해 영농형 태양광 발전량을 3분의 1로 줄이는 것을 가정했으며, 각 농경지의 태양광 발전 적합도 등급을 고려했다."
1460,context,0.1749,neutral,0.9998,에너지 관리,E,E_ENERGY__RENEWABLE_TRANSITION,신재생에너지 전환,0.5829976201057434,"실제로 농업 작물 생산과 전력 생산 두 가지를 모두 생각하면 농가 소득 증대에는 도움이 된다. 전남 농업기술원 연구팀이 농경지에서 옥수수나 대두 등의 작물을 재배하면서 태양광 발전을 병행하는 실험을 진행했고, 그 결과를 지난 2021년 농학(Agronomy) 저널에 논문으로 발표한 바 있다. 당시 연구팀은 기존 작물 생산을 감소시키지 않고도 전력을 생산함으로써 농가 소득을 높이는 효율적인 APV 모델이 가능하다는 것을 확인했다. 옥수수의 경우 그림자 비율이 21.3%인 양면 태양광 모듈이 가장 수익성 있는 영농형 태양광 유형으로 꼽혔다."
1461,context,0.1288,neutral,0.9967,에너지 관리,E,E_ENERGY__RENEWABLE_TRANSITION,신재생에너지 전환,0.4306437373161316,"이에 비해 태양광 발전 용량 1MW를 설치하는 데 약 0.02 의 농경지가 필요하다는 영국 연구팀의 분석 방법을 적용한다면, 국내 농지 전체 1만5000 에는 750GW 규모의 APV 패널 설치가 가능하다는 계산이다."
1462,context,0.1636,neutral,0.9997,에너지 관리,E,E_ENERGY__RENEWABLE_TRANSITION,신재생에너지 전환,0.5455096960067749,"영국 연구팀의 분석처럼 우량 농지를 포함해 태양광 발전에 유리한 전국 농경지의 10%(1500 )에 APV 패널을 설치한다고 했을 때 약 70GW 규모의 설치가 가능하고, 이는 지금까지 설치된 사업용 태양광 발전시설의 2.6배에 해당하는 규모다."
1463,context,0.1195,neutral,0.9934,에너지 관리,E,E_ENERGY__RENEWABLE_TRANSITION,신재생에너지 전환,0.40084031224250793,영국은 골프장 면적이 훨씬 더 넓은 것으로 평가됐다. 셰필드대학 연구팀은 논문에서 영국 내 사업형 태양광 발전시설의 면적은 2021년 기준으로 국토의 0.07%(161 ) 수준이라고 밝혔다.
1464,context,0.0821,neutral,0.997,에너지 관리,E,E_ENERGY__RENEWABLE_TRANSITION,신재생에너지 전환,0.2746523320674896,"한국은 골프장 면적이 태양광 발전시설 등 재생에너지 시설 면적과 비슷한 수준으로 평가됐지만, 260여개의 골프장이 집중된 경기도의 경우만 본다면 골프장 면적이 재생에너지 면적을 훨씬 초과할 수도 있다."
1465,context,0.2092,neutral,0.9999,윤리경영·준법,G,G_ETHICS__ANTI_CORRUPTION_COMPLIANCE,반부패 및 컴플라이언스,0.6972660422325134,"서울 스퀘어에서 성황리에 열린 이번 행사에는 한국전기안전공사, 한국에너지공단, 인천국제공항공사, 한국보건산업진흥원 등 주요 공공기관의 컴플라이언스 감사 청렴윤리 내부통제 ESG 실무자 50여 명이 참석하여, 공공기관의 법적 준수 및 윤리경영 강화를 위한 논의를 진행했다."
1466,context,0.176,neutral,0.9996,윤리경영·준법,G,G_ETHICS__ANTI_CORRUPTION_COMPLIANCE,반부패 및 컴플라이언스,0.5868175029754639,김은성 한국컴플라이언스협회 이사장은 개회사를 통해 공공기관의 신뢰성과 윤리경영을 강화하기 위해서는 통합된 컴플라이언스 운영 체계가 필요하다고 강조했다.
1467,context,0.1835,neutral,0.9998,윤리경영·준법,G,G_ETHICS__ANTI_CORRUPTION_COMPLIANCE,반부패 및 컴플라이언스,0.6119533777236938,"이어진 패널 토론에서는 각 기관별 컴플라이언스 운영 현황, 감사 윤리 내부통제 시스템 통합 방안, 실무적 애로사항 등이 논의되었으며, 참석자들은 실질적인 개선 방향을 공유했다."
1468,context,0.1917,neutral,0.9999,윤리경영·준법,G,G_ETHICS__ANTI_CORRUPTION_COMPLIANCE,반부패 및 컴플라이언스,0.6389821171760559,"특히 공공기관 컴플라이언스 리더 결의대회에서는 기관 대표들이 결의문을 낭독하고 서명하며 준법경영 실천 의지를 다졌다. 참석자들은 이번 행사가 기관 간 협력과 정보 교류의 중요한 계기가 되었다고 평가했으며, 실무적 도움과 우수사례 벤치마킹의 기회였다고 소감을 전했다."
1469,context,0.1415,neutral,0.9999,인적자원 관리,S,S_HR__DIVERSITY_INCLUSION,다양성 및 형평성 (DEI),0.4717036783695221,"발제자로 참여한 아시아기후변화투자자그룹(AIGCC) 조대현 박사 역시 DEI(다양성, 형평성, 포용성) 정책이 폐지되고 있는 일련의 상황, 지난해 대다수 ESG 관련 주주제안의 부결 등을 안티 ESG 영향으로 분석하고 있는 관점에 반박했다. 그는 미국 내 기관투자자의 관심이 줄었을지라도 미국 외 기관투자자는 아직 활발하다 는 점을 강조했다."
1470,context,0.1933,neutral,0.9999,안전보건,S,S_SAFETY__OCCUPATIONAL_HEALTH_MANAGEMENT,사업장 안전보건 관리체계,0.6443967819213867,"안전보건 세미나는 안전보건 전문가를 초빙해 국내 안전 동향, 중대재해처벌법, 위험성 평가 체계 등 협력업체가 현실적으로 겪고 있는 안건들에 대한 강연과 토의 방식으로 진행됐다."
1471,context,0.1795,neutral,0.9612,인적자원 관리,S,S_HR__DIVERSITY_INCLUSION,다양성 및 형평성 (DEI),0.622309684753418,또 현대차는 이번 채용부터 장애인 신입 특별채용을 도입한다. 이를 통해 현대차의 근무 문화인 현대 웨이 중 하나인 다양성 포용을 실현해 조직 역량을 제고할 계획이다.
1472,context,0.109,neutral,0.9339,인적자원 관리,S,S_HR__DIVERSITY_INCLUSION,다양성 및 형평성 (DEI),0.389003723859787,"로이터 등 다수 외신 보도에 따르면, 애플은 지난 25일(현지시간) 연례 주주총회를 열고, 국가공공정책연구센터(NCPPR)가 제안한 DEI 프로그램 폐지 안건을 놓고 표결을 실시했으나 해당 안건은 부결됐다. 찬성은 2억 1045만 표, 반대는 88억 4000만 표를 받았다."
1473,context,0.1154,neutral,0.9998,인적자원 관리,S,S_HR__DIVERSITY_INCLUSION,다양성 및 형평성 (DEI),0.38465431332588196,이번 연례주주총회가 열리기 전인 지난 7일에는 세계 최대 의결권 자문기구 ISS가 애플 주주들에게 DEI 프로그램 폐지 안건에 반대 표를 던지라는 의견을 제시했다.
1474,context,0.1479,neutral,0.9176,인적자원 관리,S,S_HR__DIVERSITY_INCLUSION,다양성 및 형평성 (DEI),0.5372985005378723,"애플 이사회 역시 주주들에게 DEI 반대 제안을 거부할 것을 촉구하며, 애플은 이미 체계적으로 마련된 준법 프로그램 하에서 운영하고 있어 해당 제안이 불필요하다고 반박했다. 이어 해당 주주제안이 회사의 비즈니스 운영, 인사 및 전략 관리를 부적절하게 제한하려 한다고 주장했다."
1475,context,0.0996,neutral,0.9918,인적자원 관리,S,S_HR__DIVERSITY_INCLUSION,다양성 및 형평성 (DEI),0.33477261662483215,"시티그룹 골드만삭스 뱅크오브아메리카, DEI 축소 자리 지키는 JP모건"
1476,context,0.1044,neutral,0.9978,인적자원 관리,S,S_HR__DIVERSITY_INCLUSION,다양성 및 형평성 (DEI),0.3487870693206787,"JP모건 체이스의 CEO 제이미 다이먼은 지난 24일 CNBC와의 인터뷰에서 많은 기업이 DEI 프로그램에서 있는 상황에도 불구하고, JP모건은 다양성 확대를 계속할 것이라고 말했다."
1477,context,0.1639,neutral,0.9996,인적자원 관리,S,S_HR__DIVERSITY_INCLUSION,다양성 및 형평성 (DEI),0.5465937852859497,"뱅크 오브 아메리카(BofA)도 최근 회사 내 다양성 이니셔티브 중 일부를 폐지했다. 지난 25일 발간된 BofA 연례 보고서에 따르면, 다양성 채용 목표와 채용 관리자가 다양한 후보자 그룹을 고려할 것을 요구하는 규칙을 삭제했다."
1478,context,0.1575,neutral,0.9914,인적자원 관리,S,S_HR__DIVERSITY_INCLUSION,다양성 및 형평성 (DEI),0.5296724438667297,"뱅가드와 함께 쌍두마차를 이루는 거대 자산운용사 블랙록은 2025년 투자 가이드라인에서 이사회 구성원의 최소 30%를 다양성 정책을 기반으로 구성하고, 최소 한 명의 소수 집단 구성원을 포함하도록 요구한 조항을 삭제했다. 해당 조항은 2021년부터 블랙록의 투자 포트폴리오 가이드라인에 포함돼 있었다."
1479,context,0.1575,neutral,0.9914,이사회 구조,G,G_BOARD__COMPOSITION_INDEPENDENCE,이사회 구성 및 독립성,0.5296724438667297,"뱅가드와 함께 쌍두마차를 이루는 거대 자산운용사 블랙록은 2025년 투자 가이드라인에서 이사회 구성원의 최소 30%를 다양성 정책을 기반으로 구성하고, 최소 한 명의 소수 집단 구성원을 포함하도록 요구한 조항을 삭제했다. 해당 조항은 2021년부터 블랙록의 투자 포트폴리오 가이드라인에 포함돼 있었다."
1480,opportunity,0.4889,positive,0.9996,에너지 관리,E,E_ENERGY__RENEWABLE_TRANSITION,신재생에너지 전환,0.48906901478767395,특히 태양광 발전과 배터리 저장장치가 81% 급증하면서 전체 신규 발전용량의 50% 이상을 차지할 것으로 전망됐다.
1481,opportunity,0.3184,positive,0.9991,에너지 관리,E,E_ENERGY__RENEWABLE_TRANSITION,신재생에너지 전환,0.31872475147247314,"태양광 발전은 올해 32.5GW 늘어나 지난해의 30GW보다 증가 폭이 확대될 것으로 전망됐다. 지역별로는 텍사스주에서 11.6GW 캘리포니아주에서 2.9GW 늘어날 것으로 전망됐다. 인디아나주와 아리조나주, 미시간주, 플로리다주, 뉴욕주에서는 각각 1GW 늘어날 것으로 전망됐다."
1482,context,0.0768,neutral,0.5977,기후변화·온실가스,E,E_CLIMATE__SCOPE1_2_EMISSION,Scope 1·2 배출량,0.4284862279891968,"아울러 이용 범위와 목적을 특정해 사용자의 특성과 니즈에 최적화된 네트워크를 구축할 수 있어 안정적인 통신환경 구축과 운영 및 관리가 가능하다. 다만, 5G 특화망 운영은 단말 설계의 복잡성, 특화 인프라 구축을 위한 고도의 기술력 및 상대적으로 높은 전력 사용량 등이 전제된다."
1483,opportunity,0.7152,positive,0.9988,안전보건,S,S_SAFETY__OCCUPATIONAL_HEALTH_MANAGEMENT,사업장 안전보건 관리체계,0.7160470485687256,"특히 유한양행은 지난해 영국표준협회(BSI)로부터 전 사업장에 대한 안전보건경영 시스템(ISO 45001)을 인증 받았다. 지난 2020년 오창공장 인증 취득을 시작으로 이번에 본사, 중앙연구소, 군포물류센터 등에 대한 인증을 추가로 취득함으로써 모든 사업장에 대한 체계적인 통합 안전보건경영시스템을 구축하게 됐다."
1484,context,0.1935,neutral,0.984,에너지 관리,E,E_ENERGY__EFFICIENCY_CONSUMPTION,에너지 소비 및 효율화,0.655514657497406,"또한 안전보건경영 외에도 유한양행은 오염물질 감축 및 자원의 재활용 등을 주요 환경경영체제로 삼아 환경경영시스템(ISO14001)을 운영해 오염물질의 현저한 저감, 자원 및 에너지 절감, 제품의 환경성 개선 등 환경 개선에 크게 기여함으로써 정부로부터 녹색기업 인증을 받았다."
1485,context,0.1581,neutral,0.9988,인적자원 관리,S,S_HR__DIVERSITY_INCLUSION,다양성 및 형평성 (DEI),0.5276024341583252,"유한양행은 인류와 지구의 건강, 더 나은 100년이라는 지속가능경영 비전으로 임직원의 참여를 활성화하고 있다. 버들생명 플로깅, 사업장 인근의 생물 다양성 증진 활동 및 지구를 위한 옷장정리 캠페인, 지역아동과 청소년들을 위한 진로캠프를 운영하는 등 다양한 지역 복지단체 및 NGO와의 소통과 협력을 강화하고 있다."
1486,context,0.1324,neutral,0.9997,에너지 관리,E,E_ENERGY__RENEWABLE_TRANSITION,신재생에너지 전환,0.44133812189102173,동시에 재생에너지 비율에 대해서는 윤석열 정부 초기에 신재생에너지 비중을 2030년까지 30% 이상으로 높이는 계획을 21.7%로 대폭 하향한 목표치를 그대로 유지했다 고 지적했다.
1487,context,0.1784,neutral,0.9999,에너지 관리,E,E_ENERGY__RENEWABLE_TRANSITION,신재생에너지 전환,0.5949034094810486,"11차 전기본은 원전과 재생에너지를 중심으로 2038년 무탄소 전원 발전 비중을 70.7%까지 확대하는 걸 골자로 한다. 발전 비중으로 2030년 원전 31.8%, 신재생에너지 21.7%를 거쳐 2038년까지 원전 35.2%, 신재생에너지 33%로 늘린다는 계획을 담고 있다."
1488,context,0.2168,neutral,0.9988,에너지 관리,E,E_ENERGY__RENEWABLE_TRANSITION,신재생에너지 전환,0.7234670519828796,"국회입법조사처도 지난 2일 발간한 제11차 전력수급기본계획 실무안의 평가와 제언 보고서에서 2030년 국가온실가스감축목표(NDC) 및 탄소중립 달성, RE100(재생에너지 조달 100%) 동참과 재생에너지 3배 확충 서약 등 국제적인 흐름에 부합하기 위해서는 재생에너지 비중 확대를 고려할 필요가 있다 고 밝힌 바 있다."
1489,context,0.1722,neutral,0.9997,에너지 관리,E,E_ENERGY__RENEWABLE_TRANSITION,신재생에너지 전환,0.5743061304092407,이번 11차 전기본에서 재생에너지 발전 비중 증가율은 실무안 대비 2038년 0.1%p 증가한 것으로 드러났다. 2030년을 기준으로 실무안 및 10차 전기본과 비교해도 신재생에너지 발전 비중은 0.1%p 증가한 것으로 나타났다.
1490,context,0.1357,neutral,0.9999,에너지 관리,E,E_ENERGY__RENEWABLE_TRANSITION,신재생에너지 전환,0.45239880681037903,중간 목표인 2030년의 발전 비중을 비교하면 11차 전기본은 직전 10차 대비 원전 비중은 0.6%p 감소했으며 신재생에너지는 0.1%p 증가했다. 다만 발전량은 11차 전기본에서 원전과 신재생에너지 모두 증가했다.
1491,opportunity,0.3575,positive,0.7425,에너지 관리,E,E_ENERGY__EFFICIENCY_CONSUMPTION,에너지 소비 및 효율화,0.4814452826976776,"루프인더스트리의 T2T 칩은 화석연료에서 생산되는 페트 칩에 비해 온실가스 배출량을 최대 80%, 에너지 소비량을 최대 91% 줄이는 것으로 조사됐다."
1492,context,0.1598,neutral,0.9225,에너지 관리,E,E_ENERGY__EFFICIENCY_CONSUMPTION,에너지 소비 및 효율화,0.5775675177574158,"줄어드는 전력 수요 54.4% 가운데 36.8%p는 연소에 비해 재생에너지 전기의 사용 효율성이 높기 때문이고, 10.9%p는 화석연료와 우라늄 채굴 운송 정제 등의 에너지가 필요하지 않기 때문이다. 또 6.74p는 에너지 절약 정책에 따른 에너지 사용 감소와 최종 에너지 사용 효율 개선 효과다."
1493,context,0.1182,neutral,0.9994,에너지 관리,E,E_ENERGY__RENEWABLE_TRANSITION,신재생에너지 전환,0.39414066076278687,"따라서 WWS는 2050년에 연간 사회적 비용의 91.8%(연간 74.4조 달러)를 줄인다. 전환으로 인한 사회적 비용 회수 기간은 0.78년으로 줄게 된다. 2050년까지 100% 재생에너지 전환에 총 58조2000억 달러를 투입했을 때, 2050년에는 연간 74조4000억 달러씩 회수하는 꼴이 된다는 것이다."
1494,context,0.1121,neutral,0.7162,에너지 관리,E,E_ENERGY__EFFICIENCY_CONSUMPTION,에너지 소비 및 효율화,0.5219272375106812,BAU-CC-BAU 시나리오와 BAU-CC-WWS 시나리오에서도 효율 개선으로 인한 최종 에너지 수요가 BAU보다 6.74% 줄어든다고 가정한다.
1495,context,0.1392,neutral,0.8953,에너지 관리,E,E_ENERGY__EFFICIENCY_CONSUMPTION,에너지 소비 및 효율화,0.5184234380722046,"이 시나리오에서 CO2 배출량은 에너지 효율 개선으로 인해 먼저 6.74% 감소한 다음 포집 저장으로 인해 68% 더 감소한다. 68%라는 계산은 포집 효율 80%, 온실가스 중 CO2가 차지하는 비중 85%를 고려한 수치다."
1496,risk,0.2689,negative,0.5594,에너지 관리,E,E_ENERGY__EFFICIENCY_CONSUMPTION,에너지 소비 및 효율화,0.4806194603443146,"우선 최종 에너지 사용 효율 개선으로 인해 BAU 대비 화석연료 소비가 6.74% 감소하고, 이것이 대기오염 사망률과 건강 비용 감소로 이어질 것으로 예상된다. 연간 사망자는 450만 명으로 약간 감소하게 된다."
1497,context,0.1449,neutral,0.9429,에너지 관리,E,E_ENERGY__EFFICIENCY_CONSUMPTION,에너지 소비 및 효율화,0.5121766328811646,"이 시나리오에서 CO2 배출량은 에너지 효율 개선으로 인해 먼저 6.74% 감소한 다음 탄소 포집 저장으로 인해 68% 더 감소한다. 다만, CO2 압축 이송으로 인해 추가되는 에너지 부분은 재생에너지로 충당하기 때문에 CO2 배출이 추가되지는 않아 BAU 대비 기후 비용은 70% 감소한다."
1498,context,0.135,neutral,0.9996,기후변화·온실가스,E,E_CLIMATE__SCOPE1_2_EMISSION,Scope 1·2 배출량,0.450041264295578,"연구팀이 제시한 논문의 보충 자료를 보면, 한국의 경우 2050년 기준 전력 사용량을 237.5GW로 예상했으며, 해상풍력이 62.05%, 육상풍력 0.27%, 태양광 36.82%, 수력 0.37%, 지열이 0.34%를 차지할 것으로 전망했다. 이는 연구팀이 전 세계 육상풍력 비율을 35.13%, 해상풍력을 13.65%로 전망한 것과 큰 차이가 있다."
1499,context,0.1307,neutral,0.9997,에너지 관리,E,E_ENERGY__RENEWABLE_TRANSITION,신재생에너지 전환,0.43577656149864197,"재생에너지 전환을 신속하게 구현할 수 없다고 탄소 포집 저장을 운영하면 기존 화석연료를 더 많이 사용해야 하고, 그렇게 하면 국가에 엄청난 비용이 발생해 국가 재정만 고갈될 뿐이라는 것이다. 2050년까지 탄소 포집 저장에 필요한 파이프라인을 100% 구축하는 것은 사실상 불가능하다는 것도 이유다."
1500,context,0.1637,neutral,0.9642,에너지 관리,E,E_ENERGY__RENEWABLE_TRANSITION,신재생에너지 전환,0.5660683512687683,"재생에너지로는 대규모 해상풍력발전 보급에 강한 드라이브를 걸고, 이격 거리 규제를 완화하는 등 수요지인 산단을 중심으로 태양광 발전 설비 설치도 촉진할 방침이다."
1501,context,0.1692,neutral,0.9996,인적자원 관리,S,S_HR__DIVERSITY_INCLUSION,다양성 및 형평성 (DEI),0.5643359422683716,이로 인해 이사회는 기업의 배출량 제한이나 기업의 DEI(다양성 형평성 포용성) 관련 정책을 공개하라는 주주들의 요구를 거부할 수 있게 됐다.
1502,opportunity,0.6594,positive,0.9942,에너지 관리,E,E_ENERGY__RENEWABLE_TRANSITION,신재생에너지 전환,0.6632058620452881,"또한, 코피텍은 주식회사 에코벨과 협력하여 자사 공장에 태양광 발전시설을 구축하고 생산 과정에 필요한 전력을 친환경적으로 조달하고 있으며, 향후 에코벨의 기업 탄소자산관리 플랫폼인 에코에셋 서비스를 도입해 자사의 탄소 배출량을 정밀하게 측정하고 탄소 감축량을 관리할 수 있는 체계를 계획하고 있다."
1503,context,0.1946,neutral,0.9999,에너지 관리,E,E_ENERGY__RENEWABLE_TRANSITION,신재생에너지 전환,0.648758590221405,"기후솔루션은 최근 이와 같은 문제를 담은 이슈 브리프 녹색프리미엄은 GHG 프로토콜 기준에 부합할까를 발간하고 이같이 지적했다. 녹색프리미엄은 K-RE100 제도의 조달 수단 중 하나로, 흔히 녹색요금제 라고도 불린다. 기업이 전기 요금에 추가 요금을 지불 함으로써 재생에너지 구매를 인정받는 제도다."
1504,context,0.2364,neutral,0.9996,에너지 관리,E,E_ENERGY__RENEWABLE_TRANSITION,신재생에너지 전환,0.7882274389266968,"2021년부터 K-RE100 제도에 따라 국내 기업들은 녹색프리미엄, 신재생에너지공급인증서(REC) 구매, 전력구매계약(PPA), 자가발전 등의 방식으로 재생에너지를 조달할 수 있었다. 이 중 녹색프리미엄이 2024년 기준 K-RE100 조달량(8.95TWh) 중 98% (8.79TWh)를 차지하고 있다."
1505,context,0.2132,neutral,0.9997,에너지 관리,E,E_ENERGY__RENEWABLE_TRANSITION,신재생에너지 전환,0.7108160257339478,녹색프리미엄 물량이 연간 국가 재생에너지 발전량 예상치를 근거로 산정된다는 점도 리스크로 작용할 수 있다. 신재생에너지 공급의무화(RPS) 제도 역시 재생에너지 발전량만큼 REC 인증서도 발행돼 재생에너지 사용 이행 수단으로 활용되기 때문이다. 결국 두 이행 방식이 한정된 재생에너지 발전량을 이중으로 계상될 수 있는 리스크가 존재한다.
1506,opportunity,0.5086,positive,0.9848,에너지 관리,E,E_ENERGY__RENEWABLE_TRANSITION,신재생에너지 전환,0.5164770483970642,메디나 지역에 구축하는 후마이지 태양광 발전 연계 380kV 전력망은 사우디 서부 내륙의 후마이지에 건설 예정인 태양광 발전소와 메디나 인근의 변전소를 연결하는 총길이 311km의 송전선로다.
1507,opportunity,0.3539,positive,0.6404,에너지 관리,E,E_ENERGY__RENEWABLE_TRANSITION,신재생에너지 전환,0.5525504350662231,젯다 지역에 짓는 쿨리스 태양광 발전 연계 380kV 전력망은 사우디 서부 해안 쿨리스에 건설 예정인 태양광 발전소에서 메카 인근의 기존 전력선로를 연결하는 180km의 송전선로다.
1508,context,0.1566,neutral,0.9946,에너지 관리,E,E_ENERGY__RENEWABLE_TRANSITION,신재생에너지 전환,0.524783730506897,"사우디아라비아는 포스트 오일 시대에 발맞춰 석유 의존도를 낮추고 경제를 다각화하기 위해 2016년 비전 2030을 발표하고 에너지 산업의 국산화를 추진 중이다. 특히 에너지 믹스 전환을 위해 태양광, 풍력 등 신재생에너지 비중을 확대하는 추세다."
1509,opportunity,0.5962,positive,0.9996,에너지 관리,E,E_ENERGY__RENEWABLE_TRANSITION,신재생에너지 전환,0.596404492855072,현대건설 관계자는 신재생에너지 확대에 따른 전력망 연결이 사우디 에너지 시장 재편의 핵심인 만큼 이번 프로젝트를 적기에 완수해 신재생에너지 연계 전력망 건설 분야에서도 입지를 견고히 할 것이라며 우수한 해외 공사 실적을 바탕으로 현대건설의 K-전력망 건설역량을 글로벌 시장으로 확대해 탄소중립 시대의 안정적 전력 공급에 기여하겠다고 말했다.
1510,context,0.1466,neutral,0.9965,인적자원 관리,S,S_HR__DIVERSITY_INCLUSION,다양성 및 형평성 (DEI),0.4904920756816864,"제다이(JEDI)는 JUSTICE(정의), EQUITY(형평성), DIVERSITY(다양성), INCLUSION(포용성)을 뜻하는 말이다."
1511,opportunity,0.4953,positive,0.9091,에너지 관리,E,E_ENERGY__RENEWABLE_TRANSITION,신재생에너지 전환,0.5447956323623657,"그 계획의 일환으로 아모레퍼시픽은 적극적인 전사 재생에너지 전환을 추진하고 있으며, 그 결과 2024년 기준 설화수, 라네즈, 해피바스를 비롯한 아모레퍼시픽의 주요 제품을 생산하는 오산, 대전, 안성, 상해 사업장 및 물류 사업장의 재생 전력 100%를 달성했다. 2025년은 아모레퍼시픽 전사 단위의 RE100 달성을 목표로 하고 있다."
1512,context,0.1948,neutral,0.9998,에너지 관리,E,E_ENERGY__RENEWABLE_TRANSITION,신재생에너지 전환,0.6496018767356873,"대상 중소기업은 온실가스 감축 성과가 있거나 예상되는 신재생에너지 발전기업, 신재생에너지 산업기업, 자체감축기업 등이다."
1513,context,0.1521,neutral,0.9995,인적자원 관리,S,S_HR__DIVERSITY_INCLUSION,다양성 및 형평성 (DEI),0.5072241425514221,이 회장은 주식보상제도를 더욱 발전시켜 개인이 노력하고 회사가 발전하면 장기 주가상승을 통해 나도 부자가 될 수 있다 는 주식문화(Equity culture) 가 자리잡을수 있도록 해야한다. 이를 통해 바닥에 떨어진 기술인력의 사기를 진작하고 혁신역량을 복원할 수 있을 것이다.
1514,context,0.1661,neutral,0.9611,이사회 구조,G,G_BOARD__COMPOSITION_INDEPENDENCE,이사회 구성 및 독립성,0.5759044885635376,임 전 대표가 대표직에서 물러난 데다 이사회 구성원 10명 중 임종윤 사내이사 임 전 대표 형제 측 이사 수가 2명으로 줄어들면서 송 회장의 4인 연합과 아들인 임 전 대표의 형제 측 간 경영권 분쟁이 1년여 만에 일단락됐다.
1515,opportunity,0.5353,positive,0.9913,기후변화·온실가스,E,E_CLIMATE__SCOPE1_2_EMISSION,Scope 1·2 배출량,0.5400437116622925,"테슬라가 철강 알루미늄 배터리 공급망 내 간접 배출량(스코프 3 배출량)까지 세분화해 공개한 유일한 제조사라는 점이 중요한 역할을 했다. 다만 리드더차지는 최근 테슬라가 미국 전기차 대상 세금 혜택 폐지를 지지하는 등 반기후적 행보를 보인 점을 감안할 때, 내년 평가에선 순위가 하락할 가능성이 있다고 전망했다."
1516,context,0.194,neutral,0.9969,에너지 관리,E,E_ENERGY__RENEWABLE_TRANSITION,신재생에너지 전환,0.648659884929657,"주요 전시 제품으로는 AI기반 솔루션으로 전력설비를 모니터링하는 플랫폼 기반 전력설비 자산관리 시스템 ARMOUR (아모르 플러스) 증강현실(AR) 기술을 활용한 디지털 전력기기 검사 시스템 AR 기반 비전검사 장비 지난해 국내 최초 독자 기술로 개발한 200MW급 전압형 HVDC(초고압 직류 송전 시스템) 신재생에너지 발전, 데이터센터 등에 사용되어 안정적인 전력 공급을 돕는 STATCOM(정지형 무효 전력 보상장치) 등이 있다."
1517,context,0.2349,neutral,0.9995,이사회 구조,G,G_BOARD__COMPOSITION_INDEPENDENCE,이사회 구성 및 독립성,0.7832866311073303,코리안리는 이에 대표이사와 이사회 의장 역할 분담으로 이사회 독립성 제고와 회사 책임경영체제가 강화될 것이라고 공시했다. 사외이사가 아닌 사내이사를 이사회 의장으로 선임한 사유라고 선뜻 수긍하기엔 고개가 갸우뚱해지는 대목이다.
1518,context,0.1422,neutral,0.9702,에너지 관리,E,E_ENERGY__EFFICIENCY_CONSUMPTION,에너지 소비 및 효율화,0.4885044991970062,"특히, 1세대 전기매트의 위험요인과 2세대 온수매트의 불편사항을 개선한 귀뚜라미의 3세대 카본매트 온돌 은 난방 성능과 에너지 절감 효과라는 두 마리 토끼를 잡으며 난방매트 시장의 새로운 트렌드를 이끌고 있다."
1519,opportunity,0.3603,positive,0.8203,에너지 관리,E,E_ENERGY__EFFICIENCY_CONSUMPTION,에너지 소비 및 효율화,0.4392617344856262,에너지 절감 효과도 크다. 귀뚜라미 3세대 카본매트는 160W 저전력으로 매일 8시간씩 한 달 내내 가동하더라도 월 7000원대 전기요금으로 저렴하게 사용 가능하다.
1520,context,0.1207,neutral,0.9916,인적자원 관리,S,S_HR__DIVERSITY_INCLUSION,다양성 및 형평성 (DEI),0.4056575894355774,"세계 최대 의결권 자문기구인 ISS가 지난 7일(현지시간) 애플(Apple) 주주들에게 회사의 DEI(다양성, 형평성 및 포용성) 정책을 폐지하는 것을 고려하는 일부 주주제안에 반대 표를 던지라는 의견을 제시했다. 애플의 다양성 정책에 반대하는 이 주주제안은 미국 보수 성향 싱크탱크인 국립공공정책연구소(NCPPR)에서 나왔다."
1521,context,0.1372,neutral,0.9653,인적자원 관리,S,S_HR__DIVERSITY_INCLUSION,다양성 및 형평성 (DEI),0.4737272560596466,"애플 이사회 역시 주주들에게 DEI 반대 제안을 거부할 것을 촉구하며, 이 법안이 이미 체계적으로 마련된 준법 프로그램을 운영하고 있어 해당 제안이 불필요하다고 반박했다. 이어 해당 조치가 회사의 비즈니스 운영, 인사 및 전략 관리를 부적절하게 제한하려 한다고 주장했다."
1522,context,0.1153,neutral,0.9997,인적자원 관리,S,S_HR__DIVERSITY_INCLUSION,다양성 및 형평성 (DEI),0.3845350444316864,https www.reuters.com technology iss-recommends-apple-investors-vote-against-proposal-consider-abolishing-dei-2025-02-07
1523,context,0.1455,neutral,0.9663,에너지 관리,E,E_ENERGY__RENEWABLE_TRANSITION,신재생에너지 전환,0.5019006729125977,"전년과 비교하면 원전, LNG, 신재생에너지 비중은 각각 1.0%포인트, 1.6%포인트, 0.7%포인트 증가했다. 반면 탄소중립 전환 차원에서 사용을 억제하려는 석탄 비중은 3.5%포인트나 줄었다."
1524,context,0.1771,neutral,0.9999,인적자원 관리,S,S_HR__DIVERSITY_INCLUSION,다양성 및 형평성 (DEI),0.5903653502464294,"ESG 관련 공성전이 가장 활발하게 벌어지고 있는 전장은 환경 분야 넷제로 와 사회 분야 DEI(다양성 형평성 포용성 Diversity, Equity, Inclusion) 다. 그런데 사회적 공감대가 가장 넓은 플라스틱 주제에서마저도 목표가 후퇴한 점은 무척 아쉽다."
1525,context,0.1769,neutral,0.9996,에너지 관리,E,E_ENERGY__RENEWABLE_TRANSITION,신재생에너지 전환,0.5900346636772156,"파이낸셜타임스(FT)는 4일 영국 에너지전환위원회(Energy Transitions Commission, ETC) 의 아데어 터너(Adair Turner) 위원장 인터뷰를 통해 이같은 국제사회의 기류를 소개했다. 터너 위원장은 트럼프 행정부의 기후변화 정책 후퇴에 대한 우려를 표명하며, 국제사회가 이에 대응하기 위해 독자적인 조치를 취해야 한다고 강조했다. 주요 내용을 정리하면 다음과 같다."
1526,context,0.1531,neutral,0.9986,에너지 관리,E,E_ENERGY__RENEWABLE_TRANSITION,신재생에너지 전환,0.5110419392585754,"특히 RE100 구독 모델은 초기 투자 부담 없이도 재생에너지로 전환할 수 있어 협력사들로부터 큰 호응을 얻고 있으며, 직접 투자 모델은 에너지 비용 절감을 고려하는 기업들에게 적합한 대안으로 자리 잡고 있다."
1527,opportunity,0.5607,positive,0.9751,에너지 관리,E,E_ENERGY__RENEWABLE_TRANSITION,신재생에너지 전환,0.5750350952148438,"엔라이튼은 단순한 설비 설치를 넘어, 에너지 효율 향상과 ESG 경영 강화를 위한 전략적 지원을 제공함으로써 협력사들이 지속 가능한 비즈니스 환경을 구축할 수 있도록 돕고 있다. 이를 통해 삼성전자의 글로벌 RE100 목표 달성과 함께 협력사들의 경쟁력을 높이는 데 기여한다는 방침이다."
1528,opportunity,0.5669,positive,0.9998,에너지 관리,E,E_ENERGY__RENEWABLE_TRANSITION,신재생에너지 전환,0.56697016954422,"엔라이튼 이영호 대표는 리모트솔루션과 한국에바라정밀기계와의 계약은 엔라이튼이 삼성전자 협력사들의 재생에너지 전환을 주도하는 신뢰할 수 있는 파트너로 자리매김했음을 보여준다 며 앞으로도 더 많은 협력사들이 지속 가능한 에너지 전환을 이룰 수 있도록 최적화된 태양광 솔루션을 제공하며, 국내 재생에너지 시장의 성장을 이끌어 나가겠다 고 말했다."
1529,context,0.1967,neutral,0.9999,에너지 관리,E,E_ENERGY__RENEWABLE_TRANSITION,신재생에너지 전환,0.6557481288909912,기후 대응 일선에서 빠지려는 기업의 분위기는 RE100 가입 추이에서도 확인된다. 민간 조직인 클라이밋 그룹(Climate Group)이 운영하는 글로벌 RE100 캠페인에 참여한 기업들의 최근 현황을 살펴보자.
1530,risk,0.2339,negative,0.5381,에너지 관리,E,E_ENERGY__RENEWABLE_TRANSITION,신재생에너지 전환,0.43476611375808716,"그러다가 다시 2024년에 뚝 끊긴 것이다. 한국과 극명하게 대조되는 나라가 대만이다. 우리에게도 잘 알려진 폭스콘을 포함하여 5개 대만 기업이 지난해 신규로 가입했다. 그 결과 누적으로 36개 RE100 가입을 기록했는데, 이는 한국의 2023년 말 기록이다. 한국은 지난해 한 개 기업도 추가 가입하지 않았으므로 이제 두 국가의 RE100 가입기업 수는 같아지게 되었다."
1531,context,0.1111,neutral,0.9994,에너지 관리,E,E_ENERGY__RENEWABLE_TRANSITION,신재생에너지 전환,0.3705365061759949,물론 RE100 가입과 무관하게 실제로 실천하느냐가 여부가 더 중요할 수 있다. 유럽 쪽 회사들을 보면 굳이 RE100 가입과 무관하게 실제 행동으로 실천하는 경우가 많다.
1532,context,0.1048,neutral,0.9992,에너지 관리,E,E_ENERGY__RENEWABLE_TRANSITION,신재생에너지 전환,0.34977343678474426,"국가별 RE100 가입현황에서 미국(102개)과 일본(89개), 영국(48개)이 차례로 최고 순위인 반면, 독일(19개)과 프랑스(17개)는 훨씬 뒤처지는데, 이 숫자를 기준으로 해석하여 미국과 일본 기업이 독일과 프랑스 기업보다 탄소중립에 대한 의지가 높다고 할 수는 없다."
1533,context,0.1249,neutral,0.9729,에너지 관리,E,E_ENERGY__RENEWABLE_TRANSITION,신재생에너지 전환,0.4277459979057312,"그런데 한국 기업들은 정반대다. 한국 기업 가운데 올해(2025년)까지 RE100 목표를 달성하겠다고 선언한 기업은 전체 36개 기업 가운데 아모레와 미래에셋증권뿐이다. 5년 뒤인 2030년까지 연장해도 SK아이테크놀로지, LG이노텍, LG에너지솔루션 정도가 들어온다."
1534,context,0.1298,neutral,0.9994,에너지 관리,E,E_ENERGY__RENEWABLE_TRANSITION,신재생에너지 전환,0.43287256360054016,"정작 중요한 것은 RE100 가입선언이 아니라 언제 달성할지 약속하는 목표연도다. 앞으로 15년 뒤인 2040년을 달성 목표로 한 한국 기업은 16개(44.45), 그리고 2050년까지 목표를 최대한 늦춘 기업들이 15개(41.7%)다."
1535,context,0.1377,neutral,0.9688,에너지 관리,E,E_ENERGY__RENEWABLE_TRANSITION,신재생에너지 전환,0.4739045202732086,이처럼 RE100 가입을 선언했을 때조차 목표연도를 미루는 방식으로 기후 대응을 회피한 한국의 글로벌 기업들이 작년부터는 아예 가입 자체도 성의를 보이지 않고 있다.
1536,context,0.1983,neutral,0.9995,에너지 관리,E,E_ENERGY__RENEWABLE_TRANSITION,신재생에너지 전환,0.6613093018531799,CDP한국위원회와 RE100 로컬캠페인파트너 등을 맡고 있는 한국사회책임투자포럼은 이번 협약을 통해 SBTi와의 협력도 더욱 강화할 방침이다. 파트너십 체결에 따라 한국사회책임투자포럼은 국내 기업과 금융기관이 SBTi의 지침을 확인하고 감축 목표 설정과 검증에 필요한 정보에 접근할 수 있도록 관련 보고서와 자료를 제공할 계획이다.
1537,context,0.1042,neutral,0.6122,이사회 구조,G,G_BOARD__COMPOSITION_INDEPENDENCE,이사회 구성 및 독립성,0.5672405958175659,"하나금융은 이사회 독립성 투명성 제고, 반부패 윤리경영 강화 등을 통해 지배구조 부문에서 우수성을 인정받았으며 금융교육, 상생 금융 확대 등 다양한 분야에 걸쳐 글로벌 최상위 수준의 평가를 받았다고 설명했다."
1538,context,0.1042,neutral,0.6122,윤리경영·준법,G,G_ETHICS__ANTI_CORRUPTION_COMPLIANCE,반부패 및 컴플라이언스,0.5672405958175659,"하나금융은 이사회 독립성 투명성 제고, 반부패 윤리경영 강화 등을 통해 지배구조 부문에서 우수성을 인정받았으며 금융교육, 상생 금융 확대 등 다양한 분야에 걸쳐 글로벌 최상위 수준의 평가를 받았다고 설명했다."
1539,context,0.0842,neutral,0.5933,에너지 관리,E,E_ENERGY__EFFICIENCY_CONSUMPTION,에너지 소비 및 효율화,0.47325122356414795,"산업계는 감축목표를 달성하기 어려운 주요인으로 저탄소 산업구조로의 전환 어려움 (31.0%)과 에너지효율 개선 지연 (26.2%), 경제 및 생산 위축 (20.2%), 저탄소기술 혁신 및 상용화 지연 (19.0%)을 들었다."
1540,context,0.164,neutral,0.9997,에너지 관리,E,E_ENERGY__RENEWABLE_TRANSITION,신재생에너지 전환,0.5468569397926331,"박 원장은 그 이유로 유럽연합(EU)과 중국 등이 독자적인 ESG 정책 플랜을 중단없이 추진하고 있고, 미국에서도 24개 주가 연방정부 정책과 상관없이 기후위기 대응 정책을 진행한다고 발표했으며, 미국의 주요 빅테크 기업들은 이미 RE100(재생에너지 100% 사용) 선언을 한 뒤 공급망 협력업체들에게도 이를 요구하고 있기 때문이라고 설명했다."
1541,risk,0.3982,negative,0.9546,에너지 관리,E,E_ENERGY__RENEWABLE_TRANSITION,신재생에너지 전환,0.4171176850795746,이러한 복사량 수준이 감소하면 태양광 발전 시스템의 전력 출력이 줄어들게 된다.
1542,context,0.1279,neutral,0.9601,에너지 관리,E,E_ENERGY__RENEWABLE_TRANSITION,신재생에너지 전환,0.44413578510284424,"예를 들어, DNI 감소율이 높은 경기도 지역에서는 DNI보다는 GHI에 기반을 둔 태양광 발전 시설이 더 유리할 수 있다는 것이다."
1543,context,0.1229,neutral,0.9194,에너지 관리,E,E_ENERGY__RENEWABLE_TRANSITION,신재생에너지 전환,0.44551903009414673,"고려아연은 SMC의 영풍 주식 매입에 대해 적대적 M A를 막아내고 사업의 지속 가능성을 위한 필수적인 조치였다며 영풍 MBK는 해외 제련 사업 경험이 부족한 데다 적대적 M A 성공 시 SMC의 사업 규모가 축소될 우려가 크고, SMC에 필수 전력을 공급하는 고려아연의 호주 내 신재생에너지 등이 차질을 빚어 호주 제련소의 경쟁력이 크게 훼손될 수 있다고 판단했다고 말했다."
1544,opportunity,0.6593,positive,0.9061,기후변화·온실가스,E,E_CLIMATE__CLIMATE_GOVERNANCE_INVENTORY,기후 거버넌스·인벤토리,0.7276404500007629,엔츠(AENTS)는 탄소회계 플랫폼 엔스코프 를 기반으로 기업의 탄소중립 이행 전 과정을 지원하는 기후테크 스타트업으로 국내 최초로 탄소회계 서비스를 상용화했다.
1545,context,0.1185,neutral,0.9994,인적자원 관리,S,S_HR__DIVERSITY_INCLUSION,다양성 및 형평성 (DEI),0.39525777101516724,"트럼프 2기 백악관은 출범 첫날인 지난 20일(현지시간) 급진적이고 낭비적인 정부 DEI 프로그램 종료 행정명령 성명을 내고 연방정부의 DEI 및 DEIA(다양성 형평성 포용성 및 접근성) 관련 명령, 정책, 프로그램, 선호 사항 및 활동을 포함한 모든 차별적 프로그램의 종료를 조정할 것 이라고 선언했다."
1546,context,0.1548,neutral,0.9992,인적자원 관리,S,S_HR__DIVERSITY_INCLUSION,다양성 및 형평성 (DEI),0.5164733529090881,"더불어 DEI 정책 담당 공무원들에게는 전원 유급 강제휴직 발령을 냈으며 추후 계약종료 등 방식으로 해고할 예정이다. 백악관은 성명에서 연방 정부의 직원 성과 평가를 포함한 연방 고용 관행은 개인의 주도성, 기술, 성과 및 노고에 보상해야 하며 어떠한 상황에서도 DEI 또는 DEIA 요인, 목표, 정책, 명령 또는 요구 사항을 고려해서는 안된다 고 못박았다."
1547,context,0.1004,neutral,0.9994,인적자원 관리,S,S_HR__DIVERSITY_INCLUSION,다양성 및 형평성 (DEI),0.33490341901779175,"로이터 통신은 백악관이 정부 계약을 수주받는 민간 기업도 고용에 있어 소수자성, 다양성 등을 고려하지 않도록 설득하고 있으나, 이런 미국의 상황과 달리 스위스 다보스에서 진행중인 세계경제포럼(WEF)에서는 여전히 DEI 정책에 대한 논의가 진행되고 있다고 보도했다."
1548,context,0.1105,neutral,0.9905,인적자원 관리,S,S_HR__DIVERSITY_INCLUSION,다양성 및 형평성 (DEI),0.3720807731151581,"로이터 통신에 따르면, 미국 정부와 계약을 맺고 있는 기술 기업 메타(META)와 아마존(Amazon)은 일부 DEI 이니셔티브를 축소하고 있다고 말했지만, WEF에 참석한 다른 기업들은 DEI 정책을 다른 이름으로라도 변경해 유지할 것이라고 밝혔다."
1549,context,0.1327,neutral,0.9976,인적자원 관리,S,S_HR__DIVERSITY_INCLUSION,다양성 및 형평성 (DEI),0.44323915243148804,"로이터는 미국 정부와 계약을 맺고 있는 최소 3개 기술 기업 임원과 인터뷰한 결과, 이들 기업은 미국 정부와의 계약을 잃을 위험이 있더라도 직장 내 다양성 프로그램을 유지할 계획을 밝혔다고 보도했다. 다만 DEI 이니셔티브를 새롭게 호명할 가능성은 열어두고 있다고 덧붙였다."
1550,context,0.1313,neutral,0.9991,인적자원 관리,S,S_HR__DIVERSITY_INCLUSION,다양성 및 형평성 (DEI),0.43797531723976135,익명을 요구한 한 유럽 기술 회사 임원은 DEI 정책에 대한 헌신을 철회하지 않을 것이라고 말했다. 해당 임원은 우리는 수년 동안 더욱 지속가능하고 공정한 세상을 만들기 위해 노력해왔다면서 세상은 다양하며 직원 기반도 그러한 다양성을 반영한다. 이는 훌륭한 혁신의 핵심이며 비즈니스에도 도움이 된다고 설명했다.
1551,context,0.13,neutral,0.9954,인적자원 관리,S,S_HR__DIVERSITY_INCLUSION,다양성 및 형평성 (DEI),0.43537095189094543,"한편, 포르투갈 최대 유틸리티 기업 EDP의 미구엘 스틸웰 안드레드 최고경영자(CEO)는 (DEI 정책)이름에 대한 많은 이야기와 논란이 있지만 중요한 것은 최고의 인재를 회사에 끌어들이는 것 이라면서 우리는 DEI 체크박스를 채우기 위해 일하는 것이 아니다 라고 말했다."
1552,context,0.1104,neutral,0.9999,인적자원 관리,S,S_HR__DIVERSITY_INCLUSION,다양성 및 형평성 (DEI),0.3680124282836914,유망한 스타트업 기업 스케일 AI(Scale AI)의 CEO인 알렉산더 왕은 X(구 트위터)에 게시물을 올려 트럼프의 행정 명령을 환영하고 기술 분야에서 DEI 대신 MEI(능력 탁월성 지능)를 홍보할 것을 촉구했다.
1553,context,0.1317,neutral,0.9999,인적자원 관리,S,S_HR__DIVERSITY_INCLUSION,다양성 및 형평성 (DEI),0.4389721155166626,일각에서는 DEI 정책이 단순히 정치적 올바름 이 아니라 상업적 논리 에서 돈이 되기 때문에 추구해야 한다는 주장이 나온다. 뱅크오브아메리카의 CEO 브라이언 모이니한은 WEF에서 기업의 다양성이 상업적 논리를 지닌다고 설명했다.
1554,context,0.1236,neutral,0.998,인적자원 관리,S,S_HR__DIVERSITY_INCLUSION,다양성 및 형평성 (DEI),0.4127315878868103,블룸버그 통신에 따르면 제이미 다이먼 JP모건체이스 최고경영자(CEO) 역시 지난 22일 미 경제매체 CNBC와 인터뷰에서 DEI 정책은 자신들의 사업에 도움이 된다면서 이를 폐기하라는 일부 주주들의 요구에 반박했다.
1555,context,0.0735,neutral,0.6952,인적자원 관리,S,S_HR__DIVERSITY_INCLUSION,다양성 및 형평성 (DEI),0.35228827595710754,"그는 소외된 계층을 포용하기 위한 노력은 기본적으로 JP모건의 사업에 도움이 되며, JP모건의 DEI 노력에 관해 각종 커뮤니티 지도자와 미국 전역의 주 정부 당국자들로부터 칭찬을 받아 왔다면서 우리는 흑인과 히스패닉, 성소수자(LGBT)와 참전 용사 커뮤니티에 계속해서 손을 내밀 것이라고 말했다."
1556,context,0.1426,neutral,0.9998,인적자원 관리,S,S_HR__DIVERSITY_INCLUSION,다양성 및 형평성 (DEI),0.47554734349250793,"그는 DEI 정책 폐기를 요구한 주주제안의 내용을 자세히 들여다보지는 않았다면서 자신의 고객들은 탈탄소화와 기후 변화에 대해 생각하며, 그들의 사업과 어떻게 전 세계에서 능력의 다양성을 찾을 수 있을지를 생각한다. 우리는 계속해서 우리 고객들과 대화하고 우리가 항상 해왔던 일을 하는 것에 집중할 것이라고 말했다."
1557,context,0.087,neutral,0.9993,인적자원 관리,S,S_HR__DIVERSITY_INCLUSION,다양성 및 형평성 (DEI),0.29015254974365234,"그는 이어 만약 사모펀드에서 DEI 전략을 되돌리기 시작하면 여러분은 자금 조달에 문제가 생길 가능성이 높으며, 그것은 여러분이 원하는 것이 아니다 라고 덧붙였다."
1558,context,0.1379,neutral,0.8768,인적자원 관리,S,S_HR__DIVERSITY_INCLUSION,다양성 및 형평성 (DEI),0.5244128108024597,"보고서는 극단적인 기상현상 외에도 각종 오염(물오염, 대기오염 등), 인간이 만드는 환경재해(기름유출, 방사능 오염 등), 생물 다양성 손실 및 생태계 붕괴도 점차 심각해지는 글로벌 리스크에 해당한다고 지목했다. 보고서는 생물 다양성 손실 및 생태계 붕괴는 모든 리스크 중에서 순위가 가장 크게 상승한 것 중 하나로, 2009년 37위에서 2025년 2위로 상승했다 고 말했다."
1559,opportunity,0.6161,positive,0.9999,에너지 관리,E,E_ENERGY__RENEWABLE_TRANSITION,신재생에너지 전환,0.6161432862281799,"LG에너지솔루션은 지속 가능한 매출, 지속 가능한 투자 부문에서 만점을 획득했다. 또 배터리 생산 공정에서의 에너지 효율화, 재생에너지 전환을 통한 온실가스 배출량 감소 등 탄소중립 목표를 기반으로 한 경영 성과에서 높은 평가를 받은 것으로 알려졌다."
1560,opportunity,0.5782,positive,0.9678,에너지 관리,E,E_ENERGY__RENEWABLE_TRANSITION,신재생에너지 전환,0.5973875522613525,"지난해 7월 중국은 이미 누적 태양광 발전용량이 735GW, 풍력 발전용량이 470GW로, 누적 태양광 및 풍력 발전용량이 총 1206GW로 집계됐다. 중국은 2030년까지 재생에너지 발전용량을 최소 1200기가와트(GW)까지 늘린다는 목표를 6년이나 앞당겨 달성했다."
1561,opportunity,0.6771,positive,0.9998,윤리경영·준법,G,G_ETHICS__ANTI_CORRUPTION_COMPLIANCE,반부패 및 컴플라이언스,0.677268922328949,"이러한 노력의 결과로 동아에스티는 2018년에 부패방지경영시스템 국제표준인 ISO 37001 인증을 처음 획득했으며, 2024년에는 재인증을 받았다. 또한 2024년 공정거래위원회가 주관한 CP 등급 평가에서 A 등급을 획득하며 준법 경영 체계의 우수성을 인정받있다."
1562,context,0.2229,neutral,0.9999,기후변화·온실가스,E,E_CLIMATE__SCOPE1_2_EMISSION,Scope 1·2 배출량,0.7430075407028198,"기후변화관련재무정보공개협의체(TCFD) 기준과 다르게 나머지 3개 공시 기준에서는 이사회의 기후 관련 전문성에 대한 정보 공개를 요구하고 있다. 3개 공시 기준은 매출액, 수익, 생산량 대비 온실가스 배출 집약도 공시도 요구하고 있어 원단위 배출량 관리 필요성이 증가했다."
1563,context,0.1127,neutral,0.9964,인적자원 관리,S,S_HR__DIVERSITY_INCLUSION,다양성 및 형평성 (DEI),0.37716296315193176,트럼프는 취임 첫날인 20일(현지시간) 행정명령을 통해 조 바이든 대통령이 재가입한 파리 기후변화협정을 탈퇴하고 연방 기관의 다양성 형평성 포용성(DEI) 정책을 폐기할 것으로 예상된다. 그는 또 청정에너지 투자 붐을 이끈 인플레이션 감축법(IRA)을 폐기하겠다고 위협해왔기 때문에 IRA 폐기도 시간문제일 수 있다는 전망도 나오고 있다.
1564,context,0.1435,neutral,0.9883,인적자원 관리,S,S_HR__DIVERSITY_INCLUSION,다양성 및 형평성 (DEI),0.4840475022792816,"그는 이어 미국 일부 기업들이 공식적으로 기후와 다양성 목표에 대해 물러서는 움직임을 보이고 있지만, 경영진이 점점 더 늘어나는 ESG와 관련된 투자 및 수익의 기회를 걷어차지는 않을 것으로 본다 고 덧붙였다."
1565,context,0.1802,neutral,0.9999,이사회 구조,G,G_BOARD__COMPOSITION_INDEPENDENCE,이사회 구성 및 독립성,0.6007696390151978,"기후 정책의 경우 투자자들이 기업에게 배출량을 공개하도록 설득한 다음, 기업이 배출량을 줄이기 위한 신뢰할 수 있는 계획을 세우고, 이사회 구성원들이 그 목표를 달성하도록 만드는 식으로 적극적 개입에 나서고 있다는 설명이다."
1566,context,0.1669,neutral,0.988,기후변화·온실가스,E,E_CLIMATE__SCOPE1_2_EMISSION,Scope 1·2 배출량,0.5631060600280762,에너지경제연구원에 따르면 알루미늄 산업은 생산 과정에서 세계 발전 전력의 4%를 소비하는 등 에너지 집약적인 업종이다. 이 전력은 대다수 화력발전을 통해 충당돼 국제에너지기구(IEA)는 알루미늄 생산이 전 세계 산업 부문의 탄소 직접 배출량의 약 3%를 차지하고 있다고 분석한 바 있다.
1567,context,0.0876,neutral,0.8432,에너지 관리,E,E_ENERGY__RENEWABLE_TRANSITION,신재생에너지 전환,0.34614360332489014,"태양광 발전이 18%로 가장 많았고 이어 풍력이 13%, 수력 6.5%를 차지했다. 이외 석탄이 약 53%, 천연가스가 7%를 차지했다."
1568,context,0.1111,neutral,0.9749,인적자원 관리,S,S_HR__DIVERSITY_INCLUSION,다양성 및 형평성 (DEI),0.38004741072654724,"이어 뒤늦었지만 삼성전자도 애플, 엔비디아, 알파벳, 아마존 같이 개인이 노력하고 회사가 발전하면 장기 주가상승을 통해 나도 부자가 될 수 있다 는 주식문화(Equity culture) 가 자리잡으면 좋겠다고 덧붙였다."
1569,context,0.1595,neutral,0.9985,에너지 관리,E,E_ENERGY__RENEWABLE_TRANSITION,신재생에너지 전환,0.5326380133628845,미국에 반ESG 기치를 내건 트럼프 행정부가 출범하지만 전 세계적인 ESG 경영의 도도한 흐름을 막지는 못할 것으로 예상된다. 당장 미국의 대부분 빅테크 기업이 포진한 캘리포니아주가 ESG 공시 의무화 및 탈탄소 규제들을 차질없이 진행하겠다고 선언한 가운데 미국을 대표하는 주요 기업들은 자율적인 ESG 공시와 RE100(재생에너지 100% 사용)을 공언했다.
1570,context,0.1503,neutral,0.9993,에너지 관리,E,E_ENERGY__RENEWABLE_TRANSITION,신재생에너지 전환,0.5012074112892151,"중국 국가에너지국이 지난해 8월 발표한 전력산업 통계에 따르면 지난 7월까지 중국의 누적 태양광 및 풍력 발전용량은 총 1206GW로 집계됐다. 누적 태양광 발전용량이 735GW, 풍력 발전용량이 470GW다. 지난해 7월을 기준으로 태양광발전 용량은 전년 대비 49.8% 증가했고, 풍력 발전은 19.8% 증가했다."
1571,context,0.153,neutral,0.9988,에너지 관리,E,E_ENERGY__RENEWABLE_TRANSITION,신재생에너지 전환,0.5105471611022949,"같은 시기 기후 싱크탱크 글로벌 에너지 모니터(GEM)가 발간한 보고서에 따르면, 현재 전세계에 건설 중인 신규 풍력 및 태양광 발전소의 약 3분의 2에 달하는 규모(339GW)가 중국에서 세워지고 있다. 이는 미국에서 추진 중인 전체 프로젝트(약 40GW)의 8배 이상이다."
1572,context,0.133,neutral,0.9572,에너지 관리,E,E_ENERGY__RENEWABLE_TRANSITION,신재생에너지 전환,0.4632001221179962,"GEM에 따르면, 중국은 2023년 3월에서 2024년 3월 사이 단 1년동안 지난 3년 동안 합친 것보다 많은 태양광 발전기를 설치했다."
1573,risk,0.6132,negative,0.995,이사회 구조,G,G_BOARD__COMPOSITION_INDEPENDENCE,이사회 구성 및 독립성,0.6162804961204529,한국ESG 기준원은 일반공모유상증자 사태로 인해 고려아연 경영진에 대한 검찰 수사와 형사 고소가 진행되는 등 상당한 법적 리스크가 발생했음을 언급하면서 기존 경영진으로부터 이사회 독립성 확보의 필요성이 인정된다고 밝혔다.
1574,context,0.0974,neutral,0.9999,인적자원 관리,S,S_HR__DIVERSITY_INCLUSION,다양성 및 형평성 (DEI),0.32451131939888,"포럼은 이와 관련, 정 회장의 이마트 지분인수는 12조원 순차입금을 반영한 기업가치 평가 방식으로 접근해야한다며 인수가는 주당 7만6800원(PBR 기준 0.2배)이지만 실질적으로 차입금까지 부담하는 것(debt assumption)이므로 정확한 인수가는 기업가치 기준 대략 14조원 또는 주당 51만원이라고 지적했다. 매매가 10억원 아파트를 사는데 내 돈(Equity) 1억3000만원만 지불하고 나머지 8억7000만원은 은행에서 빌린(Debt) 셈이라 9억 가까운 빚은 결국 갚아야 한다는 저적이다."
1575,context,0.1274,neutral,0.93,기후변화·온실가스,E,E_CLIMATE__SCOPE1_2_EMISSION,Scope 1·2 배출량,0.45682284235954285,"생성형 AI, 멀티모달 AI, 범용 AI 등 빠른 기술의 발전은 데이터센터 수 증가와 전력 사용량 급증을 이끌고 있으며, 이는 전력망 부하와 온실가스 배출량을 증가시키는 요인으로 작용하고 있다."
1576,opportunity,0.5553,positive,0.9969,에너지 관리,E,E_ENERGY__EFFICIENCY_CONSUMPTION,에너지 소비 및 효율화,0.557046115398407,"이를 실제로 달성하기 위해서는 데이터센터 허가를 위한 PUE 최소 기준을 설정하여 기업의 자발적 효율 개선을 유인하거나, 그린 데이터센터 인증 혜택을 다변화하는 등의 지원책이 필요하다."
1577,context,0.1843,neutral,0.9994,에너지 관리,E,E_ENERGY__RENEWABLE_TRANSITION,신재생에너지 전환,0.6146852374076843,"더 나아가, 폐열 재활용 기술을 이용하여 지역 난방으로도 확대하기 위한 관련 법 보강과 정책 마련이 필요하다. 또한 재생에너지 자가발전이나 REC 구매 비율을 의무화하여 기존 화석연료 발전원의 사용 증가를 최소화해야 한다."
1578,context,0.1791,neutral,0.9997,에너지 관리,E,E_ENERGY__EFFICIENCY_CONSUMPTION,에너지 소비 및 효율화,0.5972689986228943,차세대 폐자원에너지 종합정보관리시스템 은 정부의 환경정책에 부응하여 폐자원 재활용을 통한 에너지 절감과 온실가스 감축 목표를 달성하기 위해 마련됐다.
1579,context,0.2026,neutral,0.9998,이사회 구조,G,G_BOARD__COMPOSITION_INDEPENDENCE,이사회 구성 및 독립성,0.6753102540969849,이어 국내외 기업의 평균 이사회 구성 인원과 이사 수 분포 등을 종합적으로 고려할 때 이사 수 상한을 19인으로 하는 안이 이사회 기능과 운영에 있어 긍정적 측면이 더 클 것이라고 부연했다.
1580,context,0.1333,neutral,0.9888,에너지 관리,E,E_ENERGY__RENEWABLE_TRANSITION,신재생에너지 전환,0.449496328830719,"지난해 말을 기준으로 텍사스 주는 4만 2000메가와트(MW)의 풍력 발전 용량, 2만 2000MW의 태양광 발전 용량, 6500MW 규모의 배터리 저장장치 용량을 갖추고 있다. 텍사스 주에 이어 캘리포니아 주가 재생에너지 발전 및 배터리 저장장치 용량이 많았으며, 플로리다 주, 애리조나 주, 콜로라도 주도 뒤를 이었다."
1581,context,0.1258,neutral,0.9429,에너지 관리,E,E_ENERGY__RENEWABLE_TRANSITION,신재생에너지 전환,0.4448293149471283,"클린뷰에 따르면 2019년 이후 5년동안 텍사스 전력 회사들의 태양광 발전 용량은 800%, 풍력 발전 용량은 50%, 배터리 저장 용량은 무려 5500% 증가했다. 절대적인 수치로 보면 텍사스 주는 지난 5년 동안 약 1만 9000MW의 태양광 발전 용량, 1만 4000MW의 풍력 발전 용량, 6200MW의 배터리 용량을 추가했다."
1582,opportunity,0.5318,positive,0.9788,에너지 관리,E,E_ENERGY__RENEWABLE_TRANSITION,신재생에너지 전환,0.543327271938324,"글로벌 에너지 싱크탱크 엠버(Ember)에 따르면, 이같은 폭발적인 재생에너지 성장으로 인해 지난해 풍력 및 태양광 발전소가 주 전체 전력의 약 30%를 생산했다. 이는 2019년 주 전체 전력 생산 중 태양광과 풍력이 약 18%를 차지한 것에 비해 크게 증가한 수치다."
1583,opportunity,0.3638,positive,0.9101,에너지 관리,E,E_ENERGY__RENEWABLE_TRANSITION,신재생에너지 전환,0.3997398912906647,"캘리포니아 주 역시 재생에너지 용량에서 엄청난 증가세를 기록했다. 2019년 캘리포니아 주 전체 전력 생산 중 태양광과 풍력이 차지한 비중은 약 25%였지만, 2024년에는 약 40%로 확대됐다. 2019년 이후 약 9000MW의 태양광 발전 용량이 추가돼 2024년에는 캘리포니아주의 총 태양광 발전 용량이 약 2만 1500MW에 달했다."
1584,opportunity,0.2481,positive,0.5948,에너지 관리,E,E_ENERGY__RENEWABLE_TRANSITION,신재생에너지 전환,0.4170660376548767,"애리조나, 콜로라도, 뉴멕시코, 네바다 주가 그 뒤를 이었다. 이들 각 주의 태양광 발전, 풍력 발전, 배터리 용량은 약 7500 8300MW에 이른다. 컨설팅업체 우드 맥킨지의 최근 보고서에 따르면, 2028년까지 미국 전역에는 약 6만 2000MW 규모의 배터리 저장소가 추가 배치될 것으로 전망된다."
1585,context,0.1305,neutral,0.7793,에너지 관리,E,E_ENERGY__RENEWABLE_TRANSITION,신재생에너지 전환,0.5583200454711914,이번 사업을 통해 아모레퍼시픽은 오산 사업장에 인버터 터보 블로어와 태양광 발전시설을 추가 구축해 연간 279tCO2eq 의 온실가스를 저감했고 악취 방지시설을 개선했으며 대기 방지시설 및 차세대 폐수 슬러지 탈수기를 도입했다.
1586,context,0.1836,neutral,0.9522,기후변화·온실가스,E,E_CLIMATE__SCOPE3_EMISSION,Scope 3 배출량,0.6427761316299438,"거래소는 대부분 업스트림(공급망) 배출량은 산정했으나 다운스트림(판매망) 공시는 미흡하고, 업스트림 중에서도 집계가 용이한 출장 카테고리의 산정 기업이 가장 많은 상황 이라고 평가했다."
1587,context,0.1231,neutral,0.948,에너지 관리,E,E_ENERGY__RENEWABLE_TRANSITION,신재생에너지 전환,0.4327389895915985,"원전 1기가 줄어드는 것에 대해 산업부는 태양광 발전량을 2.4GW 확대해 전력 부족분을 채우겠다는 구상이다. 이런 계획이 현실화하면 2038년 전력 공급에서 원전이 차지하는 비중은 종전 35.6%에서 35.1%로 줄어들고, 재생에너지 비중은 29.1%에서 29.2%로 늘어나게 된다."
1588,context,0.2116,neutral,0.9999,에너지 관리,E,E_ENERGY__RENEWABLE_TRANSITION,신재생에너지 전환,0.7052454948425293,"이어 보고서는 2030년 국가온실가스감축목표(NDC) 및 탄소중립 달성, 전세계 기업의 RE100(재생에너지 조달 100%) 동참 선언과 함께 한국도 지난 2023년 전세계 재생에너지 3배 확충 서약에 동참하는 등 국제적인 흐름에 부합하기 위해서는 재생에너지 비중 확대를 고려할 필요가 있다 고 밝혔다."
1589,opportunity,0.561,positive,0.9411,에너지 관리,E,E_ENERGY__RENEWABLE_TRANSITION,신재생에너지 전환,0.5961077213287354,"또한 소규모 전력시장 운영 경험에서 축적한 자원 관리 및 정산 노하우를 PPA 운영에 적극 활용해, KT G가 안정적이고 경제적인 방식으로 재생에너지를 사용할 수 있도록 지원한다."
1590,opportunity,0.6265,positive,0.9999,에너지 관리,E,E_ENERGY__RENEWABLE_TRANSITION,신재생에너지 전환,0.6265544295310974,"한편 엔라이튼은 이번 KT G와의 계약에 앞서 현대자동차와의 PPA 계약을 성공적으로 체결한 바 있다. 이처럼 일반 발전사업자의 재생에너지를 선별하여 기업에 공급하는 PPA 계약을 연이어 성사시키며, 국내 재생에너지 거래 시장에서 신뢰할 수 있는 거래 주체로 자리잡아가고 있다."
1591,opportunity,0.5824,positive,0.93,에너지 관리,E,E_ENERGY__RENEWABLE_TRANSITION,신재생에너지 전환,0.6262887716293335,"철강 분야는 액화천연가스(LNG) 자가 발전소 건설, 친환경 소화설비 신설 등을 진행하고, 건설 분야는 수전해 수소 생산 실증사업, 소형모듈원전(SMR), 신재생에너지 등 신사업 발굴을 추진한다. 이 밖에도 금융 부문은 IT 시스템 및 인프라 개선을, 물류 부문은 친환경 자동차 용선 확대 등을 추진한다."
1592,risk,0.4514,negative,0.9326,이사회 구조,G,G_BOARD__COMPOSITION_INDEPENDENCE,이사회 구성 및 독립성,0.48405954241752625,"반면, MBK파트너스와 같은 사모펀드는 기업의 구조조정과 사업재편 등에 강점을 갖고 있어 부실기업의 회생(Turn-around)에는 좋은 성과를 보일 수 있지만 현재 고려아연은 그 같은 위기상황에 처해있다고 보기 힘들다 며 따라서 MBK가 기업가치 제고에 우위를 갖고 있다고 판단하기 어렵다 고 말했다. 또 MBK 영풍이 추진하는 27명의 이사회 구성은 너무 비대해 비효율적인 의사결정 구조라는 의견도 달았다."
1593,opportunity,0.5691,positive,0.9974,에너지 관리,E,E_ENERGY__RENEWABLE_TRANSITION,신재생에너지 전환,0.5705909729003906,아울러 신재생에너지 및 그린수소사업 EV배터리 소재생산 자원순환사업 등 세가지 등 핵심 성장전략인 트로이카 드라이브를 통해 지속가능한 미래성장을 추진하고 있다고 강조한다.
1594,context,0.2217,neutral,0.9991,이사회 구조,G,G_BOARD__COMPOSITION_INDEPENDENCE,이사회 구성 및 독립성,0.7395849227905273,"이밖에도 지배구조 강화 및 주주권익 보호를 위해 집중투표제 도입, 지나치게 크고 비효율적인 이사회 구성 반대, 발행주식 10대1 액면분할, 소액주주 보호, CEO와 이사회 의장 분리, 분기배당 지급 등을 주주환원책으로 제시하고 있다."
1595,context,0.2151,neutral,0.9989,윤리경영·준법,G,G_ETHICS__ANTI_CORRUPTION_COMPLIANCE,반부패 및 컴플라이언스,0.7177953124046326,국민권익위원회는 국내 기업의 글로벌 반부패 규범 대응력을 제고하고 ESG 경영 강화를 지원하기 위해 기업용 윤리경영 자율실천 안내서 를 발간하고 이를 경제단체 등 유관 기관에 배포했다고 7일 밝혔다.
1596,context,0.2278,neutral,0.9994,윤리경영·준법,G,G_ETHICS__ANTI_CORRUPTION_COMPLIANCE,반부패 및 컴플라이언스,0.7596174478530884,"안내서엔 기업이 경영활동 중 발생 가능한 부패 위험을 최소화하고, 윤리경영을 실천하기 위한 자율적 예방적 활동인 윤리경영 자율준수 프로그램(Compliance Program, CP)의 핵심 요소를 담았다."
1597,context,0.2175,neutral,0.9999,윤리경영·준법,G,G_ETHICS__ANTI_CORRUPTION_COMPLIANCE,반부패 및 컴플라이언스,0.7251573801040649,"아울러 기업이 필수적으로 알아야 할 주요 글로벌 반부패 규범과 다양한 규제강화 동향을 정리하고, 윤리경영 자율준수 프로그램(CP)의 필수 요소들과 참고사항을 함께 수록했다. 안내서는 권익위 홈페이지에서도 확인할 수 있다."
1598,context,0.209,neutral,0.9999,에너지 관리,E,E_ENERGY__RENEWABLE_TRANSITION,신재생에너지 전환,0.6969010829925537,"적정 전원구성에 대해 보고서는 2030년 국가 온실가스 감축 목표(NDC) 및 탄소중립 달성, 전세계 기업의 RE100(재생에너지 조달 100%) 동참 선언과 함께 한국도 지난 2023년 전세계 재생에너지 3배 확충 서약에 동참하는 등 국제적인 흐름에 부합하기 위해서는 재생에너지 비중 확대를 고려할 필요가 있다 고 밝혔다."
1599,context,0.1446,neutral,0.9452,에너지 관리,E,E_ENERGY__RENEWABLE_TRANSITION,신재생에너지 전환,0.5097892880439758,천연가스 화력 발전소의 저비용 전기 생산이 급증하고 풍력과 태양광 발전이 급속히 확대되면서 어려움을 겪어 온 원자력 업계 입장에서는 당연히 해야 할 주장이었다.
1600,context,0.1533,neutral,0.9934,에너지 관리,E,E_ENERGY__RENEWABLE_TRANSITION,신재생에너지 전환,0.5145270824432373,"또한 2050년 탄소중립을 효율적으로 달성하려면 신재생에너지 발전비중을 60% 이상으로 확대해야 하고, 신재생에너지 발전량이 적정 수준의 75% 수준에 그치면 탄소세 부과에 따른 생산자물가 상승률이 연평균 1%p까지 추가 상승할 것으로 추정됐다."
1601,context,0.1316,neutral,0.8329,에너지 관리,E,E_ENERGY__RENEWABLE_TRANSITION,신재생에너지 전환,0.5265189409255981,특히 태양광 발전 단가가 하락하면서 장기적으로 발전비용 전체를 낮추는 효과가 나타날 것으로 전망됐다. 논문에 따르면 2015년 KW당 340원이었던 태양광 전력 구매단가는 2020년 200원으로 40% 이상 하락했고 에너지경제연구원에 따르면 향후 10년간 태양광 발전단가가 30% 가량 추가 하락할 전망이다.
1602,context,0.175,neutral,0.9988,에너지 관리,E,E_ENERGY__RENEWABLE_TRANSITION,신재생에너지 전환,0.5839101076126099,"논문은 기업의 탄소감축 비용을 낮춰 탄소중립을 비용효율적으로 달성하려면 신재생에너지 사용이 빠른 속도로 늘어나야 하며 2050년에는 전체 발전량의 60% 이상이 태양광과 풍력, 바이오에너지 등 신재생에너지에 의해 생산돼야 한다 고 분석했다."
1603,context,0.1428,neutral,0.9994,에너지 관리,E,E_ENERGY__RENEWABLE_TRANSITION,신재생에너지 전환,0.47615182399749756,시나리오 2는 시나리오 1과 동일한 경로로 탄소중립을 추진하지만 정부의 미온적인 대응으로 태양광 및 풍력 발전량이 시나리오 1에 비해 75% 수준에 그치는 상황을 가정했다. 이 경우 신재생에너지 발전 비중도 50%대 초반에 그칠 것으로 추정됐다.
1604,context,0.1361,neutral,0.8191,에너지 관리,E,E_ENERGY__EFFICIENCY_CONSUMPTION,에너지 소비 및 효율화,0.5540502667427063,"2023년 기준으로 에너지 효율 개선이 가장 성과가 좋은 녹색 부문이자 가장 큰 규모(녹색 경제의 46%)를 차지하는 부문으로, 효율적인 IT 장비와 친환경 건물 등을 포함하고 있다. 특정 산업에 녹색경제가 얼마나 침투했는지를 살펴보면, 자동차와 부품, 전력, 건설, 화학, 산업생산과 서비스, 기술, 부동산, 기본자원 분야에서 10%를 넘어서고 있다."
1605,context,0.202,neutral,0.9934,안전보건,S,S_SAFETY__OCCUPATIONAL_HEALTH_MANAGEMENT,사업장 안전보건 관리체계,0.6776301264762878,"이어 ESG E부분 평가점수를 높이기 위해 목표를 설정하고 ESG경영 활동을 한 것은 부인하지 않지만 결과적으로 ISO 14001(환경경영시스템) 및 ISO 45001(안전보건경영시스템) 동시 인증 획득과 2024년 지속가능경영보고서 발간, 2024년 ESG심사평가 결과(A)는 대단한 성과라고 자부한다고 덧붙였다."
1606,context,0.2154,neutral,0.9998,에너지 관리,E,E_ENERGY__EFFICIENCY_CONSUMPTION,에너지 소비 및 효율화,0.7180002927780151,"2024년 년초부터 공장장 주관 아래 2023년 ESG 평가를 세부항목별로 분석해서 먼저 상대적으로 취약한 항목을 선정한후 생산부문 팀별, 개인별 업무와 연결해 R R선정에 나섰다. 설비담당자는 친환경 및 에너지 절감부분, 환경담당자는 대기 및 폐기물 배출부분 등 장점을 발휘할 수 있도록 업무분장을 완료했다."
1607,context,0.1869,neutral,0.9989,안전보건,S,S_SAFETY__OCCUPATIONAL_HEALTH_MANAGEMENT,사업장 안전보건 관리체계,0.6237255334854126,그 다음 단계는 목표 및 계획을 설정했다. 본격적인 ESG 활동 취지에 맞추어 실현이 어려운 항목들도 과감하게 목표로 설정했다. 바로 환경과 안전에 대한 인증이다. ISO 14001(환경) 및 ISO 45001(안전)을 동시 통합인증 획득을 목표로 정한 것이다.
1608,context,0.1563,neutral,0.9979,에너지 관리,E,E_ENERGY__RENEWABLE_TRANSITION,신재생에너지 전환,0.5222117900848389,"반면, 화석연료 사용 최소화와 재생에너지 전환 등 온실가스 저감 노력이 잘 실현되면 국내 해수면 높이가 2050년까지 20cm, 2100년에는 47cm까지 상승할 것으로 전망됐다."
1609,context,0.1699,neutral,0.9442,안전보건,S,S_SAFETY__OCCUPATIONAL_HEALTH_MANAGEMENT,사업장 안전보건 관리체계,0.599962592124939,"1년 남짓 되는 기간에 동시에 인증을 받는 것은 결코 쉬운 일이 아니었다. 인증 주관부서인 품질경영팀은 진행을 담당하고,EHS팀은 목표설정에 따른 지침서와 절차서를 작성했다. 인증 준비도 예상치못한 어려움이 많았다. 안전에 대한 위험성 평가방법 및 절차에 대해 수차례 시행착오를 겪었고, 환경에 대한 기본목표 설정도 첫발부터 명확한 기준을 정할 수 없는 난관에 봉착했다."
1610,context,0.1646,neutral,0.9994,안전보건,S,S_SAFETY__OCCUPATIONAL_HEALTH_MANAGEMENT,사업장 안전보건 관리체계,0.5488005876541138,공장장을 비롯해 전체 팀원들과 소통하고 수차례 회의를 열어 쟁점을 해결해가면서 자료를 순차적으로 취합 작성하는 과정을 반복했다. 한 항목씩 완성해가다보니 마침내 인증심사를 받을수 있었고 결국 ISO14001 및 ISO 45001 통합인증을 획득해냈다.
1611,context,0.1429,neutral,0.9999,에너지 관리,E,E_ENERGY__EFFICIENCY_CONSUMPTION,에너지 소비 및 효율화,0.4764936864376068,"고탄소 시나리오는 산업발전에 중심을 둔 높은 화석연료 사용량과 도시 위주의 무분별한 개발 확대를 가정했다. 반면, 저탄소 시나리오는 재생에너지 확대 등 화석연료 사용을 최소화한 지속가능한 경제성장을 가정했다."
1612,context,0.1634,neutral,0.9997,인적자원 관리,S,S_HR__DIVERSITY_INCLUSION,다양성 및 형평성 (DEI),0.5447697043418884,아울러 정부는 현장여건 및 유사 환경 법률과의 형평성 등을 고려하여 폐기물 처리업자에 대한 과도한 행정처분 기준을 합리화하는 등 폐기물의 처리 기준을 개선해 업계 부담을 줄이고 폐기물의 순환이용을 확대했다고 설명했다.
1613,context,0.2238,neutral,0.9996,인적자원 관리,S,S_HR__DIVERSITY_INCLUSION,다양성 및 형평성 (DEI),0.7464357614517212,"또 글로벌 기준에 맞춰 이사회의 독립성과 다양성도 확대해 나가야 한다. 현재 메리츠금융그룹은 이사회 의장과 대표이사가 겸직 상태다. 이 때문에 금융당국으로부터 경영진 견제 미흡 등 이사회 역할 부실 지적과 제재를 받은 바 있다. 현재 이사회 구성원의 전문분야가 금융, 경제에 집중 되어 있고, 여성 사외이사가 한 명에 그쳐 다양성 측면에서도 개선의 여지가 있다."
1614,context,0.2238,neutral,0.9996,이사회 구조,G,G_BOARD__COMPOSITION_INDEPENDENCE,이사회 구성 및 독립성,0.7464357614517212,"또 글로벌 기준에 맞춰 이사회의 독립성과 다양성도 확대해 나가야 한다. 현재 메리츠금융그룹은 이사회 의장과 대표이사가 겸직 상태다. 이 때문에 금융당국으로부터 경영진 견제 미흡 등 이사회 역할 부실 지적과 제재를 받은 바 있다. 현재 이사회 구성원의 전문분야가 금융, 경제에 집중 되어 있고, 여성 사외이사가 한 명에 그쳐 다양성 측면에서도 개선의 여지가 있다."
1615,context,0.1932,neutral,0.9998,이사회 구조,G,G_BOARD__COMPOSITION_INDEPENDENCE,이사회 구성 및 독립성,0.644193708896637,"따라서 향후 이사회 의장과 대표이사를 분리하여 이사회 독립성을 강화하고, 경영진 견제 기능을 강화해 야 할 것이다. 아울러 글로벌 기준에 맞게 여성 이사 비율을 30%까지 확대하고, 다양한 배경의 인재를 영입한다면, 이사회가 보다 균형 잡힌 의사결정을 내리릴 수 는 있을 것으로 보인다."
1616,context,0.1673,neutral,0.9997,에너지 관리,E,E_ENERGY__RENEWABLE_TRANSITION,신재생에너지 전환,0.5577259063720703,"일본의 비영리단체 재생에너지연구소(Renewable Energy Institute) 는 지난 29일 성명에서 정부의 60% 감축계획이 IPCC가 제안한 2035년까지 60% 감축과 일치하는 것으로 보이지만, IPCC가 사용한 2019년 기준선으로 환산하면 실제 감축은 약 49%에 미칠 것으로 분석된다 고 밝힌 바 있다."
1617,context,0.0904,neutral,0.8669,인적자원 관리,S,S_HR__DIVERSITY_INCLUSION,다양성 및 형평성 (DEI),0.34780973196029663,"차알은 중식의 대중적 매력을 현대적으로 풀어내어 브랜드만의 독창성을 성공적으로 구축했다며 차알 의 메뉴는 맛과 비주얼, 그리고 다양성 면에서 브랜드의 매력을 한층 돋보이게 하고 있다고 덧붙였다."
1618,context,0.1129,neutral,0.6275,에너지 관리,E,E_ENERGY__RENEWABLE_TRANSITION,신재생에너지 전환,0.5997481346130371,태양광 발전(PV)을 사용하는 경우 스마트싱스에 PV 모듈을 연동하면 태양에너지 사용 현황도 쉽게 파악할 수 있다.
1619,context,0.1839,neutral,0.9998,인적자원 관리,S,S_HR__DIVERSITY_INCLUSION,다양성 및 형평성 (DEI),0.6130034923553467,"한국생산성본부 ESG컨설팅1센터 조민아 팀장은 국내 기업의 경우 중대 이슈 보고(중대성), 윤리경영, 환경경영 체계, 산업안전 및 보건, 개인정보 보호 영역에서 ESG 관리수준이 높은 것으로 나타났다며 다만 택소노미, 이사회 독립성 및 보상, 지속가능한 원자재 관리, 다양성 중심의 노동 관행 등 일부 영역에서는 여전히 세계적 수준의 기업들과 비교해 부족한 점이 드러나고 있다 며 개선의 필요성을 강조했다."
1620,context,0.1839,neutral,0.9998,이사회 구조,G,G_BOARD__COMPOSITION_INDEPENDENCE,이사회 구성 및 독립성,0.6130034923553467,"한국생산성본부 ESG컨설팅1센터 조민아 팀장은 국내 기업의 경우 중대 이슈 보고(중대성), 윤리경영, 환경경영 체계, 산업안전 및 보건, 개인정보 보호 영역에서 ESG 관리수준이 높은 것으로 나타났다며 다만 택소노미, 이사회 독립성 및 보상, 지속가능한 원자재 관리, 다양성 중심의 노동 관행 등 일부 영역에서는 여전히 세계적 수준의 기업들과 비교해 부족한 점이 드러나고 있다 며 개선의 필요성을 강조했다."
1621,context,0.136,neutral,0.9992,인적자원 관리,S,S_HR__DIVERSITY_INCLUSION,다양성 및 형평성 (DEI),0.4536057114601135,"팬톤은 또한 문화적 다양성을 반영하는 색상을 개발하고, 이를 통한 사회적 통합과 조화를 강조한다. 컬러의 힘으로 사회적 가치를 창출하는 셈이다. 팬톤이 주관하는 색상과 다양성 캠페인은 다양한 인종과 문화를 상징하는 컬러 팔레트를 공개하여 긍정적인 사회적 메시지를 전달한다."
1622,context,0.1701,neutral,0.9996,에너지 관리,E,E_ENERGY__EFFICIENCY_CONSUMPTION,에너지 소비 및 효율화,0.5672812461853027,"이는 2040년까지 최종 에너지 소비량의 약 5%를 대체할 것으로 예상한 정부의 탄소중립 계획과 상당한 차이가 있다. 전문가들은 기후 위기 방지를 위해 온실가스 배출을 최소화하는 에너지 시스템의 구축은 피할 수 없는 과제이고, 그런 점에서 수소에너지를 늘릴 수 있으면 최대한 늘릴 필요가 있다 고 지적한다."
1623,context,0.2064,neutral,0.9999,기후변화·온실가스,E,E_CLIMATE__CLIMATE_GOVERNANCE_INVENTORY,기후 거버넌스·인벤토리,0.6880733966827393,ESG경제는 지속가능성 공시 도입 지속가능경영보고서 발간 기업 증가 정부의 밸류업 프로그램 도입 COP29 플라스틱 협약 등 국제 기후 거버넌스 속 한국의 역할 2035 NDC 수립 등을 올해 주요 국내 ESG 이슈로 선정하고 진행 상황을 정리했다.
1624,context,0.1973,neutral,0.9999,기후변화·온실가스,E,E_CLIMATE__SCOPE3_EMISSION,Scope 3 배출량,0.6576944589614868,ESG경제가 국내 10대 기업의 지속가능경영보고서를 분석한 결과 10곳 모두가 올해 발간한 지속가능경영보고서에 스코프3(Scope 3) 온실가스 배출량 정보를 공개한 것으로 나타났다.
1625,context,0.1022,neutral,0.7894,기후변화·온실가스,E,E_CLIMATE__SCOPE3_EMISSION,Scope 3 배출량,0.43167588114738464,"삼성전자가 프랜차이즈 를 제외한 14개 카테고리에 대한 배출량을 모두 공개했고, 그 다음으로 LG전자가 13개 카테고리에 대한 정보를 공개했다. LG전자는 공개하지 않은 2개의 카테고리에 대해 다운스트림 운송 배출량 정보를 공개하지 않았고, 프랜차이즈 는 해당사항 없음 이라고 기재했다."
1626,context,0.1979,neutral,0.9978,기후변화·온실가스,E,E_CLIMATE__SCOPE3_EMISSION,Scope 3 배출량,0.661279559135437,"다른 기업들은 15개 카테고리 중 일부를 선택적으로 배출량 산정에 포함했는데, 전반적으로 다운스트림 배출량 공개가 업스트림 배출량 공개보다 미비한 것을 확인할 수 있었다."
1627,context,0.1561,neutral,0.9982,기후변화·온실가스,E,E_CLIMATE__SCOPE3_EMISSION,Scope 3 배출량,0.5212981104850769,"GHG 프로토콜 중 업스트림 항목(그림 참조)을 모두 공시한 기업은 삼성전자와 삼성SDI, 삼성전기, 삼성에스디에스, 네이버, 삼성바이오로직스, 솔루스첨단소재 등 10곳으로 7%를 차지했다. 다운스트림 항목을 모두 공시한 기업은 SK네트웍스와 SK가스 2곳에 그쳤다."
1628,opportunity,0.529,positive,0.6857,기후변화·온실가스,E,E_CLIMATE__CLIMATE_GOVERNANCE_INVENTORY,기후 거버넌스·인벤토리,0.7715083956718445,"그리너리의 LCA시스템은 제품 생애주기별 환경영향평가와 공정별 탄소 배출량을 관리할 수 있는 LCA(Life Cycle Assessment) 솔루션이다. 공정흐름도 기능으로 정확한 LCA를 도출할 수 있고 각 공정별로 탄소 감축 및 효율화 요소를 파악할 수 있다고 회사는 설명했다. 내년에는 사업장별 탄소배출량을 산정하는 탄소회계, ESG 공시대응을 위한 기능도 탑재된다."
1629,context,0.1667,neutral,0.9998,에너지 관리,E,E_ENERGY__EFFICIENCY_CONSUMPTION,에너지 소비 및 효율화,0.5558916926383972,따라서 녹색채권 발행 등을 통해 기후 회복력 강화에 나서는 기업이 늘어나면서 투자자에게 새로운 투자 기회를 제공하고 있다. 2016년경 유틸리티 기업이 재생에너지와 에너지 효율 개선에 투자하기 위해 녹색 채권을 발생하기 시작했고 2023년까지 유틸리티 기업의 녹색채권 발행액의 18%가 기후변화 적응 재원으로 사용됐다. 유틸리티 기업이 아닌 센트럴 니폰 익스프레스웨이는 태풍의 피해로부터 고속도로망을 보호하기 위한 사업을 추진하면서 녹색채권을 발행하기도 했다.
1630,context,0.164,neutral,0.9998,에너지 관리,E,E_ENERGY__RENEWABLE_TRANSITION,신재생에너지 전환,0.5467540621757507,보고서는 가장 현실적인 재생에너지 전환 시나리오와 가장 이상적인 전환 시나리오까지 포함한 4개 시나리오에서 충남의 2050년 누적일자리 수가 약 2만 7000개에서 최대 약 108만 개로 나타났다고 말했다. 충남이 재생에너지 시장 잠재량을 달성하는 수준으로 야심 차게 전환할경우 2050년까지 누적한 값을 기준으로 최대 108만개 일자리가 창출될 수 있다는 것이다.
1631,context,0.2424,neutral,0.9998,이사회 구조,G,G_BOARD__COMPOSITION_INDEPENDENCE,이사회 구성 및 독립성,0.8082457780838013,"이 밖에도 이사회 독립성 확보와 이사회 의장 대표이사 분리, 집중투표제 채택 등을 권고했다."
1632,context,0.1023,neutral,0.5963,에너지 관리,E,E_ENERGY__RENEWABLE_TRANSITION,신재생에너지 전환,0.5719175338745117,"보고서는 신규 태양광 발전(PV) 및 배터리 등의 대체 전력 발전원들이 빠르게 추가되고 있긴 하나, 이들의 완공 속도가 새로운 발전 수요를 충족시키기엔 부족한 실정이라고 밝혔다. 아울러 재생에너지는 날씨에 따라 발전량이 변동하는 간헐성 등의 특징으로 미래 전력 수요 전망치를 충당할 만큼의 신규 발전용량이 전력 시스템에 추가되지 못하고 있다고 설명했다."
1633,opportunity,0.3876,positive,0.7502,에너지 관리,E,E_ENERGY__RENEWABLE_TRANSITION,신재생에너지 전환,0.5167129039764404,"보고서에 따르면 올해 8GW 이상의 석탄발전소가 폐쇄됐으며 태양광 발전용량과 배터리 저장 시스템이 전력망에 대거 추가되면서 지난 여름 전력수요 피크 시점을 기준으로 총 전력 발전용량은 약 8GW 증가했다. 그러나 이는 전체 용량의 0.8%에 불과해 증가세가 미약한 것으로 드러났다. 1년간 태양광 발전용량은 약 13GW, 배터리 저장 및 하이브리드 시스템은 4GW 추가됐다. 반면 풍력발전은 950MW 감소했다."
1634,context,0.1952,neutral,0.9858,윤리경영·준법,G,G_ETHICS__ANTI_CORRUPTION_COMPLIANCE,반부패 및 컴플라이언스,0.6601106524467468,이 기준은 인증에 참여할 수 있는 기관을 회계법인과 일정 자격을 가진 독립된 기관으로 정해 놓았다. 인증 기관은 국제윤리기준위원회의 국제윤리기준(International Independence Standards)을 포함한 전문회계사 윤리강령(International Code of Ethics for Professional Accountants)과 같은 관련 윤리적 요구 사항을 준수하고 ISSAB의 품질관리기준에 부합하는 수준의 품질관리 시스템을 적용해야 한다.
1635,opportunity,0.3479,positive,0.6024,윤리경영·준법,G,G_ETHICS__ANTI_CORRUPTION_COMPLIANCE,반부패 및 컴플라이언스,0.5775429010391235,"국제탄소시장은 기존의 규제 탄소시장(Compliance Market)과 자발적 탄소시장(Voluntary Carbon Market)을 통합하여, 국제적으로 인증된 탄소배출권을 거래할 수 있는 통합 시장 태동의 첫걸음으로 볼 수도 있다. 성공적으로 안착 후 진화 발전하면 나중에 모든 탄소배출권의 거래가 가능한 초대형 배출권 시장이 탄생할 수도 있다."
1636,context,0.1985,neutral,0.9999,에너지 관리,E,E_ENERGY__RENEWABLE_TRANSITION,신재생에너지 전환,0.6616421341896057,"박희원은 기업 및 지자체 등의 탄소중립, RE100 전략 수립을 지원하는 넷제로홀딩스그룹 대표다. 속초 등 지자체, 다수 대기업, 중소기업의 넷제로 전략을 자문하고, 현장의 ESG 실무자들을 위한 넷제로아카데미도 운영하고 있다. 서울대에서 공학박사(에너지자원공학) 학위를 땄다. 풀뿌리 ESG를 주제로 ESG경제 에 칼럼을 연재한다."
1637,context,0.2088,neutral,0.998,에너지 관리,E,E_ENERGY__RENEWABLE_TRANSITION,신재생에너지 전환,0.6975440979003906,"보고서는 국내 석유화학 및 정유 기업들이 국제 경쟁력을 갖추기 위해서는 구체적인 감축 목표와 단계적 로드맵을 수립해야 한다고 강조했다. 또한 전기 크래커 기술, 재생에너지 전환 등 혁신 기술에 대한 투자 확대와 파일럿 프로젝트를 통해 실질적인 감축 방안을 마련하고, 글로벌 기준에 맞춘 스코프1,2,3 배출량 공시와 LCA 기반 관리 전략도 도입해야 한다고 제안했다."
1638,context,0.1498,neutral,0.8293,에너지 관리,E,E_ENERGY__RENEWABLE_TRANSITION,신재생에너지 전환,0.6023562550544739,"보고서에 따르면 지열은 24시간 전력을 생산, 저장할 수 있다. 지난해 전세계 지열 용량은 2023년에 75%가 넘는 활용률을 보였으며, 풍력 발전은 30% 미만, 태양광 발전은 15% 미만이었다. 보고서는 지열 발전소는 전력망의 안정성에 기여하는 방식으로 유연하게 작동해 수요를 항상 충족할 수 있고 태양광 발전 및 풍력과 같은 가변적인 재생 에너지를 지원할 수 있다 고 설명했다."
1639,context,0.2048,neutral,0.9997,기후변화·온실가스,E,E_CLIMATE__SCOPE3_EMISSION,Scope 3 배출량,0.6829222440719604,"지열 발전 프로젝트가 석유 및 가스 산업의 기술과 공급망을 이전해 운영된다는 점은 비용 효율적이지만 환경오염을 유발한다는 지적을 받고 있다. 보고서는 새로운 지열 프로젝트를 개발하려면 많은 업스트림 석유 및 가스 프로젝트에서 사용되는 프로세스와 유사한 지표면 평가, 모델링, 시추 및 지표면 작업이 필요하다 면서 석유 및 가스 서비스 기업은 지열 자산 개발의 기술, 설계 및 워크플로 측면에 점점 더 많이 관여하고 있다 고 분석했다."
1640,context,0.1402,neutral,0.9998,에너지 관리,E,E_ENERGY__RENEWABLE_TRANSITION,신재생에너지 전환,0.4674816429615021,"윤 대통령은 지난 12일 담화에서 (망국적 국헌 문란 세력이 이 나라를 지배한다면) 중국산 태양광 시설들이 전국 삼림을 파괴할 것 이라고 주장하며 태양광 발전에 대한 지독한 불신을 나타냈다. 태양광 발전 확대는 이미 세계적인 추세이고, 국내 산업에 대한 지원책을 펼칠 수도 있고, 산지가 아닌 영농형 태양광을 보급할 수도 있는 문제다."
1641,context,0.0668,neutral,0.9996,기후변화·온실가스,E,E_CLIMATE__SCOPE1_2_EMISSION,Scope 1·2 배출량,0.2225574404001236,캐나다 정부는 성명에서 캐나다의 경제는 2005년보다 탄소 배출 집약도가 낮아졌을 뿐만 아니라 성장을 지속하고 있다 면서 2015년엔 캐나다의 2030년 탄소 배출량이 2005년 대비 9% 증가할 것으로 예상됐지만 지금은 배출량 곡선이 성공적으로 꺾였다 고 말했다.
1642,context,0.1467,neutral,0.9974,에너지 관리,E,E_ENERGY__EFFICIENCY_CONSUMPTION,에너지 소비 및 효율화,0.4902072548866272,"정부는 이같은 배출량 하향 곡선이 에너지 효율 개선, 전력 탈탄소화, 탄소가격제 등의 결과라고 설명했다. 이어 캐나다 지자체 연합의 이니셔티브 녹색 지자체 기금 은 캐나다 전역의 2300개 이상의 지속가능성 프로젝트를 지원해 29억 톤 이상의 온실가스 배출을 방지 했다고 밝혔다."
1643,opportunity,0.594,positive,0.9656,에너지 관리,E,E_ENERGY__RENEWABLE_TRANSITION,신재생에너지 전환,0.6151632070541382,"전력망 분야는 지능형 송배전 기술개발과 함께 단기적으로는 재생에너지 전력망 수용성을 높이는 기술, 중장기적으로 교류 직류망 병용 기술을 확보하기로 했다. 에너지통합시스템 분야는 초고온 저온 열 생산설비, 신재생에너지 변환, 열에너지 저장 활용 등 기술 혁신에 집중하는 로드맵을 제시했다."
1644,context,0.146,neutral,0.9997,기후변화·온실가스,E,E_CLIMATE__SCOPE1_2_EMISSION,Scope 1·2 배출량,0.48680925369262695,"금융배출량은 금융회사가 대출 투자, 보험 등을 제공하면서 발생하는 온실가스 간접 배출량을 뜻한다. 금융기관은 제조업과 달리 직접 배출량이 많지 않아 금융배출량이 온실가스 감축 성과를 평가하는 중요한 지표가 된다."
1645,context,0.1462,neutral,0.9562,에너지 관리,E,E_ENERGY__RENEWABLE_TRANSITION,신재생에너지 전환,0.5094783902168274,"금융위는 올해 들어 10월 말까지 기후 분야에 정책금융 54조원을 공급해 지난 3월 발표한 기후금융 확대방안에 따른 첫해 목표치(48.6조원)를 초과 달성했다고 밝혔다. 신재생에너지 설비투자지원을 위한 미래에너지펀드를 1조2600억원 규모로 조성했고, 기후기술펀드도 3600억원 규모로 조성 중이다."
1646,risk,0.2279,negative,0.6115,에너지 관리,E,E_ENERGY__RENEWABLE_TRANSITION,신재생에너지 전환,0.37262970209121704,"3분기 중 신설된 태양광 발전 용량은 8.6GW를 기록했다. 전분기보다 13% 감소했으나, 지난해 3분기보다는 21% 증가했다."
1647,context,0.0649,neutral,0.7636,에너지 관리,E,E_ENERGY__RENEWABLE_TRANSITION,신재생에너지 전환,0.2834398150444031,1 3분기 중 지역별 태양광 발전 설비 증설을 보면 텍사스주에서 가장 많은 7.9GW가 늘었고 다음은 플로리다주로 3.1GW가 늘었다.
1648,risk,0.3248,negative,0.9995,에너지 관리,E,E_ENERGY__RENEWABLE_TRANSITION,신재생에너지 전환,0.3250012695789337,"주택용 태양광 발전 모듈 설치는 1.1GW에 그치며 감소세를 보였다. 전분기대비 4% 감소했고 전년동기대비로는 39% 감소했다. 캘리포니아에서는 전분기대비 7% 증가했으나, 대다수 주에서 감소세를 보였다."
1649,context,0.2151,neutral,0.9999,이사회 구조,G,G_BOARD__COMPOSITION_INDEPENDENCE,이사회 구성 및 독립성,0.7170485854148865,"이외에도 개정안에는 소집지에서의 총회와 병행하여 전자주주총회를 개최할 수 있도록 하고, 자산규모 등을 고려해 대통령령으로 정하는 상장회사는 전자주주총회의 병행 개최를 의무화하는 내용도 포함됐다. 당초 개정안에 포함됐던 이사회 구성의 다양화 이사 선임 과정에서 집중투표제 도입 분리선출 감사위원 이사 수 확대 등은 재계 반발을 고려해 제외하고 추후 논의토록 했다."
1650,context,0.1348,neutral,0.9999,에너지 관리,E,E_ENERGY__EFFICIENCY_CONSUMPTION,에너지 소비 및 효율화,0.44948697090148926,"이제 색상은 단순한 디자인 요소가 아니라, 도시 에너지 절감과 기후 대응을 위한 전략적 도구가 되어야 한다. 색상을 적절히 활용한다면, 한국도 더욱 지속가능한 미래로 나아갈 수 있다."
1651,context,0.1386,neutral,0.998,에너지 관리,E,E_ENERGY__EFFICIENCY_CONSUMPTION,에너지 소비 및 효율화,0.4630233943462372,이러한 원리를 활용해 세계 여러 도시들이 색상을 이용한 에너지 절감 정책을 도입하고 있다.
1652,context,0.1371,neutral,0.9991,에너지 관리,E,E_ENERGY__EFFICIENCY_CONSUMPTION,에너지 소비 및 효율화,0.45738837122917175,"GGRF는 인플레이션감축법(IRA)에 따라 200억 달러(약 29조원)로 조성됐으며 미국 전역 저소득층 지역사회에서의 수만 개의 재생에너지 및 대중교통 확대, 가정 부문 에너지 효율 개선 프로젝트 등에 집행될 예정이었다."
1653,context,0.1363,neutral,0.9999,에너지 관리,E,E_ENERGY__EFFICIENCY_CONSUMPTION,에너지 소비 및 효율화,0.4544011056423187,"도시의 색상은 단순한 미적 요소가 아니다. 건물 외벽, 지붕, 도로의 색상을 어떻게 선택하느냐에 따라 에너지 소비량이 크게 달라질 수 있다. 태양광 반사율이 높은 밝은 색상을 사용하면 열 흡수를 줄여 실내 온도를 낮추는 효과가 있으며, 반대로 어두운 색상은 열을 더 많이 흡수해 난방 효율을 높이는 역할을 한다."
1654,context,0.1747,neutral,0.9999,인적자원 관리,S,S_HR__DIVERSITY_INCLUSION,다양성 및 형평성 (DEI),0.5822497606277466,"이어 다양성, 평등성, 포용성을 반영한 기후정책 참여 제도화 방안 을 주제로 녹색전환연구소의 오용석 기후시민팀 팀장과 김주온 연구원이 공동 발제를 진행한다. 끝으로 김현정 경기환경운동연합 사무처장이 경기기후도민의회 숙의 공론의 경험 을 주제로 발표한다."
1655,context,0.1811,neutral,0.9983,기후변화·온실가스,E,E_CLIMATE__SCOPE1_2_EMISSION,Scope 1·2 배출량,0.6045558452606201,"금융배출량(financed emission)은 금융기관이 대출 투자, 보험 등을 제공하면서 발생하는 온실가스 간접 배출량을 뜻한다. 촉진배출량(facilitated emission)은 금융기관의 증권 인수나 자문 활동과 관련된 배출량이다. 하지만 금융기관의 온실가스 배출량을 평가하고 공시하는 기준을 개발하는 탄소회계금융협회(PCAF) 등이 아직 촉진배출량 산정 기준을 내놓지 못해 소수의 글로벌 금융기관만 이를 공시하고 있다."
1656,context,0.1424,neutral,0.9991,기후변화·온실가스,E,E_CLIMATE__SCOPE1_2_EMISSION,Scope 1·2 배출량,0.47514674067497253,금융기관은 제조업과 달리 직접 배출량이 많지 않아 간접배출에 해당하는 금융배출량과 촉진배출량이 온실가스 감축 성과를 평가하는 중요한 지표가 된다.
1657,risk,0.4541,negative,0.9963,에너지 관리,E,E_ENERGY__RENEWABLE_TRANSITION,신재생에너지 전환,0.45578470826148987,"더불어 석탄발전 투자도 포스코홀딩스의 장기적인 재무 안정성을 위협하는 요소로 지목된다. 전 세계적으로 재생에너지 전환이 가속화되면서 대다수의 금융기관이 석탄발전소를 좌초자산 으로 인식하는 가운데, 포스코 그룹은 여전히 포스코인터내셔널(29%) 포스코이앤씨(5%) 등 자회사 지분을 통해 국내 마지막 석탄발전소 삼척블루파워 에 투자를 이어가고 있기 때문이다."
1658,context,0.1291,neutral,0.9997,이사회 구조,G,G_BOARD__COMPOSITION_INDEPENDENCE,이사회 구성 및 독립성,0.43046140670776367,김수이 전 대표가 기존 이지윤 한국과학기술원(KAIST) 항공우주공학과 교수와 최윤희 건국대 법학전문대학원 교수에 이어 현대차 사외이사에 오르면서 현대차 이사회의 여성 사외이사 비율은 43%로 높아졌다.
1659,context,0.2068,neutral,0.9997,안전보건,S,S_SAFETY__OCCUPATIONAL_HEALTH_MANAGEMENT,사업장 안전보건 관리체계,0.6894752979278564,"마지막 세션에서는 통합평가체계 를 위한 안전하고 지속가능한 설계(SSbD) 프레임워크를 중심으로 논의가 이뤄졌다. 홍기정 기업사업 본부장이 글로벌 화학산업 지속가능성 트렌드와 SSbD 절차 및 사례를 소개하고, 김관식 선임컨설턴트가 화학물질의 위해성 평가(Risk Assessment) 체계와 사례를 발표했다."
1660,context,0.2283,neutral,0.9999,기후변화·온실가스,E,E_CLIMATE__SCOPE1_2_EMISSION,Scope 1·2 배출량,0.7610655426979065,"첫 번째 세션 저탄소 경제 에서는 사업장, 원자재, 제품 분야의 탄소 관리 방안이 논의됐다. 한경훈 책임컨설턴트는 2024년 개정된 CDP 제도의 국제 기준 적합성과 이에 따른 중요성을 설명하고, Scope 1, 2, 3 배출량 산정 절차를 안내했다."
1661,context,0.1231,neutral,0.9998,인적자원 관리,S,S_HR__DIVERSITY_INCLUSION,다양성 및 형평성 (DEI),0.4106272757053375,https www.reuters.com world japan most-japan-firms-stay-committed-diversity-despite-us-moves-reuters-survey-shows-2025-03-20
1662,context,0.1035,neutral,0.9995,인적자원 관리,S,S_HR__DIVERSITY_INCLUSION,다양성 및 형평성 (DEI),0.3451683223247528,"로이터가 의뢰하고 닛케이 리서치가 실시한 설문조사에 따르면, 기업 응답자의 약 77%가 기업 내 다양성 프로그램을 유지 혹은 확대할 계획이라고 답했다. 응답자의 3%는 DEI 프로그램 도입을 검토하거나 검토를 고려하고 있다고 답했다. 나머지 20%는 처음부터 다양성 프로그램에 대한 계획이 없었다."
1663,context,0.1732,neutral,0.9852,에너지 관리,E,E_ENERGY__RENEWABLE_TRANSITION,신재생에너지 전환,0.585840106010437,고려아연 관계자는 에너지 전환에 대응하고 탄소중립 시대로의 변화에 맞춰 신재생에너지 분야 사업을 확대하기 위해 지분 투자를 결정했다며 앞으로도 신재생에너지 자원 개발과 전력 거래 분야에서 적극적으로 협업해 청정에너지의 활용 및 탄소중립 실현에 공헌할 수 있도록 노력하겠다고 말했다.
1664,opportunity,0.4854,positive,0.9994,에너지 관리,E,E_ENERGY__RENEWABLE_TRANSITION,신재생에너지 전환,0.4856606125831604,연이어 국내 신재생에너지 전력 중개에 대한 합작 사업까지 한화와 함께하며 양사가 에너지 사업 협력 관계를 넘어서 전방위적인 협력 체제를 강화하고 있다는 게 고려아연의 설명이다.
1665,context,0.1577,neutral,0.9948,에너지 관리,E,E_ENERGY__RENEWABLE_TRANSITION,신재생에너지 전환,0.528525173664093,고려아연은 이번 지분 투자는 최윤범 회장이 미래 신성장 동력으로 강력하게 추진하고 있는 트로이카 드라이브의 한 축인 신재생에너지 사업을 신재생에너지 전력 중개라는 새로운 사업 기회로 확장한 것이라며 이를 통해 국내에서도 에너지 사업을 본격화한다는 의미라고 설명했다.
1666,opportunity,0.4098,positive,0.875,에너지 관리,E,E_ENERGY__RENEWABLE_TRANSITION,신재생에너지 전환,0.46834301948547363,"고려아연은 이미 호주에서 자회사 아크에너지가 맥킨타이어 풍력발전소에 지분 투자를 하는 등 신재생에너지 사업을 진행 중인 만큼, 한화신한테라와트아워에 지분을 투자함으로써 시너지 효과를 기대하고 있다."
1667,opportunity,0.6886,positive,0.9997,에너지 관리,E,E_ENERGY__RENEWABLE_TRANSITION,신재생에너지 전환,0.6888048648834229,"또한 이번 지분 투자를 통해 온산제련소의 RE100 달성을 위한 신재생 전력 확보도 가속화할 것으로 기대된다. 한화신한테라와트아워는 기업이 보유한 사업장의 전력 수요 공급 사항을 분석해 자가소비형 발전 설비를 구축하고, 직접전력구매계약 등을 제시하는 목적으로 설립됐다."
1668,context,0.2321,neutral,0.9935,에너지 관리,E,E_ENERGY__RENEWABLE_TRANSITION,신재생에너지 전환,0.7787357568740845,"앞으로 고려아연은 RE100(재생에너지 100% 사용) 이행 기업 등 전기 사용자를 대상으로 신재생에너지를 직접 판매하는 신재생에너지 전기공급사업(PPA)과 분산 에너지 자원을 통합해 전력시장에 참여하는 한국형 통합발전소(K-VPP) 사업 등을 한화에너지, 신한금융그룹과 공동으로 진행할 예정이다."
1669,context,0.1538,neutral,0.9998,인적자원 관리,S,S_HR__DIVERSITY_INCLUSION,다양성 및 형평성 (DEI),0.5127383470535278,평가영역별로 일 가정 양립 지원 73.3점 출산장려 기업문화 조성 52.9점 출산 양육 지원 46.7점 지역사회 기여 38.7점 등이었다. 17개 평가지표 중 12개 지표가 전년 대비 상승했다. 가장 크게 개선된 지표는 기혼 여성 임신부 차별 금지 정책 보유로 점수가 21.3점이나 상승했다. 지방 소멸 대응 정책 제도 운영 지표도 17점 상승했다.
1670,context,0.1931,neutral,0.9995,에너지 관리,E,E_ENERGY__RENEWABLE_TRANSITION,신재생에너지 전환,0.6439723968505859,"그 다음의 발전을 추구하다 는 의미의 구진( ) 에 대해서도 나름 다양한 기반을 만들어갈 계획이다. 태양광과 풍력 등 신재생에너지와 원자력, 수력 등이 여기에 해당한다. 그 일환으로 올해 신규 설비에 의한 신에너지 생산은 200GW 확충되며, 성( ) 사이의 송전 설비의 지속적 향상이 주요 목표로 제지됐다. 아울러 풍력 및 태양광 발전 이용률의 합리적 수준 유지, 사막과 황무지 등에 건설하는 태양광의 종합적 효율 개선 등이 또다른 중점 목표로 책정됐다."
1671,context,0.1931,neutral,0.9995,에너지 관리,E,E_ENERGY__EFFICIENCY_CONSUMPTION,에너지 소비 및 효율화,0.6439723968505859,"그 다음의 발전을 추구하다 는 의미의 구진( ) 에 대해서도 나름 다양한 기반을 만들어갈 계획이다. 태양광과 풍력 등 신재생에너지와 원자력, 수력 등이 여기에 해당한다. 그 일환으로 올해 신규 설비에 의한 신에너지 생산은 200GW 확충되며, 성( ) 사이의 송전 설비의 지속적 향상이 주요 목표로 제지됐다. 아울러 풍력 및 태양광 발전 이용률의 합리적 수준 유지, 사막과 황무지 등에 건설하는 태양광의 종합적 효율 개선 등이 또다른 중점 목표로 책정됐다."
1672,context,0.2149,neutral,0.9971,이사회 구조,G,G_BOARD__COMPOSITION_INDEPENDENCE,이사회 구성 및 독립성,0.7183690071105957,24일 고려아연에 따르면 PIRC는 최근 발간한 고려아연 정기 주총 의안 분석 보고서에서 현 경영진이 제안한 이사 수 상한 설정 등 정관 변경 안건에 대해 모두 찬성을 권고했다. PIRC는 영풍 MBK파트너스 측 제안대로 20명 이상의 후보를 무더기로 선출할 경우 과도한 이사회 구성으로 인한 비효율이 우려된다고 지적했다.
1673,context,0.1853,neutral,0.9988,기후변화·온실가스,E,E_CLIMATE__SCOPE3_EMISSION,Scope 3 배출량,0.6183240413665771,"Sopra Steria 역시 Scope 3 감축 경로의 구체성, 사회적 임팩트 지표와 비재무적 위험 공시 간의 연계성, 디지털 주권 전략과 AI 윤리 이슈의 통합성 측면에서 고도화의 여지가 있다."
1674,context,0.1803,neutral,0.9998,ESG 데이터 거버넌스,G,G_DATA_GOVERNANCE__ESG_DATA_CONTROL,ESG 데이터 내부통제,0.6010581254959106,"SAP와 Sopra Steria는 ESG 전략과 공시 체계 면에서 업계 최고 수준에 근접해 있으나, 여전히 일부 보완이 필요한 영역이 존재한다. SAP의 경우, E1-9 항목(재무적 영향 공시)의 명확성 부족, Scope 3 배출량 공시의 추가 세분화 필요, ESG 데이터 검증에서 일부 항목에만 합리적 인증(Reasonable Assurance)을 적용하는 점이 개선 과제이다."
1675,context,0.1803,neutral,0.9998,기후변화·온실가스,E,E_CLIMATE__SCOPE3_EMISSION,Scope 3 배출량,0.6010581254959106,"SAP와 Sopra Steria는 ESG 전략과 공시 체계 면에서 업계 최고 수준에 근접해 있으나, 여전히 일부 보완이 필요한 영역이 존재한다. SAP의 경우, E1-9 항목(재무적 영향 공시)의 명확성 부족, Scope 3 배출량 공시의 추가 세분화 필요, ESG 데이터 검증에서 일부 항목에만 합리적 인증(Reasonable Assurance)을 적용하는 점이 개선 과제이다."
1676,context,0.1848,neutral,0.9998,인적자원 관리,S,S_HR__DIVERSITY_INCLUSION,다양성 및 형평성 (DEI),0.6162602305412292,"예를 들어, SAP나 Tietoevry는 ESG 전략과 KPI(핵심성과지표)를 연결해 실제 온실가스 감축성과, 책임 있는 AI 확산 노력, 다양성 지표 등을 수치화하여 보고하고 있다. 반면, 한국 기업들은 공시 범위가 제한적이며, 정량 지표보다는 선언적 서술이 중심을 이루고 있다."
1677,context,0.1497,neutral,0.8329,기후변화·온실가스,E,E_CLIMATE__SCOPE3_EMISSION,Scope 3 배출량,0.598980188369751,"Teleperformance는 글로벌 BPO 기반의 고객경험(CX) 기업으로, ESG 전략과 인공지능(AI) 전략을 통합하는 독특한 접근을 시도하고 있다. 감성지능(EI)에 기반한 고객 응대와 AI 기반 자동화 솔루션을 결합해 운영 효율성과 사회적 책임을 동시에 추구한다. 2030년까지 Scope 1, 2는 56.7%, Scope 3는 27.5% 감축하는 SBTi 인증 목표를 수립했다. 2024년부터 ESRS 기반 공시를 도입해 주요 환경 사회 지표를 확대 공시 중이다."
1678,context,0.1497,neutral,0.8329,기후변화·온실가스,E,E_CLIMATE__SCOPE1_2_EMISSION,Scope 1·2 배출량,0.598980188369751,"Teleperformance는 글로벌 BPO 기반의 고객경험(CX) 기업으로, ESG 전략과 인공지능(AI) 전략을 통합하는 독특한 접근을 시도하고 있다. 감성지능(EI)에 기반한 고객 응대와 AI 기반 자동화 솔루션을 결합해 운영 효율성과 사회적 책임을 동시에 추구한다. 2030년까지 Scope 1, 2는 56.7%, Scope 3는 27.5% 감축하는 SBTi 인증 목표를 수립했다. 2024년부터 ESRS 기반 공시를 도입해 주요 환경 사회 지표를 확대 공시 중이다."
1679,context,0.2114,neutral,0.9999,기후변화·온실가스,E,E_CLIMATE__SCOPE1_2_EMISSION,Scope 1·2 배출량,0.7049119472503662,"Tietoevry는 지속가능성 서약(Sustainability Pledge)을 통해 기후행동, 윤리적 경영, 사회적 임팩트라는 세 가지 축에서 포괄적인 전략을 수립했다. GHG 배출량 87% 감축(Scope 1, 2 기준), Responsible AI 교육 97% 이수, 여성 신규 채용 비율 34% 등 다양한 ESG 지표를 공시한다. 공시 체계는 ESRS와 CSRD를 기반으로 정비하고 있다. 공시 수준은 SAP보다 간결하며, 다음으로 소개하는 WithSecure보다 포괄적이다."
1680,context,0.22,neutral,0.9986,이사회 구조,G,G_BOARD__COMPOSITION_INDEPENDENCE,이사회 구성 및 독립성,0.7343149185180664,"평가원은 현 경영진이 경영권 분쟁을 거치면서 주주가치 제고의 불가피성을 인식한 것은 긍정적인 변화로 판단된다며 지난 임시주총때 도입한 집중투표제와 이사회 독립성 강화를 위해 이사회 의장을 사외이사로 선임하는 정관변경, 주주가치 제고를 위한 분기배당제 도입과 자사주 소각 및 주주환원율제고에도 후한 점수를 줬다."
1681,context,0.164,neutral,0.9994,윤리경영·준법,G,G_ETHICS__ANTI_CORRUPTION_COMPLIANCE,반부패 및 컴플라이언스,0.5470084547996521,"구 회장은 또 컴플라이언스를 기업 성장과 발전의 핵심 인프라로 생각하는 인식 전환이 필요하며, LG의 구성원 그 누구도 예외가 될 수 없다며 컴플라이언스 체계가 시대와 사회 변화를 적시에 반영하도록 고도화해 나가겠다고 밝혔다."
1682,context,0.1432,neutral,0.9988,윤리경영·준법,G,G_ETHICS__ANTI_CORRUPTION_COMPLIANCE,반부패 및 컴플라이언스,0.4779055714607239,"구 회장은 이날 오늘의 LG를 있게 한 두개의 축을 보다 강화하고자 한다며 컴플라이언스 경영, 미래 핵심 사업 육성을 언급하면서 배터리 사업이 중요성을 언급했다."
1683,context,0.1717,neutral,0.999,인적자원 관리,S,S_HR__DIVERSITY_INCLUSION,다양성 및 형평성 (DEI),0.5730068683624268,그 일환으로 기아의 가치와 행동 의 규범 중 하나인 사람을 생각합니다 에 기반해 인적 다양성 확보 및 공정한 문화를 구축하기 위한 채용 정책 및 교육 프로그램을 운영 중이다.
1684,context,0.1414,neutral,0.9998,윤리경영·준법,G,G_ETHICS__ANTI_CORRUPTION_COMPLIANCE,반부패 및 컴플라이언스,0.4713890850543976,"한국컴플라이언스협회는 이번 컨퍼런스의 성공적인 개최를 바탕으로 하반기에는 2025 컴플라이언스 어워즈와 함께 제4회 대한민국 컴플라이언스 컨퍼런스를 개최할 예정이며, 컴플라이언스 아카데미와 전문가 양성 과정 등 다양한 교육 프로그램도 확대해 나갈 계획이다."
1685,context,0.1739,neutral,0.9999,윤리경영·준법,G,G_ETHICS__ANTI_CORRUPTION_COMPLIANCE,반부패 및 컴플라이언스,0.5795946717262268,김은성 이사장은 이번 컨퍼런스를 통해 컴플라이언스가 단순한 법규 준수를 넘어 사람을 중심에 두는 조직 문화의 기반이 되어야 한다는 메시지를 전달할 수 있어 의미가 깊었다며 앞으로도 한국컴플라이언스협회는 기업과 기관이 사람 중심의 컴플라이언스 체계를 구축할 수 있도록 다양한 프로그램과 지원을 이어갈 것이라고 밝혔다.
1686,context,0.1801,neutral,0.9999,윤리경영·준법,G,G_ETHICS__ANTI_CORRUPTION_COMPLIANCE,반부패 및 컴플라이언스,0.6004263162612915,"오전 세션에서는 2025년 컴플라이언스 10대 트렌드와 사람 중심 윤리 문화의 중요성에 대한 기조연설로 시작해, HR 컴플라이언스를 통한 일터에서의 윤리적 책임과 법적 준수 방안에 대한 논의가 이어졌다."
1687,context,0.182,neutral,0.9999,윤리경영·준법,G,G_ETHICS__ANTI_CORRUPTION_COMPLIANCE,반부패 및 컴플라이언스,0.6065645813941956,"Compliance by People, for People(사람에 의한, 사람을 위한 컴플라이언스)라는 주제로 진행된 이번 컨퍼런스는 컴플라이언스의 본질이 사람의 행동, 의사결정, 책임감, 그리고 ESG에 기반을 둔다는 점을 강조하며 다양한 세부 주제를 아우르는 시간으로 구성됐다."
1688,context,0.1333,neutral,0.9999,윤리경영·준법,G,G_ETHICS__ANTI_CORRUPTION_COMPLIANCE,반부패 및 컴플라이언스,0.44430604577064514,"한국컴플라이언스협회(KCA, 이사장 김은성)가 27일 서울 대한상공회의소 국제회의장에서 개최한 제3회 대한민국 컴플라이언스 컨퍼런스가 기업 컴플라이언스 분야 실무자와 전문가 등 200여 명이 참석한 가운데 성황리에 열렸다."
1689,context,0.1181,neutral,0.9999,인적자원 관리,S,S_HR__DIVERSITY_INCLUSION,다양성 및 형평성 (DEI),0.3935464322566986,"대학생, 석 박사과정생과 실무자가 참여할 수 있는 야생동물 관리 연구 과정은 생태, 분류, 질병 및 개체군 조사에 대한 이론을 비롯해 관리 방법도 실습으로 배운다. 유전자 다양성 과정은 대학생을 대상으로 최신 유전자 분석 방법을 이론과 실습으로 나눠 교육을 받는다."
1690,context,0.1206,neutral,0.9999,인적자원 관리,S,S_HR__DIVERSITY_INCLUSION,다양성 및 형평성 (DEI),0.4019404351711273,"4개 전문인력양성 과정과 모집 기간은 녹색융합기술 연구(3.31. 4.14.), 생물정보 빅데이터(4.1. 4.10.), 야생동물 관리 연구(4.7. 4.21.), 유전자 다양성(4.21. 5.7.)으로 구성됐다."
1691,context,0.1593,neutral,0.9999,에너지 관리,E,E_ENERGY__EFFICIENCY_CONSUMPTION,에너지 소비 및 효율화,0.5309087634086609,"이번 토론회를 주최한 김동아 의원은 대표적인 분산에너지인 집단에너지는 에너지 절감, 탄소배출 저감, 송전망 혼잡 완화 등 경제적 환경적 이점을 가지고 있지만, 그 가치가 평가절하되어 있고 관련된 정부 지원은 미비한 실정이다 라면서 이번 토론회를 통해 집단에너지의 가치와 역할을 재조명하면서 업계 의견과 정책 제안을 바탕으로 집단에너지사업을 활성화하고 제도적으로 뒷받침할 수 있는 구체적인 지원방안을 마련할 계획이다 라고 토론회의 취지를 밝혔다."
1692,context,0.1769,neutral,0.9992,인적자원 관리,S,S_HR__DIVERSITY_INCLUSION,다양성 및 형평성 (DEI),0.5902431011199951,영국 정부의 공식 자문기구인 기후변화위원회(CCC) 또한 전반적인 의견 과정에서 어떻게 DEI 원칙을 반영할 것인지에 대한 계획을 제안하고 있다.
1693,context,0.1405,neutral,0.9998,인적자원 관리,S,S_HR__DIVERSITY_INCLUSION,다양성 및 형평성 (DEI),0.468455970287323,김 연구원은 NDC 설정 시 DEI 원칙을 반영하지 않을 경우 정책이 특정 계층만 유리하게 적용하거나 사회적 불평등 심화로 일부 계층에서 피해가 증가할 수 있다 면서 기후위기는 단순한 환경문제가 아니라 사회적 경제적 불평등을 심화시키는 복합적인 위기이기 때문이다. 기후위기 대응 역량은 불평등한 자원 및 의사결정과정 접근성에 따라 제한될 수 있기 때문에 더 많이 영향을 받고 취약한 상황에 놓이게 될 당사자의 참여와 의견 반영이 필요 하다고 말했다.
1694,context,0.173,neutral,0.9999,인적자원 관리,S,S_HR__DIVERSITY_INCLUSION,다양성 및 형평성 (DEI),0.5767139196395874,"지난달 28일 여의도 국회의원회관에서 열린 누가 어떻게 2035 NDC 목표를 결정해야 하는가 토론회에서 다양성, 평등성, 포용성을 반영한 기후정책 참여 제도화 방안 을 주제로 발표한 녹색전환연구소 기후시민팀의 김주온 연구원은 이같이 밝혔다."
1695,context,0.1242,neutral,0.9971,에너지 관리,E,E_ENERGY__RENEWABLE_TRANSITION,신재생에너지 전환,0.4151623249053955,"발전사업자가 재해 방지 명령을 이행하지 않으면 산지전용허가 취소, 태양광 발전사업 중지, 시설물 철거 등 조치의 대상이 될 수 있다. 또 하자 보수 명령에 따르지 않을 경우 시군이 대행자를 지정해 예치된 하자 보수 보증금을 활용해 보수한다."
1696,context,0.1743,neutral,0.9998,에너지 관리,E,E_ENERGY__RENEWABLE_TRANSITION,신재생에너지 전환,0.581254780292511,"셋째, 에너지전환에 따른 산업환경의 변화를 지원하는 법안을 제정 및 개정하겠다고 했다. 우선 RE100 산단 조성의 지원 근거를 마련해 중소 중견기업이 탄소 무역장벽에 대응할 수 있도록 지원한다는 설명이다. 특히 탄소중립 경쟁력을 지원하는 한국판 IRA 법에 해당하는 탄소중립산업법 제정에 앞장서겠다고 밝혔다."
1697,context,0.155,neutral,0.8943,에너지 관리,E,E_ENERGY__RENEWABLE_TRANSITION,신재생에너지 전환,0.5778502821922302,"이영호 엔라이튼 대표는 엔라이튼은 최적화된 설계와 시공을 통해 블루엠텍의 RE100 달성을 실질적으로 지원했다 며 앞으로도 산업단지 입주사의 에너지 비용 절감과 RE100 실현을 통해, 국내 제조업의 지속가능성과 산업 경쟁력 강화를 뒷받침할 수 있도록 관련 사업을 적극 확대해 나가겠다 고 말했다."
1698,context,0.1888,neutral,0.9663,에너지 관리,E,E_ENERGY__RENEWABLE_TRANSITION,신재생에너지 전환,0.651446521282196,"엔라이튼은 이번 프로젝트에서 설계부터, 시공, 운영 관리까지 전 과정을 총괄하며, 블루엠텍이 자가소비형 에너지 모델을 통해 RE100 목표 달성과 전력 비용을 절감할 수 있도록 맞춤형 솔루션을 제공했다."
1699,context,0.1639,neutral,0.9871,에너지 관리,E,E_ENERGY__RENEWABLE_TRANSITION,신재생에너지 전환,0.5533026456832886,"블루엠텍은 약 3만5000여 회원을 보유한 의사 대상 B2B 플랫폼 블루팜코리아 를 운영하는 대한민국 대표 의약품 유통기업이다. 이번 태양광 발전소 구축을 통해 블루엠텍은 자가 생산된 에너지로 전력 소비를 충당하고, 장기적인 비용 절감 및 에너지 효율성을 제고하는 기반을 마련했다."
1700,risk,0.3615,negative,0.8608,에너지 관리,E,E_ENERGY__EFFICIENCY_CONSUMPTION,에너지 소비 및 효율화,0.41993406414985657,반면에 수송과 가정 부문은 코로나 팬데믹에 따른 이동 제한과 에너지 가격 상승에 따른 소비패턴 변화로 소비량과 비중 모두 감소했다. 하이브리드차 보급 확대도 수송부문 에너지 소비량 감소 요인이 됐다.
1701,opportunity,0.3523,positive,0.5395,에너지 관리,E,E_ENERGY__RENEWABLE_TRANSITION,신재생에너지 전환,0.6529211401939392,이번 프로젝트는 블루엠텍이 RE100(기업이 사용하는 전력의 100%를 재생에너지로 조달하겠다는 글로벌 캠페인) 목표를 달성하고 전기요금을 절감하기 위해 추진한 선제적 조치다. 의약품 유통 전문기업으로서 ESG 경영을 강화하는 중요한 계기가 될 것으로 기대된다.
1702,context,0.2107,neutral,0.9951,에너지 관리,E,E_ENERGY__RENEWABLE_TRANSITION,신재생에너지 전환,0.7057651281356812,지원 대상은 설비용량 200 이하 발전사업자 중 한국에너지공단의 신재생에너지 KS인증을 받은 모듈과 인버터를 설치한 경우이다.
1703,context,0.1337,neutral,0.9868,에너지 관리,E,E_ENERGY__RENEWABLE_TRANSITION,신재생에너지 전환,0.4517412483692169,경기도는 태양광 발전사업자에 설치 비용의 85%를 3억원까지 저금리 융자로 지원한다고 6일 밝혔다.
1704,context,0.085,neutral,0.5329,기후변화·온실가스,E,E_CLIMATE__CLIMATE_GOVERNANCE_INVENTORY,기후 거버넌스·인벤토리,0.5318334102630615,기술적 효과는 에너지 믹스 효과와 배출계수 효과 등으로 배출량의 약 3.7%를 끌어내리는 역할을 했다. 사회적 경제적 효과로 늘어난 것 중에서 일부를 기술적 효과로 상쇄했다는 것이다.
1705,context,0.1765,neutral,0.9992,에너지 관리,E,E_ENERGY__EFFICIENCY_CONSUMPTION,에너지 소비 및 효율화,0.5886566638946533,"LMDI 기법은 에너지 경제 분야에서 널리 사용되는 요인 분해 분석 기법 가운데 하나로, 연구팀은 시간에 따른 에너지 소비량 변화가 어떤 원인 때문인지를 정량적으로 밝혀내는 데 이 기법을 활용했다."
1706,context,0.224,neutral,0.9996,이사회 구조,G,G_BOARD__COMPOSITION_INDEPENDENCE,이사회 구성 및 독립성,0.7470132112503052,평가원은 이번 보고서에서 한국 기업의 거버넌스 개선을 위해서는 이사회 중심 경영과 독립적이고 전문적인 이사회 구성이 선행되어야 한다며 사외이사 구성이 지배구조 평가에서 가장 중요한 요소인 만큼 사외이사 구성 현황에서 나타난 문제점을 개선하려는 기업 내외부의 노력이 필요하다고 강조했다.
1707,opportunity,0.6043,positive,0.8523,ESG 데이터 거버넌스,G,G_DATA_GOVERNANCE__ESG_DATA_CONTROL,ESG 데이터 내부통제,0.7089732885360718,"독일의 글로벌 특수화학기업 랑세스(Lanxess)는 스코프 3에 대한 명확한 감축 목표와 카테고리별 전략을 수립한 점에서 주목된다. 특히 탄소중립 목표를 2040년으로 설정하고, 제한적 인증 과 더불어 일부 항목에 대해 합리적 인증 (reasonable assurance)을 적용한 점은, 공시의 신뢰도와 구체성을 동시에 추구한 대표 사례로 평가할 수 있다."
1708,context,0.2088,neutral,0.9995,기후변화·온실가스,E,E_CLIMATE__CLIMATE_GOVERNANCE_INVENTORY,기후 거버넌스·인벤토리,0.6964597702026367,"한편, 엔츠는 CDP 대응 지원을 위해 실시간 답변 작성과 자동 번역이 가능한 CDP 솔루션에 더하여 엔츠의 탄소회계 플랫폼 엔스코프를 통해 기업의 온실가스 배출량을 산정하고, 그 결과를 CDP 답변에 반영하여 보다 정확한 기후 공시를 지원할 계획이다."
1709,context,0.1331,neutral,0.9996,기후변화·온실가스,E,E_CLIMATE__SCOPE3_EMISSION,Scope 3 배출량,0.44382625818252563,장 회장은 9일 호주 퀸즐랜드주에 있는 세넥스에너지 가스전 현장을 방문했다. 세넥스에너지는 포스코인터내셔널이 2022년 약 4000억원(4억4000만 호주달러)에 인수한 포스코그룹의 업스트림 육상 가스전이다.
1710,context,0.1469,neutral,0.9978,에너지 관리,E,E_ENERGY__RENEWABLE_TRANSITION,신재생에너지 전환,0.4907999634742737,"트럼프 행정부가 기후 재정 약속을 지키지 않거나 후퇴한다면, 개발도상국들이 필수적인 기후 재원을 확보하기 어려워질 것이란 우려도 나온다. 실제로 3월 7일 미국은 공정한 에너지전환 파트너십(Just Energy Transition Partnership) 탈퇴를 선언했다. 이 협력체는 미국과 유럽연합을 포함한 선진국이 45억달러를 신흥국의 에너지 전환에 지원하기 위해 설립된 것으로, 미국의 탈퇴는 전 세계적인 기후변화 대응에 균열을 일으킨 또 하나의 사례로 기록될 전망이다."
1711,opportunity,0.6022,positive,0.9997,에너지 관리,E,E_ENERGY__RENEWABLE_TRANSITION,신재생에너지 전환,0.6023932099342346,현대로템은 이번 태양광 발전 설비 구축을 시작으로 국내외 사업장에 재생에너지 도입을 확대할 계획이다. 연내 창원공장을 비롯해 미국 철도 전장품 생산공장인 현대로템 스마트 일렉트릭 아메리카 (HRSEA)에도 태양광 발전 설비를 확대 설치할 계획이다. 현대로템은 또한 재생에너지 도입을 가속할 예정이다. 이를 통해 2040년까지 전 사업장을 대상으로 100% 재생에너지 전환을 달성한다는 목표다.
1712,opportunity,0.5813,positive,0.997,에너지 관리,E,E_ENERGY__RENEWABLE_TRANSITION,신재생에너지 전환,0.583015501499176,현대로템이 경남 창원공장 품질 안전센터 건물 옥상에 태양광 발전 설비를 구축해 재생에너지 자체 생산을 시작했다. 이번에 구축된 태양광 발전 설비는 현대로템 사업장 내 처음으로 도입된 재생에너지원으로 연간 약 115MWh(메가와트시)의 재생에너지를 생산할 수 있다.
1713,context,0.0794,neutral,0.5384,에너지 관리,E,E_ENERGY__RENEWABLE_TRANSITION,신재생에너지 전환,0.4915716052055359,"블룸버그에 따르면, 현재 텍사스 주의 배터리 버장장치는 막대한 양의 풍력 및 태양광 발전에 따른 전력망 부담을 줄여주고 있다. 수요 측면에서는 주민들의 전력 수요와 데이터 센터의 증가하는 전력 수요를 충족하는 데 도움을 주고 있다."
1714,risk,0.3758,negative,0.9971,에너지 관리,E,E_ENERGY__RENEWABLE_TRANSITION,신재생에너지 전환,0.37687042355537415,BNEF에 따르면 배터리 공장 건설 비용은 2017년 이후 거의 절반으로 떨어졌다. 배터리 생산 단가도 떨어져 배터리 에너지 저장장치 설치가 가속화할 전망이다. 현재 7.4GW 규모인 텍사스 주 배터리 저장장치 설치 용량이 64GW에 달하는 풍력 및 태양광 발전 설치 용량을 따라잡기 위해 급속도로 확대될 것이라는 전망이 나온다.
1715,context,0.1685,neutral,0.9997,에너지 관리,E,E_ENERGY__EFFICIENCY_CONSUMPTION,에너지 소비 및 효율화,0.5618655681610107,"중국석탄협회는 최근 보고서에서 석탄 소비가 2028년까지 증가할 것으로 전망하면서, 2027년까지 석탄발전 저탄소화와 효율 개선 같은 신기술 도입을 통해 석탄발전소의 평균 탄소배출량을 절반 수준으로 낮춰, 천연가스 발전소와 유사한 수준으로 만들겠다는 목표를 제시했다."
1716,context,0.1138,neutral,0.8936,에너지 관리,E,E_ENERGY__EFFICIENCY_CONSUMPTION,에너지 소비 및 효율화,0.42464765906333923,"이로 인해 2035년까지 전 세계 누적 탄소배출이 3.5기가톤(현재 연간 배출량의 10%) 증가할 것으로 예측됐다. 특히 미국과 중국이 가장 큰 배출 증가국으로 꼽혔다. AI가 에너지 효율 개선 등 긍정적 효과도 기대되지만, 당분간은 데이터센터 확장과 화석연료 발전 증가가 온실가스 감축에 걸림돌이 될 것으로 보인다."
1717,context,0.1867,neutral,0.9993,에너지 관리,E,E_ENERGY__RENEWABLE_TRANSITION,신재생에너지 전환,0.6229254603385925,"특히 그는 한국은 수소전소발전으로 전환하는 중간 과정으로 수소-LNG 혼소 발전을 광범위하게 검토하고 있는 만큼, 향후 RE100 기술기준 개정 동향을 면밀히 검토해야 한다 고 당부했다."
1718,context,0.1956,neutral,0.9999,에너지 관리,E,E_ENERGY__RENEWABLE_TRANSITION,신재생에너지 전환,0.6520134210586548,RE100 기술자문위에 참여한 김태한 KoSIF 수석연구원은 최근 RE100 기술기준은 재생에너지의 실질적 증가에 기여한다는 명확한 방향성을 가지고 개정되고 있다 고 설명했다.
1719,context,0.1688,neutral,0.9996,에너지 관리,E,E_ENERGY__RENEWABLE_TRANSITION,신재생에너지 전환,0.5628851056098938,RE100 기술기준자문위원회(TAG)는 이번 석탄 혼소 발전 배제에 이어 LNG(액화 천연가스) 등 기타 화석연료와의 혼소 발전 배제 여부도 계속 검토할 예정이다.
1720,context,0.1641,neutral,0.9999,에너지 관리,E,E_ENERGY__RENEWABLE_TRANSITION,신재생에너지 전환,0.5471621155738831,"올리 윌슨 클라이밋그룹 RE100 총괄은 지속가능하지 않은 석탄 혼소 발전은 석탄 사용을 고착화하고, 재생에너지 확대를 위한 투자와 관심을 분산시킬 우려가 있다 며 에너지 믹스에서 석탄을 퇴출해야 할 시점에 도달했다 고 밝혔다."
1721,context,0.2042,neutral,0.9997,에너지 관리,E,E_ENERGY__RENEWABLE_TRANSITION,신재생에너지 전환,0.6810216903686523,"한국사회책임투자포럼(KoSIF)은 16일 RE100 기술기준 개정안이 발표됐다면서 이같이 밝혔다. RE100(재생에너지 100% 조달) 기술기준은 기업이 재생에너지 사용 목표를 실제로 이행하는지를 판단하는 핵심 기준으로, 2년 주기로 개정된다."
1722,context,0.1263,neutral,0.9997,인적자원 관리,S,S_HR__DIVERSITY_INCLUSION,다양성 및 형평성 (DEI),0.4210778474807739,https www.reuters.com sustainability society-equity financial-institutions-gender-balance-progress-under-threat-study-shows-2025-04-16
1723,context,0.1434,neutral,0.999,인적자원 관리,S,S_HR__DIVERSITY_INCLUSION,다양성 및 형평성 (DEI),0.4784618616104126,"특히 미국 트럼프 행정부가 연방기관의 다양성 정책을 축소하고 민간에도 영향을 미치면서, 아시아 유럽 일부 기관도 유사한 흐름을 보이고 있다. C레벨(CEO, CFO, COO,CTO 등 조직 내 최고 의사결정권을 가진 임원) 여성 비중은 여전히 15% 미만이고, 상업은행 절반 가까이가 C레벨 여성 임원이 전무한 것으로 나타났다. 보고서는 여성 인재 풀의 불안정성과 다양성(DEI) 정책 후퇴가 지속될 경우, 북미 지역은 최고 점수를 유지하기 어려울 것 이라고 지적했다."
1724,context,0.1163,neutral,0.9978,인적자원 관리,S,S_HR__DIVERSITY_INCLUSION,다양성 및 형평성 (DEI),0.3886367082595825,"글로벌 금융기관에서 여성 리더 비중이 역대 최고치를 기록했지만, 최근 증가세가 둔화되며 앞으로의 진전이 위협받고 있다는 분석이 나왔다. 싱크탱크 OMFIF가 발표한 연간 성별 균형 지수 에 따르면 중앙은행 상업은행 연기금 등 주요 금융기관의 여성 고위직 비율은 16% 소폭 상승했으나, 다양성 정책이 후퇴하는 미국 등에서 추가 진전이 어려울 수 있다는 우려가 제기됐다."
1725,context,0.1719,neutral,0.9999,에너지 관리,E,E_ENERGY__RENEWABLE_TRANSITION,신재생에너지 전환,0.5730403065681458,"한편 딥리뉴어블스는 IT 및 재생에너지 분야 전문가들이 모여 창업한 스타트업으로 토지 지붕형 태양광 개발부터 금융 조달, RE100 컨설팅 등을 통해 재생에너지 수요자 및 공급자를 대상으로 시장 맞춤형 솔루션을 제공하고 있다."
1726,context,0.2007,neutral,0.9999,에너지 관리,E,E_ENERGY__RENEWABLE_TRANSITION,신재생에너지 전환,0.6690117120742798,송민욱 딥리뉴어블스 대표는 경기협의 비즈니스 네트워크와 딥리뉴어블스의 기업상생형 태양광 사업이 만나 중소기업(회원사)과 민간기관(경기협)이 재생에너지 모델을 중심으로 상생하고 도약할 수 있는 계기를 만들어낼 것 이라며 기업맞춤형 태양광 상품을 시장에 제시하고 국내 재생에너지 전환에 기여 하겠다고 밝혔다.
1727,context,0.2074,neutral,0.9995,에너지 관리,E,E_ENERGY__RENEWABLE_TRANSITION,신재생에너지 전환,0.6917517185211182,"경기협 이용필 회장은 본 협약을 통해 경기협 회원사에게 수준 높은 태양광 사업을 제시하고, 사업 수익의 일정 부분이 경기협에 기부되는 기업상생형 모델의 가능성을 높게 평가한다 며 경기협 회원사는 전기요금 절감, 임대수익 발생, RE100 이행 등의 부가수익과 함께 기업경쟁력을 강화하는 계기가 될 것 이라고 말했다."
1728,context,0.1861,neutral,0.9998,에너지 관리,E,E_ENERGY__RENEWABLE_TRANSITION,신재생에너지 전환,0.6202755570411682,"각 기관 회장단, 대표, 임원이 참석해 진행된 이번 협약에 따라 앞으로 두 기관은 경기협 소속 회원사 건물 지붕 및 옥상형 태양광 공동개발 경기도 내 기업상생형 태양광 발전사업 대상지 확대 RE100(PPA, 구독 리스), 임대사업, RPS 등 유휴부지(지붕, 주차장)를 활용한 사업 개발 등의 협력(연 30MW 수준)을 강화할 예정이다."
1729,context,0.1689,neutral,0.992,에너지 관리,E,E_ENERGY__RENEWABLE_TRANSITION,신재생에너지 전환,0.5674477219581604,"이번 계획에 따라 베트남은 2030년까지 신재생에너지가 전체 발전량의 28 36%를 차지하도록 하고, 2050년에는 74 75%까지 비중을 높일 방침이다. 풍력과 태양광 발전 설비는 각각 230GW, 296GW까지 늘릴 계획이지만, 전문가들은 현실적으로 2030년 기준 달성치가 목표의 절반 수준에 그칠 것으로 전망한다."
1730,context,0.169,neutral,0.9977,에너지 관리,E,E_ENERGY__RENEWABLE_TRANSITION,신재생에너지 전환,0.5647225975990295,"베트남 정부가 2050년까지 석탄 발전을 전면 중단하고, 풍력과 태양광 등 신재생에너지 발전 용량을 10배 이상 확대하는 내용의 국가 전력개발계획(PDP VIII) 개정안을 공식 승인했다."
1731,opportunity,0.568,positive,0.9989,윤리경영·준법,G,G_ETHICS__ANTI_CORRUPTION_COMPLIANCE,반부패 및 컴플라이언스,0.5686493515968323,"또 외부고객(민원인) 대상 청렴체감도 평가 에서 2년 연속 최우수 등급(1등급) 달성한 것을 비롯, 9년 연속 우수 등급을 유지했다. 반부패 청렴정책 추진실적 평가 지표인 청렴노력도 평가 의 경우, 기관장 관심과 노력 에 대한 평가 점수가 100점으로 공기업 평균 74.1점을 압도하며 최고점수를 얻었다."
1732,context,0.1736,neutral,0.9896,기후변화·온실가스,E,E_CLIMATE__CLIMATE_GOVERNANCE_INVENTORY,기후 거버넌스·인벤토리,0.5849295854568481,"한수원은 지난해 역대 최대 원자력 발전량(19만GWh)으로 온실가스 9024만톤(온실가스 배출계수 차이를 적용해 원자력은 12톤 GWh, LNG는 490톤 GWh으로 계산)을 감축했다. 이는 국가전체 온실가스 배출량 6억2420만톤(2023년 기준)의 14.5%수준에 이를 정도로 감축 기여도가 크다."
1733,context,0.1684,neutral,0.9998,에너지 관리,E,E_ENERGY__RENEWABLE_TRANSITION,신재생에너지 전환,0.5613641738891602,화성시는 탄소 감축을 위해 공유부지에 태양광 발전 설비를 설치하는 공유부지 RE100(재생에느지 100%) 정책을 추진했고 공공청사 다회용컵 사용 지원 사업도 실시했다. 친환경 도시환경을 조성하기 위해 화성형 보타닉가든 조성 사업도 추진했다.
1734,context,0.1979,neutral,0.9994,에너지 관리,E,E_ENERGY__RENEWABLE_TRANSITION,신재생에너지 전환,0.6601241827011108,"신보는 2008년 태양광 발전 시설자금에 대한 보증 업무를 시작했고 2009년 녹색성장산업 영위기업 보증 제도를 도입했다. 2021년에는 재생에너지 기업 등을 지원하는 녹색보증을, 2022년에는 저탄소 기술혁신 기업과 저탄소 사업전환 기업, 저탄소 프로젝트 추진 기업을 지원하는 녹색공정전환보증을 신설했다."
1735,context,0.1244,neutral,0.7253,에너지 관리,E,E_ENERGY__RENEWABLE_TRANSITION,신재생에너지 전환,0.571661651134491,"남양주도시공사는 탄소중립을 위해 남양주체육문화센터 등 주요 에너지 시설의 에너지 절감(ESCO), 업무용 전기차량 확대, 태양광 발전시설 운영 등으로 지난해 1129톤의 탄소를 줄이는 성과를 거뒀다. 이는 전년 대비 970% 증가한 숫자다."
1736,context,0.1244,neutral,0.7253,에너지 관리,E,E_ENERGY__EFFICIENCY_CONSUMPTION,에너지 소비 및 효율화,0.571661651134491,"남양주도시공사는 탄소중립을 위해 남양주체육문화센터 등 주요 에너지 시설의 에너지 절감(ESCO), 업무용 전기차량 확대, 태양광 발전시설 운영 등으로 지난해 1129톤의 탄소를 줄이는 성과를 거뒀다. 이는 전년 대비 970% 증가한 숫자다."
1737,opportunity,0.5336,positive,0.9994,에너지 관리,E,E_ENERGY__RENEWABLE_TRANSITION,신재생에너지 전환,0.5339415073394775,"경기도는 환경부문 중에서도 기후변화 대응 및 관리 분야에서 뛰어난 성과로 S등급을 받았다. 에너지 관리에서는 A, 에너지관리와 물관리 및 환경정책 분야에서도 A등급을 받았다. 경기도는 광역 지자체 중 유일하게 자체 RE100(재생에너지 100%) 계획을 수립해 실행하고 있다."
1738,context,0.1733,neutral,0.9957,에너지 관리,E,E_ENERGY__RENEWABLE_TRANSITION,신재생에너지 전환,0.5802944302558899,"지자체부문에서 ESG종합대상을 거머쥔 경기도는 한국ESG평가원이 실시한 광역시도 ESG평가에서 2년 연속으로 가장 높은 점수를 받았다. 특히 환경부문에서 S등급으로 높은 점수를 얻었다. 경기도는 RE100 목표를 설정하고 미세먼지 배출원 관리, 친환경 에너지사회로의 전환, 통합 물 관리 등 10개 과제를 중심으로 4차 환경보전계획을 수립해 시행 중에 있다."
1739,context,0.1712,neutral,0.9933,에너지 관리,E,E_ENERGY__RENEWABLE_TRANSITION,신재생에너지 전환,0.5746736526489258,"ESG혁신대상에 미래에셋증권은 친환경 저탄소 금융확대 RE100 로드맵 이행 포용금융 확대 디지털을 통한 금융접근성 제고 등 ESG 전반에서 성과를 내고 있다. 특히 지난 3년간 주주환원율 30%이상을 달성하고 향후 35%를 목표하고 있다. MSCI ESG등급 3년연속 A등급 획득, CDP 평가 A- 등급으로 2년 연속 국내금융업계 최고등급을 획득하는 등의 성과를 거뒀다."
1740,opportunity,0.5448,positive,0.9982,에너지 관리,E,E_ENERGY__RENEWABLE_TRANSITION,신재생에너지 전환,0.5458002090454102,신한금융지주 관계자는 BESS 시장은 확장 가능성이 큰 새로운 비즈니스 모델이라며 신한금융은 앞으로도 일본 신재생에너지 분야 등 해외 인프라 사업에 대한 금융 지원과 협력을 통해 탈탄소 사회 실현에 기여할 것이라고 밝혔다.
1741,opportunity,0.6503,positive,0.9994,에너지 관리,E,E_ENERGY__RENEWABLE_TRANSITION,신재생에너지 전환,0.6506802439689636,"KAI는 탄소중립 목표 달성을 위한 에너지 전환 계획에 따라 지난해 3월 경남 사천 본사 8개 건물에 태양광을 설치, 환경 분야 등급 상승을 이끌었다. 글로벌 기후변화 대응에 동참하기 위해 시행된 태양광 발전 투자는 지난 2023년 태양광 설치 정부지원사업을 확보하고 지난해 설치 완료함으로써 매년 약 3000톤의 온실가스 감축효과를 기대하고 있다. 향후 자체 투자를 통해 전체 사업장에 태양광 설치를 확대하고 재생에너지 조달 비율을 늘린다는 목표다."
1742,opportunity,0.5798,positive,0.9962,에너지 관리,E,E_ENERGY__RENEWABLE_TRANSITION,신재생에너지 전환,0.5820398330688477,"총 10억 달러가 투입된 44헥타르 규모의 이 공장은 12,400장의 지붕 태양광 패널과 베트남 최대 규모의 배터리 저장 시스템, 전력구매계약(PPA)을 통해 에너지 수요를 충당한다. 레고는 이번 공장 개소를 계기로 아시아 태평양 지역 생산능력을 확대하고, 글로벌 재생에너지 사용도 72% 늘릴 계획이다."
1743,context,0.1315,neutral,0.9996,인적자원 관리,S,S_HR__DIVERSITY_INCLUSION,다양성 및 형평성 (DEI),0.4384459853172302,"미국 세법 501(c)(3) 조항은 자선, 종교, 교육, 과학 등 공익을 목적으로 하는 단체에 소득세 면제 혜택을 부여한다. 최근 트럼프 대통령은 하버드대의 캠퍼스 내 반유대주의 대응, 다양성 정책(DEI) 정책 폐기, 대학의 정치 편향 문제 삼으며 대학의 세금 면제(자선 단체) 지위를 박탈할 수 있다고 공개적으로 경고한 바 있다. 미국시민자유연맹(American Civil Liberties Union)과 퍼블릭 시티즌(Public Citizen)은 지난주 5000명 이상 참석한 줌회의를 개최하며 미국 내 환경단체 면세 지위 박탈에 대비할 수 있는 방법을 논의했다."
1744,context,0.1362,neutral,0.9967,에너지 관리,E,E_ENERGY__EFFICIENCY_CONSUMPTION,에너지 소비 및 효율화,0.4554103910923004,"영국 정부가 사회주택에 거주하는 가정이 에너지 비용을 절감하고, 배출량을 줄일 수 있도록 단열재, 태양광 패널, 히트펌프 등의 에너지 효율 개선 장치에 18억 파운드(23억 3천만 달러)를 투자할 것이라고 밝혔다. 이 지원금은 최대 17만 가구가 혜택을 받을 것으로 예상되며, 사회주택에 거주하는 저소득 가구와 세입자를 대상으로 지원될 예정이다."
1745,opportunity,0.4384,positive,0.9998,에너지 관리,E,E_ENERGY__RENEWABLE_TRANSITION,신재생에너지 전환,0.43853434920310974,태양광 발전은 전년동기대비 가장 큰 폭의 증가세를 보였다. 전년동기대비 48% 증가한 254TWh를 기록했다. 전체 발전량에서 태양광이 차지하는 비중은 10%였다. 나머지 청정에너지 생산은 수력 발전 등이 담당했다.
1746,context,0.1585,neutral,0.9999,기후변화·온실가스,E,E_CLIMATE__SCOPE3_EMISSION,Scope 3 배출량,0.5285239219665527,"다음 칼럼에서는 석유 가스 기업(Upstream 중심)의 사례를 통해 고탄소 산업의 전환 전략을 계속 살펴본다. 한국의 SK에너지, GS칼텍스, S-Oil, 현대오일뱅크 등 한국 기업들도 향후 전환 전략의 정교화 측면에서 유럽의 사례를 전략적으로 참고할 수 있을 것이다."
1747,context,0.1999,neutral,0.9999,에너지 관리,E,E_ENERGY__EFFICIENCY_CONSUMPTION,에너지 소비 및 효율화,0.6665878295898438,4단계 실행 수단(Operational Levers) 지속가능한 전환을 위한 5대 실행 수단(5 levers for a sustainable change) 에너지 효율성 향상(Energy efficiency improvement) 배출 회피 기술 도입(Avoided emissions through technology) 전력 및 수소 중심 전환(Electrification and hydrogen development) CCUS 및 탄소 상쇄(CCUS and offset mechanisms) 재생가능 전력 확대(Scaling up renewable electricity) 이 실행 수단은 토탈에너지의 전략을 구체적인 전환 행동으로 연결시키는 프레임으로 작동
1748,context,0.1885,neutral,0.9998,윤리경영·준법,G,G_ETHICS__ANTI_CORRUPTION_COMPLIANCE,반부패 및 컴플라이언스,0.628328263759613,"LIG넥스원은 정기적 노사협의회, 인권경영 워크숍, 산업안전보건위원회 등 다양한 소통 채널을 운영하며, 합리적이고 상생적인 노사문화를 정착 중에 있다. 전문성과 다양성을 갖춘 이사회 구성, 이사회의 독립적 의사결정 체계 확립, 철저한 정보보호와 컴플라이언스 프로그램 운영을 통해 투명한 경영을 실천하고 있다."
1749,context,0.1885,neutral,0.9998,이사회 구조,G,G_BOARD__COMPOSITION_INDEPENDENCE,이사회 구성 및 독립성,0.628328263759613,"LIG넥스원은 정기적 노사협의회, 인권경영 워크숍, 산업안전보건위원회 등 다양한 소통 채널을 운영하며, 합리적이고 상생적인 노사문화를 정착 중에 있다. 전문성과 다양성을 갖춘 이사회 구성, 이사회의 독립적 의사결정 체계 확립, 철저한 정보보호와 컴플라이언스 프로그램 운영을 통해 투명한 경영을 실천하고 있다."
1750,opportunity,0.6276,positive,0.9388,에너지 관리,E,E_ENERGY__EFFICIENCY_CONSUMPTION,에너지 소비 및 효율화,0.6684901714324951,"생산공정에서는 폐기물 최소화와 재활용률 극대화를 통해 자원순환에 기여하고 있으며, 환경경영시스템(ISO 14001) 인증을 기반으로 환경오염 예방과 사업장 지역사회 환경보호에 앞장서고 있다. 특히, 사업장별 에너지 절감, 유해 위험요인 제거, 친환경 소재 도입 등 구체적인 실천 과제를 추진하고 있다."
1751,opportunity,0.456,positive,0.6239,기후변화·온실가스,E,E_CLIMATE__SCOPE1_2_EMISSION,Scope 1·2 배출량,0.7309070229530334,"2023년에는 금융권 최초로 재생에너지 공급인증서(REC) 장기 구매계약과 가상전력구매계약(VPPA)을 체결해 2024년 4월 기준 전체 전력 사용량의 48%를 재생에너지로 전환했다. 2030년까지 온실가스 배출량 42% 감축이라는 과학기반감축목표(SBTi)도 승인받아, 실제 연간 5.3%의 내부 온실가스 감축을 실현 중이다."
1752,opportunity,0.4137,positive,0.7284,에너지 관리,E,E_ENERGY__RENEWABLE_TRANSITION,신재생에너지 전환,0.5679171085357666,미래에셋증권은 기후변화 대응과 친환경 경영에서 업계 선도적 역할을 하고 있다. 2021년 국내 금융업 최초로 글로벌 RE100(재생에너지 100% 사용) 이니셔티브에 가입했다.
1753,context,0.1547,neutral,0.9929,에너지 관리,E,E_ENERGY__RENEWABLE_TRANSITION,신재생에너지 전환,0.5194004774093628,"전체 25개사 중엔 유럽과 영국에 기반한 기업이 대다수를 차지했다. 이외 북미(캐나다) 4곳, 아프리카(남아프리카 공화국) 1곳, 남아메리카(칠레) 기업 1곳이 포함됐다. 다수의 기업이 2050년 넷제로 달성 및 배출량 저감 목표를 설정하거나 사업장의 재생에너지 전환 약 100% 달성, 에너지 효율 증가 및 친환경 기술 투자 등의 성과를 보였다."
1754,context,0.1136,neutral,0.9998,인적자원 관리,S,S_HR__DIVERSITY_INCLUSION,다양성 및 형평성 (DEI),0.3788391947746277,https www.esgtoday.com 98-of-goldman-sachs-shareholders-reject-anti-dei-proposal
1755,context,0.1516,neutral,0.9998,인적자원 관리,S,S_HR__DIVERSITY_INCLUSION,다양성 및 형평성 (DEI),0.5052810907363892,"골드만삭스 주주들이 DEI(다양성, 형평성, 포용성) 정책을 축소를 목표로 하는 2개의 주주제안에 반대 의사를 표했다. 해당 주주제안들은 임원들의 DEI 기반 보상 인센티브를 폐지하고, 회사의 DEI 정책에서 비롯된 법적, 평판적 위험을 검토하도록 지시하는 내용이 담겼다. 각 제안은 지난 23일 열린 골드만삭스 연례 주주총회에서 단 2%의 지지를 받았다."
1756,context,0.1941,neutral,0.9814,안전보건,S,S_SAFETY__OCCUPATIONAL_HEALTH_MANAGEMENT,사업장 안전보건 관리체계,0.6592428088188171,"한편 유한화학은 2022년 ESG 경영을 본격 선언한 이후, SBTi(과학기반 감축목표 이니셔티브) 감축목표 제출을 비롯해 ISO 14001(환경), ISO 45001(안전보건), ISO 27001(정보보안), ISO 22301(비즈니스 연속성) 등 다수의 국제 인증을 취득하며 지속가능한 기업으로서의 면모를 강화해왔다."
1757,risk,0.3885,negative,0.9928,에너지 관리,E,E_ENERGY__RENEWABLE_TRANSITION,신재생에너지 전환,0.39131659269332886,태양광 패널 가격은 2010년에 비해 3분의 1도 안 되는 수준으로 떨어졌다. 이처럼 태양광 발전 시설 설치 비용이 낮아지면서 수요 증가를 견인했다.
1758,context,0.1718,neutral,0.9744,인적자원 관리,S,S_HR__DIVERSITY_INCLUSION,다양성 및 형평성 (DEI),0.5876566767692566,"모닝스타는 이같은 자금 유출이 도널드 트럼프 미국 대통령의 기후 및 사회 이니셔티브 축소 정책에서 기인한다고 분석했다. 보고서는 트럼프 대통령의 기후변화 대응 및 DEI(다양성, 형평성 및 포용성) 정책들을 뒤집는 반ESG 조치들이 새로운 법적 위험을 야기했다 며 이러한 상황 변화로 인해 미국의 자산운용사들은 ESG 관련 역량을 홍보하고 지속가능성 문제를 지원하는 데 있어 더욱 신중한 접근방식을 채택하게 됐다 고 설명했다."
1759,context,0.1587,neutral,0.9963,기후변화·온실가스,E,E_CLIMATE__SCOPE3_EMISSION,Scope 3 배출량,0.5309892892837524,영국 석유 대기업 BP가 BP 지분 약 5%를 보유하고 있는 행동주의 투자자 그룹 엘리엇 인베스트먼트 매니지먼트로부터 조직 개편 요구를 받고 있다. 엘리엇은 업스트림(탐사 생산)과 다운스트림(정제 판매) 부문을 다시 분리해야 한다고 주장했다.
1760,context,0.1313,neutral,0.9982,기후변화·온실가스,E,E_CLIMATE__SCOPE3_EMISSION,Scope 3 배출량,0.4382556080818176,"앨리엇, BP 구조 개편 압박... 업스트림 다운스트림 분리해야"
1761,context,0.1757,neutral,0.9993,인적자원 관리,S,S_HR__DIVERSITY_INCLUSION,다양성 및 형평성 (DEI),0.5861353874206543,"다만 CSA는 기후 리스크가 여전히 기업 경영에 있어 핵심적인 사안이라며, 지속가능성 공시 및 다양성 공시와 관련한 국내외 동향을 관찰한 후 재검토를 통해 공시 요건을 최종 확정할 예정이라고 밝혔다."
1762,context,0.133,neutral,0.9741,인적자원 관리,S,S_HR__DIVERSITY_INCLUSION,다양성 및 형평성 (DEI),0.45517006516456604,캐나다 증권관리위원회(CSA)은 지난 23일 보도자료를 통해 기후 공시 의무화와 다양성 관련 공시 요구 사항에 대한 법제화 작업을 잠정 중단한다고 밝혔다. CSA는 미국 등 전 세계적인 공대 대응 변화 흐름에 따라 자국 시장과 공시 기업을 지원하기 위한 의도라고 설명했다.
1763,context,0.1568,neutral,0.9999,인적자원 관리,S,S_HR__DIVERSITY_INCLUSION,다양성 및 형평성 (DEI),0.5227494239807129,"해양수산부는 4월 28일 부산 BEXCO에서 생물다양성협약 사무국과 지속가능한 해양 이니셔티브 지원 양해각서 연장 서명식을 개최했다고 밝혔다. SOI는 해양생물 다양성 보전과 해양의 지속가능한 이용을 위해 국제포럼, 연수, 워크숍 등으로 개도국과 군소 도서국의 해양 역량을 높이는 사업이다."
1764,context,0.0968,neutral,0.9998,인적자원 관리,S,S_HR__DIVERSITY_INCLUSION,다양성 및 형평성 (DEI),0.32285967469215393,"노을공원 숲 가꾸기 활동은 2018년부터 노을공원 시민모임과 함께 시작한 생물 다양성 증진활동의 일환으로 다양한 묘목을 노을공원에 지속적으로 심고, 가꾸어 왔다."
1765,context,0.1501,neutral,0.9993,인적자원 관리,S,S_HR__DIVERSITY_INCLUSION,다양성 및 형평성 (DEI),0.500691294670105,여성 리더 인재 발굴 및 역할 확대를 통해 다양성 존중 문화 확산에 기여하고 있다는 평가를 받고 있는 신한 쉬어로즈 는 수료자들과의 지속적인 소통을 통해 프로그램을 발전시켜 나가고 있다.
1766,context,0.2025,neutral,0.9991,에너지 관리,E,E_ENERGY__RENEWABLE_TRANSITION,신재생에너지 전환,0.6757205128669739,또한 신한금융은 그린워싱에 대한 우려를 해소하고 이해관계자와 투명하게 소통하기 위해 연간 재생에너지 총 사용량을 이듬해 6월까지 검증 매년 그룹 ESG 보고서를 통한 외부 공시 등 신한 디지털 RE100 준수사항을 이행할 계획이다.
1767,opportunity,0.6738,positive,0.9965,에너지 관리,E,E_ENERGY__RENEWABLE_TRANSITION,신재생에너지 전환,0.6761497259140015,"이를 위해 신한은행은 국내 은행 최초로 한국동서발전과 REC(재생에너지 공급인증서) 구매계약을 체결했으며 향후 녹색프리미엄, PPA(전력구매계약) 등을 종합적으로 활용해 데이터센터의 전력사용량을 충당하고 있다."
1768,opportunity,0.5729,positive,0.9628,에너지 관리,E,E_ENERGY__RENEWABLE_TRANSITION,신재생에너지 전환,0.5949856042861938,"앞서 같은해 3월부터 그룹 데이터센터의 사용 전력을 100% 재생에너지로 조달하는 신한 디지털 RE100 을 추진키로 한 신한금융은 디지털, 모바일 금융 확대 등으로 인해 지속적으로 증가하는 그룹 데이터센터의 전력사용량이 탄소배출량 증가의 가장 큰 원인으로 판단했다."
1769,opportunity,0.5528,positive,0.9998,에너지 관리,E,E_ENERGY__RENEWABLE_TRANSITION,신재생에너지 전환,0.5529455542564392,"신한금융그룹은 그간 사랑의 연탄나눔 봉사활동과 지역사회 기부, 청년 및 장애인 지원, 장학금 지원 등 각종 사회공헌 활동을 물론 RE100, 재생에너지 사용과 에너지 절약, 녹색금융 확대 등 앞장서 친환경 ESG 경영을 펼쳐왔다."
1770,context,0.1757,neutral,0.9997,에너지 관리,E,E_ENERGY__RENEWABLE_TRANSITION,신재생에너지 전환,0.5856703519821167,"종교 시설과 종단 소유의 주차장, 토지, 지붕 등 유휴 부지와 공간을 제공하여 가뜩이나 RE100(재생에너지 100%)이나 CBAM(탄소국경조정제도) 등 글로벌 탄소 압박 속에 신재생 전기 확보에 큰 어려움을 겪고 있는 중소 중견 기업에 제공하는 것과 같은 적극적인 기여 말이다."
1771,context,0.1806,neutral,0.9892,에너지 관리,E,E_ENERGY__EFFICIENCY_CONSUMPTION,에너지 소비 및 효율화,0.6084346175193787,"선정된 과제들은 첨단 ICT 기반의 에너지 관리, 고효율 설비 개발, 산업 건물 수송 등 다양한 분야의 에너지 절감 기술에 초점을 맞췄다. 산업부는 이번 지원을 통해 우리나라 에너지 효율 향상과 글로벌 경쟁력 강화에 기여할 것으로 기대한다고 밝혔다"
1772,context,0.1597,neutral,0.9449,에너지 관리,E,E_ENERGY__EFFICIENCY_CONSUMPTION,에너지 소비 및 효율화,0.5633013248443604,"유한양행은 앞으로도 친환경 활동을 통한 사내 친환경 문화 조성뿐만 아니라 에너지 절감, 제품 환경오염 저감 등 ESG와 연계한 친환경 경영을 지속적으로 추진할 계획이다."
1773,context,0.1485,neutral,0.9999,에너지 관리,E,E_ENERGY__EFFICIENCY_CONSUMPTION,에너지 소비 및 효율화,0.4949173927307129,"인공지능의 폭발은 더 정확한 기후재난 예측을 도와주고, 교통과 난방, 산업공정 과정에서 에너지 소비를 최적화시켜줌으로써 기후에 도움을 줄 수 있다. 하지만 효율 개선을 뛰어넘는 에너지 소비 총량이 늘어난다면 오히려 기후에 부담을 주는 양면성이 있다고 봐야 한다. 말하자면 인공지능이 어떤 방식으로 성장하는지가 중요하다."
1774,context,0.097,neutral,0.6874,에너지 관리,E,E_ENERGY__RENEWABLE_TRANSITION,신재생에너지 전환,0.4703325629234314,"예를 들어 태양광 발전량은 지난 수십 년 간의 성장 끝에 2022년에 이르러서야 겨우 1TW에 도달했다. 그런데 그 후 불과 2년 만에 두 배가 늘어서 2024년에 2TW를 넘어설 정도로 폭발적 성장을 했다. 기후와 경제, 일자리를 위해 경이롭고도 바람직한 성장이다."
1775,context,0.1866,neutral,0.9999,인적자원 관리,S,S_HR__DIVERSITY_INCLUSION,다양성 및 형평성 (DEI),0.6220632791519165,"한편, 더불어민주당 이재명 대선 후보는 현재까지 에너지고속도로 건설 전국에 RE100산단 조성 탈플라스틱 국가 로드맵 수립 탄소 감축 인센티브 강화 한반도 생물 다양성 복원 2028년 제33차 유엔 기후변화협약 당사국총회 유치 추진 태양광 풍력을 통한 햇빛연금 바람연금 확대 탄소중립사업 해외진출 지원 등 다양한 기후 에너지 공약을 내놓은 바 있다."
1776,context,0.1711,neutral,0.9999,인적자원 관리,S,S_HR__DIVERSITY_INCLUSION,다양성 및 형평성 (DEI),0.5703256130218506,이외에도 박 의원은 탈플라스틱 로드맵 수립 국민들이 자발적으로 참여하는 순환경제 거점 인프라 촉진 수비자 수리권 보장 2040년까지 석탄발전소 폐쇄 국가 차원의 생물 다양성 보호 구역 단계적 확대 산불 발생 지역을 중심으로 생물 다양성 복원 지원 등의 기후에너지 공약을 소개했다.
1777,context,0.1423,neutral,0.9954,에너지 관리,E,E_ENERGY__RENEWABLE_TRANSITION,신재생에너지 전환,0.4766087830066681,박 의원은 현재 전남 신안군이 태양광 발전소를 통해서 (지역주민에)220억 원가량을 배당했다 면서 2032년에는 1인당 600만 원가량 배당하는 것이 가능 하다는 예측을 내놨다.
1778,context,0.1454,neutral,0.9998,에너지 관리,E,E_ENERGY__RENEWABLE_TRANSITION,신재생에너지 전환,0.48483705520629883,이재명 후보의 주요 공약 중 하나인 햇빛 바람 연금이 2032년에는 1인당 600만 원가량의 연금을 지급할 수 있다는 예측도 나왔다. 햇빛 바람 연금은 풍력과 태양광 발전으로 얻는 수익을 지역주민과 공유하는 제도다.
1779,context,0.1853,neutral,0.9998,에너지 관리,E,E_ENERGY__RENEWABLE_TRANSITION,신재생에너지 전환,0.6179609894752502,"박 의원은 전국의 태양광과 풍력 에너지를 ESS, 히트 펌프와 연결하는 새로운 에너지 시스템을 국토 곳곳에 확대 하면서 AI 기반의 지능형 전력망을 활용해 에너지 자립 마을, 그리고 RE100 산단을 확충하겠다 고 말했다."
1780,context,0.1413,neutral,0.9999,에너지 관리,E,E_ENERGY__RENEWABLE_TRANSITION,신재생에너지 전환,0.4709723889827728,"한편, RE100 산단 구축 대상과 범위를 묻는 질문에 위 의원은 현재로서는 구체적인 계획은 없다 면서 5개 초광역권(수도권, 충청권, 광주 전남권, 대구 경북권, 부울경)과 3개 특별자치권(강원권, 전북권, 제주권)에 맞춰 산단을 배치하는 전략을 구상하고 있다 고 답했다."
1781,context,0.1077,neutral,0.9999,에너지 관리,E,E_ENERGY__RENEWABLE_TRANSITION,신재생에너지 전환,0.3590295612812042,현재 더불어민주당 이재명 대통령 후보 캠프에서 발표한 에너지 고속도로 건설 RE100 산단 구축 국내 생산 반도체에 최대 10% 생산 세액공제 등 핵심 공약은 후보자등록 이후 본격적인 선거운동 기간에 당 차원의 주요 공약으로 제시될 예정이다.
1782,context,0.1559,neutral,0.9997,에너지 관리,E,E_ENERGY__RENEWABLE_TRANSITION,신재생에너지 전환,0.5199382901191711,"단체에 따르면 독일은 재생에너지 중심 에너지정책을 세우면서 지난 2023년 4월 모든 원전을 중지하고 재생에너지 발전비중을 60% 이상으로 전환했다. 대만은 안정적인 재생에너지 발전을 선택하며 이달 내 마지막 원전을 영구정지하고, 반도체 산업의 RE100 계획을 조기달성하겠다고 선언했다."
1783,context,0.1643,neutral,0.9999,에너지 관리,E,E_ENERGY__RENEWABLE_TRANSITION,신재생에너지 전환,0.5476219058036804,"한편, 이재명 후보는 지난달 기후에너지 정책을 발표하며 재생에너지를 중심으로 지역에서 재생에너지를 생산하고 지역에서 소비하는 분산형 에너지 체계를 만들겠다는 포부를 밝혔다. 지역의 풍력과 태양광 발전으로 얻는 수익을 지역주민과 공유하는 햇빛 바람 연금 제도를 통해 2032년에는 1인당 600만 원가량의 혜택을 누릴 수 있다는 전망을 내놓기도 했다."
1784,risk,0.4181,negative,0.9611,에너지 관리,E,E_ENERGY__RENEWABLE_TRANSITION,신재생에너지 전환,0.435035765171051,"풍력과 태양광 발전, 전기차(EV), 배터리, 수소 등 분야의 약 712억 달러(약 101조원)가 넘는 투자가 중단 또는 철회됐으며 6만 여개의 일자리가 위협 받거나 사라진 것으로 산정됐다."
1785,opportunity,0.4266,positive,0.9998,에너지 관리,E,E_ENERGY__RENEWABLE_TRANSITION,신재생에너지 전환,0.4266700744628906,"특히 신재생에너지 부문이 매출 1조 5992억 원, 영업이익 1362억 원을 기록하며 실적 개선을 이끌했다. 특히 미국 주택용 에너지 사업 영역에서 수익이 크게 개선되면서 효자 노릇을 했다."
1786,context,0.1394,neutral,0.9993,에너지 관리,E,E_ENERGY__RENEWABLE_TRANSITION,신재생에너지 전환,0.4648432731628418,하지만 이는 한국의 2030년 신재생에너지 발전 비율 목표치를 21.6%로 제시한 것과 비교하면 아직 갈 길이 너무 멀다는 지적을 받는다. 또한 선진국 클럽인 OECD의 2024년 전력에서 재생에너지 비중이 평균이 35.8%인 점과 비교하면 한국은 최하위 수준이다.
1787,opportunity,0.5164,positive,0.9635,에너지 관리,E,E_ENERGY__RENEWABLE_TRANSITION,신재생에너지 전환,0.5359534621238708,"신재생에너지 발전량은 전년보다 11.7% 증가한 63.2TWh로, 전체 발전의 10.6%를 차지하며 사상 처음으로 두 자릿수를 돌파했다. 산업부는 태양광 중심의 설비 확대, 발전 여건 개선, 투자 활성화 등이 영향을 미쳤다고 설명했다."
1788,context,0.0664,neutral,0.5332,에너지 관리,E,E_ENERGY__RENEWABLE_TRANSITION,신재생에너지 전환,0.41514721512794495,"지난해 국내 발전 부문에서 원자력이 석탄을 밀어내고 최대 발전원에 올랐다. 17년간 1위를 지켜온 석탄이 원자력과 가스에 밀려 3위로 내려앉고, 신재생에너지 발전 비중은 처음 10%를 넘어서는 등 에너지전환이 이뤄졌다."
1789,context,0.1911,neutral,0.9995,인적자원 관리,S,S_HR__DIVERSITY_INCLUSION,다양성 및 형평성 (DEI),0.6373613476753235,"기업에서 불통은 상사와 부하, 동료 간에 일어난다. 불통은 조직 내 다양성과 형평성, 포용성(Diversity, Equity, Inclusion DE I)을 파괴한다. DE I는 차별 없이 다양한 배경과 경험을 가진 인재를 포용하고, 그들의 성장 잠재력을 극대화해 발전할 수 있는 환경을 조성하는 데 중점을 둔다."
1790,context,0.1392,neutral,0.9989,에너지 관리,E,E_ENERGY__RENEWABLE_TRANSITION,신재생에너지 전환,0.4645790457725525,"밸런스히어로는 2021년부터 인도 청년 1,000여 명에게 금융 디지털 리터러시 교육을 제공하고, 2023년부터는 현지 사회적기업과 협력해 국경 농촌 지역에 식수 시설, 태양광 발전소, 옥상 빗물 집수 시스템 설치 등 프로젝트 하모니 2.0 을 추진했다. 이 밖에도 1만2,000명 이상에게 직업교육과 재생에너지 인프라를 지원하고, 디지털 프로세스 도입으로 약 5,000그루의 나무를 절약한 바 있다."
1791,context,0.2089,neutral,0.9999,에너지 관리,E,E_ENERGY__EFFICIENCY_CONSUMPTION,에너지 소비 및 효율화,0.6963242292404175,"이번 보고서에는 환경경영, 에너지 절감, 안전보건 등 7대 중대 이슈에 대한 구체적 실행 방안이 담길 예정이다. 채비는 지속가능경여보고서 발간 이외에도 충전기 기술 고도화와 온실가스 감축 등 실질적 과제 이행에 집중할 계획이다."
1792,context,0.146,neutral,0.8164,ESG 데이터 거버넌스,G,G_DATA_GOVERNANCE__ESG_DATA_CONTROL,ESG 데이터 내부통제,0.5959868431091309,"환경 및 사회 지표에 대해 국제감사인증기준위원회가 개발한 ISAE 3000 기준의 제한적 수준 검증(limited assurance)을 이미 받고 있으며, 2025년부터는 점진적으로 합리적 수준 검증(reasonable assurance)으로의 확대를 목표로 한다."
1793,context,0.2085,neutral,0.9997,ESG 데이터 거버넌스,G,G_DATA_GOVERNANCE__ESG_DATA_CONTROL,ESG 데이터 내부통제,0.6953333020210266,"에퀴노르는 주요 ESRS 항목별로 자사 보고서 내 대응 항목을 명확히 매핑하고 있으며, 중요성 평가, 전략, 목표, 수단, 지표, 인증(assurance)전 영역을 포함하는 통합 보고 구조를 갖추고 있다."
1794,context,0.1668,neutral,0.7988,에너지 관리,E,E_ENERGY__RENEWABLE_TRANSITION,신재생에너지 전환,0.6960790753364563,"양측은 전기전자 산업에 특화된 ESG 평가지표를 공동 개발하고, 진단 컨설팅 개선 활동을 전방위로 지원할 계획이다. LG이노텍은 2040 탄소중립 과 2030년 RE100 달성 을 목표로 재생에너지 전환과 에너지 효율 개선을 추진 중이며, 지난해 재생에너지 전환율 60%를 돌파했다."
1795,context,0.1668,neutral,0.7988,에너지 관리,E,E_ENERGY__EFFICIENCY_CONSUMPTION,에너지 소비 및 효율화,0.6960790753364563,"양측은 전기전자 산업에 특화된 ESG 평가지표를 공동 개발하고, 진단 컨설팅 개선 활동을 전방위로 지원할 계획이다. LG이노텍은 2040 탄소중립 과 2030년 RE100 달성 을 목표로 재생에너지 전환과 에너지 효율 개선을 추진 중이며, 지난해 재생에너지 전환율 60%를 돌파했다."
1796,context,0.1655,neutral,0.8528,에너지 관리,E,E_ENERGY__RENEWABLE_TRANSITION,신재생에너지 전환,0.6467851996421814,"롯데케미칼은 Green Promise 2030 전략과 글로벌 RE100 캠페인 참여를 바탕으로 넷제로(Net Zero) 달성과 친환경 생태계 조성에 박차를 가하고 있다. 자체 재생에너지 설비 도입, 직접전력거래, 신재생에너지 공급인증서 확보 등 다양한 친환경 활동도 적극 추진 중이다. 양사는 이번 협력을 통해 상호 경쟁력을 높이고, 미래 친환경 사업 확장의 기반을 다질 계획이다."
1797,opportunity,0.7091,positive,0.9967,에너지 관리,E,E_ENERGY__RENEWABLE_TRANSITION,신재생에너지 전환,0.7114601135253906,"롯데케미칼이 한국중부발전과 손잡고 재생에너지 개발 및 공급사업을 위한 업무협약을 체결했다. 이번 협약은 양사가 국내 신재생(태양광 풍력 등) 발전소 개발과 재생 에너지 전기공급 사업을 공동 추진해, RE100 목표 실현과 국내 재생에너지 시장 성장에 기여하기 위해 마련됐다."
1798,risk,0.4302,negative,0.9789,에너지 관리,E,E_ENERGY__EFFICIENCY_CONSUMPTION,에너지 소비 및 효율화,0.4395153522491455,달성 어려움의 주요 원인으로 저탄소 산업구조 전환 어려움(31%) 에너지 효율 개선 지연(26.2%) 경제 생산 위축(20.2%) 저탄소 기술 혁신 및 상용화 지연(19%) 등이 꼽혔다.
1799,context,0.0683,neutral,0.6211,인적자원 관리,S,S_HR__DIVERSITY_INCLUSION,다양성 및 형평성 (DEI),0.36640465259552,"덴마크는 의료기술 혁신과 환자 맞춤형 치료 , 핀란드는 위기관리와 디지털 보안 , 노르웨이는 해양산업 다양성 확보 , 스웨덴은 녹색성장과 전기화 와 관련해 각국의 강점을 살린 혁신 사례를 공유했다."
1800,context,0.1497,neutral,0.941,에너지 관리,E,E_ENERGY__RENEWABLE_TRANSITION,신재생에너지 전환,0.5304263234138489,위 위원장은 이어 산업계와 긴밀히 협력해 기업들의 RE100 달성을 적극 뒷받침하여 기후위기 대응과 대한민국 경제의 지속가능성을 실현하는데 앞장서겠다 고 밝혔다.
1801,context,0.143,neutral,0.9996,에너지 관리,E,E_ENERGY__RENEWABLE_TRANSITION,신재생에너지 전환,0.4769164025783539,"위성곤 위원장은 국제사회가 탄소국경제도(CBAM), RE100 등을 통해 통상 규제를 강화하는 가운데, 지난 3년간 국내 기후정책은 오히려 후퇴해 수출기업들의 경쟁력이 약화됐다 면서 기후가 곧 경제이며, 그 경제를 지탱하는 핵심은 재생에너지 라고 강조했다."
1802,context,0.1449,neutral,0.6591,에너지 관리,E,E_ENERGY__RENEWABLE_TRANSITION,신재생에너지 전환,0.7326321005821228,"기업RE100 달성을 위한 제도개선 및 인센티브 지원에도 협력할 계획이다. 기업들이 재생에너지 도입을 위해 투자하는 신재생에너지공급인증서(REC) 구매와 전력구매계약(PPA) 등을 투자세액공제 대상으로 인정하고, 부품소재산업 등 소부장 중소기업들을 위한 재정지원과 RE100 이행 방안 개선 등 제도적, 재정적 인센티브 마련을 노력하기로 했다."
1803,context,0.197,neutral,0.9999,에너지 관리,E,E_ENERGY__RENEWABLE_TRANSITION,신재생에너지 전환,0.656683623790741,협약식에서 기후위기대응위원회와 한국RE100협의체는 재생에너지의 안정적 보급 확대 RE100 달성을 위한 제도 개선과 인센티브 확대 전략신산업 생태계 활성화를 위한 금융 및 정책 인프라 마련 등에 상호 협력하기로 했다.
1804,context,0.1772,neutral,0.9763,기후변화·온실가스,E,E_CLIMATE__SCOPE1_2_EMISSION,Scope 1·2 배출량,0.6049906015396118,"마이크로소프트는 2030년까지 자사 전체 탄소(Scope 1, 2, 3) 배출량보다 더 많은 탄소를 제거하는 탄소 네거티브 달성을 목표로 하고 있으며, 2050년까지는 창립 이래 모든 누적 배출량까지 상쇄할 계획이다."
1805,context,0.152,neutral,0.9995,에너지 관리,E,E_ENERGY__EFFICIENCY_CONSUMPTION,에너지 소비 및 효율화,0.5069930553436279,"미아타 판불라 에너지소비자부 장관은 이번 투자는 영국의 공공서비스를 재건하고, 지역사회가 청정에너지 전환의 혜택을 누릴 수 있도록 할 것 이라고 밝혔다. 에너지 UK의 루이스 슈터 정책매니저는 높은 에너지 비용이 학교, 병원 등 공공시설에 큰 부담이 되어왔다. 이번 지원으로 에너지 절감 기술과 친환경 설비 도입이 촉진될 것 이라고 말했다."
1806,opportunity,0.495,positive,0.9176,에너지 관리,E,E_ENERGY__EFFICIENCY_CONSUMPTION,에너지 소비 및 효율화,0.5394228100776672,"실제로 영국 국민보건서비스(NHS)는 에너지 효율 개선을 통해 연간 최대 4억 파운드의 운영비를 절감하고 있으며, 이 예산은 환자 진료, 의료 인력 확충, 병원 환경 개선 등에 재투자되고 있다."
1807,context,0.1531,neutral,0.9962,에너지 관리,E,E_ENERGY__EFFICIENCY_CONSUMPTION,에너지 소비 및 효율화,0.5122467279434204,"중국의 경우 2020년에 145엑사줄(exajoul, 1엑사줄은 100경( ) 줄에 해당)의 에너지를 소비해 전 세계 1차 에너지 소비량(TPEC)의 26.1%를 차지했다. 중국은 2020년 기준 태양광 및 풍력 누적 설비 용량은 각각 253.83 GW와 281.99GW에 달했고, 전 세계 총 설비 용량의 35.9%와 38.5%를 차지했다."
1808,context,0.1521,neutral,0.926,에너지 관리,E,E_ENERGY__RENEWABLE_TRANSITION,신재생에너지 전환,0.5474147200584412,"연구팀은 전통적인 화석 에너지 시스템과 비교할 때, 태양광과 풍력 발전이 주도하는 재생에너지 시스템은 매우 광물 집약적 이라며 육상 풍력 발전소의 크롬 몰리브덴 아연과 같은 필수 광물에 대한 수요는 가스 화력 발전소의 9배 라고 밝혔다. 태양광 발전소는 설비 용량 1기가와트(GW)당 4000톤의 구리가 필요한데, 이는 기존 발전소 수요의 4배다."
1809,opportunity,0.5797,positive,0.9899,에너지 관리,E,E_ENERGY__RENEWABLE_TRANSITION,신재생에너지 전환,0.5856333374977112,"이를 통해 태양광 발전시설, 풍력 터빈, 에너지 저장 및 송전 시설 건설에 대한 초기 투자는 15% 이상, 즉 약 22조4700억 달러의 잠재적 절감으로 이어진다는 설명이다."
1810,opportunity,0.4747,positive,0.7492,에너지 관리,E,E_ENERGY__RENEWABLE_TRANSITION,신재생에너지 전환,0.6336275935173035,"연구팀은 글로벌 상호 연결은 에너지 및 인프라 활용 효율을 크게 향상시켜 넷제로 에너지 목표 달성에 드는 전반적인 비용을 절감할 수 있다 고 밝혔다. 풍력 및 태양광 발전소의 설비 용량을 22.1% 감소시키고, 저장 시스템의 설비 요구량을 37.0% 낮추게 된다는 것이다."
1811,context,0.1446,neutral,0.9991,에너지 관리,E,E_ENERGY__RENEWABLE_TRANSITION,신재생에너지 전환,0.48239466547966003,"아울러 시간적 불일치를 활용하는 방안이다. 예를 들어 동아시아의 경우 총 발전 잠재력은 2050년 수요와 유사하지만, 태양광 발전이 멈추는 야간 시간대(UTC 11 00 24 00)의 평균 발전량은 전력 수요에 못 미친다. 반대로 같은 시간대에 서유럽과 남유럽, 중부 아프리카에서는 태양광 발전 덕분에 전력이 남아돌게 된다."
1812,context,0.1344,neutral,0.9929,에너지 관리,E,E_ENERGY__RENEWABLE_TRANSITION,신재생에너지 전환,0.45123475790023804,스코틀랜드는 전세계 부유식 해상풍력의 3분의 1가량이 몰려 있을 정도로 풍부한 바람자원을 이용한 신재생에너지 생산이 활발한 지역이다. 스코틀랜드 정부는 2045년까지 넷제로(탄소중립) 달성을 목표로 신재생에너지 및 송전망 투자를 높여가고 있다.
1813,context,0.1822,neutral,0.9965,인적자원 관리,S,S_HR__DIVERSITY_INCLUSION,다양성 및 형평성 (DEI),0.6092987656593323,"또한 ESG와 같은 지속가능성 실천, 다양성 포용, 윤리적 경영이 앞으로의 조직 경쟁력의 핵심임을 강조했다."
1814,context,0.1723,neutral,0.9927,인적자원 관리,S,S_HR__DIVERSITY_INCLUSION,다양성 및 형평성 (DEI),0.5785190463066101,"또 국내 금융기관 최초로 제3자 검증 후 인권경영보고서를 대외 공개했다. 뿐아니라, 2023년 5월 오는 2030년까지 경영진 여성비율 15% 달성, 부장급 직원 여성 비율 20% 달성을 핵심으로 하는 그룹 성 다양성 목표 를 수립했으며 양성평등을 확대하고 인재 다양성을 확보해 나가기 위해 노력하고 있다."
1815,context,0.2026,neutral,0.9999,인적자원 관리,S,S_HR__DIVERSITY_INCLUSION,다양성 및 형평성 (DEI),0.6752228140830994,"이를 위해 녹색금융 활성화 , 기후변화 대응체계 구축 , 환경경영 관리체계 강화(이상 환경부문) , 사회적 금융 확대 , 금융소비자 권익 증대 , 인권 및 다양성 존중 문화 확립(이상 사회부분) , ESG 금융 관리체계 강화 , 투명한 ESG 정보 고시 , ESG 거버넌스 고도화(이상 지배구조 부분) 등을 9대 전략 과제로 ESG 실행에 나서고 있다."
1816,opportunity,0.3719,positive,0.767,에너지 관리,E,E_ENERGY__RENEWABLE_TRANSITION,신재생에너지 전환,0.48487192392349243,"태양광 발전 시스템은 탄소중립 시대의 핵심 인프라로 자리 잡았지만, 동시에 새로운 사이버 공격의 표적이 되고 있다. 신속한 보안 패치, 공급망 관리, 제도 개선 등 다각도의 대응이 필요해 보인다."
1817,context,0.136,neutral,0.9985,에너지 관리,E,E_ENERGY__RENEWABLE_TRANSITION,신재생에너지 전환,0.4538615345954895,"태양광 발전은 발전소뿐 아니라 주택과 건물 옥상에 설치된 소규모 패널들이 네트워크로 연결되는 분산형 구조를 띤다. 전문가들은 이런 구조는 개별 취약점이 해결되지 않을 경우, 집단 해킹을 통해 전력망 전체에 영향을 미칠 수 있다 고 경고한다."
1818,opportunity,0.4567,positive,0.978,에너지 관리,E,E_ENERGY__RENEWABLE_TRANSITION,신재생에너지 전환,0.46693548560142517,"전 세계적으로 태양광 발전 시스템이 빠른 속도로 확산하는 가운데, 중국산 태양광 패널이 세계 시장의 약 90%를 점유하고 있는 상황이다. 태양광 패널이 각국의 전력망 인프라와 클라우드 시스템 등을 공격하는 수단이 될 수 있다는 우려와 함께 이는 에너지 안보에 대한 새로운 위협 요인으로 인식되고 있는 것이다."
1819,context,0.0919,neutral,0.9784,윤리경영·준법,G,G_ETHICS__ANTI_CORRUPTION_COMPLIANCE,반부패 및 컴플라이언스,0.3130538761615753,"UN 글로벌 콤팩트가 요구하는 인권 존중, 반부패, 성평등, 원주민 권리 보장 등은 실제 현장에서 제대로 지켜지지 않고 있다. 다국적 기업이 개입된 분쟁에서는 원주민 집단과의 갈등이나 인종 차별 문제가 더 자주 발생하고 있다."
1820,context,0.2062,neutral,0.9999,에너지 관리,E,E_ENERGY__RENEWABLE_TRANSITION,신재생에너지 전환,0.6874940991401672,정책 질의서는 ESG 기본법 제정 찬반 및 추진 계획 지속가능성 공시 조기 의무화 로드맵 제시 스튜어드십 코드 개정 필요성 금융기관 자산건전성 평가 시 기후리스크 반영 및 감독당국 지침 마련 공적금융기관의 자산 포트폴리오 넷제로 전환 계획 녹색금융공사 설립 필요성 재생에너지 조달을 위한 PPA 전용 계획입지 제도 도입으로 구성됐다.
1821,opportunity,0.577,positive,0.9999,에너지 관리,E,E_ENERGY__RENEWABLE_TRANSITION,신재생에너지 전환,0.5770642161369324,"엔라이튼은 2025년 전력구매계약(PPA) 기반 수익모델 확대, B2B 전력거래 시장 본격 진출 등을 통해 구독형 모델 기반의 지속 성장을 이어갈 계획이다."
1822,context,0.1983,neutral,0.9969,에너지 관리,E,E_ENERGY__RENEWABLE_TRANSITION,신재생에너지 전환,0.6630693078041077,"에너지 생산과 소비, 거래를 하나로 연결하기 위해서는 IT 인프라의 뒷받침이 필수적이다. 엔라이튼은 이를 위해 발전왕 을 중심으로 전국 2만7000여 개소(6.2GW)의 태양광 자산을 통합 관리하고 있다. 단일 기준 국내 최대 규모 플랫폼인 발전왕은 수익 예측, 리스크 분석, 자산 최적화 등 통합 기능을 제공하며, B2B 전력 시장에서 PPA 계약 및 전력 중개를 지원하는 핵심 인프라로 자리매김하고 있다."
1823,context,0.1576,neutral,0.8517,에너지 관리,E,E_ENERGY__RENEWABLE_TRANSITION,신재생에너지 전환,0.6169466972351074,"산업용 전기요금 인상과 기업의 RE100 이행 수요가 맞물리며, 설치비 부담 없이 태양광 자가소비가 가능한 태양광 구독 모델 이 실적 개선을 이끌었다며 대동모빌리티, 롯데케미칼, 블루엠텍 등 다수의 기업들이 이 모델을 도입했다는 것이 회사측 설명이다."
1824,context,0.1839,neutral,0.9998,이사회 구조,G,G_BOARD__COMPOSITION_INDEPENDENCE,이사회 구성 및 독립성,0.613210141658783,"자본시장법상 같은 회사에서 사외이사로 재임할 수 있는 최대 기간은 6년으로, 2019년에 이사회 구성원으로 참여한 사외이사는 올해 주주총회 전 의무적으로 교체하거나 공석으로 둬야 한다."
1825,context,0.1433,neutral,0.8674,에너지 관리,E,E_ENERGY__RENEWABLE_TRANSITION,신재생에너지 전환,0.5507299304008484,인도네시아는 향후 9년간 추가할 60GW의 신규 발전 용량 중 4분의 3을 재생에너지로 충당하며 이외는 가스와 석탄을 활용할 예정이다. 이를 통해 국가 전력 믹스에서 재생에너지는 2035년까지 35%까지 확대된다. 특히 태양광 발전을 가장 큰 신규 발전원으로 해 17GW를 추가할 예정이다. 한편 기존 석탄 발전소의 조기 폐쇄에 대한 언급은 없었다.
1826,context,0.1363,neutral,0.9998,인적자원 관리,S,S_HR__DIVERSITY_INCLUSION,다양성 및 형평성 (DEI),0.4543516933917999,https www.eba.europa.eu publications-and-media press-releases eba-launches-consultation-amended-disclosure-requirements-esg-risks-equity-exposures-and-aggregate
1827,context,0.1242,neutral,0.9998,이사회 구조,G,G_BOARD__COMPOSITION_INDEPENDENCE,이사회 구성 및 독립성,0.4140003025531769,"한편 올해는 여성 사외이사 비중이 역대 최고를 기록했다. 신규 사외이사 중 28명(18.4%)이 여성으로, 전체 사외이사 876명 가운데 192명(21.9%)이 여성이다. 자본시장법 개정 이후 여성 사외이사 비율은 2022년 15.4%, 2023년 18.5%, 2024년 20.3%에 이어 꾸준히 올랐다."
1828,context,0.189,neutral,0.9881,에너지 관리,E,E_ENERGY__EFFICIENCY_CONSUMPTION,에너지 소비 및 효율화,0.6375645399093628,"한국 기업은 이제 효율 개선 중심 전략에서, 고객 중심 제품 포트폴리오 전환으로, 보고서 중심 대응에서, 전략 설계 이행 성과로 연결되는 구조로, 제한적 정보 공시에서, 전략 공시 성과 통합 구조로의 이행하는 전환이 필요하다."
1829,context,0.1452,neutral,0.9997,에너지 관리,E,E_ENERGY__RENEWABLE_TRANSITION,신재생에너지 전환,0.4841794967651367,"이에 따라 국가, 지방자치단체, 공공기관 등이 설치 운영하는 공공주차장에는 태양광 설비 등 신재생에너지 설비 설치가 의무화된다. 개정안은 공포 후 6개월 경과 뒤부터 시행되며, 기존에 설치 운영 중인 주차장에도 적용된다."
1830,context,0.1381,neutral,0.9999,에너지 관리,E,E_ENERGY__RENEWABLE_TRANSITION,신재생에너지 전환,0.4602092504501343,오는 11월 말부터 공공주차장에 태양광 패널 등 신재생에너지 설비 설치가 의무화된다.
1831,context,0.1211,neutral,0.9997,인적자원 관리,S,S_HR__DIVERSITY_INCLUSION,다양성 및 형평성 (DEI),0.4038217067718506,https www.reuters.com sustainability society-equity brazil-prosecutors-sue-byd-violating-labor-rights-2025-05-27
1832,context,0.1119,neutral,0.9981,인적자원 관리,S,S_HR__DIVERSITY_INCLUSION,다양성 및 형평성 (DEI),0.3736499547958374,"특히 피부과 진료에 대한 심리적 장벽과 비용에 대한 오해, 시술 종류의 다양성, 시술 결과에 대한 기대와 현실 등을 공감 있게 짚으며, 입문자에게 실질적인 가이드를 제공한 점이 주목받았다."
1833,context,0.1445,neutral,0.9937,윤리경영·준법,G,G_ETHICS__ANTI_CORRUPTION_COMPLIANCE,반부패 및 컴플라이언스,0.4848366677761078,"한국컴플라이언스협회는 이번 어워즈의 성공적인 개최를 바탕으로, 하반기에는 2025 하반기 대한민국 컴플라이언스 어워즈를 개최할 예정이며, 국제컴플라이언스협회(ICA)와 함께 글로벌 컴플라이언스 자격증 과정을 도입하는 등 컴플라이언스 아카데미와 전문가 양성 과정 등 다양한 교육 프로그램도 확대해 나갈 계획이다."
1834,context,0.165,neutral,0.996,윤리경영·준법,G,G_ETHICS__ANTI_CORRUPTION_COMPLIANCE,반부패 및 컴플라이언스,0.5523238182067871,"김은성 이사장은 이번 어워즈를 통해 컴플라이언스가 이제 리스크 대응을 넘어, 조직의 전략과 문화 그 자체로 자리잡아야 한다는 메시지를 확인할 수 있었다며 각 수상기관이 보여준 혁신적 사례들이 국내 컴플라이언스 수준을 한 단계 높이는 계기가 될 것이라고 밝혔다."
1835,context,0.161,neutral,0.9551,윤리경영·준법,G,G_ETHICS__ANTI_CORRUPTION_COMPLIANCE,반부패 및 컴플라이언스,0.5619074106216431,"이번 어워즈에서는 시상식에 이어 수상기관들의 우수 실천사례 발표 세션이 진행되어, 실제 조직 내에서의 컴플라이언스 운영 경험과 노하우가 공유됐다."
1836,opportunity,0.5471,positive,0.9874,윤리경영·준법,G,G_ETHICS__ANTI_CORRUPTION_COMPLIANCE,반부패 및 컴플라이언스,0.5541114807128906,"컴플라이언스 문화확산상을 수상한 플랜텍은 워크아웃이라는 어려운 상황에서도 3년 연속 공정거래위원회 CP AA등급을 달성한 놀라운 기업이다. 어려운 경영 환경 속에서도 담당자의 주도적인 리더십과 전사적 공감대를 바탕으로, 자율적이고 창의적인 방식의 컴플라이언스 실천 체계를 꾸준히 정착시켜 왔다."
1837,opportunity,0.3692,positive,0.5671,윤리경영·준법,G,G_ETHICS__ANTI_CORRUPTION_COMPLIANCE,반부패 및 컴플라이언스,0.651010274887085,"컴플라이언스 리더십상을 수상한 한국가스안전공사는 2023년 윤리 인권 부패방지를 아우르는 윤리경영실을 부사장 직속으로 신설하며, 전국 26개 지사에 이르는 전국 단위 컴플라이언스 네트워크를 완성했다."
1838,opportunity,0.6028,positive,0.9866,윤리경영·준법,G,G_ETHICS__ANTI_CORRUPTION_COMPLIANCE,반부패 및 컴플라이언스,0.6109640002250671,"공공부문 대상을 수상한 한국산업기술기획평가원은 공공기관 최초로 자체 개발한 KEIT-CP 통합 컴플라이언스 모델을 운영하고 있다. 이는 기재부, 권익위, 감사원 등 각기 다른 기준들을 하나로 통합한 혁신적 체계로, 우리만의 체계가 완성되면 다른 기준도 모두 해결된다는 철학을 바탕으로 한다."
1839,context,0.121,neutral,0.9998,윤리경영·준법,G,G_ETHICS__ANTI_CORRUPTION_COMPLIANCE,반부패 및 컴플라이언스,0.40337979793548584,"특히 전국 40명의 컴플라이언스 코디네이터가 현업과 밀착하여 활동하고 있으며, 해외 8개 법인에서도 현지 맞춤형 준법경영을 실천하고 있다."
1840,context,0.1533,neutral,0.9922,에너지 관리,E,E_ENERGY__RENEWABLE_TRANSITION,신재생에너지 전환,0.515026867389679,"태양광 산업 협회(SEIA)와 우드 맥켄지 그룹이 지난 11일(현지시간) 발간한 보고서에 따르면, 지난해 미국 전력망에 추가된 신규 발전 용량 중 태양광 발전과 에너지 저장장치(ESS)가 차지하는 비중이 84%였다."
1841,context,0.1812,neutral,0.9998,이사회 구조,G,G_BOARD__COMPOSITION_INDEPENDENCE,이사회 구성 및 독립성,0.6042203903198242,"이들 양대 자문사는 윤인섭 우리금융지주 사외이사 재선임 안건을 놓고도 ISS는 반대 의견을, 글래스루이스는 찬성 의견을 각각 제시했다. ISS가 윤 이사가 전임 회장이 라임펀드 불완전판매 사태로 금융당국 경고를 받았는데도, 이사회 구성원으로서 적절한 조치를 하지 않았다며 반대한 것과 달리, 글래스루이스는 회사 측이 내부통제를 강화하기 위한 다양한 조치를 하고 있다며 찬성투표를 권했다."
1842,context,0.1353,neutral,0.9818,에너지 관리,E,E_ENERGY__EFFICIENCY_CONSUMPTION,에너지 소비 및 효율화,0.4592429995536804,가정 내 전기 절약하면 최대 3.5% 우대금리 에너지 절감 금융상품 출시
1843,context,0.2194,neutral,0.9993,기후변화·온실가스,E,E_CLIMATE__SCOPE3_EMISSION,Scope 3 배출량,0.7317240238189697,"둘째, Scope 3을 포함한 가치사슬 전반의 배출량 관리와 구체적 감축 계획이 필요하다."
1844,opportunity,0.3915,positive,0.9788,에너지 관리,E,E_ENERGY__RENEWABLE_TRANSITION,신재생에너지 전환,0.4000301957130432,"SMH는 호주에서 아연 제련업과 신재생에너지 사업 등을 관리하는 지주회사다. SMH는 고려아연이 지분 100%를 보유하고 있는 완전 자회사이며, SMC 지분 100%를 보유하고 있다."
1845,context,0.2111,neutral,0.9991,에너지 관리,E,E_ENERGY__EFFICIENCY_CONSUMPTION,에너지 소비 및 효율화,0.7043161988258362,"환경 부문에서 디지털 전환을 통한 친환경 상품 공급 및 구매 편의 강화 안전 전문 상품 및 화학 물질 안전 관리 솔루션 제공 전기차(EV) 구매 솔루션 사업 강화로 친환경 산업 생태계 조성 기여 디지털 전환 고도화로 사업장 업무 환경 개선, 안전 강화, 에너지 절감 고객 정보보안 강화, 지배구조, 협력사 공정거래 확립 등 ESG 관련 주요 성과와 활동 사항을 담고 있다."
1846,context,0.1985,neutral,0.9999,에너지 관리,E,E_ENERGY__RENEWABLE_TRANSITION,신재생에너지 전환,0.6616421341896057,"박희원은 기업 및 지자체 등의 탄소중립, RE100 전략 수립을 지원하는 넷제로홀딩스그룹 대표다. 속초 등 지자체, 다수 대기업, 중소기업의 넷제로 전략을 자문하고, 현장의 ESG 실무자들을 위한 넷제로아카데미도 운영하고 있다. 서울대에서 공학박사(에너지자원공학) 학위를 땄다. 풀뿌리 ESG를 주제로 ESG경제 에 칼럼을 연재한다."
1847,opportunity,0.625,positive,0.9821,기후변화·온실가스,E,E_CLIMATE__SCOPE1_2_EMISSION,Scope 1·2 배출량,0.6363486051559448,"ADMS는 배전망에 ICT 기술을 접목해 분산형 전원과 전력 사용량 데이터를 실시간으로 수집하고 배전망 운영을 최적화하는 시스템이다. 배전망에는 분산에너지 전체 발전기의 99%(설비용량의 76%)가 연결되어 있어, 배전망 운영 효율화는 분산에너지 이용 활성화의 관문이다."
1848,context,0.1492,neutral,0.999,에너지 관리,E,E_ENERGY__EFFICIENCY_CONSUMPTION,에너지 소비 및 효율화,0.4979403018951416,산업통상자원부는 에너지 취약계층 가구와 사회복지시설의 에너지효율을 높이기 위해 건물 단열 시공과 고효율 냉 난방기기 등 물품을 지원하는 저소득층 에너지효율 개선사업 신청을 5일부터 받는다고 지난 3일 밝혔다.
1849,context,0.1817,neutral,0.9999,에너지 관리,E,E_ENERGY__RENEWABLE_TRANSITION,신재생에너지 전환,0.6057789325714111,"RE100보다 강력한 SBTi, 능동적 전략 마련 시급 이번 영국 정부의 조치가 국내 기업에 미치는 파급력이 큰 이유는 SBTi가 기존의 RE100(재생에너지 100%사용)보다 훨씬 엄격하고 까다로운 기준을 요구하기 때문이다. SBTi는 기업 자체의 온실가스 배출(스코프 1 2) 관리를 넘어, 원자재, 부품, 소재 등 공급망을 포함한 가치사슬 전반(스코프 3)의 탄소중립을 요구한다. 이는 국가 전체의 재생에너지 비중이 낮고, 자국 내 공급망 비중이 높은 국내 기업에게는 이행 난이도가 더욱 높은 과제다."
1850,context,0.1438,neutral,0.9307,에너지 관리,E,E_ENERGY__RENEWABLE_TRANSITION,신재생에너지 전환,0.5150792598724365,"기상 상황에 따라 발전량 변화가 큰 신재생에너지 발전기의 설비 용량은 36.4GW(기가와트) 규모로, 전체 사업용 발전기의 23.5%를 차지하는 등 지난 10년간 4배 이상으로 급증했다."
1851,opportunity,0.6076,positive,0.9981,에너지 관리,E,E_ENERGY__RENEWABLE_TRANSITION,신재생에너지 전환,0.6087262630462646,이번 시스템 구축으로 기존 한전이 관리하던 전력거래계약(PPA) 발전량도 시스템 연결을 통해 전력거래소에서 통합 실측 기반으로 관리한다.
1852,context,0.172,neutral,0.9827,에너지 관리,E,E_ENERGY__RENEWABLE_TRANSITION,신재생에너지 전환,0.5835426449775696,지평은 탄소중립 실현을 위한 법 제도 정비와 신재생에너지 인프라 투자가 한층 가속화될 것으로 내다봤다.
1853,opportunity,0.5927,positive,0.9997,윤리경영·준법,G,G_ETHICS__ANTI_CORRUPTION_COMPLIANCE,반부패 및 컴플라이언스,0.5928958058357239,기업부문 대상을 수상한 CJ ENM은 콘텐츠 산업의 특성을 반영한 맞춤형 컴플라이언스 체계 구축으로 높은 평가를 받았다. 2018년 컴플라이언스팀 신설을 시작으로 2021년 ISO 37301 인증을 추진하며 체계적인 준법경영 기반을 다져왔다.
1854,context,0.1493,neutral,0.7357,윤리경영·준법,G,G_ETHICS__ANTI_CORRUPTION_COMPLIANCE,반부패 및 컴플라이언스,0.6763572692871094,"올해로 3번째를 맞이한 이번 어워즈는 기업과 공공기관의 책임 있는 준법경영과 조직문화 개선 노력을 조명하고 격려하는 자리로, CJ ENM(기업부문 대상), 한국산업기술기획평가원(공공부문 대상), 한국가스안전공사(컴플라이언스 리더십상), 플랜텍(컴플라이언스 문화확산상) 등 총 4개 기관이 수상했다."
1855,context,0.1626,neutral,0.9994,에너지 관리,E,E_ENERGY__RENEWABLE_TRANSITION,신재생에너지 전환,0.5422525405883789,"특히 온실가스를 감축하며 지역 산업 활성화, 에너지 효율 개선, 신재생에너지 확산 등 지역을 중심으로 탄소중립 사회로의 전환 기반을 다지는 다양한 사업들이 포함되어 있다."
1856,context,0.1626,neutral,0.9994,에너지 관리,E,E_ENERGY__EFFICIENCY_CONSUMPTION,에너지 소비 및 효율화,0.5422525405883789,"특히 온실가스를 감축하며 지역 산업 활성화, 에너지 효율 개선, 신재생에너지 확산 등 지역을 중심으로 탄소중립 사회로의 전환 기반을 다지는 다양한 사업들이 포함되어 있다."
1857,context,0.1622,neutral,0.9993,인적자원 관리,S,S_HR__DIVERSITY_INCLUSION,다양성 및 형평성 (DEI),0.5411552786827087,"미국 도널드 트럼프 행정부가 29일 연방 정부 기관들에 채용 과정에서 인종, 성별, 민족 또는 출신 국가에 관한 통계 자료 사용을 중단하라고 지시했다. 이는 다양성, 형평성, 포용성(DEI) 프로그램 이행을 중단하기 위한 최근 조치 중 하나다."
1858,context,0.1533,neutral,0.9978,윤리경영·준법,G,G_ETHICS__ANTI_CORRUPTION_COMPLIANCE,반부패 및 컴플라이언스,0.5119855999946594,"하나펀드서비스는 펀드의 기준가격 산출, 컴플라이언스 및 다양한 보고서 제공 등 자산운용사와 기관투자가들이 효율적으로 자산운용 업무를 수행할 수 있도록 자산운용에 특화된 시스템과 데이터를 제공하고 있다."
1859,context,0.1564,neutral,0.9562,윤리경영·준법,G,G_ETHICS__ANTI_CORRUPTION_COMPLIANCE,반부패 및 컴플라이언스,0.5452131628990173,"UNGC는 인권, 노동, 환경, 반부패 등 4대 분야의 10대 원칙을 중심으로, 전 세계 167개국 2만여 개 기업이 참여하는 유엔 산하 최대 규모의 지속가능성 이니셔티브다. UNGC에 가입하면 ESG 경영이 내재화 단계를 넘어 글로벌 수준으로 고도화하고 있는 것으로 풀이된다."
1860,context,0.1936,neutral,0.9999,에너지 관리,E,E_ENERGY__RENEWABLE_TRANSITION,신재생에너지 전환,0.6452488899230957,"구체적으로는 산업단지와 일반건물, 주차장 등에 지붕형 태양광을 확대하고, 도심에는 건물 외장재에 태양광 발전 기능을 더한 건물일체형 태양광(BIPV) 보급을 확대한다는 계획도 포함됐다. 전북의 새만금, 경기 남동부, 전남 등을 태양광과 풍력 발전의 허브로 조성하겠다는 방침이다. 특히, 경기 남동부에는 RE100(재생에너지 100%) 반도체 클러스터를 만들고, 전남 RE100 산단도 조기에 구축할 예정이다."
1861,context,0.1797,neutral,0.9907,에너지 관리,E,E_ENERGY__RENEWABLE_TRANSITION,신재생에너지 전환,0.604661226272583,한신평은 ESG 채권 활성화를 넘어서 국가 탄소중립 목표 달성과 RE100(재생에너지 사용 100%) 등 국내 기업들에도 점차 가중되는 요구와 이로 인한 신재생에너지 수요 충족을 위해서 신재생에너지 투자 회복이 필요한 상태라고 말했다.
1862,context,0.1677,neutral,0.9722,에너지 관리,E,E_ENERGY__RENEWABLE_TRANSITION,신재생에너지 전환,0.5749198794364929,"파이오니어(Pioneer) 라고 명명된 이 프로젝트는 공항의 탄소 배출량 저감을 위해 이탈리아 최대 전력회사 에넬(Enel)과 공항 운영사 ADR이 공동 개발했다. 해당 설비는 유럽 내 최대 수준의 폐배터리 재활용 ESS 가운데 하나로, 에넬이 올해 1월 피우미치노에 준공한 태양광 발전소에서 생산된 전력을 저장하는 데 활용될 예정이다."
1863,context,0.2166,neutral,0.9998,윤리경영·준법,G,G_ETHICS__ANTI_CORRUPTION_COMPLIANCE,반부패 및 컴플라이언스,0.7222129702568054,"KCA 컴플라이언스 실무과정은 컴플라이언스 프레임워크 구축 프로세스별 리스크 관리 ISO 시스템 구축 ESG 윤리 내부통제 등 유관부서 연계 역략 강화 등 실무에 바로 적용한 내용으로 구성되어 있다. 세부 프로그램은 조직 거버넌스와 컴플라이언스 프레임워크, 통합 리스크 관리, 전사적 리스크 관리 전략, ESG 리스크와 컴플라이언스 관리, 내부통제와의 연계, 실습 워크숍 등으로 진행된다."
1864,context,0.1493,neutral,0.9999,윤리경영·준법,G,G_ETHICS__ANTI_CORRUPTION_COMPLIANCE,반부패 및 컴플라이언스,0.49778902530670166,"컴플라이언스 및 유관 부서 실무자를 대상으로 하는 이번 과정은, 거버넌스 리스크 전문가 2급 자격시험 준비가 가능한 과정이다. 교육은 현장 참석과 온라인(Zoom) 중 선택할 수 있으며, 비회원이 2인 이상 함께 신청할 경우 30% 할인 혜택이 있다."
1865,context,0.1971,neutral,0.9999,에너지 관리,E,E_ENERGY__RENEWABLE_TRANSITION,신재생에너지 전환,0.6569281220436096,"이를 반영하여 이재명 당선자는 공약에서 친환경 재생에너지 대전환으로 RE100을 실현 하겠다면서 태양광과 풍력(특히 해상풍력)의 대대적 확대와 한반도 에너지 고속도로를 약속했을 뿐 아니라, 공공성 강화와 제도개선, 지역기반 에너지 생태계 구성, RE100 산단 구성, 농촌 태양광과 주민 참여형 RE100, 정의로운 전환법 제정, 그리고 에너지전환의 투명성 등 상당히 방대한 에너지전환 기획을 내용에 담았다."
1866,context,0.191,neutral,0.9999,에너지 관리,E,E_ENERGY__RENEWABLE_TRANSITION,신재생에너지 전환,0.6368834972381592,"특히 2030년 국가 온실가스 감축목표(NDC)가 기존 40%에서 50% 이상으로 상향 조정될 가능성이 있어, 석탄화력발전의 단계적 감축과 재생에너지 비중 확대로 이어질 것이라는 분석이다. 이재명 대통령은 2040년까지 석탄화력발전소를 전면 폐쇄하고, RE100(재생에너지 100% 사용) 실현 등 친환경 에너지 전환을 주요 공약으로 내세웠다."
1867,context,0.1261,neutral,0.999,에너지 관리,E,E_ENERGY__RENEWABLE_TRANSITION,신재생에너지 전환,0.4209098815917969,"저렴한 러시아산 가스에 의존해 왔던 독일은 우크라이나 전쟁 이후 재생에너지 전환을 가속화해왔다. 지난 2월 실시된 연방의회 선거 이후 새로 출범한 연립정부는 전기요금과 송전망 사용료 인하, 재생에너지 발전이 간헐적으로 줄어들 때 발생하는 전력 가격 급등에 대비한 가스 발전소 도입 등 에너지 가격 안정 대책을 약속한 바 있다."
1868,context,0.1669,neutral,0.8906,에너지 관리,E,E_ENERGY__RENEWABLE_TRANSITION,신재생에너지 전환,0.624553382396698,"이영호 엔라이튼 대표는 AJ네트웍스의 RE100 이행을 위한 첫걸음을 함께하게 되어 매우 의미가 크다 며, 앞으로도 다양한 기업들과 협력해 지속 가능한 에너지 솔루션을 제공하고 ESG 경영 확산에 기여하겠다 고 밝혔다."
1869,opportunity,0.544,positive,0.9691,에너지 관리,E,E_ENERGY__RENEWABLE_TRANSITION,신재생에너지 전환,0.5613021850585938,"이번 프로젝트를 통해 엔라이튼은 에너지 통합 솔루션 기업으로서의 입지를 더욱 공고히 하고, 앞으로도 국내 기업들의 RE100 달성을 지원하는 선도적 에너지 파트너로서의 역할을 지속적으로 확대해 나갈 계획이다."
1870,opportunity,0.5592,positive,0.9163,에너지 관리,E,E_ENERGY__RENEWABLE_TRANSITION,신재생에너지 전환,0.6103103160858154,"엔라이튼은 이번 프로젝트에서 설계부터 시공, 운영관리(O M)까지 태양광 발전소 구축의 전 과정을 일괄 수행했다. AJ네트웍스 천안센터 지붕에 설치된 이 발전소는 센터 운영에 필요한 전력을 100% 자가 생산 전력으로 충당할 수 있도록 설계되었다. 669kW 규모의 태양광 설비는 향후 정비센터의 전력 사용량 증가까지 충분히 수용할 수 있도록 설계되었으며, 발전량이 소비량을 초과할 경우 잉여 전력을 판매해 추가 수익을 창출할 수 있는 구조로 구축되었다."
1871,opportunity,0.5592,positive,0.9163,기후변화·온실가스,E,E_CLIMATE__SCOPE1_2_EMISSION,Scope 1·2 배출량,0.6103103160858154,"엔라이튼은 이번 프로젝트에서 설계부터 시공, 운영관리(O M)까지 태양광 발전소 구축의 전 과정을 일괄 수행했다. AJ네트웍스 천안센터 지붕에 설치된 이 발전소는 센터 운영에 필요한 전력을 100% 자가 생산 전력으로 충당할 수 있도록 설계되었다. 669kW 규모의 태양광 설비는 향후 정비센터의 전력 사용량 증가까지 충분히 수용할 수 있도록 설계되었으며, 발전량이 소비량을 초과할 경우 잉여 전력을 판매해 추가 수익을 창출할 수 있는 구조로 구축되었다."
1872,opportunity,0.6183,positive,0.9855,에너지 관리,E,E_ENERGY__RENEWABLE_TRANSITION,신재생에너지 전환,0.6274154186248779,"AJ네트웍스는 IT기기부터 산업 장비, 물류용 파렛트까지 다양한 렌탈 서비스를 제공하는 국내 최대 규모의 종합 렌탈 기업이다. 이번 태양광 발전소 구축을 통해 지속 가능한 에너지 사용을 실현하고, 에너지 비용 절감을 위한 기반을 마련했다."
1873,opportunity,0.3477,positive,0.5335,에너지 관리,E,E_ENERGY__RENEWABLE_TRANSITION,신재생에너지 전환,0.6516854763031006,"이번 프로젝트는 AJ네트웍스의 RE100 이행을 위한 선제적 조치로, 국내 주요 대기업들과 협업하는 종합 렌탈 기업으로서 ESG 경영을 강화하는 전환점이 되었다."
1874,context,0.1338,neutral,0.9996,인적자원 관리,S,S_HR__DIVERSITY_INCLUSION,다양성 및 형평성 (DEI),0.4463139474391937,"영풍문고는 앞으로도 다양성이 우리를 완성한다(Diversity Completes Us) 는 문화비전 아래, 책과 음악, 예술이 어우러진 풍성한 프로그램을 계속 선보이는 한편, 환경의 날과 같은 뜻 깊은 행사를 통해 환경보호의 중요성을 널리 알리고 실천하는 데 앞장설 계획이다."
1875,context,0.1288,neutral,0.9971,기후변화·온실가스,E,E_CLIMATE__SCOPE3_EMISSION,Scope 3 배출량,0.43041470646858215,"물론, 광물 생산국이 자국 내 하류 산업(downstream industry, 가공 제조 등)에서 국내 수요를 가지고 있는 경우, 당연히 자국 내에서 우선 사용할 권리를 가질 수 있다."
1876,context,0.0894,neutral,0.6641,기후변화·온실가스,E,E_CLIMATE__SCOPE1_2_EMISSION,Scope 1·2 배출량,0.44886600971221924,"보고서는 아마존(Amazon)과 마이크로소프트(Microsoft), 구글의 모기업인 알파벳(Alphabet), 페이스북의 모기업인 메타(Meta)의 인공지능 활용 확대가 전 세계적인 간접 배출량 증가를 이끌었으며, 이는 데이터센터 가동에 필요한 방대한 에너지 수요 때문이라고 설명했다."
1877,context,0.137,neutral,0.9946,인적자원 관리,S,S_HR__DIVERSITY_INCLUSION,다양성 및 형평성 (DEI),0.4592970311641693,워싱턴 D.C. 소재 연방법원의 레지 월턴(Reggie Walton) 판사는 SEC가 임의적이고 자의적으로 규정을 변경했다는 원고 측의 주장을 받아들이지 않았다. 아울러 SEC가 기후변화나 직장 내 다양성 같은 논쟁적인 사안에 대한 개혁을 반대하는 기업들의 입장을 지지하기 위해 규정을 개정했다는 주장도 근거가 없다고 판결했다.
1878,context,0.1334,neutral,0.9944,에너지 관리,E,E_ENERGY__RENEWABLE_TRANSITION,신재생에너지 전환,0.4473514258861542,"태양광 에너지 산업협회(SEIA)와 우드 맥켄지(Wood Mackenzie)는 9일 발표한 보고서를 통해 2030년까지 미국의 신규 태양광 발전 용량은 올해에 비해 10% 이상 감소할 것이라고 예측했다. 해당 전망치엔 철강과 알루미늄 등 수입 자재에 대한 관세 영향을 반영했으나, 현재 미 상원에서 논의 중인 IRA(인플레이션 감축법) 청정에너지 세액공제 삭감은 포함되지 않았다."
1879,context,0.1055,neutral,0.9309,에너지 관리,E,E_ENERGY__RENEWABLE_TRANSITION,신재생에너지 전환,0.377846896648407,"미국의 신규 태양광 발전 설비량은 도널드 트럼프 대통령 집권 이후 연방 정부의 정책 변화와 화석연료 우선 정책, 관세 영향 등으로 인해 향후 5년 동안 감소할 것이라는 태양광 산업단체의 전망이 나왔다."
1880,opportunity,0.4723,positive,0.8036,에너지 관리,E,E_ENERGY__EFFICIENCY_CONSUMPTION,에너지 소비 및 효율화,0.587710440158844,"AWS는 2022년 처음으로 워터 포지티브 목표를 설정했으며 물 사용 효율 개선, 지속가능한 수자원 활용, 지역사회 재이용을 위한 물 환원, 수자원 복원 프로젝트 지원 등 주요 전략을 바탕으로 목표 달성을 추진하고 있다."
1881,context,0.19,neutral,0.9995,기후변화·온실가스,E,E_CLIMATE__SCOPE3_EMISSION,Scope 3 배출량,0.6336477994918823,"S-OIL 2023년 기준 스코프 3 배출량은 31천tCO2e이며, 이는 다운스트림 차량 운송만 포함하고 스코프 3의 대부분을 차지하는 카테고리 11은 포함하지 않은 한계가 보인다. 제품 기반 감축 전략은 확인되나 고객 중심 감축 전략은 아직 명시되지 않았다."
1882,context,0.1586,neutral,0.8772,기후변화·온실가스,E,E_CLIMATE__SCOPE3_EMISSION,Scope 3 배출량,0.6026965379714966,"GS칼텍스 카테고리 11 배출량을 2023년 89.0 MtCO2e로 공시하고 있으며, 스코프 3 카테고리 11 감축 계획이나 관련 정량 KPI 또는 중장기 목표는 부재하다. 친환경 연료 및 수소 인프라 관련 시도 등 다운스트림 제품 전환에 대한 전략은 일부 언급되나 실행 계획은 미흡하다."
1883,context,0.1836,neutral,0.9998,기후변화·온실가스,E,E_CLIMATE__SCOPE3_EMISSION,Scope 3 배출량,0.6119868755340576,"스크프 3 감축 실행 전략은 역시 다운스트림 솔루션 중심이며, 이를 위한 전략을 다음과 같이 명시하고 있다."
1884,context,0.2142,neutral,0.9996,기후변화·온실가스,E,E_CLIMATE__SCOPE3_EMISSION,Scope 3 배출량,0.7143985629081726,"첫째, 카테고리 11 감축을 위해 고객의 사용 단계에서 발생하는 배출을 줄일 수 있는 저탄소 연료 원료 기반의 다운스트림 전략을 전개하고, 항공, 운송, 플라스틱 화학 부문 고객에게 재생 가능 및 순환 솔루션을 제공하는 방법으로 소비자 사용 단계 기반 저탄소 솔루션을 제공한다."
1885,context,0.1752,neutral,0.9998,기후변화·온실가스,E,E_CLIMATE__SCOPE3_EMISSION,Scope 3 배출량,0.5840041637420654,스크프 3 감축 전략은 역시 다운스트림 솔루션 중심이다. 네스테는 이를 위해 다음과 같은 고객 중심의 다운스트림 전략을 추진하고 있다.
1886,context,0.2029,neutral,0.9998,기후변화·온실가스,E,E_CLIMATE__SCOPE3_EMISSION,Scope 3 배출량,0.6765221357345581,"스코프 3 감축 실행 전략은 다운스트림 솔루션 중심이다. 첫째, 바이오연료(Biofuel), 수소(Hydrogen), 전기차 충전 인프라(E-mobility), CCS 등 최종 소비자의 배출 감축을 위한 포괄적 서비스 모델을 구축함으로써 소비자 사용 단계 중심 솔루션 통합 제공하고 있다. 둘째, 바이오 정유공장(Biorefinery) 확대, B2C 고객 기반 확장, 판매 제품의 저탄소화(Low-carbon products)를 통한 전략 사업 전환 및 저탄소 제품 포트폴리오 확대도 다운스트림 솔루션의 일환이다."
1887,context,0.2095,neutral,0.9997,기후변화·온실가스,E,E_CLIMATE__SCOPE3_EMISSION,Scope 3 배출량,0.6985129117965698,"에퀴노르는 스코프 3 배출에 대해 정량 목표, 실행 전략, 성과 모니터링, 보상 연계라는 전사적 전략 구조를 갖춘 기업이다. 특히 탄소 집약도 중심의 감축 전략과 다운스트림 가치사슬 파트너십을 통해 스코프 3(특히 카테고리 11) 감축을 실현하려는 전략적 접근이 돋보인다."
1888,context,0.1744,neutral,0.9995,에너지 관리,E,E_ENERGY__RENEWABLE_TRANSITION,신재생에너지 전환,0.581640362739563,"기업들에게 환경에 좋으니 비싸게 사는 것을 감내하라고 하는 것은 기업의 경쟁력을 올려주는 정책이 아니다. 우리나라처럼 정부와 한전이 발전소와 전력망을 독점하고 있는 상황에서 기업들이 RE100을 할 수 있으려면 정부가 신재생에너지 사용에 대한 보조금 정책을 적극적으로 추진해야만 한다. 태양광, 풍력 발전으로 얻은 전기가 석탄 가스 원자력 전기보다 싸다면 그것을 쓰지 않을 기업이 어디 있겠나"
1889,context,0.1635,neutral,0.9994,에너지 관리,E,E_ENERGY__RENEWABLE_TRANSITION,신재생에너지 전환,0.5451849699020386,"무엇보다 이재명 정부의 신재생에너지 정책이 실현되어 산업 현장에 신재생에너지가 충분히 공급되었으면 좋겠다. 동시에 그 신재생에너지 가격이 원자력, 석탄 가스 발전으로부터 오는 전기보다 싸야한다. EU와 미국의 기업들이 신재생에너지를 많이 사용하고 부담 없이 RE100을 달성하겠다고 호언장담하는 이유는 신재생 전기가 화석연료 전기보다 저렴하기 때문이다."
1890,context,0.18,neutral,0.9999,에너지 관리,E,E_ENERGY__RENEWABLE_TRANSITION,신재생에너지 전환,0.6001866459846497,"예를 들면 환경 영역은 온실가스 절대 배출 감축량, 신재생에너지 사용량, 폐기물 감축량, 재생자원사용량, 폐수방류량, 대기오염물질배출량 등 과학적, 객관적으로 측정 가능하고 검증 가능한 중요 지표들만 평가하면 된다."
1891,risk,0.5228,negative,0.928,윤리경영·준법,G,G_ETHICS__ANTI_CORRUPTION_COMPLIANCE,반부패 및 컴플라이언스,0.5633091926574707,"또한 이사회 및 감사위원회의 독립성 강화, 컴플라이언스 위반 이슈의 부재, 의약품 품질관리 강화 등을 통해 다양한 분야에서 글로벌 최상위 수준의 평가를 받았다."
1892,opportunity,0.678,positive,0.9964,에너지 관리,E,E_ENERGY__RENEWABLE_TRANSITION,신재생에너지 전환,0.680459201335907,"현재 드라이브포스는 제3공장 신축과 함께 RE100 기반의 생산 체계를 구축하고 있으며, 친환경 인증과 국제 규격 획득 확대, ESG 기반 펀드 유치를 통해 대한민국 해양산업과 전력변환산업의 글로벌 표준 모델로의 도약을 준비 중이다. 또한 기술과 지구를 함께 지키는 산업 파트너로서, 탄소중립 시대의 길을 지속적으로 개척해 나간다는 계획이다."
1893,context,0.1769,neutral,0.9998,에너지 관리,E,E_ENERGY__RENEWABLE_TRANSITION,신재생에너지 전환,0.5898752808570862,"이외에도 RE100 산업단지 조성으로 수출기업의 기후통상 대응역량 지원, 철강 석유화학 시멘트 등 탄소다배출 업종의 저탄소 공정 및 기술혁신 지속 추진, 기후테크 R D 예산 확대, 탄소중립 신산업 신기술 발굴로 탄소중립 역량 강화 등의 방안도 포함됐다."
1894,context,0.198,neutral,0.9999,에너지 관리,E,E_ENERGY__RENEWABLE_TRANSITION,신재생에너지 전환,0.6599510312080383,"먼저 재생에너지 중심의 에너지전환 가속화 공약에는 2040년까지 석탄화력발전 폐쇄, 햇빛 바람 연금 확대, 농가태양광 설치로 주민소득 증대 및 에너지 자립 실현, 태양광 이격거리 규제 및 재생에너지 직접구매(PPA) 개선 등이 세부 항목으로 제시됐다."
1895,context,0.1942,neutral,0.9655,에너지 관리,E,E_ENERGY__RENEWABLE_TRANSITION,신재생에너지 전환,0.6703509092330933,"신재생에너지 시장 확대를 위해 공공기관 신재생의무비율을 2020년 30%에서 2030년 40%로 상향하고, 공공기관이 RE100 확산에 선도적인 역할을 하도록 하는 참여방안도 들어있다."
1896,context,0.1918,neutral,0.9999,에너지 관리,E,E_ENERGY__RENEWABLE_TRANSITION,신재생에너지 전환,0.6393429636955261,"특히 2030년 국가 온실가스 감축목표(NDC)가 기존 40%에서 50% 이상으로 상향 조정될 가능성이 있어, 석탄화력발전의 단계적 감축과 재생에너지 비중 확대로 이어질 것으로 보인다. 이재명 대통령은 2040년까지 석탄화력발전소를 전면 폐쇄하고, RE100(재생에너지 100% 사용) 실현 등 친환경 에너지 전환을 주요 공약으로 내세웠다."
1897,context,0.1683,neutral,0.9999,에너지 관리,E,E_ENERGY__RENEWABLE_TRANSITION,신재생에너지 전환,0.5611175894737244,새 정부는 기후위기 대응과 탄소중립 실현을 핵심 정책으로 내세우고 있다. 이에 따라 재생에너지 확대 에너지 믹스 다변화 에너지 안보 강화 친환경 산업 전환 등 굵직한 변화가 예고된다. 탄소중립 실현을 위한 법 제도 정비와 신재생에너지 인프라 투자가 한층 가속화될 전망이다.
1898,context,0.1212,neutral,0.9996,에너지 관리,E,E_ENERGY__RENEWABLE_TRANSITION,신재생에너지 전환,0.4040515124797821,"하지만 한국판 뉴딜은 윤석열 정부가 태양광 풍력 등 신재생에너지를 외면하고 원전 중심으로 에너지 정책을 재편하면서 철저히 외면당했다. 이제 신재생에너지 확대와 저탄소 경제를 지향하는 이재명 정부가 다시 들어선 만큼, 한국판 뉴딜에 거론된 정책의 상당부분이 실현 가능한 길로 들어설 것으로 기대된다."
1899,context,0.115,neutral,0.9986,인적자원 관리,S,S_HR__DIVERSITY_INCLUSION,다양성 및 형평성 (DEI),0.383709192276001,"광산으로 인한 물 소비, 오염, 생물 다양성 손실은 지역 생태계에 상당한 영향을 미친다. 특히, 광산은 광산 부지를 건설하고 광산 인프라를 설치하기 위해 직접적으로 토지 사용과 토지 피복의 변화를 유발한다."
1900,context,0.0848,neutral,0.6565,에너지 관리,E,E_ENERGY__RENEWABLE_TRANSITION,신재생에너지 전환,0.43077582120895386,"특히 에너지 전환 광물(energy transition minerals, ETM) 채굴은 소수의 핫스팟에 매우 집중되어 있다. 호주는 경암에서 리튬을 채굴하는 주요 생산국으로, 2022년 기준 전 세계 리튬 공급량의 40% 이상을 공급했다. 전 세계 채굴량의 32%를 차지하는 칠레는 두 번째로 큰 리튬 채굴국이자 염수 기반 주요 생산국이다. 리튬이 풍부한 염수 광상은 남미(아르헨티나, 볼리비아, 칠레)의 리튬 트라이앵글 과 같은 소금 평원에서 발견되며, 이곳은 전 세계에서 가장 많은 리튬 매장량을 보유하고 있다."
1901,opportunity,0.4019,positive,0.9981,에너지 관리,E,E_ENERGY__RENEWABLE_TRANSITION,신재생에너지 전환,0.4027101993560791,투자 자금은 서버 용량 확대와 생성AI 관련 작업을 지원하는 데 사용될 예정이다. 아울러 아마존은 빅토리아주와 퀸즐랜드주에 위치한 신규 태양광 발전소 3곳의 건설에 투자해 이들 발전소에서 총 170메가와트 이상의 전력을 구매할 계획이다.
1902,context,0.0941,neutral,0.9991,인적자원 관리,S,S_HR__DIVERSITY_INCLUSION,다양성 및 형평성 (DEI),0.3140796422958374,"동탄시티병원은 지난 2월과 4월에 이어 이번 6월까지 총 세 차례 연속 무료진료 활동에 참여하고 있으며, 꾸준한 공공의료 실천을 통해 지역 내 건강 형평성 제고에 앞장서고 있다. 병원 측은 오는 8월과 10월에 예정된 추가 행사에도 핵심 의료기관으로 참여할 계획이다."
1903,context,0.2101,neutral,0.9997,기후변화·온실가스,E,E_CLIMATE__SCOPE1_2_EMISSION,Scope 1·2 배출량,0.7006057500839233,"이번 초안은 SBTi가 추진 중인 고배출 산업 대상 부문별 표준 개발의 일환으로, 차량 제조업체가 넷제로 목표 설정시 연료 사용과 폐기 단계까지 포함한 온실가스(GHG) 배출 집약도를 고려하도록 요구한다. 완성차 업체는 저배출 차량 판매 비중 확대를, 부품업체는 소재 조달 제조 과정의 배출 감축과 함께 관련 정보 공개를 의무화하는 내용이 담겼다."
1904,context,0.183,neutral,0.9998,에너지 관리,E,E_ENERGY__RENEWABLE_TRANSITION,신재생에너지 전환,0.6100777983665466,"국회는 재생에너지 조달에 있어서도 국회의사당 지붕, 주차장, 솔라아치, 가로등을 활용해 3MW(메가와트) 규모로 자체적인 에너지를 생산할 계획이다. 자체 생산을 우선시하되 부족한 전력은 햇빛발전협동조합 등 시민참여 재생에너지를 우선으로 직접구매(PPA)에 나설 것이라고 말했다."
1905,context,0.1766,neutral,0.9999,에너지 관리,E,E_ENERGY__RENEWABLE_TRANSITION,신재생에너지 전환,0.588525652885437,"이날 선언식에서는 국회의사당, 국회도서관 그린 리모델링을 통한 건물 에너지 효율 33% 향상 기존 국회 냉난방을 위한 화석연료 시스템 대신 다양한 에너지원 도입 자체 생산 및 직접구매(PPA)를 통한 재생에너지 조달 2030년까지 국회 소유 차량 100% 무공해차 전환 등 4개 수단을 중심으로 한 2035 국회 탄소중립 로드맵이 발표됐다."
1906,context,0.227,neutral,0.9997,에너지 관리,E,E_ENERGY__RENEWABLE_TRANSITION,신재생에너지 전환,0.7570065259933472,이어 전력 직접구매제도(PPA)의 개편 내용과 SK어드밴스드의 도입 사례 태양광 자가발전을 이용한 RE100 달성 방법 태양광 발전을 통한 산업단지 RE100 사업제안과 신사업(임대 리스사업) 방안 등의 주제 발표가 예정되어 있다.
1907,context,0.2135,neutral,0.9999,에너지 관리,E,E_ENERGY__RENEWABLE_TRANSITION,신재생에너지 전환,0.7116526365280151,이번 세미나에선 달라질 태양광 발전 제도의 변화와 기업의 대응방안 분산특구 운영과 산업 활성화 및 규제 합리화를 위한 혜택 제공방안 태양광 발전을 통한 산단 RE100 추진사례 및 공공 PPA 사업 사례 RE100 이행을 위한 기업들의 준비 방안과 이행 사례에 대한 발제가 이어진다.
1908,context,0.1959,neutral,0.9999,에너지 관리,E,E_ENERGY__RENEWABLE_TRANSITION,신재생에너지 전환,0.6531932950019836,한국미래기술교육연구원(대표 박희정)이 내달 10일 달라진 태양광 시장의 구조 및 제도 변화와 RE100 이행방안 세미나 RPS 개편 경쟁입찰 분산특구 RE100 PPA 외 를 여의도 FKI타워 사파이어홀에서 온오프라인 동시 개최한다고 밝혔다.
1909,opportunity,0.4511,positive,0.9236,에너지 관리,E,E_ENERGY__RENEWABLE_TRANSITION,신재생에너지 전환,0.48844510316848755,"구체적으로 엔라이튼은 자체 개발한 태양광 발전소 모니터링 장치(RTU)에 인텔렉투스의 실시간 AI 영상 분석 기술 및 데이터 처리 미들웨어 시스템(int2ConneX)이 적용된 Edge AI 장치를 접목해, 현장 중심의 Edge-AI 모니터링 시스템을 구축할 계획이다."
1910,opportunity,0.5653,positive,0.9995,에너지 관리,E,E_ENERGY__RENEWABLE_TRANSITION,신재생에너지 전환,0.5656155943870544,이번 협약을 통해 양사는 AI 영상 분석 기술과 실시간 데이터 처리 역량을 융합한 스마트 운영 시스템을 공동 개발한다. 이를 통해 태양광 발전소의 운영 효율성과 안정성 향상을 동시에 향상시킬 수 있을 것으로 기대된다.
1911,context,0.1764,neutral,0.9991,에너지 관리,E,E_ENERGY__RENEWABLE_TRANSITION,신재생에너지 전환,0.5884331464767456,"참여 기업들은 3조1000억원 규모의 환경설비 개선에 나선다. 탈질 탈황 설비, 저녹스버너, 고효율 집진기 등 저감 장비를 도입하고 일부 사업장엔 신재생에너지 설비도 설치할 계획이다. 이와 함께 나무 식재, 정화벽 설치 등 환경개선 활동도 병행해 사업장 내외부의 대기환경 질을 전반적으로 높이기로 했다."
1912,context,0.1268,neutral,0.9999,에너지 관리,E,E_ENERGY__RENEWABLE_TRANSITION,신재생에너지 전환,0.4227239191532135,"또 광주와 전남 전북 일대에 RE100 산업단지를 조성하고, 해남에는 재생에너지 기반의 세계 최대 AI 데이터센터 구축을 지원할 방침이다."
1913,context,0.1598,neutral,0.9998,윤리경영·준법,G,G_ETHICS__ANTI_CORRUPTION_COMPLIANCE,반부패 및 컴플라이언스,0.5327704548835754,김지형 SPC 컴플라이언스 위원장은 위원회는 SPC그룹에 준법 문화가 완전히 정착되는 것을 목표로 준법 감시 역할을 수행하겠다고 말했다.
1914,context,0.19,neutral,0.9923,윤리경영·준법,G,G_ETHICS__ANTI_CORRUPTION_COMPLIANCE,반부패 및 컴플라이언스,0.638237476348877,SPC 컴플라이언스 위원회는 지난 16일 1차 회의를 열고 SPC그룹의 준법이슈 점검과 함께 컴플라이언스 시스템 구축현황을 검토했다. 특히 최근 SPC삼립에서 발생한 사망사고에 대해 우려를 표명하며 안전사고에 대한 심층적인 원인 조사 등 후속조치를 진행할 것을 권고했다.
1915,context,0.1911,neutral,0.9998,윤리경영·준법,G,G_ETHICS__ANTI_CORRUPTION_COMPLIANCE,반부패 및 컴플라이언스,0.6370973587036133,19일 SPC그룹 등에 따르면 SPC 컴플라이언스 위원회는 독립성과 객관성을 확보하기 위해 위원장 외에 외부 위원 3명과 회사 내부 위원 1명이 참여해 윤리 준법 관련 정책과 규정을 심의하고 의결한다. 이를 위해 SPC그룹 내 실무를 전담하는 사무국을 별도로 설치해 운영한다.
1916,context,0.1576,neutral,0.9999,에너지 관리,E,E_ENERGY__RENEWABLE_TRANSITION,신재생에너지 전환,0.5254844427108765,"개정안에 따라 에너지 성능을 강화한 공동주택은 매년 세대당 약 22만원의 에너지 비용 절감이 가능할 것으로 국토부는 추산했다. 아울러 추가 건설비용도 전용면적 84 기준 세대당 130만원 수준으로, 특히 신재생에너지 설비 등으로 건물의 에너지 자립률이 높아지는 만큼 추가 비용은 5 6년이면 회수 가능하다고 설명했다."
1917,context,0.1768,neutral,0.9979,에너지 관리,E,E_ENERGY__RENEWABLE_TRANSITION,신재생에너지 전환,0.590465247631073,"시방기준도 성능기준과 유사한 에너지 절감 효과를 내도록 항목별 에너지 성능 기준을 강화한다. 창 단열재와 강재문 기밀성능 등급이 각각 2등급에서 1등급으로 상향됐고 단위면적( )당 조명 밀도는 8W 이하에서 6W 이하로 줄어든다. 또 태양광, 지열 등 신재생에너지 설계 점수가 25점에서 50점으로 강화되고 환기용 전열교환기 설치도 의무화된다."
1918,context,0.1768,neutral,0.9979,에너지 관리,E,E_ENERGY__EFFICIENCY_CONSUMPTION,에너지 소비 및 효율화,0.590465247631073,"시방기준도 성능기준과 유사한 에너지 절감 효과를 내도록 항목별 에너지 성능 기준을 강화한다. 창 단열재와 강재문 기밀성능 등급이 각각 2등급에서 1등급으로 상향됐고 단위면적( )당 조명 밀도는 8W 이하에서 6W 이하로 줄어든다. 또 태양광, 지열 등 신재생에너지 설계 점수가 25점에서 50점으로 강화되고 환기용 전열교환기 설치도 의무화된다."
1919,context,0.1684,neutral,0.9998,에너지 관리,E,E_ENERGY__EFFICIENCY_CONSUMPTION,에너지 소비 및 효율화,0.5616544485092163,이에 따라 민간 건설사 등은 30세대 이상 공동주택을 신축할 때 에너지 성능기준 또는 시방기준 가운데 하나를 선택해 ZEB 5등급 수준의 에너지 성능을 충족해야 한다. 성능기준은 최종 달성해야 할 에너지 절감 효과나 기능적 성능만 정하고 방법은 자유롭게 택하는 방식이다. 시방기준을 선택하면 어떤 자재를 사용할지 등 구체적 절차와 방법을 미리 정하게 된다.
1920,context,0.0977,neutral,0.6608,에너지 관리,E,E_ENERGY__RENEWABLE_TRANSITION,신재생에너지 전환,0.49301400780677795,"GEM이 17일 발표한 보고서에 따르면, 중국은 이미 세계 최대 석탄 생산국이자 태양광 발전 강국으로서 수십 개의 태양광 발전소를 폐광 부지에 건설했다. 이 밖에도 호주, 인도네시아, 미국 등에서 태양광 발전에 적합한 대규모 폐광지가 많아 잠재력이 크다고 밝혔다. 이 같은 태양광 발전 사업은 폐광이 위치한 지역에 새로운 일자리를 창출하고, 산업 활동으로 훼손된 토지 복원에도 긍정적인 영향을 미칠 것으로 기대된다."
1921,context,0.1857,neutral,0.9999,에너지 관리,E,E_ENERGY__RENEWABLE_TRANSITION,신재생에너지 전환,0.6191146969795227,"국정기획위원회는 19일 산업통상자원부로부터 재생에너지 확충 노력, 에너지 고속도로 건설, RE100 산단 추진 등 에너지정책 관련 세 가지 핵심 내용이 포함된 업무 보고를 받았다."
1922,context,0.1655,neutral,0.9982,기후변화·온실가스,E,E_CLIMATE__SCOPE3_EMISSION,Scope 3 배출량,0.552648663520813,새 지침은 석유 가스 사용 과정에서 발생하는 스코프 3(Scope 3) 또는 다운스트림 온실가스 배출량을 정부의 채굴 승인 평가에 포함하도록 명시했다. 이는 지난해 영국 대법원이 개트윅 공항 인근 유정 승인 과정에서 스코프 3 배출을 고려하지 않은 점을 문제 삼은 판결에 따른 후속 조치다.
1923,context,0.1685,neutral,0.9996,안전보건,S,S_SAFETY__OCCUPATIONAL_HEALTH_MANAGEMENT,사업장 안전보건 관리체계,0.561961829662323,해양오염을 방지하기 위한 런던협약과 런던의정서 당사국들은 해상 CCS와 관련된 여러 기술 지침 가운데 하나로 지난 2006년 해저 지질 구조물 CO2 격리 위험 평가 및 관리 프레임워크(Risk Assessment and Management Framework for CO2 Sequestration in Sub-Seabed Geological Structures) 를 채택했다. 한국은 런던협약과 런던의정서 당사국이다.
1924,context,0.152,neutral,0.9915,에너지 관리,E,E_ENERGY__RENEWABLE_TRANSITION,신재생에너지 전환,0.5111422538757324,"한편 RE100은 기업이 사용하는 전력의 100%를 재생에너지로 전환하겠다는 목표 아래 운영되는 글로벌 캠페인으로, 애플 구글 등 전 세계적으로 많은 기업들이 참여하고 있다. 현재 한국에서도 180개 이상의 RE100 회원사가 활동 중이다."
1925,context,0.1641,neutral,0.9997,에너지 관리,E,E_ENERGY__RENEWABLE_TRANSITION,신재생에너지 전환,0.5470669269561768,"클라이밋그룹의 헬렌 클락슨 CEO는 한국이 2030년까지 재생에너지 목표를 33%로 상향하고 PPA 제도를 개선한다면, 이는 투자 유치는 물론 에너지 안보 강화와 한국 경제의 경쟁력 제고에도 크게 기여할 것 이라며, 이재명 대통령이 취임사에서 RE100에 분명한 의지를 보인 만큼, 신정부 및 RE100 회원사들과 함께 이 비전을 실현해 나가기 위한 협력을 기대하고 있다 고 밝혔다."
1926,context,0.1648,neutral,0.9998,에너지 관리,E,E_ENERGY__RENEWABLE_TRANSITION,신재생에너지 전환,0.549471914768219,"또한 이재명 대통령이 공약으로 내세운 재생에너지 전력구매계약(PPA) 제도 개선 방향에 대해 환영의 뜻을 밝히는 한편, 실효성을 높이기 위한 보완책도 함께 제안했다. PPA 제도가 실질적으로 작동하기 위해서는 사용료 및 부대 비용의 투명한 책정 제한적인 계약 조건의 완화 복잡한 행정 절차의 간소화 등 구체적인 제도 정비가 병행되어야 한다고 강조했다."
1927,context,0.1499,neutral,0.9088,에너지 관리,E,E_ENERGY__RENEWABLE_TRANSITION,신재생에너지 전환,0.5497069954872131,"한국 내 RE100 회원사들의 연간 전력 소비량은 약 68TWh에 달하며, 이는 한국 전체 전력 사용량의 10%를 웃도는 규모로 실질적인 수요 기반이 충분히 존재한다. 따라서 정부가 기업의 재생에너지 접근성을 높일 수 있도록 제도를 정비한다면 단기간 내 재생에너지 시장의 확장 가능성은 충분하다는 평가다."
1928,context,0.1499,neutral,0.9088,기후변화·온실가스,E,E_CLIMATE__SCOPE1_2_EMISSION,Scope 1·2 배출량,0.5497069954872131,"한국 내 RE100 회원사들의 연간 전력 소비량은 약 68TWh에 달하며, 이는 한국 전체 전력 사용량의 10%를 웃도는 규모로 실질적인 수요 기반이 충분히 존재한다. 따라서 정부가 기업의 재생에너지 접근성을 높일 수 있도록 제도를 정비한다면 단기간 내 재생에너지 시장의 확장 가능성은 충분하다는 평가다."
1929,context,0.1535,neutral,0.999,에너지 관리,E,E_ENERGY__RENEWABLE_TRANSITION,신재생에너지 전환,0.5122657418251038,"한국은 기업 차원의 재생에너지 수요가 지속적으로 증가하고 있음에도 불구하고, 제도적 제약으로 인해 실제 조달률이 매우 낮은 수준에 머물러 있다. 2024년 기준, 한국 내 RE100 회원사들의 재생에너지 조달률은 평균 12%에 불과하며, 이는 글로벌 평균 53%는 물론 중국(59%), 일본(36%), 베트남(58%) 등 인근 국가들과 비교해도 현저히 낮다."
1930,context,0.1609,neutral,0.9992,에너지 관리,E,E_ENERGY__RENEWABLE_TRANSITION,신재생에너지 전환,0.5369462966918945,"한국사회책임투자포럼 양춘승 CEO는 국내 기업들도 글로벌 경쟁력 강화를 위해 재생에너지 전환에 적극적인 의지를 보이고 있지만, 여전히 높은 비용과 제한된 공급 여건으로 인해 실질적인 전환 자체에 어려움을 겪고 있다 며, 이번 공개서한은 재생에너지를 둘러싼 구조적 한계를 해소할 정책적 방안을 제안하기 위해 마련됐다 고 밝혔다."
1931,context,0.1497,neutral,0.9981,에너지 관리,E,E_ENERGY__RENEWABLE_TRANSITION,신재생에너지 전환,0.500070333480835,한국 RE100 기업 재생에너지 조달률 12%...글로벌 평균은 53%
1932,context,0.2349,neutral,0.9999,에너지 관리,E,E_ENERGY__RENEWABLE_TRANSITION,신재생에너지 전환,0.7830789685249329,이번 공개서한에는 국가 온실가스 감축목표(NDC) 상향 전력망 인프라 투자 재생에너지 전력구매계약(PPA) 제도 개선 등 한국의 재생에너지 전환을 위한 핵심 정책 과제가 담겼다.
1933,context,0.1042,neutral,0.7302,에너지 관리,E,E_ENERGY__RENEWABLE_TRANSITION,신재생에너지 전환,0.4757770299911499,"이를 통해 미국 매사추세츠주에 본사를 둔 미쓰비시 자회사 넥샘프(Nexamp)가 현재 110만 킬로와트(kW)인 태양광 발전 용량을 2028년까지 290만kW로 늘릴 예정이다. 또한 넥샘프는 미국이 부과하는 수입 장비 관세를 회피하기 위해 현재 주로 동남아시아산 패널을 사용하고 있으나, 앞으로는 실팹 솔라(Silfab Solar) 등 미국산 패널로 전환할 계획이라고 신문은 전했다."
1934,context,0.1036,neutral,0.9822,에너지 관리,E,E_ENERGY__RENEWABLE_TRANSITION,신재생에너지 전환,0.35176828503608704,일본 미쓰비시 상사가 자회사를 통해 미국 태양광 발전 사업에 39억 달러를 투자할 예정이라고 현지 언론 닛케이신문이 20일 보도했다.
1935,context,0.2175,neutral,0.9998,에너지 관리,E,E_ENERGY__EFFICIENCY_CONSUMPTION,에너지 소비 및 효율화,0.7251589298248291,"이중중대성 평가 분석에는 기후변화 대응 및 에너지 절감, 폐기물 및 오염물질 관리, 조직문화와 인권경영 고도화, 제품 안전 및 품질 관리, 정보보호, 윤리 준법 경영 등 중대 이슈를 도출하고, 이에 대한 전략, 성과를 종합적으로 정리했다. ESG 활동현황 에는 환경 사회 지배구조 활동과 실행 실적을 담아내 보고서의 진정성을 더했다."
1936,opportunity,0.5963,positive,0.9996,인적자원 관리,S,S_HR__DIVERSITY_INCLUSION,다양성 및 형평성 (DEI),0.5965269804000854,"지난해에는 실질적인 장애인 고용 환경 조성을 위해 동아쏘시오그룹 전 직원 대상 장애인 고용확대 아이디어 공모전을 실시했으며, 시각장애인 공연단인 한빛예술단을 초청해 문화체험형 장애인 인식 개선 교육을 진행했다."
1937,opportunity,0.4198,positive,0.955,인적자원 관리,S,S_HR__DIVERSITY_INCLUSION,다양성 및 형평성 (DEI),0.4396171569824219,"이종성 한국장애인고용공단 이사장은 이번 협약을 통해 동아쏘시오그룹과 장애인 고용 확대를 위해 함께 할 수 있는 계기를 마련한 것은 큰 의미가 있다 면서, 공단은 장애인과 함께하는 사회적 책임경영 실현을 위해 아낌없이 지원하겠다 고 전했다."
1938,opportunity,0.4197,positive,0.9996,인적자원 관리,S,S_HR__DIVERSITY_INCLUSION,다양성 및 형평성 (DEI),0.4199100434780121,이번 협약을 통해 동아쏘시오그룹과 한국장애인고용공단은 장애인 고용 확대와 고용 안정을 위한 상호 협력 체계를 구축하는 데 힘을 모으기로 했다.
1939,opportunity,0.5165,positive,0.9993,인적자원 관리,S,S_HR__DIVERSITY_INCLUSION,다양성 및 형평성 (DEI),0.516886830329895,"동아쏘시오그룹은 한국장애인고용공단과 지난 23일 서울 용두동 본사에서 장애인 고용 및 ESG(환경, 사회, 지배구조)경영 실천을 위한 장애인 고용증진 협약식을 가졌다고 25일 밝혔다."
1940,context,0.1556,neutral,0.9758,에너지 관리,E,E_ENERGY__RENEWABLE_TRANSITION,신재생에너지 전환,0.5316007137298584,"정부는 한전, 전력거래소 등으로 전력망 정보들이 분산돼 태양광 등 신재생에너지 발전량을 실시간 파악하고 제어하는 데 어려움이 발생하자 통합 운영 시스템 구축을 추진했다."
1941,context,0.0956,neutral,0.5003,윤리경영·준법,G,G_ETHICS__ANTI_CORRUPTION_COMPLIANCE,반부패 및 컴플라이언스,0.6370652914047241,"유한화학은 이러한 미래 세대의 지속가능한 환경을 만들기 위한 기후 변화 대응 노력 등 ESG 경영 실천을 위한 다양한 활동을 지속적으로 추진하고 있다. 유엔글로벌콤팩트 (UN GC) 공식 가입을 통해 인권, 노동, 환경, 반부패 등 UN GC의 원칙 및 목표를 경영 중심에 두고 있으며, 환경 안전보건 분야의 국제 표준의 인증 취득, 그리고 지속가능경영보고서 발간을 통한 투명한 정보 공시 등 기업의 사회적 책임을 실천하고 있다."
1942,opportunity,0.6076,positive,0.9981,에너지 관리,E,E_ENERGY__RENEWABLE_TRANSITION,신재생에너지 전환,0.6087262630462646,이번 시스템 구축으로 기존 한전이 관리하던 전력거래계약(PPA) 발전량도 시스템 연결을 통해 전력거래소에서 통합 실측 기반으로 관리한다.
1943,context,0.1556,neutral,0.9758,에너지 관리,E,E_ENERGY__RENEWABLE_TRANSITION,신재생에너지 전환,0.5316007137298584,"정부는 한전, 전력거래소 등으로 전력망 정보들이 분산돼 태양광 등 신재생에너지 발전량을 실시간 파악하고 제어하는 데 어려움이 발생하자 통합 운영 시스템 구축을 추진했다."
1944,context,0.2086,neutral,0.9955,기후변화·온실가스,E,E_CLIMATE__SCOPE1_2_EMISSION,Scope 1·2 배출량,0.6983760595321655,"산업부는 이 같은 공공기관의 전력 사용 데이터를 공개하는 오픈 플랫폼인 그린버튼을 개편하고, 그린버튼으로 확인되는 전력 사용량 등 지표를 공공기관 경영평가에 반영할 계획이다. 경영평가에는 기존 에너지 사용량 절감 실적은 완화하고, 동 하절기 온라인 점검 참여율과 에너지 절약 추진위원회 운영 실적 등 2개 지표를 추가하는 방안이 추진된다."
1945,opportunity,0.3862,positive,0.6653,에너지 관리,E,E_ENERGY__EFFICIENCY_CONSUMPTION,에너지 소비 및 효율화,0.5804441571235657,올여름 전력 피크 예상 기간 안정적인 전력 운용을 위해 정부가 공공기관의 에너지 절감을 유도한다.
1946,opportunity,0.4791,positive,0.9907,에너지 관리,E,E_ENERGY__RENEWABLE_TRANSITION,신재생에너지 전환,0.4836198389530182,"싱가포르 전력시장 자료에 따르면 5월 국가 태양광 발전량은 지난해 3월 이후 가장 빠른 속도로 증가했으며, 재생에너지 수입은 3개월 연속 상승해 2년 만에 최고치를 기록했다. 국토 면적이 작은 싱가포르는 2035년까지 전체 전력 수요의 약 3분의 1을 수입한 청정에너지 수입로 충당할 것으로 예상되고 있다."
1947,context,0.1319,neutral,0.824,에너지 관리,E,E_ENERGY__RENEWABLE_TRANSITION,신재생에너지 전환,0.5337463617324829,싱가포르가 지난 5월 한달간 생산한 발전량에서 재생에너지 비중이 2.58%로 사상 최고치를 기록했다. 이는 재생에너지 수입 확대와 자국 내 태양광 발전의 가속화에 따른 결과다.
1948,context,0.1885,neutral,0.9999,에너지 관리,E,E_ENERGY__EFFICIENCY_CONSUMPTION,에너지 소비 및 효율화,0.6285631656646729,"6대 핵심 이슈는 기후변화 대응 및 에너지 절감, 폐기물 및 오염물질 관리, 조직문화와 인권 경영 고도화, 제품 안전 및 품질 관리, 정보보호, 윤리 준법 경영 등이다."
1949,context,0.1159,neutral,0.997,에너지 관리,E,E_ENERGY__RENEWABLE_TRANSITION,신재생에너지 전환,0.3873593807220459,"재생에너지 사용량이 증가하면서 재생에너지 전환율도 늘었다고 밝혔다. 지난해 삼성전자의 재생에너지 전환율은 31.4%였으며, 2023년과 2022년은 각각 31.0%와 30.7%였다."
1950,context,0.1736,neutral,0.9996,에너지 관리,E,E_ENERGY__RENEWABLE_TRANSITION,신재생에너지 전환,0.5790784955024719,"LG전자도 이날 발간한 지속가능경영보고서를 통해 지난해 국내외 사업장에서 97% 이상의 폐기물 재활용률을 달성했으며, 온실가스 배출량을 2030년 목표치에 근접하는 수준까지 감축했다고 밝혔다. 재활용 플라스틱 사용은 전년 대비 36% 늘렸으며, 재생에너지 전환율은 14.4%를 달성했다."
1951,context,0.1019,neutral,0.6674,에너지 관리,E,E_ENERGY__RENEWABLE_TRANSITION,신재생에너지 전환,0.5090817213058472,"엠버의 선임 데이터 분석가 니콜라스 풀검(Nicolas Fulghum)은 한국의 전력 구성에서 화석 연료의 역할은 한국이 새로운 전력 공급원으로 전환하면서 감소하고 있다 라며 최근 몇 달 동안 태양광 발전의 보급 속도가 빨라지고 있지만 한국은 풍력, 태양광, 배터리의 빠른 보급을 주도하는 다른 선진국에 비해 여전히 뒤처져 있다라고 분석했다."
1952,risk,0.4124,negative,0.8326,에너지 관리,E,E_ENERGY__RENEWABLE_TRANSITION,신재생에너지 전환,0.49528494477272034,"화석연료 발전 감소를 견인한 또 다른 축은 태양광 발전의 급성장이다. 2025년 4월 태양광 발전은 전체 전력의 9.2%를 차지하며, 이전 최고치였던 2024년 5월 8.7%를 넘어섰다. 발전량은 4TWh로, 2021년 4월(2.3TWh)의 거의 두 배에 이른다. 2025년 1 5월 설치된 신규 태양광 설비는 1.56GW로, 전년 동기 대비 61% 증가하며 2년간 이어진 감소세를 반전시켰다."
1953,context,0.1597,neutral,0.9999,에너지 관리,E,E_ENERGY__RENEWABLE_TRANSITION,신재생에너지 전환,0.5322078466415405,하지만 최근 봄 가을철 등 경부하기 전력망 운영의 난도가 높아지면서 신재생에너지 발전량을 실시간으로 파악 제어하는 일이 더욱 중요해졌다.
1954,context,0.2005,neutral,0.9946,기후변화·온실가스,E,E_CLIMATE__SCOPE3_EMISSION,Scope 3 배출량,0.6721170544624329,구체적인 KPI로 고객과 공급망의 Scope 3 배출까지 관리하는 BASF의 전략은 화학 산업 스코프 3 해결의 교과서이며 전범( )이다. TripleS와 순환 경제 솔루션(Loop Solutions)으로 고객의 Scope 3 감축을 지원하는 BASF의 제품 혁신은 스코프 3 전략의 실천적 모델이다. ESG 전략 공시 성과 연계 수준의 관점에서도 탁월하다.
1955,context,0.1938,neutral,0.9946,기후변화·온실가스,E,E_CLIMATE__SCOPE3_EMISSION,Scope 3 배출량,0.6496004462242126,BASF는 측정할 수 없으면 관리할 수 없다 는 원칙을 충실히 따르고 있다. BASF의 스코프 3 전략은 명확한 정량 목표 설정 공급업체와의 깊이 있는 파트너십을 통한 업스트림 관리 고객의 문제 해결에 초점을 맞춘 다운스트림 제품 혁신이라는 세 개의 축이 유기적으로 연결되어 있다.
1956,opportunity,0.6432,positive,0.9975,기후변화·온실가스,E,E_CLIMATE__SCOPE3_EMISSION,Scope 3 배출량,0.6448053121566772,"셋째, 순환 경제 솔루션(Loop Solutions) 매출 목표를 신설했다. 2030년까지 재활용 재생 원료 사용, 재활용 공정 지원, 제품 수명 연장 등에 기여하는 순환 솔루션을 통해 100억 유로의 매출을 달성하겠다는 목표다. 이는 원료 조달(Upstream)부터 사용 후 폐기(Downstream) 단계까지 가치사슬 전반에 걸친 스코프 3 감축에 기여하는 핵심 동력이다. 2024년 기준 관련 매출액은 57억 유로다."
1957,opportunity,0.5886,positive,0.941,기후변화·온실가스,E,E_CLIMATE__SCOPE3_EMISSION,Scope 3 배출량,0.6254634261131287,"이런 가운데 독일의 세계 최대 종합화학기업 BASF는 고객의 친환경 전환을 뒷받침하는 선도적 화학 회사 가 되겠다는 명확한 목표(Our ambition is to be the preferred chemical company to enable our customers green transformation.) 아래, 공급망 배출량 관리에 대한 구체적이고 체계적인 청사진을 제시하며 업계의 주목을 받고 있다."
1958,context,0.1568,neutral,0.9981,기후변화·온실가스,E,E_CLIMATE__SCOPE3_EMISSION,Scope 3 배출량,0.5237810611724854,"기후 위기 대응의 최종 관문 으로 불리는 스코프 3(Scope 3) 배출량 관리는 수많은 기업에 거대한 도전 과제다. 특히, 여러 산업의 가장 앞단에 위치하며 복잡한 공급망을 가진 화학 산업에게 스코프 3는 더욱 풀기 어려운 숙제다. 스코프 3는 화학산업 전략의 승부처라 할 수 있고, 화학기업의 성패는 그 중 카테고리 1이 결정한다."
1959,context,0.1345,neutral,0.9997,인적자원 관리,S,S_HR__DIVERSITY_INCLUSION,다양성 및 형평성 (DEI),0.44850343465805054,https www.globalreporting.org news news-center transparency-on-workplace-inclusion-and-equal-opportunity
1960,context,0.1817,neutral,0.9948,인적자원 관리,S,S_HR__DIVERSITY_INCLUSION,다양성 및 형평성 (DEI),0.6088557243347168,"GRI는 기존 노동 관련 공시 기준인 GRI 405를 대체하는 다양성 및 포용성(Diversity and Inclusion) 기준과 GRI 406을 대체하는 차별 금지 및 기회 균등 (Non-Discrimination and Equal Opportunity) 기준에 대한 초안을 공개했다. 이 기준은 국제노동기구(ILO)의 협약과 관련 표준을 기반으로 수립됐으며, 의견 수렴 기간은 오는 9월 15일까지다."
1961,context,0.2034,neutral,0.9999,기후변화·온실가스,E,E_CLIMATE__CLIMATE_GOVERNANCE_INVENTORY,기후 거버넌스·인벤토리,0.6781505942344666,"이번 세미나에서는 기후대응 컨트롤타워인 대통령 직속 2050 탄소중립녹색성장위원회의 역할 모색과 함께 부처 개편에 따른 예산 분배 과정 개혁 과제가 중점적으로 논의될 계획이다. 이날 세미나는 탄녹위의 역할, 그리고 탑다운예산제도 를 주제로 이상민 나라살림연구소 수석연구위원의 발제가 진행될 예정이다. 이어 기후 거버넌스의 변화와 기후예산 개혁 을 주제로 최기원녹색전환연구소 경제전환팀장이 발제를 진행한다."
1962,context,0.1232,neutral,0.9971,에너지 관리,E,E_ENERGY__RENEWABLE_TRANSITION,신재생에너지 전환,0.41200560331344604,"중국 서북 지역(신장, 내몽골, 간쑤 등)은 일조량이 풍부하고 토지가 넓어 대규모 태양광 발전단지와 풍력단지가 집중돼 있다. 2024년 말 기준, 서부 12개 성의 신재생에너지 설비용량은 중국 전체의 40%를 차지한다. 그러나 산업과 인구는 수천 킬로미터 떨어진 남부(광둥, 푸젠 등)와 동부에 집중돼 있다. 전력 생산지와 소비지 간 불균형이 한국처럼 심각하다."
1963,opportunity,0.3998,positive,0.996,인적자원 관리,S,S_HR__DIVERSITY_INCLUSION,다양성 및 형평성 (DEI),0.4014437794685364,"동구밭은 전 직원의 50% 이상을 발달장애인으로 고용하고 있으며, 매출이 증가할수록 장애인 고용을 확대하는 선순환 구조를 갖추고 있다. 동구밭 관계자는 앞으로도 더 많은 기업들과 협력해 가치 있는 소비가 확산되길 기대한다 고 밝혔다."
1964,opportunity,0.2877,positive,0.5781,인적자원 관리,S,S_HR__DIVERSITY_INCLUSION,다양성 및 형평성 (DEI),0.4977361857891083,"포장 쓰레기가 남지 않는 지속가능한 구성 , 감각적인 디자인과 실용성 , 발달장애인 고용이라는 사회적 가치 는 ESG 경영 및 사회적 책임과 자연스럽게 맞닿아 있으며, 선물로서의 가치를 더욱 높이고 있다."
1965,context,0.1512,neutral,0.997,인적자원 관리,S,S_HR__DIVERSITY_INCLUSION,다양성 및 형평성 (DEI),0.5054295659065247,"최근에는 공공기관과 대기업 ESG팀으로부터 동구밭의 퍼퓸바와 친환경 선물세트에 대한 대량 구매 문의가 꾸준히 이어지고 있다. 플라스틱 없는 제로웨이스트 구성, 발달장애인 고용이라는 사회적 가치, 실용성까지 더해진 점이 ESG 실천을 위한 기업 선물 및 판촉물로 각광받는 이유다."
1966,context,0.1272,neutral,0.9999,에너지 관리,E,E_ENERGY__EFFICIENCY_CONSUMPTION,에너지 소비 및 효율화,0.42390188574790955,"정기동 쿠팡 가전디지털 본부장은 정부의 내수 활성화 및 에너지 절감 정책에 동참하고, 쿠팡만의 강력한 추가 할인과 편리한 로켓설치 서비스로 고객들의 합리적인 가전 구매를 돕고자 준비한 기획전이라고 말했다."
1967,context,0.1686,neutral,0.9999,인적자원 관리,S,S_HR__DIVERSITY_INCLUSION,다양성 및 형평성 (DEI),0.5619546175003052,먼저 김주온 녹색전환연구소 기후시민팀 연구원이 청년 주도 기후거버넌스 실현을 위한 과제 를 주제로 발제를 맡는다. 이어 기후거버넌스 내 젠더 및 다양성 참여의 현재와 과제 를 주제로 황은정 여성환경연대 연구위원이 발제를 진행한다.
1968,opportunity,0.4749,positive,0.9671,에너지 관리,E,E_ENERGY__RENEWABLE_TRANSITION,신재생에너지 전환,0.4910910725593567,"에너지 싱크탱크 엠버(Ember)가 9일 공개한 자료에 따르면, 6월 EU 전체 전력의 22.1%(45.4TWh)가 태양광 발전을 통해 생산되면서 지난해 동기간보다 18.9% 상승한 것으로 집계됐다. 원전은 21.8%, 풍력은 15.8%를 차지했다."
1969,context,0.1564,neutral,0.9365,에너지 관리,E,E_ENERGY__RENEWABLE_TRANSITION,신재생에너지 전환,0.5567037463188171,지난 6월 유럽연합(EU)에서는 기록적인 일조량과 지속적인 설비 확대로 태양광 발전이 풍력과 원자력 발전을 앞지르며 최초로 전력 생산 비중 1위를 차지했다. 석탄 비중은 사상 최저치를 기록했다.
1970,context,0.1848,neutral,0.9999,에너지 관리,E,E_ENERGY__RENEWABLE_TRANSITION,신재생에너지 전환,0.6159709692001343,"여수석유화학단지는 청정화학산업 전환을 위한 기술 테스트베드로 육성하는 방안이 제시됐다. 전기 가열로 도입을 통해 기초유분 생산공정을 근본적으로 혁신하고, 전남에서 추진 중인 25GW 해상풍력 발전과 5GW 태양광 발전을 활용한 청정 전력 확보가 핵심이다."
1971,context,0.1712,neutral,0.9989,에너지 관리,E,E_ENERGY__RENEWABLE_TRANSITION,신재생에너지 전환,0.571277379989624,"전 세계적으로 RE100, ESG 경영 기조가 강화되면서 재생에너지에 대한 수요와 관심은 빠르게 확대되고 있다. 국내에서도 태양광을 활용한 자가소비 및 기업형 투자 수요가 증가하며, 투자 플랫폼을 통한 재생에너지 참여 방식이 점차 대중화되고 있다. 솔라브리지는 이러한 흐름에 맞춰 투자 접근성을 높이고, 다양한 수익 구조를 제공함으로써 기업과 개인 모두에게 새로운 기회를 열고 있다."
1972,context,0.1291,neutral,0.9292,에너지 관리,E,E_ENERGY__RENEWABLE_TRANSITION,신재생에너지 전환,0.4630378186702728,"솔라브리지를 통한 투자자는 태양광 발전소 프로젝트에 직접 자금을 연계해 평균 수익률은 연 약 13%로, 월 약 1.1% 이자 수익을 거두고 있다. 이는 기존 금융상품과 비교해 경쟁력 있는 수준으로, 많은 투자자들이 솔라브리지를 새로운 포트폴리오 대안으로 주목하고 있다."
1973,opportunity,0.5539,positive,0.9994,에너지 관리,E,E_ENERGY__RENEWABLE_TRANSITION,신재생에너지 전환,0.554230809211731,"태양광 발전은 이제 단순한 전력 생산을 넘어 안정적인 수익을 창출할 수 있는 투자 자산으로 자리 잡고 있다. 솔라브리지는 2022년 1월 금융위원회에 정식 등록된 온라인투자연계금융업체(온투업)로, 금융감독원의 관리 감독 아래 운영되며 투자자 보호 체계를 강화하고 있다."
1974,context,0.1236,neutral,0.7676,에너지 관리,E,E_ENERGY__RENEWABLE_TRANSITION,신재생에너지 전환,0.5365875363349915,"솔라브리지는 태양광 발전소 등 재생에너지 프로젝트를 기반으로 투자자들에게 안정적이고 예측 가능한 수익 기회를 제공하며, 국내 대표 재생에너지 투자 플랫폼으로 자리매김하고 있다. 이번 성과는 신뢰할 수 있는 투자 환경과 철저한 리스크 관리, 투명한 정보 공개를 기반으로 이루어졌다."
1975,context,0.1253,neutral,0.9998,에너지 관리,E,E_ENERGY__RENEWABLE_TRANSITION,신재생에너지 전환,0.41762545704841614,아울러 RE100 산업단지 정책의 성패를 가를 핵심 기업 유치를 뒷받침할 특별법 제정 방안도 TF에서 통해 논의해 나갈 예정이다.
1976,context,0.1648,neutral,0.9998,에너지 관리,E,E_ENERGY__RENEWABLE_TRANSITION,신재생에너지 전환,0.5495949387550354,"부처 간 유기적 협력을 통해 기업 지원, 산단 인프라, 재생에너지 인프라 등 분야에서 가능한 모든 정책 수단을 발굴해 연말까지 RE100 산업단지 조성 계획을 마련할 예정이라고 산업부는 전했다."
1977,context,0.1743,neutral,0.9999,에너지 관리,E,E_ENERGY__RENEWABLE_TRANSITION,신재생에너지 전환,0.5811023116111755,산업통상자원부는 관계 기관 합동 RE100 산업단지 추진 TF를 구성할 계획이라고 10일 밝혔다. 새 정부의 핵심 국정 과제인 RE100 산업단지는 지역의 풍부한 재생에너지를 활용해 입주 기업의 RE100 목표 달성을 뒷받침하는 산업단지다.
1978,context,0.1465,neutral,0.9999,에너지 관리,E,E_ENERGY__RENEWABLE_TRANSITION,신재생에너지 전환,0.4884661138057709,이재명 대통령의 핵심 대선 공약인 RE100(재생에너지 100%) 산업단지 조성 추진 업무를 맡을 범정부 협의체가 꾸려진다.
1979,context,0.1749,neutral,0.9997,에너지 관리,E,E_ENERGY__RENEWABLE_TRANSITION,신재생에너지 전환,0.5830923318862915,"이 밖에도 재생에너지 구매 부대비용 경감, 전력배출계수 연 단위 공고 등이 PPA 활성화를 위한 방안으로 제시됐다."
1980,opportunity,0.3108,positive,0.5751,에너지 관리,E,E_ENERGY__RENEWABLE_TRANSITION,신재생에너지 전환,0.5404857397079468,한경협은 이같은 만성적인 초과수요를 해결하기 위해선 PPA 제도 개선이 시급하다고 강조했다. PPA는 계약기간에 정해진 가격으로 전력을 공급받는 방식을 말한다.
1981,context,0.1535,neutral,0.9999,에너지 관리,E,E_ENERGY__RENEWABLE_TRANSITION,신재생에너지 전환,0.5118361711502075,14일 한국경제인협회의 PPA 제도 활성화를 위한 정책과제 보고서에 따르면 국내 주력산업은 경영 위기와 함께 무탄소 전력 사용 요구 등 이중고를 겪고 있지만 철강 석유화학 등 4대 산업의 경우 전력수요를 무탄소 전력으로 충당할 수 있는 비율이 올해 기준 53.4 에 그치는 것으로 집계됐다.
1982,opportunity,0.5479,positive,0.87,에너지 관리,E,E_ENERGY__RENEWABLE_TRANSITION,신재생에너지 전환,0.6298120021820068,우리 기업들이 효율적으로 무탄소 전력을 수급할 수 있도록 친환경 재생에너지 PPA 범위에 원전 포함해야한다는 얘기다.
1983,context,0.2104,neutral,0.9991,에너지 관리,E,E_ENERGY__RENEWABLE_TRANSITION,신재생에너지 전환,0.7020347714424133,"예를 들면 RE100 이행이나 에너지 효율화 설비투자 등 저탄소 생산 방식으로의 전환을 위한 탄소중립 기술 도입 저탄소 소재나 순환경제 제품 같은 친환경 제품 개발, 장기적인 신뢰 기반의 수익모델로의 전환을 위한 ESG 실사 대응과 납품단가 연동제 등을 통한 공급망 구조 개선 노동권 보호와 안전보건 공시제, 포괄임금제 폐지 등을 통한 노동환경 혁신 등이 여기에 포함된다."
1984,context,0.1034,neutral,0.7363,에너지 관리,E,E_ENERGY__RENEWABLE_TRANSITION,신재생에너지 전환,0.4680803120136261,"오는 2030년 부터 시작되는 애플 등 국내 대기업들의 주요 고객사들의 RE100 달성 시한과 2026 년부터 시행될 유럽연합(EU)의 탄소국경조정제도, 2030년 국가 온실가스 감축목표 등을 고려할 때 단기간에 탄소감축을 달성하지 못하면 한국 경제가 피해를 입게 될 것이라는 설명이다."
1985,risk,0.4975,negative,0.9984,안전보건,S,S_SAFETY__OCCUPATIONAL_HEALTH_MANAGEMENT,사업장 안전보건 관리체계,0.4983329474925995,그러나 지난해 아리셀 참사 당시 사고 사업장이 위험성평가 인정 심사에서 3년 연속 우수사업장으로 인정받은 사실이 드러나면서 위험성 평가의 실효성을 둘러싼 논란이 일기도 했다. 아리셀은 우수사업장 인정으로 산재보험료까지 감면받았던 것으로 드러났다.
1986,opportunity,0.4743,positive,0.9981,에너지 관리,E,E_ENERGY__RENEWABLE_TRANSITION,신재생에너지 전환,0.4752398729324341,"나아가 기아는 올해 중 국내, 미국, 인도, 멕시코, 슬로바키아 사업장에 합산 38MW 규모의 태양광 자체발전 설비를 설치해 모든 생산 거점에서 태양광 발전을 가동할 예정이며, 오는 2027년까지 설비 규모를 62MW로 확장할 계획이다."
1987,context,0.1,neutral,0.6146,에너지 관리,E,E_ENERGY__RENEWABLE_TRANSITION,신재생에너지 전환,0.5425016283988953,기아는 기후변화 대응과 탄소중립 실현을 위해 오는 2040년까지 RE100 달성을 목표로 국내외 사업장에서 재생에너지 사용 확대 및 전력 자체발전 설비 구축을 적극 추진 중에 있다.
1988,opportunity,0.459,positive,0.9998,에너지 관리,E,E_ENERGY__RENEWABLE_TRANSITION,신재생에너지 전환,0.45911338925361633,기아는 지난 2월 체결한 한국남동발전과의 재생에너지 구매계약(PPA)을 통해 기아 국내사업장 중 최초로 오토랜드 화성에 최근 재생에너지 전력을 도입했다고 15일 밝혔다.
1989,context,0.1486,neutral,0.9999,기후변화·온실가스,E,E_CLIMATE__CLIMATE_GOVERNANCE_INVENTORY,기후 거버넌스·인벤토리,0.4953927993774414,서울 국회의원회관 제7간담회의실에서 15일 열린 2035 NDC와 기후거버넌스 여성과 청년이 제안하는 미래의 방향 토론회에서 황은정 여성환경연대 연구위원은 이같이 말했다. 황 연구위원은 탄녹위 2기를 포함한 국내 기후 거버넌스 내 여성 참여위원의 양적인 참여는 증가했으나 위원장 분과장급에 여성 비율은 거의 없는 수준이었다고 지적했다.
1990,context,0.1276,neutral,0.9999,에너지 관리,E,E_ENERGY__RENEWABLE_TRANSITION,신재생에너지 전환,0.42531460523605347,정부는 연내 RE100 산단 조성 방안 및 특별법 제정안 마련을 목표로 격주마다 TF 회의를 진행하기로 했다.
1991,context,0.1846,neutral,0.9999,에너지 관리,E,E_ENERGY__RENEWABLE_TRANSITION,신재생에너지 전환,0.6152500510215759,"이날 회의에서 참석자들은 RE100 산단의 성공적 조성을 위해 재생에너지 인프라 구축, 기업 유치 및 정주 여건 조성, 산단 개발 및 인프라 구축 등 과제를 소관 부처별로 구체화해 나가기로 했다."
1992,context,0.1649,neutral,0.9635,에너지 관리,E,E_ENERGY__RENEWABLE_TRANSITION,신재생에너지 전환,0.5705026388168335,신재생에너지 발전기는 대부분 지역 단위에서 소규모로 운영되고 있어 전력망 운영자가 실시간 전력망 운영 상황에 따라 필요시 공급을 조절할 수 있다.
1993,context,0.1702,neutral,0.9999,에너지 관리,E,E_ENERGY__RENEWABLE_TRANSITION,신재생에너지 전환,0.5672608613967896,RE100 산단 TF는 지난 10일 대통령 주재 수석 보좌관 회의에서 정부의 최우선 정책과제로 보고한 RE100 산단의 상세 추진 계획과 특별법 제정안을 논의하기 위해 구성됐다. RE100 산단은 지역의 풍부한 재생에너지를 활용해 입주 기업의 RE100 목표 달성을 뒷받침하는 산업단지다.
1994,context,0.1252,neutral,0.9999,에너지 관리,E,E_ENERGY__RENEWABLE_TRANSITION,신재생에너지 전환,0.41735371947288513,"산업통상자원부는 16일 서울 중구 대한상공회의소에서 RE100 산단 조성 방안 마련을 위한 관계부처 합동 태스크포스(TF)를 출범하고, 문신학 산업부 1차관 주재로 1차 회의를 개최했다고 밝혔다."
1995,context,0.1574,neutral,0.9033,에너지 관리,E,E_ENERGY__RENEWABLE_TRANSITION,신재생에너지 전환,0.5808524489402771,정부가 태양광 풍력 등 재생에너지 전기로 100% 가동되는 RE100 산업단지 조성에 속도를 낸다.
1996,context,0.1988,neutral,0.9999,에너지 관리,E,E_ENERGY__RENEWABLE_TRANSITION,신재생에너지 전환,0.6628963947296143,"재생에너지 전환 과정에 있어서는 지역별 재생에너지 발전, 에너지 공기업의 역할을 강조했다. 그는 에너지저장장치(ESS), 히트펌프, 태양광, 풍력 등 탈탄소 산업군을 육성하도록 최선을 다하겠다 면서 태양광 풍력 바이오가스 등 지역 특성에 맞는 재생에너지 전환 모델을 발굴하고 지역주민과 이익을 공유함으로써 인구 소멸지역에 활력을 불어넣겠다 고 밝혔다."
1997,context,0.1596,neutral,0.9999,에너지 관리,E,E_ENERGY__RENEWABLE_TRANSITION,신재생에너지 전환,0.5321248173713684,"이재명 대통령의 환경 에너지 공약 입안을 주도한 김 후보자는 이번 청문회에서도 재생에너지 중심, 원자력 발전 보조의 에너지 대전환 을 주장했다. 이 대통령은 대선 후보 당시 재생에너지 사회로의 대전환을 강조하며 RE100 산단 조성 등 재생에너지 확대 공약을 펼쳐온 바 있다."
1998,context,0.1411,neutral,0.9979,에너지 관리,E,E_ENERGY__RENEWABLE_TRANSITION,신재생에너지 전환,0.4712795317173004,"백서에 따르면, 2024년 상반기 신규 자금 집행액 역시 화석연료 분야가 32조 8000억 원, 신재생에너지 분야가 4조 8000억 원으로 에너지 전환을 위한 신규 투자에서도 화석연료가 신재생에너지 대비 약 6.8배 많은 격차를 보였다."
1999,context,0.1763,neutral,0.9684,윤리경영·준법,G,G_ETHICS__ANTI_CORRUPTION_COMPLIANCE,반부패 및 컴플라이언스,0.6068973541259766,"동아쏘시오홀딩스는 지난해 회계 및 세금, 공정 거래, 반부패, 자본시장법, 기업 지배구조, 노동법 등 6개 핵심 영역을 파악해 통제 및 관리하고 있다. 올해는 산업안전보건법을 추가했으며, 향후에는 환경, 정보보호 등 회사가 해당되는 법규에 대해 점진적으로 확대해 나갈 계획이다."
2000,context,0.149,neutral,0.9998,기후변화·온실가스,E,E_CLIMATE__CLIMATE_GOVERNANCE_INVENTORY,기후 거버넌스·인벤토리,0.49681082367897034,"이제 예정보다 5년 앞당겨 온실가스 배출 정점을 지날 중국은, 미국이 스스로 내팽개치고 유럽이 갈팡질팡하는 사이 글로벌 기후 거버넌스의 리더 역할을 자임하게 될지도 모른다. 지구적 기후 재난이 미지의 불확실한 영역으로 진입하는 동안 지구적 기후 거버넌스도 미지의 영역에 들어서고 있다."
2001,context,0.1558,neutral,0.9748,에너지 관리,E,E_ENERGY__RENEWABLE_TRANSITION,신재생에너지 전환,0.5328459739685059,"그 결과 이전에는 풍력 및 태양광 발전소를 건설하는 기업이 2034년 이전에 건설을 시작하면 비용의 최소 30%에 해당하는 세금 공제 혜택을 받을 수 있었지만, 이제는 2026년 7월까지 착공해야 간신히 전체 세액 공제를 받는다. 반면 핵발전, 수력 및 지열 발전, 배터리 시스템 등을 구축하는 기업의 세금 공제 혜택은 기본적으로 2036년까지 유지된다."
2002,opportunity,0.479,positive,0.9975,기후변화·온실가스,E,E_CLIMATE__CLIMATE_GOVERNANCE_INVENTORY,기후 거버넌스·인벤토리,0.4802122414112091,"AIGCC는 특히 한국 기관투자자들이 기후 거버넌스 및 공시 부문에서 진전을 보이고 있다고 평가했다. AIGCC는 이 부문에서 한국 기관투자자들은 아시아 평균과 유사한 수준을 보이고 있으며, 이는 금융 부문이 발달한 선진 시장으로서 예상되는 결과 라고 분석했다."
2003,context,0.1759,neutral,0.9161,에너지 관리,E,E_ENERGY__EFFICIENCY_CONSUMPTION,에너지 소비 및 효율화,0.6400222778320312,"특히 오존층 보호를 위해 친환경 냉매를 적용함으로써 온실가스를 더욱 줄이고 냉난방으로 인한 환경 영향 최소화 및 에너지 효율극대화에 보다 집중하며, 에너지 절감을 위한 다양한 기술을 함께 개발함으로써 불필요한 에너지 소비를 줄이고 외부 에너지 의존도를 낮추어 궁극적으로는 제로 에너지를 통해 탄소 중립을 적극적으로 실현할 수 있다는 것이다."
2004,context,0.1752,neutral,0.9956,윤리경영·준법,G,G_ETHICS__ANTI_CORRUPTION_COMPLIANCE,반부패 및 컴플라이언스,0.5866743922233582,"금융회사 내부통제 시스템, 이른바 컴플라이언스 는 외형적으로는 모든 걸 갖추고 있었다. 그러나 정작 경영진의 일가친척이 대출을 받아 부실화되었을 때, 내부 보고체계는 침묵했고, 이사회의 감시 기능은 작동하지 않았다."
2005,context,0.1703,neutral,0.9999,에너지 관리,E,E_ENERGY__RENEWABLE_TRANSITION,신재생에너지 전환,0.5676145553588867,"정부의 RE100(재생에너지 100%) 산업단지 정책을 두고는 내가 만난, RE100을 주도했던 많은 빅테크들은 RE100을 포기했다고 전했다. 최 회장은 기후변화를 막자는 목표를 향해 가는 길은 여러 길이 존재하고 RE100도 그중 하나라며 하지만 에너지값이 너무 비싸면 아무리 취지가 좋아도 사업을 영위할 방법이 없다고 지적했다."
2006,context,0.1377,neutral,0.9992,인적자원 관리,S,S_HR__DIVERSITY_INCLUSION,다양성 및 형평성 (DEI),0.45949792861938477,또한 올해 다양성 교육을 수료한 중소기업은 내년 가족친화기업 인증심사 시 가점(3점)을 부여하는 등 더 많은 기업의 관심 및 참여 유도를 위한 방안도 마련했다고 밝혔다.
2007,context,0.1537,neutral,0.9998,인적자원 관리,S,S_HR__DIVERSITY_INCLUSION,다양성 및 형평성 (DEI),0.5124703049659729,"여가부는 올해 하반기에 그동안 다양성 교육에 참여한 기업들을 중심으로 심화 교육 과정을 운영하고, 더 많은 기업이 조직문화 개선에 참여할 수 있도록 성과 공유 워크숍을 실시할 계획이다."
2008,context,0.2048,neutral,0.9999,인적자원 관리,S,S_HR__DIVERSITY_INCLUSION,다양성 및 형평성 (DEI),0.6828585863113403,"지난 4월 1차 교육에 이어 두 번째로 실시된 이번 교육은 ESG 및 다양성 공평성 포용성(DEI) 등 세계적 경영 쟁점, DEI 경영을 바탕으로 한 구성원의 업무능률 및 기업성과 향상 등을 위한 전망 제시, ESG 경영 가치 창출을 통한 DEI 전략 공유 등 경영 전략적 관점의 내용을 중심으로 구성됐다."
2009,context,0.1496,neutral,0.9998,인적자원 관리,S,S_HR__DIVERSITY_INCLUSION,다양성 및 형평성 (DEI),0.49867650866508484,여성가족부는 지난 17일 인천 라마다송도호텔에서 인천 지역 소재 130여 개 기업의 최고경영자(CEO)를 대상으로 기업의 다양성 및 일 생활 균형 제고를 위한 2025년 제2차 기업 조직문화 개선 교육을 실시했다고 밝혔다.
2010,context,0.1139,neutral,0.9997,인적자원 관리,S,S_HR__DIVERSITY_INCLUSION,다양성 및 형평성 (DEI),0.37990960478782654,https www.reuters.com sustainability society-equity morningstar-sustainalytics-raises-eu-lending-arms-esg-risk-score-over-military-2025-07-18
2011,context,0.2149,neutral,0.9999,이사회 구조,G,G_BOARD__COMPOSITION_INDEPENDENCE,이사회 구성 및 독립성,0.7165011763572693,이사회 구성의 다양성 확보와 사외이사 책임성 강화도 주요 항목이다. 여성 비금융 출신 법조계 인물 등 다양한 전문성을 가진 이사를 배치해 특정 회장에게 종속된 이사회를 견제하는 구조다. 또 금융 사고와 지배구조 문제의 원인을 책임 회피형 경영 문화 로 보고 올해부터 책무 중심 내부 통제 를 본격 도입하고 있다. 금감원은 특히 회장 CEO 위험관리책임자(CRO) 준법감시인(CCO) 등 경영진 책임 소재를 명확히 하고 개인별 제재를 적용한다는 방침이다.
2012,context,0.2149,neutral,0.9999,인적자원 관리,S,S_HR__DIVERSITY_INCLUSION,다양성 및 형평성 (DEI),0.7165011763572693,이사회 구성의 다양성 확보와 사외이사 책임성 강화도 주요 항목이다. 여성 비금융 출신 법조계 인물 등 다양한 전문성을 가진 이사를 배치해 특정 회장에게 종속된 이사회를 견제하는 구조다. 또 금융 사고와 지배구조 문제의 원인을 책임 회피형 경영 문화 로 보고 올해부터 책무 중심 내부 통제 를 본격 도입하고 있다. 금감원은 특히 회장 CEO 위험관리책임자(CRO) 준법감시인(CCO) 등 경영진 책임 소재를 명확히 하고 개인별 제재를 적용한다는 방침이다.
2013,context,0.1951,neutral,0.9272,안전보건,S,S_SAFETY__OCCUPATIONAL_HEALTH_MANAGEMENT,사업장 안전보건 관리체계,0.7014320492744446,"엔라이튼 이영호 대표는 ISO 45001 인증은 단순한 형식적 절차가 아니라, 현장 중심의 실질적인 안전관리 체계를 구축했다는 점에서 큰 의미가 있다 며 사고 위험을 사전에 예측 예방하고, 임직원과 협력사의 신뢰도를 높여 조직 전반의 안전 문화를 확립하는 데 기여할 것 이라고 말했다."
2014,context,0.2111,neutral,0.9999,안전보건,S,S_SAFETY__OCCUPATIONAL_HEALTH_MANAGEMENT,사업장 안전보건 관리체계,0.7038412094116211,실제로 공사 현장 개선 조치 이행 점검 사고 대응 프로세스 구축 근로자 소통 채널 마련 전사 차원의 위험성 평가 및 리스크 관리 체계 강화 정기적인 임직원 및 협력사 교육 프로그램 운영 등을 통해 사고 위험과 관리 비용을 크게 줄였다.
2015,context,0.1496,neutral,0.7289,안전보건,S,S_SAFETY__OCCUPATIONAL_HEALTH_MANAGEMENT,사업장 안전보건 관리체계,0.6842942237854004,특히 국내 대기업 및 공공기관의 에너지 프로젝트 입찰 시 ISO 45001 인증은 필수 자격 요건으로 요구되거나 평가에서 가산점으로 작용한다. 이에 엔라이튼은 안전보건관리 전담 부서를 중심으로 법령 준수와 체계적인 리스크 관리를 강화해 왔다.
2016,opportunity,0.6575,positive,0.9998,에너지 관리,E,E_ENERGY__RENEWABLE_TRANSITION,신재생에너지 전환,0.6576488614082336,"엔라이튼은 국내 최초로 RE100 태양광 구독 서비스를 상용화했으며, 전국 2만 9,300개소 이상의 발전소를 통합 관리하며 에너지 시장의 패러다임을 혁신해 왔다. 이러한 태양광 EPC(설계 조달 시공), 유지보수 등 대형 프로젝트를 안정적으로 수행하기 위해서는 체계적이고 고도화된 안전관리 시스템 구축이 필수적이다."
2017,context,0.2337,neutral,0.986,안전보건,S,S_SAFETY__OCCUPATIONAL_HEALTH_MANAGEMENT,사업장 안전보건 관리체계,0.7900572419166565,"ISO 45001은 조직이 임직원과 이해관계자의 안전과 건강을 체계적으로 관리하고, 산업재해 및 직업병을 예방하기 위해 마련된 국제 표준 안전보건경영시스템이다. 이번 인증은 엔라이튼이 향후 대형 프로젝트를 수행하고 수주 경쟁력을 강화하는 데 중요한 발판이 될 전망이다."
2018,context,0.1489,neutral,0.9967,에너지 관리,E,E_ENERGY__RENEWABLE_TRANSITION,신재생에너지 전환,0.4979958236217499,"BNEF는 감세법 통과 이후 2030년까지 추가될 신규 풍력 및 태양광 발전, 에너지 저장장치 용량이 23% 감소할 것이라고 기존 전망치를 하향 조정했다. 구체적으로 육상 풍력 50%, 태양광 발전 23%, 에너지저장 장치(ESS)는 7% 감소할 것으로 전망했다."
2019,context,0.1953,neutral,0.9997,에너지 관리,E,E_ENERGY__RENEWABLE_TRANSITION,신재생에너지 전환,0.6513032913208008,산업부는 이번 개정을 통해 소규모 재생에너지 발전설비로도 직접 PPA 제도를 활용할 수 있게 돼 산단 내 중소 중견기업의 RE100 이행을 지원할 수 있게 됐다고 설명했다.
2020,context,0.1663,neutral,0.9998,에너지 관리,E,E_ENERGY__RENEWABLE_TRANSITION,신재생에너지 전환,0.5545109510421753,현행 규정은 재생에너지 발전 설비에서 생산한 전기를 송 배전용 전기설비를 거치지 않고 전기사용자에게 직접 공급하는 경우 발전 용량이 1 를 초과해야 한다. 그러나 산단 내 유휴부지나 지붕 등을 활용해도 1 태양광 발전설비를 설치하는 공간을 확보하기 어려운 실정이었다.
2021,context,0.1733,neutral,0.9998,에너지 관리,E,E_ENERGY__RENEWABLE_TRANSITION,신재생에너지 전환,0.5777024626731873,"직접 PPA는 RE100(재생에너지 100% 사용) 이행 수단 중 하나로, 산업단지와 지방자치단체로부터 용량 요건을 완화해 달라는 규제개선 요구가 지속적으로 제기돼 이번 시행령 개정에 나섰다고 산업부는 설명했다."
2022,context,0.2142,neutral,0.9994,에너지 관리,E,E_ENERGY__RENEWABLE_TRANSITION,신재생에너지 전환,0.7144805788993835,정부가 산업계 RE100 이행을 촉진하기 위해 재생에너지 전기공급사업(직접 PPA) 참여 시 발전 용량 1 (메가와트) 초과 요건을 폐지했다.
2023,context,0.2047,neutral,0.9996,에너지 관리,E,E_ENERGY__RENEWABLE_TRANSITION,신재생에너지 전환,0.6825582981109619,"이에 한경협은 재생에너지 사용기업에 대한 세액공제 도입 송배전망 이용료 지원기간 연장 PPA 부대비용 한시적 면제 또는 경감 해외재생에너지 조달실적의 국내 인정 등 인센티브 4대 과제를 제안했으며, 전력거래소 에너지공단 시스템과 민간 플랫폼 간의 연동도 필요하다고 강조했다."
2024,opportunity,0.2809,positive,0.5188,에너지 관리,E,E_ENERGY__RENEWABLE_TRANSITION,신재생에너지 전환,0.5415317416191101,미국은 특정 지역 내에서 재생에너지 직접 PPA를 통해 전력 거래 시 투자세액공제를 제공해 직접 PPA 계약금액을 절감하도록 하고 있다. 기본 30% 외에 추가 10%의 투자세액공제(ITC)를 제공함으로써 PPA 계약금액에 있어 약 0.02 kWh(28원 kWh) 가량의 비용 절감 효과를 누리고 있다는 것이다.
2025,context,0.1201,neutral,0.7231,에너지 관리,E,E_ENERGY__RENEWABLE_TRANSITION,신재생에너지 전환,0.5533993244171143,"최근 애플, 구글 등 글로벌 대기업들이 협력업체에 RE100 이행을 요구하면서, 국내 수출기업들도 전력구매계약(이하 PPA) 체결 등을 통해 재생에너지 확보에 나서고 있다. 그러나 한경협은 한국의 재생에너지 조달 비용은 미국보다 2배 이상 비싸며, 송배전망 이용료, 부가정산금 등 각종 부대비용까지 기업이 전액 부담하고 있는 실정 이라고 지적했다."
2026,context,0.1711,neutral,0.9998,기후변화·온실가스,E,E_CLIMATE__SCOPE3_EMISSION,Scope 3 배출량,0.5705968737602234,"한경협은 또한 KSSB EU 기타국가 공시제도 모두에 대한 대응하기 위한 데이터 인프라 구축, 인증, 교육 등 정부 차원의 실질적 지원책이 필요 하다면서 공급망 전체를 아우르는 스코프 3(Scope 3) 온실가스 배출 공시는 데이터 확보와 검증의 난이도가 높아, 즉각적 의무화 시 기업에 과도한 부담 이 된다고 토로했다."
2027,opportunity,0.3348,positive,0.9998,에너지 관리,E,E_ENERGY__EFFICIENCY_CONSUMPTION,에너지 소비 및 효율화,0.33482643961906433,삼성전자 관계자는 20여개 환경단체와 소비자가 직접 선정한 결과로 AI를 통한 에너지 절감 기술이 인정받았다고 말했다.
2028,context,0.1534,neutral,0.9944,이사회 구조,G,G_BOARD__COMPOSITION_INDEPENDENCE,이사회 구성 및 독립성,0.514112651348114,"4대 그룹 총수 가운데 이 회장만 유일하게 미등기 임원으로 있는 만큼, 책임경영 차원에서 속히 등기임원으로 복귀해 위기에 빠진 삼성전자를 이끌어야 한다는 목소리가 지속적으로 나온다. 등기임원은 이사회 구성원으로서 기업 경영에 대한 법적 책임을 진다."
2029,context,0.1117,neutral,0.9814,에너지 관리,E,E_ENERGY__RENEWABLE_TRANSITION,신재생에너지 전환,0.3792489767074585,지난 1일 통과한 트럼프 행정부의 하나의 크고 아름다운 법안(One Big Beautiful Bill) 으로 인해 기존 미국 내 그린 투자 5000억달러 규모가 삭감되고 있어 국토이용 및 신재생에너지 프로젝트 인허가가 대폭 느려진 점도 확인된다.
2030,context,0.1459,neutral,0.9987,기후변화·온실가스,E,E_CLIMATE__SCOPE1_2_EMISSION,Scope 1·2 배출량,0.48682254552841187,"국제에너지기구(IEA)가 지난 1월 내놓은 에너지 AI 보고서에 따르면, 데이터센터의 전력 사용량이 2024년 기준 전 세계 사용량의 약 1.5%에 달하며, 2030년까지 2배 수준으로 급증할 것으로 전망됐다."
2031,context,0.1406,neutral,0.9997,에너지 관리,E,E_ENERGY__RENEWABLE_TRANSITION,신재생에너지 전환,0.4689110219478607,"이는 바이든 행정부가 추진해온 재생에너지 중심의 친환경 정책과 정면으로 배치되는 조치로, 풍력 태양광 등 신재생에너지 프로젝트 관련 세액공제와 전기차 최대 7500달러의 보조금 등 청정에너지 인센티브가 대폭 축소된 상황이다."
2032,opportunity,0.4358,positive,0.9211,에너지 관리,E,E_ENERGY__RENEWABLE_TRANSITION,신재생에너지 전환,0.4731703996658325,"유럽연합(EU)의 태양광 발전 설비 보급 속도가 10여 년 만에 처음으로 둔화될 전망이다. 산업계 데이터에 따르면, 일부 국가들이 주택용 태양광 패널에 대한 보조금을 줄이면서 연간 설치량 증가세가 꺾일 것으로 보인다."
2033,context,0.1355,neutral,0.9999,이사회 구조,G,G_BOARD__COMPOSITION_INDEPENDENCE,이사회 구성 및 독립성,0.45181775093078613,그 결과 우리는 불가능해 보였던 코스피 5000 시대를 향해 나아갈 토대를 마련할 수 있다. 세계 선진국은 이미 이사회 독립성과 감사 기능 없이는 자본시장의 신뢰가 불가능함을 깨닫고 제도를 정비해 왔다. 한국 역시 더 이상 늦출 수 없다. 지금이 아니면 기회는 없다.
2034,context,0.1595,neutral,0.9998,이사회 구조,G,G_BOARD__COMPOSITION_INDEPENDENCE,이사회 구성 및 독립성,0.5319373607635498,"기업거버넌스는 국가 경제의 제도적 인프라다. 이사회 독립성과 감사 기능을 제대로 세우면 국내외 투자자는 한국 증시에 대한 신뢰를 회복하고, 기업가치는 재평가될 것이다."
2035,opportunity,0.6552,positive,0.9355,에너지 관리,E,E_ENERGY__RENEWABLE_TRANSITION,신재생에너지 전환,0.7003750801086426,"선정된 산단에는 태양광 등 신재생에너지 설비 보급, 에너지저장장치(ESS) 발전소 건설, 재자원화 생태계 구축, 탄소 감축 기업 컨설팅, 글로벌 탄소 규제 대응, 친환경 설비 보급 등을 지원한다."
2036,context,0.1715,neutral,0.9999,에너지 관리,E,E_ENERGY__RENEWABLE_TRANSITION,신재생에너지 전환,0.5718875527381897,탄소중립산단 대표 모델 구축 사업은 에너지 다소비 산업단지를 대상으로 신재생에너지 설비 확대 및 입주 기업의 에너지 소비 고효율화를 지원해 산단의 탄소 배출을 저감하는 것을 목표로 하는 프로젝트다.
2037,context,0.1092,neutral,0.9998,인적자원 관리,S,S_HR__DIVERSITY_INCLUSION,다양성 및 형평성 (DEI),0.36408865451812744,https www.reuters.com legal government glass-lewis-iss-sue-texas-over-law-limiting-dei-esg-proxy-advice-2025-07-24
2038,context,0.1371,neutral,0.9989,인적자원 관리,S,S_HR__DIVERSITY_INCLUSION,다양성 및 형평성 (DEI),0.4574081003665924,"지난 6월 공화당 소속의 그렉 애벗 텍사스 주지사는 의결권 자문사의 다양성 형평성 포용성(DEI) 및 ESG 관련 권고 활동을 제한하는 법을 제정했다. 이 법은 오는 9월부터 발효될 예정으로, 양사는 텍사스 연방법원에 제출한 소장에서 정부가 ESG와 관련된 자문의 내용을 이유로 의결권 자문 활동을 제한하는 것은 헌법에 위배된다고 주장했다."
2039,context,0.1835,neutral,0.9999,에너지 관리,E,E_ENERGY__RENEWABLE_TRANSITION,신재생에너지 전환,0.61183100938797,"조영준 대한상의 지속가능경영원장은 새 정부가 RE100 산단 조성, 에너지 고속도로 건설 등 재생에너지 지원 정책을 확대할 것으로 예상된다며 기업재생에너지지원센터를 운영하면서 정책 개선 의견을 적극 수렴해 정부에 건의할 계획이라고 말했다."
2040,context,0.1983,neutral,0.9997,에너지 관리,E,E_ENERGY__RENEWABLE_TRANSITION,신재생에너지 전환,0.661092221736908,"대한상의는 2023년부터 현재까지 총 109개 기업에 컨설팅을 지원했으며, 신재생에너지 공급인정서(REC) 구매 11건, 전력구매계약(PPA) 2건 등의 협의를 끌어냈다."
2041,context,0.153,neutral,0.9997,에너지 관리,E,E_ENERGY__RENEWABLE_TRANSITION,신재생에너지 전환,0.5101058483123779,그는 개발도상국은 파리협정 6.2조 협력적 접근법에 따른 온실가스 감축사업을 기회로 여긴다며 이 사업을 통해 투자 유치도 할 수 있어 개도국은 우리나라가 반도체를 보는 것처럼 탄소시장을 본다 고 말했다. 외국 기업이 태양광 발전 시설과 같은 기반시설을 무료로 제공하기 때문에 자본이 부족한 개도국이 온실가스 배출을 줄이고 부를 확보할 수 있는 수단이 된다는 얘기다.
2042,context,0.1337,neutral,0.7595,에너지 관리,E,E_ENERGY__RENEWABLE_TRANSITION,신재생에너지 전환,0.5866485834121704,산업부의 한 관계자는 태양광 발전 사업은 2023년부터 추진된 사업인데 최근에 재생에너지 사업의 추가성 논란이 불거졌다 며 정부가 2023년 투자지원 사업으로 선정한 상태고 추가성에 대한 논의가 필요하다고 말했다.
2043,context,0.0925,neutral,0.6656,에너지 관리,E,E_ENERGY__RENEWABLE_TRANSITION,신재생에너지 전환,0.46314722299575806,이와 함께 베트남에서는 산업통상자원부가 주관하는 태양광 발전사업과 벽돌공장의 공정 변경 사업도 추진되고 있다. 화석연료를 사용해 벽돌을 굽는 공정을 프레스로 찍어내는 공정으로 전환해 온실가스 배출량을 줄이는 사업이다.
2044,opportunity,0.5933,positive,0.8592,에너지 관리,E,E_ENERGY__RENEWABLE_TRANSITION,신재생에너지 전환,0.6905684471130371,한화는 지난해 탄소중립 이행을 위해 5 (메가와트) 전력구매계약(PPA)을 체결했고 이사회 산하 ESG 위원회를 중심으로 기후변화 친환경 정책 등을 관리하고 있다.
2045,opportunity,0.6922,positive,0.9506,에너지 관리,E,E_ENERGY__RENEWABLE_TRANSITION,신재생에너지 전환,0.7281761169433594,"이번 PPA는 2045년 탄소중립 달성 목표와 연계된 전략의 일환으로, 장기간 고정 단가로 태양광 전기를 안정적으로 수급할 수 있어 전기요금 변동성에 대한 리스크 헷지가 가능하다는 점에서도 의미가 크다. 이를 통해 한국 본사 전력 사용량의 약 30%를 재생에너지로 전환할 수 있을 것으로 전망되며, RE100 이행을 위한 실질적인 출발점이 될 것으로 보인다."
2046,opportunity,0.6922,positive,0.9506,기후변화·온실가스,E,E_CLIMATE__SCOPE1_2_EMISSION,Scope 1·2 배출량,0.7281761169433594,"이번 PPA는 2045년 탄소중립 달성 목표와 연계된 전략의 일환으로, 장기간 고정 단가로 태양광 전기를 안정적으로 수급할 수 있어 전기요금 변동성에 대한 리스크 헷지가 가능하다는 점에서도 의미가 크다. 이를 통해 한국 본사 전력 사용량의 약 30%를 재생에너지로 전환할 수 있을 것으로 전망되며, RE100 이행을 위한 실질적인 출발점이 될 것으로 보인다."
2047,opportunity,0.6316,positive,0.9724,에너지 관리,E,E_ENERGY__RENEWABLE_TRANSITION,신재생에너지 전환,0.6495514512062073,"한편, 현대케피코는 지난 6월 30일 12메가와트(MW) 규모의 재생에너지 전력구매계약(PPA)을 체결하고, 2026년부터 재생에너지를 본격 도입할 계획이다. 이는 현대차그룹 계열사들이 공동으로 현대건설과 맺은 PPA 업무협약의 후속 조치로, 연간 약 6,000톤의 탄소 배출 감축 효과가 기대된다."
2048,context,0.2024,neutral,0.9986,윤리경영·준법,G,G_ETHICS__ANTI_CORRUPTION_COMPLIANCE,반부패 및 컴플라이언스,0.6755600571632385,2024년 한 해 동안의 주요 성과도 함께 담겼다. 자연자본 보호 정책 및 프로그램 도입 그린워싱 방지를 위한 내부 검증 프로세스 수립 준법경영인증(ISO 37001 37301) 취득 품질경쟁력우수기업 2년 연속 선정 등 ESG 각 분야에서의 성과가 균형 있게 반영됐다.
2049,context,0.1285,neutral,0.9918,에너지 관리,E,E_ENERGY__RENEWABLE_TRANSITION,신재생에너지 전환,0.4318949282169342,"구글 아시아태평양 지역 청정에너지 담당자인 조르지오 포르투나토는 30일 싱가포르에서 열린 블룸버그 지속가능 비즈니스 서밋에서, 대만은 재생에너지 공급 부족으로 어려움을 겪고 있으며, 일본은 대규모 태양광 발전을 위한 공간이 부족하다고 설명했다. 그는 지열 기술이 아시아에서 잠재력을 가지고 있다고 덧붙였다."
2050,context,0.1069,neutral,0.9997,인적자원 관리,S,S_HR__DIVERSITY_INCLUSION,다양성 및 형평성 (DEI),0.35664719343185425,https www.reuters.com legal government trump-administration-memo-asks-federal-fund-recipients-restrict-dei-2025-07-30
2051,context,0.1058,neutral,0.9996,인적자원 관리,S,S_HR__DIVERSITY_INCLUSION,다양성 및 형평성 (DEI),0.35272711515426636,"지침에는 수혜 기관이 제한해야 할 구체적인 조치들이 담겼다. 여기에는 특정 소수집단을 대상으로 한 교육과 정책, DEI 활동을 벌이는 제3자 단체에 대한 재정 지원 금지 등이 포함된다."
2052,context,0.1137,neutral,0.9997,인적자원 관리,S,S_HR__DIVERSITY_INCLUSION,다양성 및 형평성 (DEI),0.3791922926902771,미 법무부는 30일 연방기금 수혜 기관에 다양성 형평성 포용성(DEI) 프로그램을 금지할 것을 요구하는 지침을 발표했다. 이는 도널드 트럼프 미국 대통령이 지난 1월 취임 이후 추진해온 DEI 해체 정책의 연장선이다.
2053,context,0.1439,neutral,0.9998,에너지 관리,E,E_ENERGY__RENEWABLE_TRANSITION,신재생에너지 전환,0.4797840118408203,"최 회장은 이어 시간이 흐르며 점차 선명해진 것은 우리가 창립 50주년 기념일에 함께 세웠던 미션과 가치들, 그리고 무엇보다 우리 안에 존재하는지조차 몰랐던 연대의 힘이라고 말했다. 그러면서 신재생에너지 및 그린수소, 이차전지 소재, 자원순환을 핵심으로 하는 신사업 구상인 트로이카 드라이브를 통해 경쟁력을 강화하고 새롭게 도약하겠다는 계획을 밝혔다."
2054,context,0.1983,neutral,0.9924,안전보건,S,S_SAFETY__OCCUPATIONAL_HEALTH_MANAGEMENT,사업장 안전보건 관리체계,0.6659842133522034,"이승수 SK엠앤서비스 CSPO는 최근 산업재해에 대한 사회적 경각심이 높아지고 있는 만큼, 안전은 선택이 아닌 필수이며 기업의 책임이자 기본 이라며 이번 ISO 45001 인증은 단순한 시스템 도입을 넘어, 임직원 모두가 안전에 대해 주도적으로 참여하고 책임지는 문화를 정착시킨 결과물로, 앞으로 더 안전하고 건강한 일터를 조성하는데 앞장설 것 이라고 말했다."
2055,opportunity,0.7371,positive,0.9997,안전보건,S,S_SAFETY__OCCUPATIONAL_HEALTH_MANAGEMENT,사업장 안전보건 관리체계,0.7373023629188538,이번 인증 취득을 위해 SK엠앤서비스는 안전보건 전담 조직 운영 사내 위험성 평가 프로세스 고도화 정기적인 내부 심사 및 외부 컨설팅 도입 현장 중심의 안전 교육 프로그램 등 다양한 노력을 기울였다.
2056,context,0.2359,neutral,0.9579,안전보건,S,S_SAFETY__OCCUPATIONAL_HEALTH_MANAGEMENT,사업장 안전보건 관리체계,0.8209817409515381,"ISO 45001은 국제표준화기구(ISO)가 제정한 산업안전보건 관리에 관한 국제 표준으로, 조직이 안전하고 건강한 근무 환경을 조성하고, 산업재해와 질병을 예방하는 데 필요한 체계적인 관리 방식을 갖추었는지를 평가하는 기준이다."
2057,context,0.1717,neutral,0.9996,기후변화·온실가스,E,E_CLIMATE__SCOPE3_EMISSION,Scope 3 배출량,0.5725685358047485,"가장 큰 비중으론 다운스트림 단계에서 건설된 아파트 및 업무시설에 운영에 따른 배출량인 판매제품 사용이 약 171만톤, 업스트림 단계에서 레미콘, 철근, 시멘트 등 구매한 제품 및 서비스가 약 150만톤을 차지했다."
2058,risk,0.3882,negative,0.5179,기후변화·온실가스,E,E_CLIMATE__SCOPE3_EMISSION,Scope 3 배출량,0.7495088577270508,특히 스코프3 배출량 산정 기준이 되는 GHG프로토콜의 15가지 공시 항목 중 회사는 전년도 4개에서 올해 6개 카테고리로 산정 범위를 확대했다고 밝혔다. 여기엔 구매한 제품 및 서비스 자본재 업스트림 운송 및 유통 임직원 출장 판매제품 사용 판매제품 폐기가 포함됐다.
2059,context,0.0931,neutral,0.9992,기후변화·온실가스,E,E_CLIMATE__SCOPE3_EMISSION,Scope 3 배출량,0.31052500009536743,"미국은 플라스틱 오염 저감엔 동의하지만, 자국 기업에 부담이 되는 규제는 반대한다는 입장이다. 이 사안에 정통한 한 소식통은 미국이 조약 범위를 폐기물 처리와 재활용 등 다운스트림 단계에 국한하려 한다고 로이터통신에 전했다."
2060,opportunity,0.5944,positive,0.9899,에너지 관리,E,E_ENERGY__RENEWABLE_TRANSITION,신재생에너지 전환,0.6004305481910706,TK엘리베이터는 2030년 RE100(재생에너지 100% 사용) 달성을 목표로 하고 있다. 이같은 재생에너지 확대는 주로 미국에서의 재생에너지속성인증서(EACs) 구매에 기인했다고 회사는 설명했다.
2061,context,0.1426,neutral,0.9982,에너지 관리,E,E_ENERGY__RENEWABLE_TRANSITION,신재생에너지 전환,0.47622403502464294,"도널드 트럼프 미국 대통령이 재생에너지에 대한 세액공제와 보조금을 폐지했음에도 불구하고, 미국의 태양광 발전 용량은 여전히 성장하고 있는 것으로 나타났다. 에너지 데이터 포털 클린뷰(Cleanview)에 따르면 올해 상반기까지 유틸리티 규모의 태양광 발전 설치 용량은 전년 대비 약 10% 증가한 것으로 나타났다."
2062,context,0.1919,neutral,0.999,에너지 관리,E,E_ENERGY__RENEWABLE_TRANSITION,신재생에너지 전환,0.6402873992919922,전남도는 정부의 전남 RE100(재생에너지 100% 사용) 산업단지와 차세대 전력망 혁신기지 조성과 연계해 지역 내 ESS 산업기반을 체계적으로 구축해 나간다는 방침이다.
2063,context,0.0762,neutral,0.9535,에너지 관리,E,E_ENERGY__RENEWABLE_TRANSITION,신재생에너지 전환,0.2665259838104248,미국 환경보호청(EPA)이 저소득층 커뮤니티에 태양광 발전 확대를 지원하기 위해 마련된 70억 달러 규모의 보조금 프로그램을 종료한다고 7일 밝혔다.
2064,context,0.1977,neutral,0.9999,에너지 관리,E,E_ENERGY__EFFICIENCY_CONSUMPTION,에너지 소비 및 효율화,0.6589720249176025,"일상 업무 분야는 사무공간의 에너지 절감과 자원 절약으로 친환경 업무 환경 조성을 목표로 냉난방 에너지 최소화, 대중교통 이용, 인쇄물 최소화 디지털 전환, 녹색제품 구매 등이 실천 수칙으로 제안됐다."
2065,context,0.0897,neutral,0.5611,에너지 관리,E,E_ENERGY__RENEWABLE_TRANSITION,신재생에너지 전환,0.532702624797821,제주도는 100% 재생에너지(RE100)로 그린수소를 생산 저장 활용하는 통합 플랫폼을 구축한다고 7일 밝혔다.
2066,context,0.2034,neutral,0.9994,에너지 관리,E,E_ENERGY__RENEWABLE_TRANSITION,신재생에너지 전환,0.6783572435379028,"이 외 기업의 재생에너지 전환을 촉진하기 위해 공동 발족한 CoREi를 비롯해 전기차 전환 100%를 위한 EV100, 금융기관의 금융배출량 산정을 촉진하는 PCAF 등 기업과 금융의 ESG 이행을 지원하고 있다고 밝혔다."
2067,context,0.182,neutral,0.9718,에너지 관리,E,E_ENERGY__RENEWABLE_TRANSITION,신재생에너지 전환,0.6242534518241882,"국내 기업이 ESG경영의 중요성은 인식하지만 복잡한 국제 기준과 정보 공개 절차에 어려움을 겪는 가운데, KoSIF는 RE100, EV100, CDP, PCAF, SBTi 등 주요 글로벌 이니셔티브의 국내 파트너로서 기업들이 국제 기준에 맞춰 ESG를 이행할 수 있도록 독려하고 지원하고 있다."
2068,context,0.1731,neutral,0.9911,에너지 관리,E,E_ENERGY__RENEWABLE_TRANSITION,신재생에너지 전환,0.5820825695991516,"원고 측은 국제사회가 탄소중립 달성을 위해 재생에너지 비중 확대를 추진하는 가운데 국내 신재생에너지 발전 비중은 9.5%에 불과하며, 공기업들은 재생에너지 직접 확대보다 REC(재생에너지 인증서) 구매에 의존해 의무를 충족해 왔다면서 이러한 구조가 국제적 기후목표 달성 노력과 국가의 국민 보호의무를 기후위기의 차원에서 구체화한 탄소중립기본법의 취지를 훼손한다고 주장했다."
2069,context,0.157,neutral,0.9975,에너지 관리,E,E_ENERGY__RENEWABLE_TRANSITION,신재생에너지 전환,0.5245194435119629,"기후솔루션 김예니 변호사는 농업인은 기후위기의 최대 피해자 중 하나지만 그 피해 책임은 온실가스를 대량 배출한 발전 공기업에도 있다 며 피고들은 국내 누적 배출의 약 27%, 전 세계 배출의 0.4%를 차지하면서도 재생에너지 전환을 미루고 해외 석탄 투자까지 확대해 왔다 고 지적했다."
2070,context,0.1744,neutral,0.9999,에너지 관리,E,E_ENERGY__EFFICIENCY_CONSUMPTION,에너지 소비 및 효율화,0.5812109708786011,새로운 에너지 절약 설계 기준에서 시방 기준은 현행 기준 점수(민간 65점)를 유지한다. 연면적이 1000 이상인 건축물의 경우 에너지 절감 효과가 높은 창호 태양열 취득 거실 조명 밀도 고효율 냉난방 설비 등 8개 항목을 의무화한다.
2071,context,0.1744,neutral,0.9999,에너지 관리,E,E_ENERGY__EFFICIENCY_CONSUMPTION,에너지 소비 및 효율화,0.5812109708786011,새로운 에너지 절약 설계 기준에서 시방 기준은 현행 기준 점수(민간 65점)를 유지한다. 연면적이 1000 이상인 건축물의 경우 에너지 절감 효과가 높은 창호 태양열 취득 거실 조명 밀도 고효율 냉난방 설비 등 8개 항목을 의무화한다.
2072,opportunity,0.6942,positive,0.9998,윤리경영·준법,G,G_ETHICS__ANTI_CORRUPTION_COMPLIANCE,반부패 및 컴플라이언스,0.6943215131759644,"동아에스티는 2018년 부패방지경영시스템 ISO 37001 인증을 획득하고 2024년 재인증받았다. 또한 동아에스티 생산 시설 송도캠퍼스, 천안캠퍼스, 대구캠퍼스에서는 환경경영시스템 ISO 14001과 안전보건경영시스템 ISO 45001 인증을 획득하며 지속가능경영 실천을 가속화하고 있다."
2073,opportunity,0.6942,positive,0.9998,안전보건,S,S_SAFETY__OCCUPATIONAL_HEALTH_MANAGEMENT,사업장 안전보건 관리체계,0.6943215131759644,"동아에스티는 2018년 부패방지경영시스템 ISO 37001 인증을 획득하고 2024년 재인증받았다. 또한 동아에스티 생산 시설 송도캠퍼스, 천안캠퍼스, 대구캠퍼스에서는 환경경영시스템 ISO 14001과 안전보건경영시스템 ISO 45001 인증을 획득하며 지속가능경영 실천을 가속화하고 있다."
2074,context,0.1627,neutral,0.997,윤리경영·준법,G,G_ETHICS__ANTI_CORRUPTION_COMPLIANCE,반부패 및 컴플라이언스,0.5439493060112,"UNGC는 핵심 가치인 인권, 노동, 환경, 반부패 분야의 10대 원칙을 기업의 운영과 경영전략에 내재화시켜 지속가능성과 기업시민의식 향상에 동참할 수 있도록 권장하고 실질적 방안을 제시하는 세계 최대의 자발적 기업시민 이니셔티브다. 전 세계 167개국 25,000여 개의 기업 및 기관이 참여하고 있다."
2075,risk,0.372,negative,0.803,에너지 관리,E,E_ENERGY__RENEWABLE_TRANSITION,신재생에너지 전환,0.4632232189178467,"중국의 올해 하반기 신규 태양광 발전 설비 증설 속도가 둔화될 것으로 전망된다. 이는 보장 가격제 폐지 등 제도 개혁으로 신규 프로젝트의 불확실성이 커진 데 따른 것이다. 다만, 이같은 불확실성에 대비해 상반기에 설비 설치를 앞당긴 영향으로 연간 기준 증설 규모는 사상 최대를 기록할 가능성이 높다는 분석이 나온다."
2076,context,0.1442,neutral,0.9998,기후변화·온실가스,E,E_CLIMATE__CLIMATE_GOVERNANCE_INVENTORY,기후 거버넌스·인벤토리,0.48088985681533813,"기후변화는 국경을 넘어서는 의제다. 기후 거버넌스의 판도가 재편되는 현 시점에서 한국의 선택은 향후 기후 산업 전략을 좌우할 변곡점이 될 수 있다. 녹색금융 협력, 공급망 연계 등 적극적 참여 전략 없이는 변화하는 질서에서 주변부로 밀려날 가능성이 크다. 한국이 방관자에 머물지, 새로운 규범과 제도를 주도할지는 대응 방식에 달려 있다. 새로운 변화의 흐름 속에서, 한국의 대응의 속도와 방향이 향후 국가 경쟁력과 국제적 위상을 좌우할 것이다."
2077,context,0.1103,neutral,0.9999,에너지 관리,E,E_ENERGY__RENEWABLE_TRANSITION,신재생에너지 전환,0.3678373098373413,"한편 이런 개편을 통해 기후위기 대응 정책을 강화하고, 재생에너지 전환에도 속도가 붙을 것으로 기대되지만 관세 전쟁 등 미국발 통상 불확실성이 큰 상황에서 정부의 통상 대응력이 약화할 수 있다는 우려의 목소리도 있다. 특히 기업들의 걱정이 크다. 에너지정책이 산업 진흥에서 환경 규제 쪽으로 급속히 전환할 수 있기 때문이다."
2078,context,0.1093,neutral,0.695,기후변화·온실가스,E,E_CLIMATE__CLIMATE_GOVERNANCE_INVENTORY,기후 거버넌스·인벤토리,0.524325430393219,"이번 합의는 단순한 양자 협력의 차원을 넘어선다. 기존의 서구 주도 기후 레짐(regime)에서 벗어나 새로운 다극적 기후 거버넌스의 출현을 예고하는 신호로도 읽힌다. 1960년대 아세안(ASEAN)이 냉전 속에서 단일 강국 주도의 틀을 벗어나 합의와 협의를 중시하는 다자 모델을 택하여 다극적 지역 질서를 구축한 것처럼, 기후 분야에서도 글로벌 차원의 다극적 협력 체제 형성 가능성을 엿볼 수 있다."
2079,context,0.1636,neutral,0.9997,기후변화·온실가스,E,E_CLIMATE__CLIMATE_GOVERNANCE_INVENTORY,기후 거버넌스·인벤토리,0.5455386638641357,"나아가 기후 거버넌스의 다극화가, 국제사회의 다양한 행위자들이 각자의 비교 우위와 전문성을 토대로 기후변화 대응에 관여할 수 있는 보다 개방적이고 협력적인 장을 마련할 수 있을지 주목해볼 만하다."
2080,context,0.135,neutral,0.9968,기후변화·온실가스,E,E_CLIMATE__CLIMATE_GOVERNANCE_INVENTORY,기후 거버넌스·인벤토리,0.45157092809677124,"팍스 아메리카나(Pax Americana) 하에서 미국이 주도해온 기후 거버넌스 체제의 영향력이 약화되는 가운데, 이러한 다자간 협력 모델은 글로벌 기후 거버넌스를 보다 분산되고 포용적인 다극 체제로 전환하는 데 중요한 전환점 역할을 한다."
2081,context,0.1896,neutral,0.9988,기후변화·온실가스,E,E_CLIMATE__CLIMATE_GOVERNANCE_INVENTORY,기후 거버넌스·인벤토리,0.6326197981834412,"환경 및 지속가능성 분야의 싱크탱크인 유럽환경정책연구소(Institute for European Environmental Policy, 이하 IEEP )는 각기 다른 강점을 가진 EU와 중국이 기후 거버넌스의 양대 축으로서 정의로운 녹색전환을 함께 이끌어야 한다고 제안하며, 에너지 전환, 기후 적응, 기후 재정 등에서의 상호 보완적 역량을 강조했다(IEEP, 2025)."
2082,context,0.1227,neutral,0.9996,기후변화·온실가스,E,E_CLIMATE__CLIMATE_GOVERNANCE_INVENTORY,기후 거버넌스·인벤토리,0.4091637134552002,이러한 정책 변화는 표면적으로는 미국 내 기업의 규제 부담을 완화하는 효과를 가져올 수 있다. 하지만 장기적으로는 국제사회에서의 신뢰 실추와 협상력 약화라는 훨씬 큰 대가를 치르게 될 가능성이 높다. 국가 차원의 일관된 기후 전략 부재는 글로벌 기후 거버넌스에서 미국의 영향력과 발언권을 현저히 제약하는 요인으로 작용하는 양상이다.
2083,context,0.1587,neutral,0.999,기후변화·온실가스,E,E_CLIMATE__CLIMATE_GOVERNANCE_INVENTORY,기후 거버넌스·인벤토리,0.5295895338058472,"세계 기후 거버넌스가 미국 중심의 단극(hegemonic) 구조에서 다극(multipolar) 체제로 바뀌고 있다. 지난 십여 년간 미국은 기복이 있었으나 파리협정을 주도하고, 재생에너지 산업에 대규모 투자를 진행하며, 국제 기후금융 네트워크를 구축하는 등 글로벌 기후 거버넌스의 핵심 축 역할을 담당해왔다."
2084,context,0.1921,neutral,0.9998,윤리경영·준법,G,G_ETHICS__ANTI_CORRUPTION_COMPLIANCE,반부패 및 컴플라이언스,0.6405654549598694,"LG의 모든 임직원은 미공개 중요정보 이용행위 등 주요 준법경영 리스크를 주제로 한 별도 컴플라이언스 교육을 이수했으며, 부서별로 법적 위험과 관리 현황을 점검하는 자율 준법 점검 프로그램의 참여율도 100%를 달성했다."
2085,context,0.1828,neutral,0.9999,에너지 관리,E,E_ENERGY__RENEWABLE_TRANSITION,신재생에너지 전환,0.6094182133674622,산업부 조익노 에너지정책실장 직무대행은 이날 오후 국회에서 열린 기후위기특별위원회 3차 전체회의 산업부 업무보고에서 11차 전기본의 재생에너지 보급 목표를 상향하여 2035 국가온실가스감축목표(2035NDC)와 제6차 신재생에너지 기본계획(6차 신기본)에 반영하겠다 고 말했다.
2086,context,0.1239,neutral,0.997,이사회 구조,G,G_BOARD__COMPOSITION_INDEPENDENCE,이사회 구성 및 독립성,0.414193332195282,"한편 거버넌스 관련해 가장 성과가 좋았던 대기업으로는 현대차그룹이 꼽혔다. 현대차 기아의 이사회 구성 등을 볼 때 노력하는 모습이 보인다는 것이다. 반면, 거버넌스가 가장 낙후된 곳은 롯데그룹이 지목됐다."
2087,context,0.1031,neutral,0.6707,이사회 구조,G,G_BOARD__COMPOSITION_INDEPENDENCE,이사회 구성 및 독립성,0.5123845934867859,이들은 뛰어난 제품 경쟁력과 높은 수익성 대비 이해하기 어려운 주가 밸류에이션이라며 방만한 재무상태표 개선 노력이 전혀 없는 것을 문제로 꼽았다. 현대차 이사회 구성이 대기업 중 가장 나은 편인데 재무상태 개선에 독립이사들이 목소리를 내야 할 것이란 얘기도 나왔다.
2088,context,0.1912,neutral,0.9999,이사회 구조,G,G_BOARD__COMPOSITION_INDEPENDENCE,이사회 구성 및 독립성,0.6373871564865112,"이 회장에 따르면 면담에 응한 외국인 투자자들은 이번 달 국회 본회의에 상정되는 2차 상법 개정안에 대해서는 대체로 이사회 독립성을 확실히 높여 지배주주의 사익 편취를 방지할 수 있을 것이라는 반응을 내놨다. 상법 2차 개정안은 자산 2조원 이상 상장사에 대해 집중투표제를 의무화하고, 감사위원 분리 선출을 1명에서 2명 이상으로 확대하는 것이 골자다."
2089,opportunity,0.4083,positive,0.8539,에너지 관리,E,E_ENERGY__RENEWABLE_TRANSITION,신재생에너지 전환,0.4781060814857483,", 올해 태양광 발전 33GW 추가 전망 신규 전력설비 절반 차지"
2090,context,0.1405,neutral,0.9999,에너지 관리,E,E_ENERGY__RENEWABLE_TRANSITION,신재생에너지 전환,0.4684910178184509,"임차농 문제도 있다. 통계청에 따르면, 2024년 기준 국내 임차농가 비율은 45.0%, 임차농지 비율은 47.0% 에 달한다. 영농형 태양광 확대를 위해서는 임차농민들의 긍정적인 인식이 중요하다는 것이다. 그러나 영농형 태양광 발전시설을 임차농지에 설치하면, 일정 수준의 수확량 감소, 농작업 시 농기계 간섭, 농약 살포 방해 등 문제가 발생할 가능성이 있어 임차농의 인식이 비교적 더 부정적일 수 있다."
2091,context,0.0372,neutral,0.5973,에너지 관리,E,E_ENERGY__RENEWABLE_TRANSITION,신재생에너지 전환,0.20756405591964722,그는 지난 20일에는 트루스소셜에 글을 올려 풍력과 태양광 발전을 세기의 사기극이고 비난하고는 미국에서 어리석음의 시대는 끝났다. 풍력과 태양광을 승인하지 않을 것이라고 말했다.
2092,opportunity,0.3645,positive,0.7884,윤리경영·준법,G,G_ETHICS__ANTI_CORRUPTION_COMPLIANCE,반부패 및 컴플라이언스,0.4623543322086334,"이어 과거 한국 기업들이 방글라데시 섬유산업을 선도했던 것처럼, 이번 협력을 계기로 환경 컴플라이언스(Compliance) 분야에서도 다시 한번 리더십을 발휘할 수 있는 전환점이 될 것 이라고 덧붙였다."
2093,context,0.1699,neutral,0.9766,윤리경영·준법,G,G_ETHICS__ANTI_CORRUPTION_COMPLIANCE,반부패 및 컴플라이언스,0.5798975229263306,"B F그룹 박종완 회장은 방글라데시에 생산공장을 둔 글로벌 섬유 의류 기업들을 중심으로, 현지 공장에 대한 환경 규제 준수(Compliance) 요구가 점점 강화되고 있다 며 특히 유럽 CBAM, 온실가스 감축 요구, ESG 공시와 같은 글로벌 이슈에 대응하는 것이 중요한 과제로 떠오른 만큼, 이번 협약을 통해 방글라데시 기업들이 새로운 경쟁력을 확보할 수 있기를 기대한다 고 말했다."
2094,context,0.141,neutral,0.9999,에너지 관리,E,E_ENERGY__EFFICIENCY_CONSUMPTION,에너지 소비 및 효율화,0.4701076149940491,"정기동 쿠팡 가전디지털 본부장은 정부의 에너지 절감 정책에 발맞춰, 단순한 가격 할인을 넘어 고객 개개인의 일정까지 고려하는 맞춤형 혜택을 제공하고자 이번 기획전을 준비했다고 말했다."
2095,opportunity,0.6794,positive,0.9961,에너지 관리,E,E_ENERGY__RENEWABLE_TRANSITION,신재생에너지 전환,0.6820367574691772,"이번 전시회에서 효성중공업은 국내 최초 독자개발한 HVDC(초고압 직류 송전 시스템) AI 기반 전력 자산 관리 솔루션 ARMOUR(Asset Remote Management System for Operational Utility s Reliability) 온실가스 배출은 줄이고 절연 성능은 높인 초고압차단기, SF6 Free GIS(Gas Insulated Switchgear) 신재생에너지, 데이터센터 등의 전력 안정성을 강화하는 STATCOM(정지형 무효 전력 보상장치) 등을 소개한다."
2096,context,0.1924,neutral,0.9999,에너지 관리,E,E_ENERGY__EFFICIENCY_CONSUMPTION,에너지 소비 및 효율화,0.641227126121521,현대차그룹은 총 4개 분야로 나뉘어 진행되는 제16차 청정에너지 장관 회의에서 산업 탈탄소 및 에너지 효율(Industry Decarbonization andEnergy Efficiency) 미래 연료(Future Fuel) 세션에 참가해 국제협력을 통한 저탄소 산업 전환 촉진과 지속가능한 수소 생태계 구축을 주제로 다양한 의견을 공유했다.
2097,context,0.1579,neutral,0.9997,에너지 관리,E,E_ENERGY__RENEWABLE_TRANSITION,신재생에너지 전환,0.526484489440918,"각종 재생에너지 전환 투자 및 산업 탈탄소화를 위한 설비투자 및 R D투자 등에 대한 세액공제 규모를 확대하고 그 범위를 크게 넓혀 국가전략기술에 포함시킬 수 있다. 투자세액공제 일변도의 방식을 보완할 생산세액공제(PMC)와 경기변동과 무관하게 투자를 촉진할 환급형 세액공제, 대기업이라는 이유로 세제혜택이 제한되었던 다배출 사업자에 대한 감축설비투자 세액공제 등의 전향적 안도 검토할 필요가 있다."
2098,context,0.1734,neutral,0.9998,에너지 관리,E,E_ENERGY__RENEWABLE_TRANSITION,신재생에너지 전환,0.5780056715011597,"아울러 산업부는 양 기관이 제안한 정책권고 사안에 대해서도 적극 검토해 나가는 한편, 우리 기업의 RE100 이행 지원, 재생에너지 보급확대 및 산업 생태계 강화 등 전반에 걸쳐 상호 협력을 지속적으로 강화해 나가기로 했다."
2099,context,0.1999,neutral,0.9983,에너지 관리,E,E_ENERGY__RENEWABLE_TRANSITION,신재생에너지 전환,0.6674689650535583,"한국 정부에 향후 재생에너지 보급확대 등을 위한 재생에너지 확대 목표 강화, 전력구매계약(PPA) 확대, 해상풍력 확대 등의 정책도 제안했다."
2100,context,0.1785,neutral,0.9998,에너지 관리,E,E_ENERGY__RENEWABLE_TRANSITION,신재생에너지 전환,0.5949874520301819,"더 클라이밋 그룹과 GRA는 이번 면담을 통해 새정부의 재생에너지 전환 정책 방향을 강력히 환영하며, 특히 새정부의 정책 중 RE100 산업단지 조성 및 전력망 확충 정책, 재생에너지 목표 상향 등에 대해 높은 기대감을 표명했다."
2101,context,0.1792,neutral,0.9999,에너지 관리,E,E_ENERGY__RENEWABLE_TRANSITION,신재생에너지 전환,0.5973740816116333,산업통상자원부는 에너지슈퍼위크 계기로 방한한 RE100 캠페인 당국(The Climate Group)의 에너지 담당 이사 샘 키민스 및 GRA(Global Renewables Alliance) 대표 브루스 더글라스와 서울에서 면담을 갖고 향후 재생에너지 보급확대 및 에너지전환 방안에 대해 논의했다.
2102,context,0.183,neutral,0.9999,에너지 관리,E,E_ENERGY__RENEWABLE_TRANSITION,신재생에너지 전환,0.6100246906280518,"RE100 캠페인 당국, 새정부의 재생에너지 중심 대전환 적극 환영"
2103,context,0.1713,neutral,0.9999,안전보건,S,S_SAFETY__OCCUPATIONAL_HEALTH_MANAGEMENT,사업장 안전보건 관리체계,0.5709345936775208,기업의 안전보건 투자액이나 안전보건 관리체계 등을 공개하는 기업 안전보건 공시제도 신설한다. 이를 위한 예산은 10억원으로 확정됐다. 노동부 관계자는 내년 10월까지 시스템 개발 예산이며 이후 시범 공시를 거쳐 내후년 공시가 이뤄질 예정이라고 했다.
2104,context,0.1892,neutral,0.9988,에너지 관리,E,E_ENERGY__RENEWABLE_TRANSITION,신재생에너지 전환,0.6315826773643494,"RE100 산단 조성에 필요한 전력망을 구축하고, 마이크로그리드(전력을 자체 생산 저장 소비하는 소규모 지능형 전력망) 실증으로 차세대 전력망 산업도 육성한다."
2105,context,0.157,neutral,0.9589,에너지 관리,E,E_ENERGY__RENEWABLE_TRANSITION,신재생에너지 전환,0.5457368493080139,정부는 우선 RE100 산단 조성과 차세대 전력망 구축에 올해보다 1조4000억원(50.0%) 늘어난 4조2000억원을 투입한다.
2106,context,0.1751,neutral,0.9996,에너지 관리,E,E_ENERGY__RENEWABLE_TRANSITION,신재생에너지 전환,0.5838000178337097,정부는 내년 RE100(재생에너지 100% 사용) 산업단지 조성과 차세대 전력망 구축 예산을 올해보다 50% 늘려 총 4조2000억원을 투입한다.
2107,context,0.1417,neutral,0.9931,에너지 관리,E,E_ENERGY__RENEWABLE_TRANSITION,신재생에너지 전환,0.4756675362586975,내무부는 풍력과 태양광 발전 사업에 대해 일상적인 협의와 허가뿐만 아니라 내무부 장관실이 진행하는 새로운 정치적 평가를 받도록 함으로써 인허가가 크게 지연되고 있다.
2108,context,0.2131,neutral,0.9902,안전보건,S,S_SAFETY__OCCUPATIONAL_HEALTH_MANAGEMENT,사업장 안전보건 관리체계,0.7173784971237183,"유한양행은 오창공장과 중앙연구소를 중심으로 유해화학물질의 안전한 사용을 위해 사전 검토와 관리체계를 운영하고 있다. 구매 전 물질안전보건자료(MSDS)로 안전성을 확인하고, 정기적인 위험성 평가를 통해 작업자 건강 영향을 점검한다. 입고 후에는 설비 점검, 교육, 비상훈련 등 예방 활동을 수행하며, 물질 이력과 교육을 체계적으로 하고 있다."
2109,opportunity,0.5202,positive,0.9995,에너지 관리,E,E_ENERGY__RENEWABLE_TRANSITION,신재생에너지 전환,0.5204610228538513,"기아는 또한 탄소중립 달성을 위해 전동화 전환, 국내외 공장 RE100 추진 가속화, 차량 내 재활용 플라스틱 확대 적용, 탄소저감 철강 적용 등 다양한 활동을 펼치고 있으며, 갯벌복원 사업 등 생태계 보호에도 앞장서고 있다."
2110,context,0.1985,neutral,0.9999,에너지 관리,E,E_ENERGY__RENEWABLE_TRANSITION,신재생에너지 전환,0.6616705060005188,"전문가들은 2035년 NDC는 향후 10년 이상 국가 산업 에너지발전 전략, 신재생에너지 투자, 수출경쟁력까지 많은 분야를 좌우하는 핵심 기후정책이라고 강조한다. 전문가들은 COP30을 계기로 각국의 실질적인 이행 능력과 탈탄소 투자전략, 에너지전환 목표가에 대한 재점검이 이루어질 것으로 보고 있다."
2111,context,0.1177,neutral,0.7529,인적자원 관리,S,S_HR__DIVERSITY_INCLUSION,다양성 및 형평성 (DEI),0.5208746790885925,"유한양행이 제약업계에서 최고 수준의 평균 근속연수를 이어가고 있는 바탕에는 협력적이고 건강한 조직문화 속에서 임직원과 회사가 함께 성장하는 기업문화를 통해 자연스럽게 높은 근로 만족도가 유지되는데 이유가 있다. 건강한 조직문화는 임직원 다양성, 협력적 노사관계, 창의적 수평적 기업문화, 장기근속자 지원제도 등이 바탕이 되어 형성됐다는 평가다."
2112,context,0.1933,neutral,0.9999,에너지 관리,E,E_ENERGY__RENEWABLE_TRANSITION,신재생에너지 전환,0.644260048866272,"이날 회의를 주재한 산업부 심진수 재생에너지정책관은 이번 제6차 신재생에너지 기본계획을 통해 재생에너지가 주력전원, 주력산업으로 성장하고, 국민이 재생에너지에 대한 효능감을 체감할 수 있는 혁신적인 방안이 마련돼야 한다 면서 신기본 수립과정에서도 다양한 산학연 전문가, 협단체들과 충분히 소통해 필요한 대책들을 조기에 발표하여 속도감 있게 정책을 추진하겠다 고 밝혔다."
2113,context,0.1759,neutral,0.9999,에너지 관리,E,E_ENERGY__RENEWABLE_TRANSITION,신재생에너지 전환,0.5865501761436462,신재생에너지 중장기 정책 수립을 위한 논의가 본격 추진된다. 산업통상자원부( 이하 산업부)가 9일 서울 여의도 한국에너지공단 서울지역본부에서 제6차 신재생에너지 기본계획(이하 신기본) 수립을 위한 실무 총괄분과 회의를 개최했다고 밝혔다.
2114,context,0.1581,neutral,0.9997,에너지 관리,E,E_ENERGY__RENEWABLE_TRANSITION,신재생에너지 전환,0.5272916555404663,"재생에너지 발전사업은 경관과 환경에 미치는 영향이 크고 지역사회와 밀접하게 연관되어 있어 지역주민 수용성이 필요한 대표적 분야이다. 태양광 발전의 경우 일부 지역에서 주민참여형 사업이 운영되고 있으나, 아직 전국적으로 보급되고 있지는 않다. 풍력 발전도 현재는 주민참여형 이익공유 사업이 태양광과 육상풍력 위주로 설계되어 보완이 필요하다는 평가다."
2115,context,0.169,neutral,0.9992,기후변화·온실가스,E,E_CLIMATE__SCOPE1_2_EMISSION,Scope 1·2 배출량,0.5636875629425049,"하지만 일부 센터별 재생에너지 생산량은 공개했으나, 해당 센터의 전력 사용량 대비 어느 정도를 충당하는지는 확인하기 어렵다. 또한 재생에너지 구매량 대비 녹색프리미엄 비중이나 추가성이 높은 PPA의 실행 계획 등은 구체적으로 설명하지 않고 있다."
2116,opportunity,0.6559,positive,0.9909,에너지 관리,E,E_ENERGY__RENEWABLE_TRANSITION,신재생에너지 전환,0.6618965268135071,"글로벌 데이터센터 기업 에퀴닉스는 2024년 기준 전 세계 268개 센터를 운영하며, 전체 용량으로는 세계 6위 규모다. 에퀴닉스는 전력의 96%를 재생에너지로 조달하고 있으며, 지속가능성보고서를 통해 재생에너지 조달 방식을 전력구매계약(PPA), 유틸리티 제공형 EAC(Utility-supplied EACs), 분리형 EAC(Unbundled EACs)로 구분해 비율을 공개한다(그림3)."
2117,context,0.1468,neutral,0.9998,기후변화·온실가스,E,E_CLIMATE__SCOPE1_2_EMISSION,Scope 1·2 배출량,0.48936787247657776,"그러나 이러한 사례는 국내 기업들이 앞으로 어떤 방향으로 나아갈지 고민하는 데 참고가 될 수 있다. 특히 애플은 각 데이터센터의 직 간접 배출량과 전력 사용량까지 공개해, 센터가 지역사회에 미치는 환경적 영향을 가늠할 수 있도록 하고 있다(그림2)."
2118,opportunity,0.5529,positive,0.9846,기후변화·온실가스,E,E_CLIMATE__SCOPE1_2_EMISSION,Scope 1·2 배출량,0.5615688562393188,"애플은 2025년 환경보고서에서 자사 8개 데이터센터의 현황을 상세히 공개했다. 예를 들어 노스캐롤라이나 메이든 데이터센터는 2024년 전력 사용량이 4.66억 kWh이며, 부지 내 태양광 연료전지 설비 구축과 전력사와의 장기계약을 통해 100% 재생에너지 조달을 달성했다고 밝혔다. 또한 해당 지역 그리드의 전력 믹스(가스 원자력 석탄 수력 재생 등)와 애플의 재생에너지 조달 방식을 함께 제시해, 독자가 손쉽게 비교할 수 있도록 했다(그림1)."
2119,context,0.1552,neutral,0.9995,이사회 구조,G,G_BOARD__COMPOSITION_INDEPENDENCE,이사회 구성 및 독립성,0.517755925655365,"이와 함께 이사회 독립성 강화, 주주친화 정책 확대 등 후속 과제도 충실히 이행해 나갈 예정이다."
2120,context,0.1256,neutral,0.9998,인적자원 관리,S,S_HR__DIVERSITY_INCLUSION,다양성 및 형평성 (DEI),0.41882652044296265,산림청 산하 한국수목원정원관리원은 12일 국립세종수목원에서 국립생물자원관과 자생식물 다양성 보전과 활용 증대를 위한 업무협약(MOU)을 했다.
2121,context,0.1991,neutral,0.9912,에너지 관리,E,E_ENERGY__RENEWABLE_TRANSITION,신재생에너지 전환,0.6697194576263428,"이영호 엔라이튼 대표는 발전왕은 소규모 태양광 발전소부터 대규모 기업 고객까지 아우르는 국내 유일의 통합 플랫폼으로, 발전사업자에게 운영 안정성과 수익 증대를 동시에 지원하고 있다 며 앞으로도 RE100 이행, VPP(가상발전소) 기반 서비스로 발전왕을 지속적으로 고도화해 발전사업주들에게 실질적인 혜택을 제공해 나갈 계획 이라고 밝혔다."
2122,opportunity,0.6958,positive,0.9824,에너지 관리,E,E_ENERGY__RENEWABLE_TRANSITION,신재생에너지 전환,0.7082923054695129,수익성 측면에서는 전력중개 직접 전력거래(PPA) REC 거래를 통해 발전사업자가 추가 현금흐름을 확보할 수 있도록 지원한다. 또한 향후 발전소 자산 매각 지원까지 제공해 발전사업자가 자산 운용 전 과정을 보다 효율적으로 관리할 수 있도록 할 계획이다.
2123,context,0.1427,neutral,0.9997,이사회 구조,G,G_BOARD__COMPOSITION_INDEPENDENCE,이사회 구성 및 독립성,0.47587478160858154,"16일 관련업계에 따르면 현재 고려아연 이사회 멤버는 총 19명으로, 직무 정지 상태인 4명을 제외하면 15명이 실제 활동하고 있는데 이사회 구성은 고려아연 측 11명 대 MBK 영풍 연합 측 4명으로 고려아연 측이 우세하지만, 이 같은 구도가 오래 지속될지는 미지수다."
2124,context,0.2011,neutral,0.9991,안전보건,S,S_SAFETY__OCCUPATIONAL_HEALTH_MANAGEMENT,사업장 안전보건 관리체계,0.6710492372512817,"DL그룹은 올해 DL 와 함께 DL이앤씨, DL케미칼에서도 지속가능경영보고서를 발간했다. 보고서에는 각 회사의 기후변화 대응 전략과 실적, 안전보건 관리 시스템, 지속가능한 사업 구조로의 전환 및 체질 개선 노력 등이 포함됐다. DL은 앞으로도 그룹 차원에서 ESG 경영에 역량을 집중하고, 투명한 ESG 정보공개를 위해 노력할 계획이다."
2125,opportunity,0.5738,positive,0.9998,에너지 관리,E,E_ENERGY__EFFICIENCY_CONSUMPTION,에너지 소비 및 효율화,0.5738999843597412,"이를 통해 LG전자는 SK이노베이션의 전원 운영 설루션을 활용해 전력 공급 안정성 및 전력 효율 개선 효과를 볼 수 있고, SK이노베이션은 데이터센터 냉각 기술 포트폴리오에 LG전자의 설루션을 추가 확보하게 된다."
2126,context,0.1839,neutral,0.9989,에너지 관리,E,E_ENERGY__RENEWABLE_TRANSITION,신재생에너지 전환,0.6135433316230774,"특히, 세계 첨단 산업 공급망에서 재생에너지 100% 사용(RE100) 이 새로운 무역규제로 등장하면서 2035 NDC 수립과 연계한 재생에너지 발전 비중 확대 필요성이 제기되고 있다."
2127,context,0.2031,neutral,0.9999,에너지 관리,E,E_ENERGY__RENEWABLE_TRANSITION,신재생에너지 전환,0.6772078275680542,"김 장관은 이날 국회 의원회관에서 열린 2035 국가 온실가스 감축목표(NDC) 대국민 공개 논의 토론회에서 2035 NDC 핵심 이행전략 중 하나로 재생에너지 확대를 제시하면서 2030년 재생에너지 발전 용량 100GW, 2035년 150 200GW를 목표로 태양광 발전시설 등을 보급해야 한다고 주장했다."
2128,opportunity,0.7519,positive,0.9994,에너지 관리,E,E_ENERGY__RENEWABLE_TRANSITION,신재생에너지 전환,0.7523269057273865,"차세대 태양광 기술의 대면적 기술을 선점하고, RE100(재생에너지 100% 사용) 이행 및 국가 탄소중립 목표(NDC) 달성에 기여할 수 있도록 정책 산업을 연계한 신규 사업 발굴에도 나선다."
2129,context,0.1272,neutral,0.9999,인적자원 관리,S,S_HR__DIVERSITY_INCLUSION,다양성 및 형평성 (DEI),0.4240955412387848,이 협정은 별도의 관리규범이 없는 국가관할권 바깥 지역 해양생태계 파괴의 심각성이 대두되면서 공해 및 심해의 해양 생물 다양성 보전과 지속 가능한 이용을 위한 국제법적 틀을 만들기 위해 마련됐다.
2130,context,0.1812,neutral,0.9999,에너지 관리,E,E_ENERGY__RENEWABLE_TRANSITION,신재생에너지 전환,0.6040211915969849,"이 외에도 단지에는 각 세대 내에서 편리하게 처리할 수 있는 음식물쓰레기 자동이송설비(소용량 투입구)가 설치된다. 여기에 지열 시스템, 태양광 발전 시스템 등 커뮤니티와 공용부의 관리비 절감을 돕는 에너지절약 시스템도 적용된다."
2131,context,0.1438,neutral,0.9942,에너지 관리,E,E_ENERGY__EFFICIENCY_CONSUMPTION,에너지 소비 및 효율화,0.48212161660194397,"한편 SF인트라시티는 지역 소비 디지털 전환과 온디맨드 리테일 확산에 대응해 중립적 배송 인프라로 다양한 플랫폼과 협력하고 있다. 회사는 서비스 커버리지 확대, 생태계 역량 강화, 지능형 배차 자동화를 통한 운영 효율 개선을 우선시하며, 무인 배송 AI 빅데이터 투자로 장기 경쟁력을 높여 중국 도심 물류 선도 기업으로 입지를 강화할 계획이다."
2132,context,0.1429,neutral,0.9999,윤리경영·준법,G,G_ETHICS__ANTI_CORRUPTION_COMPLIANCE,반부패 및 컴플라이언스,0.47623521089553833,"한편 민병덕 의원은 개회사를 통해 디지털자산 기본법을 비롯한 입법 과정을 소개하며, 우리나라의 디지털 금융 정책 비전을 중점적으로 설명했다. 민병덕 의원은 컴플라이언스 혁신은 블록체인 산업의 지속 가능한 발전의 근간 이라며 AI는 우리의 지능 개념을 바꾸고, 블록체인은 신뢰의 방식을 재편한다 라고 말했다."
2133,context,0.1166,neutral,0.7159,에너지 관리,E,E_ENERGY__EFFICIENCY_CONSUMPTION,에너지 소비 및 효율화,0.5430941581726074,"해운에서는 액화천연가스(LNG), 하이브리드, 혼합연료 등 친환경 선박 전환을 지원하고, 항공의 경우 연료 효율이 우수한 최신 항공기 도입 등으로 항공 운항 효율 개선 필요성이 있다고 봤다."
2134,context,0.1357,neutral,0.9999,에너지 관리,E,E_ENERGY__RENEWABLE_TRANSITION,신재생에너지 전환,0.45224547386169434,산업통상자원부는 24일 서울 용산역 회의실에서 공공 재생에너지 전환 정책 협의회가 발족했다고 밝혔다.
2135,opportunity,0.4562,positive,0.7554,에너지 관리,E,E_ENERGY__RENEWABLE_TRANSITION,신재생에너지 전환,0.6038607358932495,"이번 협약은 제주도가 추진하는 2035 탄소중립 달성 목표에 발맞춰, 그린수소와 분산에너지를 중심으로 한 재생에너지 전환을 목적으로 한다."
2136,context,0.2089,neutral,0.9999,에너지 관리,E,E_ENERGY__RENEWABLE_TRANSITION,신재생에너지 전환,0.6963928937911987,"사외이사 중심의 ESG 위원회를 기반으로 방위산업에 특화된 정책 및 과제를 수립 추진해 온 LIG넥스원은 지난해 처음으로 ESG 경영 활동과 주요 성과를 체계적으로 정리한 지속가능경영보고서 를 발간하여 고객, 협력회사, 지역사회, 임직원 등 다양한 이해관계자와의 소통을 강화했다. 특히, 올해 두 번째로 발간한 보고서에는 신재생에너지 설비 확대와 고효율 설비 운영 등 저탄소 전환을 위한 실행계획을 구체적으로 제시하며 투명성과 신뢰성을 높였다."
2137,opportunity,0.4753,positive,0.7804,에너지 관리,E,E_ENERGY__RENEWABLE_TRANSITION,신재생에너지 전환,0.6090736389160156,"한국그린전력 관계자는 태양광 발전은 단순한 전력 생산을 넘어, 미래 세대를 위한 지속 가능한 에너지 전환의 핵심 이라며 정부 정책과 글로벌 흐름에 맞춰 ESG 경영을 강화해 나가겠다 고 말했다."
2138,opportunity,0.6005,positive,0.9973,에너지 관리,E,E_ENERGY__RENEWABLE_TRANSITION,신재생에너지 전환,0.6021625399589539,향후 회사는 RE100 달성을 준비하는 국내 기업들의 파트너로서 지속 가능한 에너지 생태계 구축에 기여할 계획이다.
2139,opportunity,0.6125,positive,0.9874,에너지 관리,E,E_ENERGY__RENEWABLE_TRANSITION,신재생에너지 전환,0.620270848274231,"2011년 창업 이래 한국그린전력은 국내외 태양광 발전소 설계 시공 운영까지 아우르는 토탈 솔루션을 제공하며, 2024년 기준 누적 1828개 발전소, 총 200MW 이상 규모를 시공해왔다. 2024년 매출은 800억 원을 기록했으며, 한국 본사와 중국 현지 공장을 기반으로 지붕강판 알루미늄 구조물 포스맥 부품까지 자체 생산할 수 있는 경쟁력을 갖췄다."
2140,context,0.1917,neutral,0.9999,에너지 관리,E,E_ENERGY__EFFICIENCY_CONSUMPTION,에너지 소비 및 효율화,0.6390417814254761,"유럽연합은 2023년 개정된 에너지 효율 지침(Energy Efficiency Directive, EED)을 통해 대규모 데이터센터의 에너지 성능 모니터링 및 보고를 의무화하였다. 독일은 2023년 11월 독일 에너지 효율법(Energieef fizienzgesetz, EnEfG)을 통해 PUE, 재생에너지 비율, 에너지 재사용 비율에 대한 기준을 제시했다."
2141,opportunity,0.4321,positive,0.8805,에너지 관리,E,E_ENERGY__RENEWABLE_TRANSITION,신재생에너지 전환,0.4907586872577667,"이 원전은 테네시주 오크리지에 지어지며, 테네시밸리전력청(TVA)과 장기 전력구매계약(PPA)을 통해 구글의 테네시 및 앨라배마 데이터센터에 전기가 공급된다."
2142,context,0.164,neutral,0.9996,기후변화·온실가스,E,E_CLIMATE__SCOPE1_2_EMISSION,Scope 1·2 배출량,0.5467753410339355,그러나 국내 기업의 Scope 2 관련 지역 기반과 시장 기반 배출량 그래프는 마치 하나의 직선처럼 겹친다. 조사 대상 국내 기업의 녹색 프리미엄을 제외한 재생에너지 구매 비율은 0.05% 6.82%로 크게 낮았다.
2143,context,0.1625,neutral,0.9992,기후변화·온실가스,E,E_CLIMATE__SCOPE1_2_EMISSION,Scope 1·2 배출량,0.5421767234802246,"해외 빅테크 기업들은 2010년대 초부터 Scope 2 온실가스 배출을 재생에너지 구매를 통해 크게 줄였다. 전반적으로 2010년대 초반부터 지역 기반 과 시장 기반 (재생에너지 구매 반영) 배출량이 분리되기 시작했다. 애플은 2011년 이전부터, 구글과 마이크로소프트는 2012년부터, 그리고 메타는 2016년부터 분리되기 시작했다."
2144,opportunity,0.4423,positive,0.999,기후변화·온실가스,E,E_CLIMATE__SCOPE1_2_EMISSION,Scope 1·2 배출량,0.44278863072395325,"국내 기업들이 AI 시스템에 본격적으로 뛰어들기 시작했고, AI 서비스 강화는 데이터센터 증설로 이어졌다. 데이터센터의 환경 영향 비중은 절대적이다. 온실가스 배출량만 본다면, 네이버의 경우 2024년 데이터센터 배출량은 10만6854톤으로 스코프1(Scope 1)과 스코프2(Scope 2)중 차지하는 비율이 83.8%다. 카카오 역시 2024년 데이터센터 배출량은 8만9694톤으로 88.6%를 차지하고 있다."
2145,context,0.1774,neutral,0.9999,에너지 관리,E,E_ENERGY__RENEWABLE_TRANSITION,신재생에너지 전환,0.5915699601173401,산업교육연구소 관계자는 세미나를 통해 신정부의 재생에너지 정책 방향을 짚어보고 기업들의 RE100 이행을 위한 전략과 대응 방안을 모색하는 자리가 되길 바란다고 밝혔다.
2146,context,0.2238,neutral,0.9843,에너지 관리,E,E_ENERGY__RENEWABLE_TRANSITION,신재생에너지 전환,0.7579273581504822,이어 탄소국경조정제도(CBAM)과 RE100 태양광 인버터 기술과 보안 동향 국내외 사업장의 RE100 이행 사례 건물일체형 태양광발전시스템(BIPV) 기술 동향과 RE100 등도 다룰 예정이다.
2147,context,0.2243,neutral,0.9999,에너지 관리,E,E_ENERGY__RENEWABLE_TRANSITION,신재생에너지 전환,0.7477508783340454,이날 세미나에선 신정부 출범에 따른 재생에너지 정책 기조 방향 전력 시장 변화에 따른 Virtual PPA(가상전력구매약정) 사업화 방안 RE100 이행 가속화를 위한 주민참여 재생에너지 사업에 대한 주제 발표가 진행된다.
2148,context,0.1696,neutral,0.9999,에너지 관리,E,E_ENERGY__RENEWABLE_TRANSITION,신재생에너지 전환,0.5654348134994507,산업교육연구소는 오는 22일 오전 10시부터 신 정부 재생에너지 정책 방향과 RE100 활성화 세미나 를 온 오프라인 동시 개최한다고 밝혔다.
2149,context,0.117,neutral,0.6161,에너지 관리,E,E_ENERGY__RENEWABLE_TRANSITION,신재생에너지 전환,0.6329212188720703,"해외에서는 발전 설비의 경제성을 평가하는 지표로 가장 널리 사용되는 균등화 발전비용((Levelized Cost of Energy, LCOE)에서 재생에너지, 특히 대규모 태양광 발전 비용이 가장 낮다는 분석이 많다."
2150,context,0.1276,neutral,0.9999,에너지 관리,E,E_ENERGY__EFFICIENCY_CONSUMPTION,에너지 소비 및 효율화,0.42535313963890076,"ESG경제 취재팀이 지난 9월 찾은 독일 함부르크 북부의 알브레히트-테어 김나지움(ATH). 학생들이 버스 대신 타고온 자전거를 수리소에서 직접 정비하고, 교실에서는 이산화탄소(CO ) 수치와 에너지 소비량을 실시간으로 확인하며 환기 여부를 결정한다."
2151,context,0.1588,neutral,0.9999,에너지 관리,E,E_ENERGY__RENEWABLE_TRANSITION,신재생에너지 전환,0.5293615460395813,"학생들이 직접 학교의 탄소 배출량과 에너지 소비량, 태양광 발전량 등을 체크하며 교실 창문을 닫고 전등을 끄는 일. 이 단순한 행동이 기후교육의 시작입니다."
2152,context,0.1588,neutral,0.9999,에너지 관리,E,E_ENERGY__EFFICIENCY_CONSUMPTION,에너지 소비 및 효율화,0.5293615460395813,"학생들이 직접 학교의 탄소 배출량과 에너지 소비량, 태양광 발전량 등을 체크하며 교실 창문을 닫고 전등을 끄는 일. 이 단순한 행동이 기후교육의 시작입니다."
2153,context,0.1414,neutral,0.9999,에너지 관리,E,E_ENERGY__RENEWABLE_TRANSITION,신재생에너지 전환,0.471241295337677,"정규 교과목 시간도 크게 다를 게 없다. 학생들은 과학 시간에 태양광 발전량을 직접 측정하고, 사회 시간에는 에너지 소비를 분석한다. 이런 주제는 과학 수학 윤리 수업으로도 자연스럽게 이어진다. 이와 같은 교과 간 통합 지속가능성 학습이 바로 스웨덴식 ESD의 핵심이다."
2154,context,0.1534,neutral,0.9999,에너지 관리,E,E_ENERGY__EFFICIENCY_CONSUMPTION,에너지 소비 및 효율화,0.5112141370773315,"미야 초등학교의 카린 링 교감은 우리 학교의 모든 수업에는 지속가능석 이슈가 자연스럽게 통합돼 있다며 우리의 교육 과정은 지역 사회 전체와도 긴밀히 연계돼 있다고 설명했다. 이 학교는 지붕에 태양광을 패널을 설치한 전기 생산, 난방 및 급수, 학생 급식, 놀이터 등 모든 시설의 관리에도 친환경, 에너지 절감 시스템을 가동하고 있다."
2155,context,0.1592,neutral,0.9986,에너지 관리,E,E_ENERGY__RENEWABLE_TRANSITION,신재생에너지 전환,0.5314415693283081,"또 클린에너지 학교 조성에도 적극적이다. 구포초, 사하중, 부산진고 등 16개교에 대해 태양광 발전 설비를 지원했다. LED조명기기 개선에는 21개교, 신축 및 개축학교 녹색건물 인증에는 7개교, 신축 및 개축 제로에너지 건축물 인증에 7개교, 신재생에너지설비 정기점검에 267개교, 노후 교실 냉난방시설 개선에 33개 학교를 지원했다."
2156,context,0.1496,neutral,0.993,에너지 관리,E,E_ENERGY__RENEWABLE_TRANSITION,신재생에너지 전환,0.5021889209747314,"신재생에너지 보급 확산 및 기후변화 대응 시설 개선에도 나서 267개 학교에 태양광 발전설비를 지원했으며, 65개 학교의 노후 냉난방시설 개선을 지원했다."
2157,context,0.1441,neutral,0.9999,에너지 관리,E,E_ENERGY__RENEWABLE_TRANSITION,신재생에너지 전환,0.4804423153400421,"대덕연구개발특구라는 지리적 이점을 살린 대덕특구 연계 생태전환교육 전문가 특강 도 핵심 사업이다. 현직 연구원들이 직접 학교를 방문해 기후변화, 탄소중립, 신재생에너지 등을 강의하며, 학생들이 과학기술의 시각에서 환경 문제를 탐구할 수 있도록 돕는다. 2025년에는 30개 학교가 참여할 예정으로, 이는 학생들에게 현장 과학자와의 만남을 통한 생생한 배움의 기회를 제공한다."
2158,context,0.171,neutral,0.9949,에너지 관리,E,E_ENERGY__RENEWABLE_TRANSITION,신재생에너지 전환,0.572948157787323,또한 연내 신재생에너지법을 제정해 태양광 발전 설비 이격거리를 법제화한다고 밝혔다.
2159,context,0.1534,neutral,0.9999,에너지 관리,E,E_ENERGY__EFFICIENCY_CONSUMPTION,에너지 소비 및 효율화,0.511250376701355,"계속해서 단발성 이벤트 형태로 ESG 교육을 하면 교사 학교가 금방 지칩니다. 독일처럼 학교가 노력한 환경 에너지 절감 실적을 인센티브로 환류하는 제도를 도입해야 합니다. 제도와 실질적 지원이 결합될 때, 학교 전체가 지속적으로 움직일 수 있습니다. ESG 담당 교사제를 제도화하고, 교사의 전문성을 인정하는 구조가 필요합니다."
2160,context,0.1406,neutral,0.9902,에너지 관리,E,E_ENERGY__EFFICIENCY_CONSUMPTION,에너지 소비 및 효율화,0.47311297059059143,"보고서는 화석연료 사용량이 2030 2035년 사이에 정점에 도달할 전망이나, 2050년도 이후에도 최종에너지 소비 믹스에서 49%의 비중을 차지할 것으로 전망했다."
2161,context,0.1663,neutral,0.9988,에너지 관리,E,E_ENERGY__RENEWABLE_TRANSITION,신재생에너지 전환,0.5550148487091064,이에 앞서 세계 최대 선급협회 DNV도 최근 발간한 2025년 에너지 전망 보고서(Energy Transition Outlook)에서 화석연료 사용을 줄이는 에너지 전환 흐름이 거스를 수 없는 대세가 됐지만 전환의 속도가 지나치게 느리다며 유사한 전망을 내놓았다.
2162,risk,0.3408,negative,0.9964,이사회 구조,G,G_BOARD__COMPOSITION_INDEPENDENCE,이사회 구성 및 독립성,0.3420007824897766,"A 등급에서는 삼성전자가 지난해 대비 전체 점수가 소폭 상승했으나, S등급 복귀에는 실패했다. 거버넌스와 관련한 부정적인 뉴스가 희석되면서 뉴스평가의 개선추세가 이어지고 있다. 기아는 S분야는 S등급을 기록하고 있으나, G분야가 이사회 구성과 운영면에서 개선할 여지가 많은 것으로 나타나 상대적으로 약한 A등급을 기록했다."
2163,context,0.1492,neutral,0.9998,에너지 관리,E,E_ENERGY__RENEWABLE_TRANSITION,신재생에너지 전환,0.49744242429733276,특히 철원군은 개발이 제한된 접경지역을 사업 대상으로 우선 선발해 신재생에너지 보급을 통한 지역 복지 실현에 이바지할 방침이다.
2164,opportunity,0.5496,positive,0.9954,에너지 관리,E,E_ENERGY__RENEWABLE_TRANSITION,신재생에너지 전환,0.5521731972694397,"올해는 누적 용량 70 (킬로와트) 규모 태양광 발전소를 운영해 연간 2000만원가량의 수익이 발생할 것으로 예상된다. 수익금은 저소득층 연탄 기부, 에너지 설비 교체 등 에너지 복지 사업에 활용할 예정이다."
2165,opportunity,0.5061,positive,0.9544,에너지 관리,E,E_ENERGY__RENEWABLE_TRANSITION,신재생에너지 전환,0.5302845239639282,햇빛 행복 나눔 에너지복지사업은 민간 에너지 기업들이 기부한 태양광 설비로 건설한 태양광 발전소에서 창출한 수익금을 지역 에너지 취약계층에 기부하는 사회공헌 활동이다.
2166,context,0.1728,neutral,0.9999,에너지 관리,E,E_ENERGY__RENEWABLE_TRANSITION,신재생에너지 전환,0.5759156942367554,"행사에는 이현종 군수와 한국에너지공단 강원지역본부, 한국기후변화연구원 등 관계 기관, 강동에너지, 예강ENG, 원지이엔씨, 창에너지, 에스에너지, 엠포레스트 등 5개 신재생에너지 관련 기업 대표가 참석했다."
2167,context,0.1321,neutral,0.9999,에너지 관리,E,E_ENERGY__RENEWABLE_TRANSITION,신재생에너지 전환,0.44021138548851013,강원 철원군은 20일 갈말읍 군병영체험수련원에서 햇빛 행복 나눔 에너지복지사업 태양광 발전소 착공식을 열었다.
2168,context,0.1942,neutral,0.9995,에너지 관리,E,E_ENERGY__RENEWABLE_TRANSITION,신재생에너지 전환,0.647541344165802,"3D 생성 기술을 활용해 제로에너지빌딩에서의 에너지 소요량 및 태양광 발전량을 시뮬레이션하고, 모듈 인버터를 선정해 배치까지 최적화하는 것이 특징이다. 이를 통해 건물의 탄소중립을 앞당기면서 원가 중심의 건설 프로젝트 관리와 현장 문서 관리 효율성을 높여 프로젝트 사업성 증대에 기여한다."
2169,opportunity,0.6162,positive,0.984,윤리경영·준법,G,G_ETHICS__ANTI_CORRUPTION_COMPLIANCE,반부패 및 컴플라이언스,0.6262694001197815,"한국컴플라이언스협회는 이번 어워즈를 통해 수상기관의 우수사례를 확산하고, 공공과 민간의 경계를 넘어 윤리 컴플라이언스 문화를 제도적으로 정착시키기 위한 다양한 프로그램을 지속적으로 추진할 계획이다."
2170,context,0.1701,neutral,0.82,윤리경영·준법,G,G_ETHICS__ANTI_CORRUPTION_COMPLIANCE,반부패 및 컴플라이언스,0.6913217902183533,"민간기업부문 대상은 CJ온스타일이 차지했다. CJ온스타일은 ISO 37301 인증을 기반으로 한 컴플라이언스 시스템을 구축하고, 전사 컴플라이언스 코디네이터 및 내부심사원 운영을 통해 임직원의 참여를 강화했다. 또한 협력사 지원 채널을 도입하여 공급망 전반의 윤리경영을 실현한 점이 우수사례로 선정됐다."
2171,opportunity,0.6895,positive,0.9991,윤리경영·준법,G,G_ETHICS__ANTI_CORRUPTION_COMPLIANCE,반부패 및 컴플라이언스,0.6901293396949768,공공부문 대상은 한국전력공사가 수상했다. 한전은 사장 직속 준법경영실을 신설과 청렴윤리위원회를 통한 윤리준법경영 실천의지를 표명한 점과 내부통제 체계 구축과 더불어 컴플라이언스 문화 확립을 실행 노력이 높이 평가 됐다.
2172,context,0.1623,neutral,0.9987,윤리경영·준법,G,G_ETHICS__ANTI_CORRUPTION_COMPLIANCE,반부패 및 컴플라이언스,0.5417829751968384,올해로 네 번째를 맞은 시상식은 국내 공공기관과 기업의 우수한 컴플라이언스 성과를 공유하고 투명하고 신뢰받는 경영문화를 확산하기 위해 열렸다.
2173,context,0.1362,neutral,0.997,이사회 구조,G,G_BOARD__COMPOSITION_INDEPENDENCE,이사회 구성 및 독립성,0.45527365803718567,"손종원 한국ESG평가원 대표는 LG화학이 팰리서의 요구에 끌려다니며 수용하기보다는 선별적으로 접근해야 한다고 조언했다. 그는 이사회 구성 개선과 같은 거버넌스 개선은 상대적으로 실현 가능성이 높고, 장기적으로 기업 경쟁력 강화에도 도움이 될 수 있다면서, 반면 자사주 매입과 같은 재무적 부담이 큰 요구사항은 현재 상황에서는 신중하게 접근해야 한다고 말했다."
2174,context,0.1609,neutral,0.9994,에너지 관리,E,E_ENERGY__RENEWABLE_TRANSITION,신재생에너지 전환,0.5365769863128662,"국제적으로는 41개국이 청정에너지 전환 파트너십(Clean Energy Transition Partnership)에 가입해 화석연료 공적금융을 제한하기 시작했다. 덴마크 수출신용기금(EIFO)은 2022년부터 LNG 선박 금융을 중단했으며, 유럽투자은행(EIB)과 영국 수출입은행(UKEF)도 2021년부터 같은 조치를 취했다. 독일재건은행(KfW) 역시 2022년부터 화석연료 프로젝트 금융에 연도별 한도를 두고 단계적으로 축소 중이다. 기후솔루션은 한국은 어떠한 제동장치 없이 화석연료 금융을 확장하며 국제적 흐름과 역행하고 있다 고 비판했다."
2175,context,0.1531,neutral,0.9637,에너지 관리,E,E_ENERGY__RENEWABLE_TRANSITION,신재생에너지 전환,0.5297265648841858,"이번 판결은 ESG 경영을 내세우는 국내 기업들에게도 분명한 경고가 될 수 있다. 한국에서도 많은 대기업이 2050 탄소중립 선언, RE100 참여 , 그린수소 개발 등을 대외적으로 홍보하고 있다."
2176,risk,0.3303,negative,0.7892,에너지 관리,E,E_ENERGY__RENEWABLE_TRANSITION,신재생에너지 전환,0.4184807538986206,"한국 반도체 산업은 수출의 20% 이상을 차지하지만, SK하이닉스는 RE100 회원임에도 재생에너지 비율이 30%로 글로벌 평균(50%)에 못 미친다. 미국 팹리스 기업들과 EU 바이어들이 재생에너지 사용 비중이 높은 공급업체를 선호하면서 압박이 커지고 있다."
2177,context,0.1989,neutral,0.9998,이사회 구조,G,G_BOARD__COMPOSITION_INDEPENDENCE,이사회 구성 및 독립성,0.6632615327835083,이 원장은 금융지주의 사외이사 전원 체제 로 구성된 이사회가 회장의 인맥 중심으로 바뀌는 점을 비판했다. 회장이 사외이사 인선에 개입하면서 견제 기능이 마비되고 결국 사외이사가 사외가 아닌 내부 인사로 전락한다는 시각이다. 이렇게 되면 이사회 구성이 회장 인맥 일색이 되고 내부 견제 기능은 작동하지 않게돼 금융사의 공공성과 이해상충 문제로 이어질 수 있다는 것이다.
2178,context,0.2359,neutral,0.9998,에너지 관리,E,E_ENERGY__EFFICIENCY_CONSUMPTION,에너지 소비 및 효율화,0.7865198254585266,"지표 및 목표에서는 스코프 1, 2, 3 온실가스 배출량 배출량 측정을 위해 사용한 측정접근법, 투입변수 기후 관련 전환위험 취약 자산 또는 사업의 금액 및 백분율 기후 관련 물리적 위험에 취약한 자산 또는 사업의 금액 및 백분율 기후 관련 위험 및 기회에 대비해 배치된 자본적 지출과 자금조달, 투자 금액 내부탄소가격 의사결정에 내부 탄소가격 적용 여부와 적용 방법 경영진 보상 SASB 기준을 바탕으로 한 에너지 소비량과 수자원 사용량, 전기차 운영 등 산업별 지표 등을 공시한다."
2179,context,0.2359,neutral,0.9998,기후변화·온실가스,E,E_CLIMATE__CLIMATE_GOVERNANCE_INVENTORY,기후 거버넌스·인벤토리,0.7865198254585266,"지표 및 목표에서는 스코프 1, 2, 3 온실가스 배출량 배출량 측정을 위해 사용한 측정접근법, 투입변수 기후 관련 전환위험 취약 자산 또는 사업의 금액 및 백분율 기후 관련 물리적 위험에 취약한 자산 또는 사업의 금액 및 백분율 기후 관련 위험 및 기회에 대비해 배치된 자본적 지출과 자금조달, 투자 금액 내부탄소가격 의사결정에 내부 탄소가격 적용 여부와 적용 방법 경영진 보상 SASB 기준을 바탕으로 한 에너지 소비량과 수자원 사용량, 전기차 운영 등 산업별 지표 등을 공시한다."
2180,context,0.2114,neutral,0.9997,기후변화·온실가스,E,E_CLIMATE__CLIMATE_GOVERNANCE_INVENTORY,기후 거버넌스·인벤토리,0.7049802541732788,"이와 함께 투자 승인 시 기후 위험과 기회에 대한 평가와 투자 평가 시 내부 탄소가격 반영, 온실가스 배출량 측정과 목표 달성 모니터링에 대한 내부 통제 체계 운영 여부도 공시한다."
2181,context,0.1861,neutral,0.9999,기후변화·온실가스,E,E_CLIMATE__SCOPE3_EMISSION,Scope 3 배출량,0.6203505396842957,"일반사항에서는 앞서 언급된 기업의 업종과 사업 내용, 수익 모델 등의 기업 정보와 함께 업스트림과 다운스트림 전반에 걸친 가치사슬에 대한 정보가 제공된다."
2182,context,0.187,neutral,0.9717,에너지 관리,E,E_ENERGY__EFFICIENCY_CONSUMPTION,에너지 소비 및 효율화,0.64145827293396,"메디선이 제안한 솔루션은 에너지 절감 브라인(염수) 자원화 탄소 포집(CCUS)을 결합한 물 에너지 탄소 순환 시스템(WE-Cycle) 로, 기존 담수화 공정의 높은 에너지 소비와 폐기물 문제를 동시에 해결하는 것을 목표로 한다."
2183,context,0.2116,neutral,0.9975,에너지 관리,E,E_ENERGY__RENEWABLE_TRANSITION,신재생에너지 전환,0.7071194052696228,보고서는 전력 부문에서 2030년 기준 100GW의 재생에너지 보급 목표 설정 2035년까지 석탄 단계적 퇴출 석탄발전소의 LNG 전환 계획 전면 폐지 전력망 유연성 제고 및 에너지저장시설 확대 전력시장 제도 재정비 및 기업 전력거래계약(PPA) 촉진을 꼽았다.
2184,context,0.2027,neutral,0.9999,에너지 관리,E,E_ENERGY__EFFICIENCY_CONSUMPTION,에너지 소비 및 효율화,0.6757010221481323,"세부 목표의 경우 재생에너지 설비 용량이나 발전량, 산업 및 수송 부문의 전기화율, 각 부문의 화석연료 전환 로드맵, 에너지 효율 개선율 등을 들 수 있다."
2185,context,0.1277,neutral,0.9998,에너지 관리,E,E_ENERGY__RENEWABLE_TRANSITION,신재생에너지 전환,0.42586758732795715,NDC 내 각 부문별 세부 목표 설정 필수 PPA 촉진 ETS 내 무상할당 축소 등
2186,context,0.1782,neutral,0.9998,에너지 관리,E,E_ENERGY__RENEWABLE_TRANSITION,신재생에너지 전환,0.5940439701080322,보고서는 소극적인 NDC 설정이 기업 등 민간투자를 위축시킬 위험이 크다고 분석했다. 보고서는 다가오는 새로운 2035 NDC의 발표는 국가적 기후 대응 의지를 표명함으로써 기업과 투자자가 안심하고 자금을 투자해도 된다는 신호(bankable signals)를 보내는 중대한 계기가 될 것 이라면서 특히 상당수의 한국 기업들이 100% 재생에너지(RE100)을 선언하고 있는 현 상황에서는 그 중요성이 더욱 강조된다 고 말했다.
2187,context,0.1402,neutral,0.9983,윤리경영·준법,G,G_ETHICS__ANTI_CORRUPTION_COMPLIANCE,반부패 및 컴플라이언스,0.46803757548332214,"SK텔레콤은 정재헌 CGO가 사장을 맡는다. 정 사장은 회사의 컴플라이언스 역량을 높이고, 거버넌스 체계 고도화를 통해 고객 신뢰를 높일 계획이다."
2188,opportunity,0.6188,positive,0.9993,에너지 관리,E,E_ENERGY__EFFICIENCY_CONSUMPTION,에너지 소비 및 효율화,0.6192542910575867,"신제품에는 친환경 냉매와 고효율 인버터 시스템, 결로 저감 도어 구조, 온도 복원 알고리즘, 야간 절전(슈퍼세이브) 모드, 원격 상태 모니터링 등 에너지 절감 유지관리 혁신이 반영됐다."
2189,context,0.1031,neutral,0.7302,인적자원 관리,S,S_HR__DIVERSITY_INCLUSION,다양성 및 형평성 (DEI),0.4708262085914612,"동아에스티 관계자는 행복세차소를 통해 임직원들은 자연스럽게 사회적 가치 실현에 동참하고, 장애인 근로자들은 안정적인 일자리에서 자부심을 가지고 일하며 서로가 함께 성장함을 느낄 수 있다 며, 동아쏘시오그룹은 장애인 고용을 통한 사회적 책임 실천을 지속하며, 모든 구성원이 함께 성장할 수 있는 지속가능한 고용체계 정착을 위해 노력해 나갈 것이다 고 말했다."
2190,opportunity,0.4845,positive,0.9995,인적자원 관리,S,S_HR__DIVERSITY_INCLUSION,다양성 및 형평성 (DEI),0.48478713631629944,"지난 7월에는 한국장애인고용공단과 장애인 고용 및 ESG 경영 실천을 위한 장애인 고용증진 협약을 체결하고, 그 일환으로 행복세차소를 오픈했다."
2191,opportunity,0.6082,positive,0.9996,인적자원 관리,S,S_HR__DIVERSITY_INCLUSION,다양성 및 형평성 (DEI),0.6084917187690735,"동아쏘시오그룹은 2023년부터 장애인 고용의 질적 양적 개선을 목표로 체계적으로 장애인 고용 현실화를 추진하고 있다. 장애인 고용에 대한 법적 이행과 인식 개선, 장애인의 이해도 제고를 위한 다양한 프로그램을 운영하며, 사내 장애 포용의 문화를 지속적으로 확산시키고 있다."
2192,context,0.1573,neutral,0.9279,에너지 관리,E,E_ENERGY__RENEWABLE_TRANSITION,신재생에너지 전환,0.5650447010993958,보고서는 미미한 보급 실적에도 불구하고 기후위기 대응과 RE100 이행 등 산업 경쟁력 확보를 위해 해상풍력 확대가 필수 과제 임을 강조하고 이 과정에서 막대한 고용 창출이 발생할 수 있다고 분석했다.
2193,context,0.1815,neutral,0.9999,에너지 관리,E,E_ENERGY__RENEWABLE_TRANSITION,신재생에너지 전환,0.6049879193305969,"김정호 의원은 RE100 산단은 2026년부터 본격 조성하여 2030년까지 가동을 목표로 하고 있는데 재생에너지 생산 및 공급, 순환 문제와 기존의 사업 추진 간 흩어져 있던 여러 장애요인을 일괄해소 할 수 있는 범부처 차원의 특별법으로 해소해야 한다 면서 영남권 뿐만아니라 기존의 산단에서도 RE100 산단 전환을 위해 노력해 재생에너지 기반의 환경친화적 에너지 도시 및 산단 조성에 힘써야 할 것 이라고 강조했다."
2194,context,0.1233,neutral,0.9998,인적자원 관리,S,S_HR__DIVERSITY_INCLUSION,다양성 및 형평성 (DEI),0.41110560297966003,https www.reuters.com sustainability society-equity us-targets-steel-copper-lithium-imports-under-uyghur-forced-labor-law-2025-08-19
2195,context,0.1617,neutral,0.9999,에너지 관리,E,E_ENERGY__RENEWABLE_TRANSITION,신재생에너지 전환,0.5389453172683716,한편 30일 더불어민주당 김정호 의원도 초광역권 재생에너지자립도시 조성 및 RE100 산업단지 전환을 위한 특별법안을 대표 발의했다. 김정호 의원 등 12인은 재생에너지 생산과 소비가 연계되어 이를 활용한 지역에서 산업과 정주 기능을 갖춘 재생에너지자립도시 를 조성하기 위해 필요한 사항을 규정했다 .
2196,context,0.1909,neutral,0.9999,에너지 관리,E,E_ENERGY__RENEWABLE_TRANSITION,신재생에너지 전환,0.6366114616394043,이번 특별법은 재생에너지 기반의 산업입지를 국가 차원에서 체계적으로 조성하고 지역 내에서 전력의 생산과 소비가 순환되는 구조를 제도화하기 위한 다양한 인센티브 제공을 핵심으로 한다. 재생에너지자립단지는 대규모 재생에너지 발전설비 갖춘 재생에너지지구 안정적인 송전 배전을 담당하는 전력망지구 RE100 이행 기업이 입주하는 산업지구 근로자 주거 교육 의료 인프라를 갖춘 정주지구 등 4개 기능지구로 구성된다 .
2197,context,0.1756,neutral,0.9997,에너지 관리,E,E_ENERGY__RENEWABLE_TRANSITION,신재생에너지 전환,0.5854045152664185,RE100 산업단지는 기업들의 RE100 목표를 100% 충족시켜주면서도 지역의 재생에너지 역량을 100% 활용하는 산업단지를 일컫는다. 산업통상자원부는 범부처 TF를 설치해 RE100 산단 특별법을 제정하고 내년도 본격 조성에 착수해 2030년까지 글로벌 선도 RE100산단을 가동하는 것을 목표로 하고 있다.
2198,context,0.1662,neutral,0.9999,에너지 관리,E,E_ENERGY__RENEWABLE_TRANSITION,신재생에너지 전환,0.5542024970054626,RE100 산단 특별법을 대표발의한 더불어민주당 정진욱 의원은 재생에너지 중심의 산업단지를 체계적으로 조성해 기업의 RE100 이행을 지원하고 지역의 풍부한 재생에너지 자원을 산업 에너지 생활 전반에 순환적으로 활용하는 에너지 신도시( 지산지소) 모델을 구축해야 한다 며 이번 법안은 이재명 정부의 핵심 국정과제인 RE100 산업단지 조성을 법적으로 뒷받침하는 것을 목표로 한다 고 밝혔다.
2199,risk,0.3896,negative,0.7466,인적자원 관리,S,S_HR__DIVERSITY_INCLUSION,다양성 및 형평성 (DEI),0.5218889713287354,"LF는 기업지배구조보고서 기준 준수율이 최근 60% 수준으로 하락했으며, 이사회 내부의 독립성 성별 다양성 등 주요 항목에서 미흡하다는 평가를 받아 이사회 및 지배구조의 투명성 개선이 시급한 상황이다."
2200,context,0.1915,neutral,0.9991,이사회 구조,G,G_BOARD__COMPOSITION_INDEPENDENCE,이사회 구성 및 독립성,0.6388632655143738,"이런 가운데 LF의 이사회 독립성에 대한 지적도 나오고 있다. LF의 이사회 의장을 오랜 기간 오너인 구본걸 회장이 맡아왔으며, 사외이사 중심 체제로의 전환이 늦다는 평가다. 이 같은 구조는 승계 과정에서 외부 견제장치가 약하다는 비판으로 이어진다."
2201,context,0.1034,neutral,0.9999,에너지 관리,E,E_ENERGY__RENEWABLE_TRANSITION,신재생에너지 전환,0.34471312165260315,문 차관은 이재명 정부가 역점 추진하는 RE100 산단과 관련해서는 현재 국회에 관련 특별법안이 3건 발의된 상태라며 정부 의견을 제시하고 국회와 협의해 연내 입법이 가능하도록 노력하겠다고 말했다.
2202,context,0.1824,neutral,0.9995,에너지 관리,E,E_ENERGY__RENEWABLE_TRANSITION,신재생에너지 전환,0.6082296967506409,인도 전력부가 산하 재생에너지 집행기관(REIA) 들에 대해 구매처가 없는 청정에너지 발전 프로젝트와의 전력 구매계약(PPA) 체결 가능성을 검토하라고 지시했다고 로이터통신이 보도했다.
2203,context,0.0836,neutral,0.7691,인적자원 관리,S,S_HR__DIVERSITY_INCLUSION,다양성 및 형평성 (DEI),0.3623400330543518,법무장관들은 서한에서 CSRD와 CSDDD에 대한 공동의 우려를 표명하며 해당 규제가 미국 기업들에게 유럽의 ESG 및 DEI(다양성 형평성 포용성) 의무를 따를 것을 요구하고 있다 고 주장했다. 또 이들 규제를 준수하는 것은 미국 내에서 불법 이라고 명시했다.
2204,context,0.1767,neutral,0.9998,이사회 구조,G,G_BOARD__COMPOSITION_INDEPENDENCE,이사회 구성 및 독립성,0.5891892313957214,"신한금융은 사외이사 9명(전체 82%)으로 구성된 이사회가 7개 상설위원회를 운영하고, 연 13회 회의를 개최했다. 위원회별 운영성과를 자가평가 외부평가 병행으로 검증했으며, 여성 사외이사 비율은 20% 이상으로 유지했다."
2205,context,0.1819,neutral,0.9999,기후변화·온실가스,E,E_CLIMATE__SCOPE1_2_EMISSION,Scope 1·2 배출량,0.6062343120574951,7차 계획에서 눈에 띄는 점은 전력 사용량이 많은 데이터센터를 특별관리하기로 한 점이다. 데이터센터 전력 효율 수준을 전수 조사하고 매년 관련 지표를 관리하도록 의무화하기로 했다. 또 에너지 사용량 등을 시 도지사에 신고해야 하는 에너지 다소비 사업장 분류에 데이터센터를 추가한다.
2206,context,0.1321,neutral,0.9992,이사회 구조,G,G_BOARD__COMPOSITION_INDEPENDENCE,이사회 구성 및 독립성,0.44063207507133484,또한 삼성전자의 이사회 구성을 보면 대만 TSMC 등 경쟁 기업들과 비교해 글로벌 비즈니스 감각을 가진 전문경영인 출신이 전무하다. 내국인 교수와 관료 출신자들이 우물안 개구리식 의사결정을 하는 거버넌스체계를 갖고 있는 것이다.
2207,context,0.1842,neutral,0.9999,이사회 구조,G,G_BOARD__COMPOSITION_INDEPENDENCE,이사회 구성 및 독립성,0.6140256524085999,보고서는 구체적 실행 방안으로 장기 기업 전략을 반영한 이사회 구성 성과 연계형 보상 체계 확립 기업 정보 접근성 확대 지배구조에 대한 정기적 검토 등을 제안했다.
2208,context,0.1921,neutral,0.9996,이사회 구조,G,G_BOARD__COMPOSITION_INDEPENDENCE,이사회 구성 및 독립성,0.6406734585762024,"이를 위해 이사회 구성 및 운영을 개선해 경영진 지배주주 중심 구조에서 탈피하고 자본배분 체계를 효율화하며, 자사주 매입 후 소각, 배당 확대 등 주주환원 정책을 실질적으로 실행하라고 조언했다."
2209,context,0.2446,neutral,0.9998,이사회 구조,G,G_BOARD__COMPOSITION_INDEPENDENCE,이사회 구성 및 독립성,0.8157005906105042,"한국 상장사들은 이사회 내 사외이사 비율, 이사회장과 대표이사의 겸임 여부 등 이사회 구성 및 독립성 측면에서 글로벌 기준 대비 개선 여지가 많다는 게 ISS의 평가다. 이사회가 경영진을 실질적으로 감독하기보다는 경영진과 오너일가의 영향력 아래 있는 경우가 적지 않다."
2210,context,0.1784,neutral,0.9766,이사회 구조,G,G_BOARD__COMPOSITION_INDEPENDENCE,이사회 구성 및 독립성,0.6090241074562073,"ISS는 한국 상장사들이 직면하고 있는 지배구조의 핵심 문제들로 이사회 구성 및 독립성 부족, 임원 보수체계의 투명성 책임성 미흡, 지분 구조 및 지배주주 중심 경영문화, 주주환원정책 및 시장과의 소통 부족 등을 지적했다."
2211,context,0.1395,neutral,0.9926,이사회 구조,G,G_BOARD__COMPOSITION_INDEPENDENCE,이사회 구성 및 독립성,0.46833592653274536,"특히 이번 ISS 보고서는 한국 기업들이 자본 효율성, 이사회 구성, 임원 보수체계 등 지배구조 측면에서 질적 변화가 충분치 않아 개선이 시급하다고 봤다."
2212,opportunity,0.4712,positive,0.9906,에너지 관리,E,E_ENERGY__RENEWABLE_TRANSITION,신재생에너지 전환,0.47562915086746216,"삼성전자와 SK하이닉스는 대부분의 해외 사업장에서 RE100을 달성했지만 국내 사업장을 포함하면 삼성전자는 31%, SK하이닉스는 30% 수준의 재생에너지 전환율을 보인다."
2213,context,0.1564,neutral,0.9995,안전보건,S,S_SAFETY__OCCUPATIONAL_HEALTH_MANAGEMENT,사업장 안전보건 관리체계,0.5218046307563782,이번에는 기업 과제에 따라 성장 잠재력이 높은 제조 소기업 맞춤형 지원(일반) 탄소저감 가능성이 큰 기업 대상 혁신 경영 지원(탄소중립) 제조 중소기업의 중대재해 예방 서비스(중대재해예방) 경영 위기 중소기업의 회생 재창업 등 서비스 제공(재기컨설팅) 등 4가지 유형으로 선발한다.
2214,context,0.1837,neutral,0.9999,안전보건,S,S_SAFETY__OCCUPATIONAL_HEALTH_MANAGEMENT,사업장 안전보건 관리체계,0.6123855113983154,"각 시도는 지역 단위로 추진해 온 특화 산업재해 예방 활동 사례와 취약 분야 관리 방안 등을 공유했다. 특히 노동안전지킴이 현장 점검, 소규모 사업장 위험성 평가 등 컨설팅 지원, 작업환경 유해 위험 요인 개선 등 지역 실정에 맞춘 노력을 전달했다."
2215,context,0.2207,neutral,0.9989,윤리경영·준법,G,G_ETHICS__ANTI_CORRUPTION_COMPLIANCE,반부패 및 컴플라이언스,0.7366223931312561,BNK금융지주 준법감시인 최명희 상무는 이번 ISO 37001 인증은 BNK금융그룹이 바른경영을 핵심가치로 실천해 온 노력의 결과라며 앞으로도 청렴과 신뢰를 바탕으로 윤리 준법 문화를 더욱 공고히 해 금융 소비자와 지역사회로부터 신뢰받는 금융그룹으로 자리매김하겠다고 말했다.
2216,context,0.1872,neutral,0.8009,윤리경영·준법,G,G_ETHICS__ANTI_CORRUPTION_COMPLIANCE,반부패 및 컴플라이언스,0.779004693031311,"ISO 37001은 국제표준화기구(ISO)가 제정한 부패방지 경영 시스템 국제표준으로, 조직이 부패를 사전에 예방 감시 대응할 수 있는 관리체계를 갖추었는지를 심사해 인증하는 제도다."
2217,context,0.1606,neutral,0.9535,에너지 관리,E,E_ENERGY__EFFICIENCY_CONSUMPTION,에너지 소비 및 효율화,0.5614123940467834,"또한 에코시안 기술연구소 분석 결과, 에너지 사용량이 약 9% 감소, 탄소 배출량은 30 35톤 절감되는 등 환경적 성과도 입증됐다. 전국적으로 전기요금 상승률이 36.4%에 달했던 같은 기간에도 참여 시설의 비용 증가는 절반 이하로 억제되며 에너지 효율 개선 효과가 확인됐다."
2218,context,0.1736,neutral,0.9999,ESG 데이터 거버넌스,G,G_DATA_GOVERNANCE__ESG_DATA_CONTROL,ESG 데이터 내부통제,0.5788190364837646,"위성곤 의원은 축사에서 ESG는 비용이 아니라 경쟁력 이라며 지역사회와의 상생, 안전한 노동 환경, 데이터 거버넌스의 체계화는 단기적 과제가 아니라 지속가능한 경제의 기초인 만큼, 규제 환경을 정확히 이해하고 하나의 전환 계획 으로 묶어 실행하는 역량이 그 어느때보다 중요하다 고 지적했다."
2219,context,0.1707,neutral,0.9999,에너지 관리,E,E_ENERGY__RENEWABLE_TRANSITION,신재생에너지 전환,0.5689253211021423,탄소중립 관련해 정부는 전환 적응 신산업 육성을 골자로 한 정책을 본격화하고 있다. 특히 재생에너지 중심의 에너지 대전환과 지산지소형 RE100 산단 조성은 제조업 공급망에 직접적인 영향을 준다. 김 이사는 재생에너지 수요와 공급망의 변화가 기업 경영 판단에도 영향을 미치고 있다며 이러한 정책들이 기업의 전환 전략과 생산 구조에 중요한 변수로 작용하고 있다고 설명했다.
2220,context,0.1422,neutral,0.9336,에너지 관리,E,E_ENERGY__RENEWABLE_TRANSITION,신재생에너지 전환,0.507588803768158,인도 신재생에너지부(MNRE)는 전력 수요가 낮은 시기에 전력망 안정성을 유지하고 송전망 혼잡을 완화하기 위해 태양광 발전량을 제한하고 있다고 로이터통신에 밝혔다.
2221,context,0.1815,neutral,0.9999,에너지 관리,E,E_ENERGY__RENEWABLE_TRANSITION,신재생에너지 전환,0.605059027671814,김태한 한국사회책임투자포럼 이사는 18일 국회에서 진행된 2025 ESG경제포럼 에서 이같이 말했다. 김 이사는 이재명 정부 국정과제에 공공기관 ESG 경영 가이드라인 마련 RE100 산단조성 ESG 공시기준 및 로드맵 마련 안전보건공시제 단계적 도입 녹색 공공조달 확대 등이 핵심 정책으로 포함되어 있다고 밝혔다.
2222,context,0.1337,neutral,0.9999,에너지 관리,E,E_ENERGY__RENEWABLE_TRANSITION,신재생에너지 전환,0.4457123577594757,"기후부에 따르면 228개 기초지자체 가운데 129곳에 태양광 발전시설 이격거리 규제가 있다. 이들 지자체에서 이격을 요구하는 거리는 주거지역에 대해 평균 368 , 도로에 대해 평균 331 로 정부 권고(주거지역 100 등)보다 멀다."
2223,context,0.1958,neutral,0.9999,인적자원 관리,S,S_HR__DIVERSITY_INCLUSION,다양성 및 형평성 (DEI),0.6527845859527588,"이사회 부문에서는, 다수 기업이 사외이사 직무수행을 위한 전담인력을 배치(90.7%)하고, 교육을 실시(80.0%)하는 등 사외이사의 활동을 지원했다. 그러나 이사회 내 성별 다양성 확보(53.0%), 이사회 과반수 이상을 사외이사로 선임(55.7%) 등 다양성 및 독립성 측면에서는 개선이 필요하다는 분석이 나왔다."
2224,risk,0.2918,negative,0.5543,인적자원 관리,S,S_HR__DIVERSITY_INCLUSION,다양성 및 형평성 (DEI),0.5264001488685608,"특히 항목별로 보면, 내부감사기구와 외부감사인의 분기별 회의 개최(격차 53.8%p), 이사회 내 성별 다양성 확보(53.4%p), 배당정책 연 1회 이상 통지(47.1%p) 등에서 중견기업의 준수율이 크게 뒤처진 것으로 나타났다."
2225,opportunity,0.5717,positive,0.8319,에너지 관리,E,E_ENERGY__RENEWABLE_TRANSITION,신재생에너지 전환,0.6871644258499146,"또한 엔라이튼은 발전왕에서 축적된 운영 데이터를 직접전력구매계약(PPA), 전력중개 등 재생에너지 전력거래 영역과 연계해 기업의 재생에너지 조달 구조를 디지털 기반으로 확장하고 있다. 발전왕은 기업의 전력 수요 특성과 발전소별 운영 패턴을 분석해 적합한 발전소를 선별하는 매칭 구조를 갖추고 있으며, 이를 기반으로 현대자동차, KT G 등 기업과의 PPA 계약도 체결했다."
2226,context,0.1861,neutral,0.9999,에너지 관리,E,E_ENERGY__RENEWABLE_TRANSITION,신재생에너지 전환,0.6204068660736084,"엔라이튼은 발전왕 플랫폼을 통해 전국 3만 개소(6.7GW) 규모의 소규모 태양광 발전소를 통합 관리하고 있다. 발전왕은 발전량 실시간 모니터링, 이상 감지 및 알림, 매전량 및 보증시간 분석 자동화 등 운영 절차를 순차적으로 디지털화하며 발전소 관리 효율을 높여 왔다."
2227,context,0.101,neutral,0.5729,에너지 관리,E,E_ENERGY__RENEWABLE_TRANSITION,신재생에너지 전환,0.5879443287849426,"엔라이튼은 발전왕 플랫폼을 통해 소규모 태양광 발전소 운영을 디지털 기반으로 통합하고, 분산에너지 자원을 체계적으로 운영할 수 있는 기반을 마련해 온 점에서 높은 평가를 받았다."
2228,context,0.1599,neutral,0.9997,에너지 관리,E,E_ENERGY__RENEWABLE_TRANSITION,신재생에너지 전환,0.5332778096199036,"보고서는 재생에너지 전환을 성공시키려면 단순한 기술투자를 넘어, 국민이 직접 체감하고 공감할 수 있는 현장 분배 구조가 뒷받침돼야 한다 며 이제 재생에너지는 환경정책 차원이 아니라 국가 경제 미래 일자리의 성장축 이라고 강조했다."
2229,context,0.1599,neutral,0.9577,에너지 관리,E,E_ENERGY__EFFICIENCY_CONSUMPTION,에너지 소비 및 효율화,0.5565458536148071,"보고서는 재생에너지의 빠른 도입은 에너지 비용 하락과 제조업 인프라의 효율 개선을 동반해 경제의 질적 전환을 촉진한다 며 특히 태양광과 풍력이 이미 대부분 국가에서 가장 저렴한 전력원인 상황에서, 전력망이 닿지 않는 오지에까지 안정적으로 에너지를 공급할 수 있다는 것이 혁신적 이라고 밝혔다. 농촌 낙후지역의 에너지 불평등 해소, 대기오염 저감에 따른 건강증진, 에너지 접근성을 활용한 신산업 창출이 복합적으로 생산성 성장률에 기여한다는 것이다."
2230,context,0.145,neutral,0.9993,기후변화·온실가스,E,E_CLIMATE__CLIMATE_GOVERNANCE_INVENTORY,기후 거버넌스·인벤토리,0.4836080074310303,브라질 현지 차량 연료 구성(가솔린 에탄올 혼합 등)을 반영한 평균 온실가스 배출계수(예 1리터 연소 시 발생 CO 량)를 활용한다.
2231,context,0.1621,neutral,0.9997,에너지 관리,E,E_ENERGY__RENEWABLE_TRANSITION,신재생에너지 전환,0.5405132174491882,"정의로운 탈석탄법 은 또한 전환 과정에서 탈석탄위원회를 설치해 발전소 노동자와 지역 주민의 참여를 보장하고 석탄발전소 소재 노동자의 고용승계, 직무전환, 재생에너지 전환 등을 국가와 지방정부의 책임으로 규정했다."
2232,context,0.1736,neutral,0.9998,에너지 관리,E,E_ENERGY__RENEWABLE_TRANSITION,신재생에너지 전환,0.5788598656654358,"이재명 정부 기조에 맞춘 무탄소 중심의 전원믹스를 도출하고, 아울러 재생에너지 확대에 부합하는 적정 유연성 확보, 전력망 확충, 수요 분산, 전력시장제도 보완 등도 함께 검토된다. 12차 전기본에는 11차 전기본보다 신재생에너지 비중이 상당히 높아질 것이란 관측이 지배적이다."
2233,context,0.1371,neutral,0.9999,인적자원 관리,S,S_HR__DIVERSITY_INCLUSION,다양성 및 형평성 (DEI),0.456987202167511,"더불어, 지난 3년간 지속해온 향기 정원 캠페인은 국립수목원 및 춘천국유림관리소와 협력해 산림 생물 다양성 보전과 국유림 자원의 새로운 가치 창출을 목표로 진행하고 있다. 해당 사업은 유아 대상 산림 교육 프로그램과 연계해 진행되며 아이들이 향기 정원에서 경험한 자연의 향을 가정에서도 느낄 수 있도록 자체 개발한 향을 활용한 스톤 방향제 제작 체험을 제공하는 등 자연 환경 보호를 실천하는 ESG 활동도 꾸준히 지속적으로 전개하고 있다."
2234,opportunity,0.4531,positive,0.9775,인적자원 관리,S,S_HR__DIVERSITY_INCLUSION,다양성 및 형평성 (DEI),0.46348974108695984,"더스킨팩토리는 굿, 쿤 (Good KUN ) 이라는 이름 아래 취약계층을 위한 기부, 문화 사업 지원, 유방암 자가 진단 캠페인 핑크 글러브 , 국립수목원과 함께하는 생물종 다양성 보존사업 향기정원 캠페인을 2년간 지속 운영하고 있으며, 발달장애인 지원 사업 향기마을(The Scented Viallage) 캠페인 및 취약계층 대상 원데이 클래스 등 새로운 캠페인도 적극적으로 전개하고 있다."
2235,context,0.1752,neutral,0.9998,ESG 데이터 거버넌스,G,G_DATA_GOVERNANCE__ESG_DATA_CONTROL,ESG 데이터 내부통제,0.5841543674468994,"첫째, 데이터 거버넌스의 전면 재구축이 필요하다. 고객 정보 접근 권한을 제로 트러스트(Zero Trust) 원칙에 기반해 재설계하고, 내부자 위협을 실시간으로 감시할 수 있는 시스템을 갖춰야 한다."
2236,context,0.191,neutral,0.9998,이사회 구조,G,G_BOARD__COMPOSITION_INDEPENDENCE,이사회 구성 및 독립성,0.6367487907409668,"그러면서 금감원을 중심으로 금융권 지배구조 전반을 점검하는 TF를 출범시켜 제도 개선 논의를 본격화하겠다는 입장을 밝혔다. 그간 금융지주 회장 연임은 이사회 주주 자율이라는 원칙 아래 당국의 직접 개입은 제한적이었다. 하지만 최근 수년간 회장 후보 추천 과정이 폐쇄적으로 운영되고, 현직 회장이 이사회 구성과 사외이사 선임에 과도한 영향력을 행사한다는 지적이 반복돼 왔다."
2237,context,0.1964,neutral,0.8923,안전보건,S,S_SAFETY__OCCUPATIONAL_HEALTH_MANAGEMENT,사업장 안전보건 관리체계,0.7337595820426941,"리베이션은 올해 후속지원사업을 통해 ISO 45001 안전보건 경영시스템 인증 추진 탄소배출 인벤토리(Scope 1 2) 구축 등 환경(E) 부문의 관리 체계를 고도화했다. 더불어 고객사와 공급사를 대상으로 중대성 평가 설문을 실시해 ESG 핵심 이슈를 도출했으며, 이에 기반한 ESG 우선순위 설정과 관리 KPI 수립을 준비하고 있다."
2238,context,0.1964,neutral,0.8923,기후변화·온실가스,E,E_CLIMATE__SCOPE1_2_EMISSION,Scope 1·2 배출량,0.7337595820426941,"리베이션은 올해 후속지원사업을 통해 ISO 45001 안전보건 경영시스템 인증 추진 탄소배출 인벤토리(Scope 1 2) 구축 등 환경(E) 부문의 관리 체계를 고도화했다. 더불어 고객사와 공급사를 대상으로 중대성 평가 설문을 실시해 ESG 핵심 이슈를 도출했으며, 이에 기반한 ESG 우선순위 설정과 관리 KPI 수립을 준비하고 있다."
2239,context,0.1851,neutral,0.9999,에너지 관리,E,E_ENERGY__RENEWABLE_TRANSITION,신재생에너지 전환,0.617067277431488,기후부의 내년도 예산안에는 정부 기조에 맞춰 재생에너지 전환을 위한 지원이 크게 늘었다. 재생에너지 보급을 가속화하고 분산 전원을 제어하는 차세대 전력망을 구축해 재생에너지 중심의 에너지체계 대전환 이행을 뒷받침한다는 게 기후부 계획이다.
2240,context,0.1651,neutral,0.9988,에너지 관리,E,E_ENERGY__RENEWABLE_TRANSITION,신재생에너지 전환,0.5508764386177063,"신재생에너지 실제 사용량은 증가하지 않았고, REC(화석연료로 발전된 전기를 그대로 사용하면서 웃돈을 주고 신재생에너지 사용 인증서를 구매하는 방식)를 구매했다고 자랑한다. 재활용 자원 사용량은 전체 원재료 사용량의 아주 일부분에 그치고 있고, 전혀 사용하지 않는 기업들도 많다."
2241,context,0.15,neutral,0.9675,에너지 관리,E,E_ENERGY__RENEWABLE_TRANSITION,신재생에너지 전환,0.5168294906616211,앞서 고려아연은 최윤범 회장이 2022년 발표한 트로이카 드라이브 를 통해 신재생에너지 그린수소 이차전지 소재 자원순환을 3대 신성장축으로 제시했다. 2030년까지 15조원을 투입해 2033년 매출 25조를 달성하고 3대 신사업 매출비중을 50%까지 확대한다는 목표다.
2242,context,0.1599,neutral,0.9951,기후변화·온실가스,E,E_CLIMATE__SCOPE1_2_EMISSION,Scope 1·2 배출량,0.5355151295661926,또한 유럽의 에너지 계획에는 데이터센터 전력 사용량이 온전히 반영되지 않는다는 점도 문제가 된다. 보고서에서는 유럽의 데이터센터 전력소비량이 2023년 97TWh에서 2030년 최대 200TWh까지 늘어날 수 있다고 예측했다. 하지만 이렇게 갑작스럽게 늘어난 전력 소비가 전력망 부담과 기후 목표 이행에 위협이 될 수 있음에도 국가 전략 차원에서 관리되지 못하고 있다.
2243,context,0.0795,neutral,0.7459,인적자원 관리,S,S_HR__DIVERSITY_INCLUSION,다양성 및 형평성 (DEI),0.35520774126052856,"종합 1위의 영예는 영국 런던이 차지했다. 런던은 금융 역동성과 문화적 다양성, 그리고 글로벌 영향력에서 압도적인 점수를 받았다. 브렉시트 이후의 우려에도 불구하고, 런던은 여전히 세계 자본과 인재가 모이는 용광로로서의 저력을 과시했다."
2244,context,0.174,neutral,0.9992,에너지 관리,E,E_ENERGY__RENEWABLE_TRANSITION,신재생에너지 전환,0.5804731249809265,"아울러 탄소중립, RE100 등이 전세계적인 화두로 떠오르며 재생에너지를 통한 전력수급 확대가 불가피한 상황이다. 이에 최근 새 정부는 2030년까지 서해안 에너지고속도로 를 구축해 호남지역 재생에너지 단지와 수도권을 전력망으로 연결한다는 목표를 세운 바 있다."
2245,context,0.1605,neutral,0.9996,에너지 관리,E,E_ENERGY__RENEWABLE_TRANSITION,신재생에너지 전환,0.5351150631904602,"따라서 재생에너지 전환은 단순한 친환경 에너지 확대를 넘어, 국가 에너지 안보 수준을 근본적으로 높이는 중요한 수단이 된다."
2246,context,0.2029,neutral,0.9985,인적자원 관리,S,S_HR__DIVERSITY_INCLUSION,다양성 및 형평성 (DEI),0.6774463057518005,"주요 내용에는 탄소배출 저감 및 에너지 효율화 임직원 안전보건과 다양성 확대 협력사와의 상생 및 공급망 ESG 리스크 대응 윤리경영 및 컴플라이언스 체계 강화 등 전방위적인 활동이 포함됐다. 특히 국제 지속가능성 보고 기준(GRI, SASB 등)에 부합하도록 이중 중대성 평가 결과를 기반으로 작성되어 정보의 객관성과 신뢰도를 높였다."
2247,context,0.2029,neutral,0.9985,윤리경영·준법,G,G_ETHICS__ANTI_CORRUPTION_COMPLIANCE,반부패 및 컴플라이언스,0.6774463057518005,"주요 내용에는 탄소배출 저감 및 에너지 효율화 임직원 안전보건과 다양성 확대 협력사와의 상생 및 공급망 ESG 리스크 대응 윤리경영 및 컴플라이언스 체계 강화 등 전방위적인 활동이 포함됐다. 특히 국제 지속가능성 보고 기준(GRI, SASB 등)에 부합하도록 이중 중대성 평가 결과를 기반으로 작성되어 정보의 객관성과 신뢰도를 높였다."
2248,context,0.1963,neutral,0.9966,에너지 관리,E,E_ENERGY__EFFICIENCY_CONSUMPTION,에너지 소비 및 효율화,0.6564616560935974,"자발적 에너지효율 목표제는 2020년 40개 사업장으로 시작해 2024년 211개 사업장으로 확대되었으며, 2024년 효율 개선 활동을 통해 총 42만 TOE의 에너지를 절감했다."
2249,context,0.193,neutral,0.9988,이사회 구조,G,G_BOARD__COMPOSITION_INDEPENDENCE,이사회 구성 및 독립성,0.6440934538841248,"이 대표는 최근 논란이 된 기업 분할 합병 사례도 언급했다. 그는 한화 사례처럼 분할 합병과 같은 중대한 의사결정은 이사회가 지배주주가 아니라 총주주, 모든 주주의 관점에서 판단해야 하는 사안 이라며 절차적 공정성과 이사회 독립성이 확보되지 않으면 시장 신뢰는 회복될 수 없다 고 지적했다."
2250,context,0.1966,neutral,0.9997,에너지 관리,E,E_ENERGY__EFFICIENCY_CONSUMPTION,에너지 소비 및 효율화,0.6555455327033997,"킵(KEEP) 30 은 2023년 30대 에너지다소비 기업의 자발적 참여로 시작된 제도로, 30개 참여기업은 2024년 에너지효율 개선 활동을 통해 총 96.8만TOE(1톤 석유환산량)의 에너지를 절감하고, 기업당 평균 2.6%의 에너지원단위를 개선했다."
2251,context,0.192,neutral,0.974,에너지 관리,E,E_ENERGY__EFFICIENCY_CONSUMPTION,에너지 소비 및 효율화,0.6569995284080505,"기후에너지환경부와 한국에너지공단은 5일 킵(KEEP) 30, 자발적 에너지효율 목표제 성과공유회 를 서울 중구 웨스틴조선에서 개최하고, 2024년 에너지효율 개선 실적이 우수한 19개 기업에 인증서와 현판을 수여한다."
2252,opportunity,0.3819,positive,0.7924,에너지 관리,E,E_ENERGY__EFFICIENCY_CONSUMPTION,에너지 소비 및 효율화,0.4819333255290985,"바이탈밀은 파충류의 장내 환경을 고려한 균주 배합을 사용해 소화 효율 개선, 스트레스 완화, 식욕 회복, 면역 관리까지 종합적으로 지원하는 것이 특징이다."
2253,context,0.1259,neutral,0.9998,이사회 구조,G,G_BOARD__COMPOSITION_INDEPENDENCE,이사회 구성 및 독립성,0.4198018014431,"이 회장은 정부 지분투자가 필요 없는데 굳이 SK그룹이 나서서 미래 반도체 이익을 JV 또는 SPC 주주들과 나누려는 이유는 최 회장의 컨트롤에 대한 우려 때문일 것이라며 최 회장은 SK하이닉스 지분이 전혀 없다. 지주사 SK, 중간지주사 SK스퀘어를 통해 간접지분 1.1%만 소유하고 있지만 SK하이닉스 이사회 구성, 경영진 선임 등 주요 의사결정을 모두 통제한다고 설명했다."
2254,context,0.1291,neutral,0.9999,에너지 관리,E,E_ENERGY__RENEWABLE_TRANSITION,신재생에너지 전환,0.4305853843688965,새로 포인트가 지급되는 활동을 보면 집 베란다에 용량 1kW(킬로와트) 이하 태양광 발전기를 설치하면 1회에 1만원을 준다. 또 지방자치단체 등의 나무 심기 캠페인에 참여하면 1회당 3000원을 지급한다.
2255,context,0.1236,neutral,0.9826,에너지 관리,E,E_ENERGY__RENEWABLE_TRANSITION,신재생에너지 전환,0.4194335341453552,내년부터 집 베란다에 태양광 발전기를 설치하면 현금처럼 사용할 수 있는 1만원 상당 탄소중립포인트가 주어진다.
2256,context,0.1722,neutral,0.9995,ESG 데이터 거버넌스,G,G_DATA_GOVERNANCE__ESG_DATA_CONTROL,ESG 데이터 내부통제,0.574297308921814,"품질 편향 문제 또한 개방 정책의 성패를 좌우할 수 있다. EU AI 법령은 고위험 AI에 대해 학습 검증 시험 데이터셋의 관련성, 대표성, 오류 최소화, 맥락 적합성 같은 데이터 거버넌스 요건을 두고 있고, NIST도 생성형 AI 학습 과정에서 대량 데이터 사용이 프라이버시 편향 등 위험을 키울 수 있다고 말한다. 데이터가 많아지는 것 과 좋아지는 것 이 별개의 문제라는 점이 규제 문서에서도 반복 확인되는 것이다."
2257,context,0.1633,neutral,0.9996,에너지 관리,E,E_ENERGY__RENEWABLE_TRANSITION,신재생에너지 전환,0.5445743799209595,"정혁 연구원은 발전 전력량 대비 지원금의 정도를 결정해 발전 전력의 수요를 유도하는 지원책도 효용성이 있을 것이라며, 대형 태양광 발전을 위해서는 발전 시설업체를 대상으로 한 저리 융자 방안도 하나의 방안이 될 수 있을 것이라고 말했다."
2258,context,0.1225,neutral,0.9994,에너지 관리,E,E_ENERGY__RENEWABLE_TRANSITION,신재생에너지 전환,0.40874698758125305,"한국외대 EU연구소 정혁 연구원에 따르면 독일은 EU역내에서 가장 많은 주택용 태양광 설비 설치량을 기록하고 있으며, 그 기저에는 태양광 발전 설비 설치물의 30KW까지, 다세대 가구는 1개의 설치물에 약 15KW 발전용량까지 발전 전력에 대한 소득세를 면제해주는 정책이 있다."
2259,context,0.1595,neutral,0.9995,에너지 관리,E,E_ENERGY__RENEWABLE_TRANSITION,신재생에너지 전환,0.5320265889167786,정부는 신재생에너지 주택지원사업(그린홈)을 운영하며 태양광 태양열 지열 등 신재생에너지 설비를 주택에 설치할 때 설치비 일부를 지원하는 사업을 운영하고 있다.
2260,opportunity,0.4585,positive,0.9859,인적자원 관리,S,S_HR__DIVERSITY_INCLUSION,다양성 및 형평성 (DEI),0.46505820751190186,"따라서 이번 기회를 계기로, 감액배당을 포함한 배당제도 전반에 대한 제도적 손질, 조세 형평성 확보, 그리고 기업 안정 vs 주주환원 사이의 균형을 고민하는 사회적 숙의가 필요하다. ESG경제신문 AI 리서치팀"
2261,context,0.1103,neutral,0.9831,인적자원 관리,S,S_HR__DIVERSITY_INCLUSION,다양성 및 형평성 (DEI),0.37383705377578735,"메리츠금융 조정호 회장이 3600억원이 넘는 배당을 받고도 세금 한 푼 내지 않은 사실이 알려지면서 조세 형평성 논란이 촉발됐다. 조 회장이 세법을 악용한 것이 아니라, 감액배당을 받는 합법적인 수단으로 세금을 내지 않았다는 점에서 제도 개선의 필요성이 부각된다."
2262,context,0.1556,neutral,0.9999,에너지 관리,E,E_ENERGY__RENEWABLE_TRANSITION,신재생에너지 전환,0.5188422203063965,"박성욱 전남 신안군 태양광정책팀장은 신안군이 추진한 전국 최초 신재생에너지 개발이익 배당금 지급 사례 및 성과 등 신안군 신재생에너지 개발이익 공유제 에 대해 발표했다. 신안군은 햇빛, 바람, 바다가 주는 평생연금이 인구소멸위기의 대안이 되고 있다."
2263,context,0.2005,neutral,0.9999,에너지 관리,E,E_ENERGY__RENEWABLE_TRANSITION,신재생에너지 전환,0.6684089303016663,"첫 번째 발표를 맡은 김경혜 외교부 기후변화외교과장은 COP30 주요 결과 및 시사점 에 대해 발표하며, 이번 당사국회의에서 우리나라의 주요 핵심 성과는 2035 NDC 발표와 탈석탄동맹(PPCA) 가입이라고 말했다. 기업 지원을 위한 경기 RE100 을 주제로 발표한 김연지 경기도 에너지산업과장은 경기도는 태양광 설치 증가율이 전국 1위 라며 경기 RE100을 위해 추진한 공공, 산단, 도민 등 분야별 추진내용 및 성과를 설명했다"
2264,opportunity,0.4871,positive,0.7759,기후변화·온실가스,E,E_CLIMATE__SCOPE3_EMISSION,Scope 3 배출량,0.6278356313705444,공공 부문에서는 국립광주과학관(국립과학관 최초 지속가능경영보고서 발간) 경상북도개발공사(지방공기업 최초TNFD 도입 및 Scope 3 검증) 인천서구시설관리공단(주민 체감형 자체 지표 개발)이 선정되어 공공 ESG의 모범 사례로 인정받았다.
2265,context,0.1703,neutral,0.9997,에너지 관리,E,E_ENERGY__RENEWABLE_TRANSITION,신재생에너지 전환,0.5678262114524841,"전문가들은 지원금을 단순한 마을 보상 차원이 아니라 지속가능한 지역 상생 프로그램으로 전환해야 한다 고 강조한다. 기후 에너지 거버넌스 측면에서 보면, 재생에너지 전환과 전력망 확충 과정의 보상체계가 제도적 신뢰를 갖추지 못하면 향후 송전설비 건설 과정에서도 민원이 반복될 수 있다는 것이다."
2266,context,0.133,neutral,0.9997,기후변화·온실가스,E,E_CLIMATE__CLIMATE_GOVERNANCE_INVENTORY,기후 거버넌스·인벤토리,0.4433183968067169,"기후 거버넌스는 새로운 단계로 이동했다. 초기에는 국제 합의와 도덕적 압박이 동력이었다면, 이제는 산업 경쟁, 금융 규범, 기술 표준이 실제 전환을 밀어붙이는 힘이 되고 있다. 협상장은 복잡해졌지만, 진짜 전환은 협상장 밖에서 진행되고 있다."
2267,context,0.154,neutral,0.9997,기후변화·온실가스,E,E_CLIMATE__CLIMATE_GOVERNANCE_INVENTORY,기후 거버넌스·인벤토리,0.513677179813385,파리협정을 단순한 환경 협정으로만 봐서는 안 된다. 지난 10년 사이 기후변화는 글로벌 패권 경쟁의 핵심 의제로 편입되었다. 특히 미중(G2) 간의 경제안보 마찰과 산업 패권 경쟁은 파리협정 이후 기후 거버넌스의 성격을 근본적으로 바꿔 놓았다.
2268,context,0.1199,neutral,0.9996,인적자원 관리,S,S_HR__DIVERSITY_INCLUSION,다양성 및 형평성 (DEI),0.399782657623291,"트럼프 2기 행정부는 출범 직후부터 파리협정 재탈퇴, 연방정부 DEI 프로그램 폐지 등 반( )ESG 드라이브를 걸어왔다. 이번 행정명령 역시 의결권 자문사를 통해 확산되는 ESG 압력을 원천 차단하겠다는 의도다."
2269,context,0.1607,neutral,0.9872,인적자원 관리,S,S_HR__DIVERSITY_INCLUSION,다양성 및 형평성 (DEI),0.5426627397537231,실제로 ISS와 글래스루이스는 지난 수년간 기후변화나 다양성 관련 주주제안에 대해 대형 자산운용사들보다 훨씬 우호적인 권고를 내놓았다. 보수 성향 경영자들과 공화당은 이를 주주 이익 극대화라는 수탁자 의무(fiduciary duty)를 넘어선 정치적 개입으로 규정한다.
2270,context,0.1669,neutral,0.9883,인적자원 관리,S,S_HR__DIVERSITY_INCLUSION,다양성 및 형평성 (DEI),0.5631013512611389,"트럼프 대통령은 행정명령을 통해 미 증권거래위원회(SEC), 연방거래위원회(FTC), 노동부 등 관계 부처에 이들 의결권자문사가 환경 사회 거버넌스(ESG) 및 다양성 형평성(DEI) 이슈를 다루는 과정에서 반독점법이나 수탁자 의무 규정 등을 위반했는지 조사하라고 지시했다."
2271,context,0.2087,neutral,0.9944,에너지 관리,E,E_ENERGY__EFFICIENCY_CONSUMPTION,에너지 소비 및 효율화,0.6995480060577393,"신축 제로에너지건축물(ZEB) 인증 시 히트펌프로 생산하는 열에너지를 재생에너지로 산정할 수 있도록 한다. 특히 에너지공급자(한국가스공사, 한국전력공사, 한국지역난방공사)에게 에너지 사용자의 효율 향상을 위한 투자 사업을 의무적으로 이행토록 하는 에너지공급자 효율향상제도와 연계해 히트펌프 보급 시 에너지 절감실적에 가중치를 부여할 수 있도록 한다"
2272,context,0.142,neutral,0.9998,에너지 관리,E,E_ENERGY__RENEWABLE_TRANSITION,신재생에너지 전환,0.4734564423561096,"인구감소지역은 지방정부가 지역소멸대응기금을 주민의 자부담분 지원 등에 활용할 수 있도록 허용하고, 신재생에너지 창업과 사업장 신설 시 취득세 면제와 재산세 감면을 지원한다."
2273,context,0.1286,neutral,0.9999,에너지 관리,E,E_ENERGY__RENEWABLE_TRANSITION,신재생에너지 전환,0.4287738502025604,"대표적으로 경기 여주시 세종대왕면 구양리 주민으로 구성된 햇빛두레발전협동조합은 마을창고, 주차장 등에 태양광 발전소를 설치하고 판매수익으로 마을회관 무료 점심과 무료 바을버스 등을 운영하고 있다."
2274,context,0.1637,neutral,0.9999,에너지 관리,E,E_ENERGY__RENEWABLE_TRANSITION,신재생에너지 전환,0.5458739399909973,"햇빛소득마을은 마을 공동체가 주도해 마을 내 유휴부지, 농지 저수지 등에 태양광 발전소를 운영해 에너지 자립을 달성하고, 그로부터 나온 수입을 공동체 구성원이 공유하는 사업 모델이다."
2275,context,0.1742,neutral,0.9998,에너지 관리,E,E_ENERGY__RENEWABLE_TRANSITION,신재생에너지 전환,0.5809497237205505,"공동저자인 양 상임이사는 한국사회책임투자포럼(KoSIF) 공동창립자로, 한국의 지속가능한 ESG금융 생태계 구축에 앞장서고 있다. KoSIF를 통해 CDP, PCAF, TCFD, RE100, UNGC 등 국내외 주요 기관과 협력하며 ESG 생태계 조성에 기여하고 있다."
2276,context,0.1883,neutral,0.9939,기후변화·온실가스,E,E_CLIMATE__SCOPE1_2_EMISSION,Scope 1·2 배출량,0.6315441727638245,"아모레퍼시픽의 사업활동에 의해 발생하는 기타 간접 배출량(스코프 3) 중 가장 많은 비중을 차지하는 구매한 제품 및 서비스에서 발생하는 배출량과 고객이 제품을 사용 후 폐기할 때 배출되는 배출량을 2020년 대비 2030년까지 25%, 2050년까지 90% 감축할 계획이다."
2277,context,0.1769,neutral,0.9992,에너지 관리,E,E_ENERGY__RENEWABLE_TRANSITION,신재생에너지 전환,0.5903033018112183,"아모레퍼시픽은 2050년까지 스코프 1 2 온실가스 배출량을 2020년 대비 90% 감축해 넷제로를 달성하는 목표를 추진 중이다. 이를 위해 2024년에는 재생전력 사용 비율을 70%까지 끌어올렸으며, 2025년에는 RE100 달성을 목표로 하고 있다."
2278,opportunity,0.6866,positive,0.9977,에너지 관리,E,E_ENERGY__RENEWABLE_TRANSITION,신재생에너지 전환,0.6881904602050781,"아모레퍼시픽은 기후변화 부문에서 RE100 가입과 재생에너지 전환 가속화, 그리고 SBTi(과학기반 목표 이니셔티브) 1.5 C 목표 기반의 넷제로 목표를 수립하고 적극적으로 추진한 점을 인정받았다. 수자원 관리 부문에서는 사업장별 취수부터 방류수까지의 모니터링 체계, 폐수처리 공정 자동화를 통한 수질오염 최소화, 그리고 오산 아모레 뷰티 파크의 폐수 재활용을 통한 순환수자원 활용 등이 높은 평가를 받았다."
2279,opportunity,0.4639,positive,0.9998,인적자원 관리,S,S_HR__DIVERSITY_INCLUSION,다양성 및 형평성 (DEI),0.46401095390319824,"양 기관은 장애인 고용 확대를 위한 사회공헌 활동과 함께 국가, 지자체, 공공기관의 공모사업 및 지원사업 참여에도 협력하기로 했다."
2280,context,0.196,neutral,0.9996,기후변화·온실가스,E,E_CLIMATE__SCOPE1_2_EMISSION,Scope 1·2 배출량,0.653738796710968,전력배출계수는 전력을 사용해 배출되는 온실가스양을 산정하기 위한 기준으로 전력 사용량에 이 계수를 곱해 전력 사용에 따른 온실가스 배출량을 추산한다. 기후부는 그간 3년 단위로 전력배출계수를 갱신했으나 앞으로는 1년마다 갱신한다.
2281,context,0.1896,neutral,0.9928,윤리경영·준법,G,G_ETHICS__ANTI_CORRUPTION_COMPLIANCE,반부패 및 컴플라이언스,0.6364791393280029,CP(Compliance Program)는 기업이 법령과 윤리기준을 자율적으로 준수하기 위해 도입하는 준법감시체계다. 기업의 준법정책 운영 성숙도와 리스크관리 체계를 종합적으로 평가해 등급을 부여한다. 협력사 의존도가 높은 건설업 특성상 공정한 하도급 관리와 절차 준수는 기업 신뢰도와 직결되는 핵심 요소다.
2282,opportunity,0.6021,positive,0.9998,인적자원 관리,S,S_HR__DIVERSITY_INCLUSION,다양성 및 형평성 (DEI),0.6022327542304993,"덕화명란이 해당 인증을 획득할 수 있었던 핵심 요인은 창립 이후 이어온 정직한 제조 철학, 지속 가능한 수산업을 위한 MSC 인증 원료 사용, 친환경 생산 시스템 구축 등 ESG 기반의 경영 노력이 깊이 반영된 결과이다. 또한 JEDI(정의 형평 다양성 포용) 기금 조성을 통한 인권 활동, 지역의 다양한 인문 예술 프로그램 지원 등 사회적 가치 실천에서도 높은 평가를 받았다."
2283,context,0.1578,neutral,0.9127,에너지 관리,E,E_ENERGY__RENEWABLE_TRANSITION,신재생에너지 전환,0.576237678527832,프로젝트파이낸싱(PF) 주선 기관으로는 산업은행과 국민은행을 선정해 후속 절차를 밟고 있다. 국내 신재생에너지 분야 투자를 위해 산업은행과 5대 시중은행이 조성한 미래에너지펀드가 지분출자와 후순위 대출을 포함해 5440억원을 투자할 계획이다. PF는 내년 초 마무리될 것으로 한화오션은 예상했다.
2284,context,0.2138,neutral,0.9998,이사회 구조,G,G_BOARD__COMPOSITION_INDEPENDENCE,이사회 구성 및 독립성,0.7128078937530518,"이사회 독립성과 실질적 감독 기능 이사회가 승계 과정에서 형식적 승인 기구에 그치는지, 아니면 경영진 인사 보상 내부거래를 실질적으로 견제하는지 여부가 핵심이다. 글로벌 의결권 자문사인 ISS는 아시아 기업 평가에서 승계 국면의 이사회 역할을 주요 감점 요인으로 보고 있다."
2285,context,0.2088,neutral,0.9993,이사회 구조,G,G_BOARD__COMPOSITION_INDEPENDENCE,이사회 구성 및 독립성,0.6964954733848572,기관투자가들은 오너 일가 승계 여부 자체보다 승계 과정의 구조와 견제 장치를 핵심 거버넌스 평가 요소로 본다. 글로벌 의결권 자문사인 ISS와 글래스 루이스 역시 아시아 기업에 대한 거버넌스 평가에서 이사회 독립성 사외이사의 실질적 감독 기능 경영진 선임 보상과 성과의 연계 여부를 중점적으로 살펴보고 있다.
2286,context,0.1289,neutral,0.647,안전보건,S,S_SAFETY__OCCUPATIONAL_HEALTH_MANAGEMENT,사업장 안전보건 관리체계,0.6641861200332642,"아울러 동아제약은 3개 사업장(천안, 당진, 이천)을 대상으로 ISO14001 및 ISO45001 환경안전보건경영시스템 사후심사를 실시했다. 11월 17일 이천공장을 시작으로 18일 천안공장, 19일 당진공장을 순차적으로 실시하며 사후심사를 이상없이 완료했다. 이번 심사는 위험성 평가 체계 운영, 현장 개선 활동 이행 여부, 근로자 참여 및 의사소통, 지속적 개선 프로세스 등 시스템의 실제 운영 성과를 중심으로 평가했다."
2287,context,0.1991,neutral,0.9968,윤리경영·준법,G,G_ETHICS__ANTI_CORRUPTION_COMPLIANCE,반부패 및 컴플라이언스,0.6658970713615417,"동아에스티는 지난 6월 첫 지속가능경영보고서 온( , ON) 을 발간하며 ESG 경영 현황과 성과를 투명하게 공개했다. 이어 7월에는 유엔글로벌콤팩트(UN Global Compact)에 가입해 인권, 노동, 환경, 반부패 등 지속가능경영의 국제 기준을 경영 전반에 이행하기 위한 노력을 강화하고 있다."
2288,context,0.241,neutral,0.9918,기후변화·온실가스,E,E_CLIMATE__SCOPE3_EMISSION,Scope 3 배출량,0.8101381659507751,"엔츠는 기업이 탄소중립을 실현하는 데 필요한 전 과정을 체계적으로 관리할 수 있는 탄소회계 SaaS 솔루션 엔스코프(AENTSCOPE) 를 운영하는 기후테크 스타트업이다. 엔스코프는 온실가스 배출량의 산정부터 제3자 검증, 감축 로드맵 수립, ESG 공시까지 아우르는 데이터 기반 플랫폼으로, GHG Protocol(온실가스 프로토콜)을 비롯한 국제 기준에 기반한 배출량 산정 체계를 바탕으로 Scope 1, 2는 물론 복잡한 공급망 전반의 Scope 3 데이터까지 신뢰성 있게 관리할 수 있는 기능을 갖추고 있다."
2289,context,0.241,neutral,0.9918,기후변화·온실가스,E,E_CLIMATE__SCOPE1_2_EMISSION,Scope 1·2 배출량,0.8101381659507751,"엔츠는 기업이 탄소중립을 실현하는 데 필요한 전 과정을 체계적으로 관리할 수 있는 탄소회계 SaaS 솔루션 엔스코프(AENTSCOPE) 를 운영하는 기후테크 스타트업이다. 엔스코프는 온실가스 배출량의 산정부터 제3자 검증, 감축 로드맵 수립, ESG 공시까지 아우르는 데이터 기반 플랫폼으로, GHG Protocol(온실가스 프로토콜)을 비롯한 국제 기준에 기반한 배출량 산정 체계를 바탕으로 Scope 1, 2는 물론 복잡한 공급망 전반의 Scope 3 데이터까지 신뢰성 있게 관리할 수 있는 기능을 갖추고 있다."
2290,context,0.241,neutral,0.9918,기후변화·온실가스,E,E_CLIMATE__CLIMATE_GOVERNANCE_INVENTORY,기후 거버넌스·인벤토리,0.8101381659507751,"엔츠는 기업이 탄소중립을 실현하는 데 필요한 전 과정을 체계적으로 관리할 수 있는 탄소회계 SaaS 솔루션 엔스코프(AENTSCOPE) 를 운영하는 기후테크 스타트업이다. 엔스코프는 온실가스 배출량의 산정부터 제3자 검증, 감축 로드맵 수립, ESG 공시까지 아우르는 데이터 기반 플랫폼으로, GHG Protocol(온실가스 프로토콜)을 비롯한 국제 기준에 기반한 배출량 산정 체계를 바탕으로 Scope 1, 2는 물론 복잡한 공급망 전반의 Scope 3 데이터까지 신뢰성 있게 관리할 수 있는 기능을 갖추고 있다."
2291,context,0.1999,neutral,0.9792,기후변화·온실가스,E,E_CLIMATE__CLIMATE_GOVERNANCE_INVENTORY,기후 거버넌스·인벤토리,0.6805092692375183,기후테크 스타트업 엔츠(AENTS)...탄소회계 SaaS 솔루션 엔스코프 운영
2292,context,0.1921,neutral,0.9972,에너지 관리,E,E_ENERGY__RENEWABLE_TRANSITION,신재생에너지 전환,0.6420766711235046,"존 데이비스 ACT그룹 매니징 디렉터는 한국 기업들은 글로벌 공급망 규제, RE100 달성 등 다양한 과제에 직면해 있으며, 그 어느 때보다 빠른 실행이 중요하다 며 한국 기업들이 국제 기준에 부합하는 검증된 재생에너지 인증서를 투명하고 안정적으로 확보할 수 있도록 지원하기 위해 엔츠와 파트너십을 맺게 됐다 고 설명했다."
2293,opportunity,0.7039,positive,0.9962,에너지 관리,E,E_ENERGY__RENEWABLE_TRANSITION,신재생에너지 전환,0.7066298127174377,"엔츠는 이번 파트너십을 통해 ACT 그룹과 협력해 고객사들의 배출량 감축 목표 달성을 지원한다. 이에 따라 국내 기업들은 RE100 이행과 넷제로 목표 달성에 필요한 국제기준을 충족하는 글로벌 재생에너지 인증서(I-REC, TIGR, GoO 등)를 안정적으로 확보할 수 있게 될 것으로 기대된다."
2294,context,0.1387,neutral,0.9994,인적자원 관리,S,S_HR__DIVERSITY_INCLUSION,다양성 및 형평성 (DEI),0.46271082758903503,"트럼프 행정부는 반 ESG 정책을 밀어붙이면서 미국 자산운용사들의 지속가능성 투자 전략에 제동을 걸었다. 정치적 압력에 직면한 월가의 금융기관들은 탄소중립 전환을 가속화하기 위해 출범한 글래스고 금융연합(GFANZ)에서 탈퇴하는 한편, 다양성, 공정성, 포용성(DEI) 정책도 포기해야 했다."
2295,context,0.1066,neutral,0.9997,에너지 관리,E,E_ENERGY__RENEWABLE_TRANSITION,신재생에너지 전환,0.3553738594055176,"이 모든 것을 감안하면, 오늘 당장 용인 클러스터를 접고 새만금 전남으로 공장을 옮기는 시나리오는 비현실적이다. 그러나 용인은 유지, 앞으로 나올 2기 3기 패키징 AI센터 전력반도체 공정 등은 남부 RE100 벨트로 분산 이라는 중장기 플랜은, 제대로 된 인센티브 패키지만 따라온다면 얼마든지 논의될 수 있다."
2296,context,0.1336,neutral,0.9999,에너지 관리,E,E_ENERGY__RENEWABLE_TRANSITION,신재생에너지 전환,0.44526636600494385,"남부 반도체 벨트 구상의 밑바닥에는 세 가지 전제가 깔려 있다. 첫째, 글로벌 고객사의 RE100(재생에너지 100%) 요구다. 애플 MS 등 주요 IT 클라우드 기업들이 100% 재생에너지 전환을 납품 조건처럼 요구하는 상황에서, 막대한 전력을 먹는 최첨단 팹을 화력 원전 중심 수도권에만 붙잡아 두는 모델은 점점 큰 부담으로 돌아온다."
2297,context,0.1059,neutral,0.9999,에너지 관리,E,E_ENERGY__RENEWABLE_TRANSITION,신재생에너지 전환,0.35311609506607056,"호남 등 비수도권을 겨냥한 지방선거용 레토릭이란 해석도 있지만, 내용을 뜯어보면 RE100, 송전 갈등, 수도권 과밀 문제 등을 한꺼번에 엮어 풀어내려는 장기 구상이 읽힌다는 분석도 적지 않다."
2298,context,0.1699,neutral,0.9909,에너지 관리,E,E_ENERGY__RENEWABLE_TRANSITION,신재생에너지 전환,0.5714150071144104,"아울러 업계 의견을 반영해 판매자의 신재생에너지 사용량을 저공해차 판매 실적으로 인정하는 제도도 2027년까지 유지하기로 했다. 기후부는 보급 목표를 달성하지 못할 경우 기업 간 실적 거래 등 다양한 대안도 준비했다고 밝혔다. 특히 2020년 보급 목표제가 시행된 이후 모든 판매자가 목표를 초과 달성해 기여금이 부과된 사례가 없는 만큼, 실제 기여금 부과 가능성은 크지 않다고 설명했다."
2299,opportunity,0.6499,positive,0.9728,에너지 관리,E,E_ENERGY__RENEWABLE_TRANSITION,신재생에너지 전환,0.6680559515953064,"아울러 엔라이튼은 이번 지붕형 태양광 설비 확대와 연계해, AI 확산으로 전력 수요가 증가하는 데이터센터 등 전력 다소비 산업을 대상으로 지붕형 태양광 기반의 PPA 전력 공급 모델을 확대할 계획이다. 기업의 유휴 지붕을 활용한 발전 자원을 확보하고 수요처의 전력 사용과 RE100 요구를 반영해 PPA 계약 구조를 설계 및 연계함으로써, 기업이 재생에너지를 안정적으로 조달하고 전력비 부담을 낮출 수 있도록 지원한다는 전략이다."
2300,context,0.1316,neutral,0.6794,에너지 관리,E,E_ENERGY__RENEWABLE_TRANSITION,신재생에너지 전환,0.645495593547821,"최근 대기업 및 중견기업을 중심으로 RE100 이행, 전기요금 절감, ESG 경영 수요가 맞물리며 공장 지붕 등 유휴 공간을 활용한 태양광 도입 문의가 증가하고 있다. 엔라이튼은 이러한 수요를 기반으로 사업화 가능한 파이프라인을 빠르게 확대해 왔으며, 이번 투자를 통해 확보한 파이프라인의 사업화 속도와 확장에 한층 속도를 낸다는 방침이다."
2301,context,0.1893,neutral,0.9996,안전보건,S,S_SAFETY__OCCUPATIONAL_HEALTH_MANAGEMENT,사업장 안전보건 관리체계,0.6311190128326416,작년에는 117개 협 단체에서 채용한 공동안전관리자가 4010개 소규모 사업장을 직접 방문해 위험성 평가 및 현장의 위험요소 발굴 개선 제거 등을 지원했다.
2302,context,0.1428,neutral,0.7911,이사회 구조,G,G_BOARD__COMPOSITION_INDEPENDENCE,이사회 구성 및 독립성,0.6017512083053589,"포럼은 쿠팡 경영진의 이번 행태는 이미 거버넌스 전문가들의 예상에 부합했다고 보고 있다. 세계 최대 규모 의결권 자문기관 ISS의 거버넌스 질적스코어에 따르면 쿠팡은 미국 상장사 상대평가에서 최하위 등급을 벗어나지 못하고 있다. 주주권리와 이사회 구성, 임원 보상, 회계 및 감사 모두 하위권에 위치해 있고, 특히 주주권리와 임원보상은 바닥 수준이다."
2303,context,0.1341,neutral,0.9877,기후변화·온실가스,E,E_CLIMATE__CLIMATE_GOVERNANCE_INVENTORY,기후 거버넌스·인벤토리,0.4526948630809784,"과거 공론화 사례들이 형식적 절차에 그쳤다는 비판을 받아온 만큼, 이번 기후시민회의가 실질적인 민주적 기후 거버넌스로 작동할 수 있을지에 대한 시민사회의 관심과 우려가 함께 커지고 있다. 이러한 문제를 해결하지 않은 채 기후시민회의를 출범시킬 경우, 또 하나의 절차적 행사로 소진될 가능성이 크기 때문이다."
2304,context,0.1333,neutral,0.9946,에너지 관리,E,E_ENERGY__RENEWABLE_TRANSITION,신재생에너지 전환,0.44675591588020325,창고 등 6개 유휴부지에 설치된 1 규모의 태양광 발전시설에서 현재 매달 약 1천만원의 순수익이 발생하고 있다고 세종시는 설명했다.
2305,context,0.1617,neutral,0.8804,에너지 관리,E,E_ENERGY__EFFICIENCY_CONSUMPTION,에너지 소비 및 효율화,0.6123515367507935,"이번 사업의 핵심은 전기요금 절감 구조다. 2단압축 고효율 인버터 콤프레샤를 설치한 뒤, 기존 설비 대비 감소한 전력 사용량에서 발생하는 전기요금 절감액의 일정 비율을 통해 설비 투자비를 회수하는 방식이다. 이를 통해 기업은 별도의 초기 자금 투입 없이도 설비 교체와 에너지 효율 개선을 동시에 추진할 수 있다."
2306,context,0.1617,neutral,0.8804,기후변화·온실가스,E,E_CLIMATE__SCOPE1_2_EMISSION,Scope 1·2 배출량,0.6123515367507935,"이번 사업의 핵심은 전기요금 절감 구조다. 2단압축 고효율 인버터 콤프레샤를 설치한 뒤, 기존 설비 대비 감소한 전력 사용량에서 발생하는 전기요금 절감액의 일정 비율을 통해 설비 투자비를 회수하는 방식이다. 이를 통해 기업은 별도의 초기 자금 투입 없이도 설비 교체와 에너지 효율 개선을 동시에 추진할 수 있다."
2307,context,0.1709,neutral,0.999,에너지 관리,E,E_ENERGY__RENEWABLE_TRANSITION,신재생에너지 전환,0.5703923106193542,다만 보고서는 현행 직접 PPA 제도가 참여 요건을 엄격하게 설정해 장애 요인이 되고 있다고 지적했다. 최소 설비용량과 계약전력 기준이 중소기업과 소규모 발전사업자의 참여를 가로막고 있다는 것이다. 이에 다수 발전원과 다수 수요자가 참여할 수 있는 집합형 PPA 허용이 필요하다고 제언했다.
2308,context,0.1836,neutral,0.9975,에너지 관리,E,E_ENERGY__RENEWABLE_TRANSITION,신재생에너지 전환,0.6134306192398071,보고서는 대안으로 지역 PPA(전력구매계약)와 지역 유연성 시장을 핵심 해법으로 제시했다. 국내 재생에너지 발전 설비의 99%가 10MW 미만 소규모 설비이며 대부분 배전망(발전소 또는 송전망에서 온 전기를 지역 안에서 공장 빌딩 아파트 가정까지 나눠 보내는 전력 도로망)에 연결돼 있다는 점에 주목했다. 배전계통 기반의 지역 전력시장 구축이 병목 해소의 열쇠라는 것이다.
2309,context,0.1732,neutral,0.9999,에너지 관리,E,E_ENERGY__RENEWABLE_TRANSITION,신재생에너지 전환,0.5773159861564636,"안양시는 감축 이행과제로 4대 부문 54개 과제를 제시했다. 부문별로는 건물 19개(신재생에너지 확대 등), 수송 16개(친환경 차량 보급 확대 대중교통 활성화 등), 폐기물 13개(폐기물 감량 및 재활용 활성화 등), 흡수원 6개(흡수원 조성 및 보전 관리 등)로 계획을 잡았다."
2310,context,0.1722,neutral,0.9999,에너지 관리,E,E_ENERGY__EFFICIENCY_CONSUMPTION,에너지 소비 및 효율화,0.5739896297454834,"서울시는 2025년 한 해 동안 건물 에너지 효율 개선, 대중교통 통합 정기권(기후동행카드), 정원도시(도시 녹지 확충), 시민참여예산 예산낭비신고 적극행정 등을 축으로 ESG관련 정책을 추진했다."
2311,risk,0.3475,negative,0.8474,인적자원 관리,S,S_HR__DIVERSITY_INCLUSION,다양성 및 형평성 (DEI),0.4100818932056427,"다만 은행권에서는 취약계층 지원 확대가 성실 상환자와의 형평성 논란으로 비화하거나, 감독 리스크를 의식한 소극적 경영이 장기화할 수 있다는 지적도 나온다. 금융권은 16일 지배구조 TF 첫 회의와 향후 포용금융 회의 논의 결과를 주시하고 있다."
2312,context,0.1797,neutral,0.9999,이사회 구조,G,G_BOARD__COMPOSITION_INDEPENDENCE,이사회 구성 및 독립성,0.5990538597106934,금융권에서는 당장 TF 가이드라인이 나오지 않더라도 흐름에 맞춰 이사회 구성을 논의할 수밖에 없을 것이라는 기류가 강하다. 3월 주총을 앞둔 4대 금융지주의 사외이사 재선임 및 교체 규모는 TF 논의 진행 상황과 당국의 후속 메시지에 따라 결정될 전망이다.
2313,context,0.2171,neutral,0.9999,이사회 구조,G,G_BOARD__COMPOSITION_INDEPENDENCE,이사회 구성 및 독립성,0.7238791584968567,"이찬진 금융감독원장은 금융지주 이사회 구성을 두고 이사회에 자기 사람을 심어 일종의 참호를 구축한다며 비판해왔다. 이사회가 특정 직업군에 편중돼 있고, CEO와 임기가 함께 가는 구조가 견제 기능을 약화시킬 수 있다는 지적에 사외이사가 타깃이 되는 셈이다."
2314,context,0.2249,neutral,0.9999,이사회 구조,G,G_BOARD__COMPOSITION_INDEPENDENCE,이사회 구성 및 독립성,0.7498535513877869,"이 자리에서는 CEO 선임 및 승계 절차, 이사회 독립성, 사외이사 선임 관행 등 지배구조 전반을 논의될 것으로 보인다. 아울러 국민연금 등 기관투자자의 역할 확대, 사외이사 임기 차등화, IT 보안 및 금융소비자 분야 전문성 강화 등의 안건도 다뤄질 것으로 예상된다."
2315,context,0.1285,neutral,0.9994,에너지 관리,E,E_ENERGY__RENEWABLE_TRANSITION,신재생에너지 전환,0.4285912811756134,"하지만 정치 사회적으로는 전망이 밝지 못하다. 무엇보다 파리협약에서 탈퇴한 트럼프 정부가 예상을 뛰어넘어 화석 연료 의존형 사회 역진을 강하게 밀어붙이고 있는 탓이다. 여기에 더해 최초의 탄소중립 대륙 달성이라는 원대한 목표를 내걸고 글로벌 기후 대응에 앞장섰던 유럽이, 최근 경쟁력 강화와 안보 라는 이름 아래 각종 기후 관련 규제를 유예하거나 온실가스 감축과 역행하는 군비증강을 서두르고 있기 때문이다. 다만 국내적으로는 이재명 정부가 재생에너지 전환에 강한 의욕을 보이고 있어 그나마 긍정적인 여건이 조성되고 있다."
2316,context,0.1861,neutral,0.9973,이사회 구조,G,G_BOARD__COMPOSITION_INDEPENDENCE,이사회 구성 및 독립성,0.6218447089195251,"신한은행은 이사회 역량 진단표(BSM) 상 전문성 항목을 자의적으로 해석해 이사회 구성의 다양성이 떨어졌고, 신한금융지주는 사외이사 평가 시 설문 방식으로만 평가하고 결과도 전원 재선임 기준 등급(우수) 이상을 부여한 점이 지적됐다."
2317,context,0.2208,neutral,0.9999,기후변화·온실가스,E,E_CLIMATE__SCOPE3_EMISSION,Scope 3 배출량,0.7360454201698303,"이어지는 두 번째 세션에서는 탄소감축컨설팅본부 한경훈 본부장이 Scope 3 온실가스 관리의 필요성과 공급망 통합 탄소관리 전략을 집중적으로 살펴본다. CBAM 등의 규제뿐 아니라 통합탄소 관리의 집합인 ESG 공시, 인증에 대한 대응 전략과 실질적인 감축이행, 이후 감축실적을 활용 전략으로 이어지는 프레임워크가 소개될 예정이다."
2318,context,0.2031,neutral,0.9999,기후변화·온실가스,E,E_CLIMATE__SCOPE3_EMISSION,Scope 3 배출량,0.6771907210350037,"첫 번째 세션에서는 탄소기획컨설팅본부 우종현 본부장이 CBAM 확정기의 주요 변화와 하위규정안을 분석한다. 특히 CBAM 기본값 활용, 다운스트림 품목 확대, 무상할당 산정 방식 등 기업 실무에 직접적인 영향을 미치는 규정을 중심으로 다룰 계획이다."
2319,context,0.2139,neutral,0.9999,기후변화·온실가스,E,E_CLIMATE__SCOPE3_EMISSION,Scope 3 배출량,0.7132116556167603,"이번 웨비나는 이러한 CBAM 하위규정안 발표 동향과 제도 구체화 흐름을 종합적으로 살펴보고, 공급망 규제가 강화되는 환경 속에서 Scope 3 온실가스 관리를 위한 공급망 통합 탄소관리 전략을 제시할 예정이다."
2320,context,0.1694,neutral,0.9995,기후변화·온실가스,E,E_CLIMATE__SCOPE3_EMISSION,Scope 3 배출량,0.5649877190589905,"EU 집행위원회는 2026년 CBAM 확정 기간 돌입 이후 보고 대상 품목, 산정 방식, 기본값 적용 기준 등을 구체화한 하위규정을 단계적으로 발표하고 있다. 특히 2025년 12월 CBAM 적용 범위 확대를 포함한 개정안이 공개되면서, 자동차 부품을 포함한 다운스트림(Downstream) 제품으로의 확대와 무상할당 축소에 따른 영향에 대해 산업계의 관심이 한층 높아지고 있다."
2321,opportunity,0.3684,positive,0.818,에너지 관리,E,E_ENERGY__EFFICIENCY_CONSUMPTION,에너지 소비 및 효율화,0.45039984583854675,"올해부터 이런 현상이 두드러지면서 산림과 토지 기반 탄소 크레딧의 시장 점유율이 32%로 재생에너지 기반 크레딧(30%)보다 높은 점유율을 보일 것으로 전망됐다. 에너지 효율 개선 사업 기반 크레딧의 점유율은 16%, 메탄 포집 기반 크레딧 점유율은 14%로 전망됐다."
2322,context,0.1476,neutral,0.9992,ESG 데이터 거버넌스,G,G_DATA_GOVERNANCE__ESG_DATA_CONTROL,ESG 데이터 내부통제,0.49238306283950806,올해부터는 중소 중견기업의 자금 접근성을 높이기 위해 100억 원 이하 대출의 감축계획에 대한 별도 외부검증 절차를 간소화한다. 감축계획에 대한 외부기관 검증을 금융기관의 녹색여신 검증 절차로 대체해 외부검증에 드는 비용과 절차 부담을 완화할 예정이다.
2323,context,0.2021,neutral,0.9998,이사회 구조,G,G_BOARD__COMPOSITION_INDEPENDENCE,이사회 구성 및 독립성,0.6737396121025085,"넷째로 이사회 구성과 역할도 논의 대상이다. 현재 존속법인 한화의 독립이사 4명은 철학, 학계, 법조계 등 다양한 배경을 갖고 있으나, 포럼은 경영 자본시장 기업 거버넌스 경험을 보완할 수 있는 인사를 추가해 이사회의 전문성을 강화할 필요가 있다고 제안했다."
2324,risk,0.2851,negative,0.4638,에너지 관리,E,E_ENERGY__RENEWABLE_TRANSITION,신재생에너지 전환,0.6146157383918762,"계약 방식 다양화 필요성도 제기됐다. 건의서에 따르면 현행 직접 PPA 계약은 발전사업자와 전기사용자를 기준으로 1 1, N 1, 1 N 형태만 허용돼 다수 발전소-다수 수요자 형태의 연대 거래가 사실상 불가능하다. 한경협은 중소 중견기업과 소규모 발전설비가 현실적으로 시장에 다수 존재하는 상황에서 이 같은 계약 형태 제한이 RE100 시장 확대를 가로막고 있다며, 직접 PPA에 N N 계약 방식 허용을 요구했다."
2325,context,0.1596,neutral,0.9995,에너지 관리,E,E_ENERGY__RENEWABLE_TRANSITION,신재생에너지 전환,0.5323880314826965,또한 한경협은 국내 재생에너지 경쟁력이 주요국과 유사한 수준에 도달할 때까지 직접 PPA 부대비용을 한시적으로 면제하는 방안도 검토할 필요가 있다고 주장했다.
2326,context,0.1973,neutral,0.9998,에너지 관리,E,E_ENERGY__RENEWABLE_TRANSITION,신재생에너지 전환,0.6578366160392761,"이에 따라 한경협은 RE100 이행기업에 대해 세제 금융 조달 측면의 인센티브를 부여하고, PPA 부대비용을 경감하는 방식으로 재생에너지 수요를 촉진해야 한다고 제안했다. 구체적으로 전력산업기반기금 면제, 거래수수료 면제기간 연장, 무역보험료 인하, 정부 공사 입찰 시 가점 부여 및 우선구매 제도 도입 등을 과제로 제시했다."
2327,context,0.1625,neutral,0.9916,에너지 관리,E,E_ENERGY__RENEWABLE_TRANSITION,신재생에너지 전환,0.5461456775665283,"한경협은 이러한 부담이 기업의 RE100 신규 진입 유인을 떨어뜨리고, 이미 재생에너지 전환을 추진 중인 기업의 대외 경쟁력까지 약화시킬 수 있다고 지적했다. 실제 건의서에서는 한국의 재생에너지 발전단가가 주요 경쟁국 대비 1.5 3배 수준으로 평가되며, 국내에서 RE100 이행의 가장 큰 장벽으로 높은 조달비용 이 거론된다고 설명했다."
2328,context,0.1893,neutral,0.9979,에너지 관리,E,E_ENERGY__RENEWABLE_TRANSITION,신재생에너지 전환,0.6322933435440063,"한경협은 국내 기업들이 재생에너지 조달을 확대하기 위해서는 직접 전력구매계약(PPA)의 비용 구조를 우선 개선해야 한다고 강조했다. 건의서에 따르면 국내 기업은 직접 PPA를 통해 재생에너지를 조달할 경우, 순수 전력가격 외에 부가정산금과 거래수수료 등 시스템비용 이 더해져 발전단가의 18 27% 수준의 추가 부담이 발생하는 것으로 분석됐다."
2329,context,0.1264,neutral,0.8637,에너지 관리,E,E_ENERGY__RENEWABLE_TRANSITION,신재생에너지 전환,0.4879557192325592,PPA 시 전력가격 외 시스템비용 추가부담 직접 PPA 문턱 낮춰야
2330,context,0.1606,neutral,0.9799,에너지 관리,E,E_ENERGY__RENEWABLE_TRANSITION,신재생에너지 전환,0.5464465022087097,"이와 함께 전력 사용 구조 자체도 한국 기업에 불리하게 작용하고 있다. 전 세계 RE100 이행기업의 평균 재생에너지 조달 비율이 42%인 반면, 한국은 2024년 기준 전력의 12%만을 재생에너지로 조달하는 것으로 평가됐다. 한경협은 이 같은 현실을 고려할 때 기업이 원활하게 재생에너지를 확보할 수 있도록 조달 수단을 확대하고 비용 부담을 완화하는 정책 지원이 필요하다 고 강조했다."
2331,context,0.1779,neutral,0.9975,에너지 관리,E,E_ENERGY__RENEWABLE_TRANSITION,신재생에너지 전환,0.5943371057510376,"조달비용 부담도 한국 기업들의 RE100 확산을 가로막는 핵심 요인으로 꼽혔다. 보고서에 따르면 한국의 재생에너지 발전단가(태양광 기준)는 78 147원 kWh 수준으로 제시되며, 독일(50 69원 kWh), 중국(31 54원 kWh), 미국(52 79원 kWh) 등 주요국 대비 높은 수준이다."
2332,context,0.1348,neutral,0.7175,에너지 관리,E,E_ENERGY__RENEWABLE_TRANSITION,신재생에너지 전환,0.6260125637054443,"한경협은 국내 기업들의 이행장벽 심화 배경으로 정부 정책환경 변화를 함께 지목했다. 정부는 RE100 산업단지 조성 (2025년 9월, 123대 국정과제)과 2035 NDC 확정에 따라 재생에너지 보급을 가속화할 계획이지만, 현장에서는 송 변전 설비 신축 지연과 수용성 문제 등으로 재생에너지 공급 확대가 지체되고 있다."
2333,context,0.1142,neutral,0.9991,에너지 관리,E,E_ENERGY__RENEWABLE_TRANSITION,신재생에너지 전환,0.38105565309524536,"반면 주요국은 한국과 달리 RE100 이행장벽이 낮아지거나 현상을 유지하는 상태를 보였다. 보고서에 따르면 미국은 2022년 23개사에서 2024년 20개사로 감소했고, 일본은 44개사에서 48개사로 소폭 증가했으며, 중국은 27개사에서 29개사로 비교적 안정적인 흐름을 유지했다."
2334,context,0.1606,neutral,0.9976,에너지 관리,E,E_ENERGY__RENEWABLE_TRANSITION,신재생에너지 전환,0.5366284847259521,"클라이밋그룹과 탄소공개정보프로젝트(CDP)가 발간한 RE100 2024 연례보고서 에 따르면, 2024년 한국에서 재생에너지 조달에 어려움을 겪었다고 밝힌 기업은 70개사로 집계됐다. 이는 미국(20개사)의 3.5배 규모이며, 2022년(39개사) 대비 약 80% 증가한 수치다. 특히 한국의 이행장벽 언급 기업 수는 연평균 증가율이 34%로, 주요국 가운데 증가 속도가 가장 가파른 것으로 나타났다."
2335,context,0.1023,neutral,0.9994,에너지 관리,E,E_ENERGY__RENEWABLE_TRANSITION,신재생에너지 전환,0.3412541449069977,RE100 이행장벽 언급 기업 수 한국 70개사 미국의 3.5배
2336,context,0.1673,neutral,0.9996,에너지 관리,E,E_ENERGY__RENEWABLE_TRANSITION,신재생에너지 전환,0.5580183267593384,한경협은 20일 기후에너지환경부에 기업들의 RE100 이행을 뒷받침하기 위한 20대 정책과제를 전달하고 이같이 말했다.
2337,opportunity,0.6915,positive,0.9984,에너지 관리,E,E_ENERGY__RENEWABLE_TRANSITION,신재생에너지 전환,0.6926575303077698,"현대건설 관계자는 국내 재생에너지 전력공급 시장의 신뢰도와 성숙도를 높이고 국내 기업에 안정적 장기 전력공급이라는 실질적 해법을 제시한 민간 협력 사례라며 향후에도 탑솔라와 재생에너지 개발, RE100 이행 지원 등 다양한 영역에서 협력을 확대해 국가 에너지 선진화를 선도해 나가겠다고 말했다."
2338,opportunity,0.7455,positive,0.9998,에너지 관리,E,E_ENERGY__RENEWABLE_TRANSITION,신재생에너지 전환,0.7456474304199219,"국내 최초로 PPA 자동화 IT 플랫폼 및 통합발전(VPP) 서비스 개발에 나섰고, 국내 발전사업자들과 누적 1GW가 넘는 PPA 계약을 추진하며 재생에너지 공급자와 수요자를 연결하는 역할을 확대하고 있다."
2339,opportunity,0.6654,positive,0.9998,에너지 관리,E,E_ENERGY__RENEWABLE_TRANSITION,신재생에너지 전환,0.6655142903327942,현대건설은 2023년 전력중개거래 사업에 진출한 이후 발전사업 시공 운영 노하우를 바탕으로 현대자동차그룹 관계사들을 포함한 국내 주요 기업의 RE100(재생에너지 100% 사용) 등과 관련한 에너지 전환을 지원하며 재생에너지 유통기업으로서 입지를 넓혀 왔다.
2340,opportunity,0.7133,positive,0.9998,에너지 관리,E,E_ENERGY__RENEWABLE_TRANSITION,신재생에너지 전환,0.7134515047073364,현대건설은 태양광 발전 시공 국내 1위 기업 탑솔라와 재생에너지 전력구매계약(PPA) 확약식을 열고 탑솔라가 추진 또는 시공하는 태양광 발전사업 전력공급 계약을 2028년 말까지 순차 체결하기로 했다.
2341,context,0.1638,neutral,0.9999,에너지 관리,E,E_ENERGY__RENEWABLE_TRANSITION,신재생에너지 전환,0.5459862351417542,RE100이 함께 제시한 설문조사 결과는 이러한 문제의식을 수치로 드러냈다. RE100이 회원사들을 상대로 한 한국 정책 설문조사에서 응답 기업의 76% 이상이 현재 국가 재생에너지 목표가 RE100 이행에 충분하지 않다 고 답했다.
2342,context,0.1743,neutral,0.9963,에너지 관리,E,E_ENERGY__RENEWABLE_TRANSITION,신재생에너지 전환,0.5831601619720459,"RE100은 한국이 글로벌 RE100 기업들의 핵심 생산 투자 거점이라는 점을 강조했다. RE100 회원사는 한국에서 180개 이상 활동 중이며, 이들이 사용하는 전력은 한국 연간 전력 소비량의 약 10%에 달한다고 밝혔다. 그러나 기업들이 실제로 재생에너지를 조달할 수 있는 구조는 여전히 부족해, RE100 이행 불확실성 이 국내 투자의 리스크 요인이 될 수 있다는 경고도 담겼다."
2343,context,0.1432,neutral,0.9889,에너지 관리,E,E_ENERGY__RENEWABLE_TRANSITION,신재생에너지 전환,0.48268020153045654,회원사 76% 한국의 국가 재생에너지 목표로 RE100 달성 부족
2344,context,0.1707,neutral,0.9996,에너지 관리,E,E_ENERGY__RENEWABLE_TRANSITION,신재생에너지 전환,0.5693253874778748,"RE100은 또한 재생에너지 확대가 단순히 환경 의제에 머무르지 않고, 국가 산업 경쟁력과 투자환경의 핵심 조건이 되고 있다고 지적했다. 특히 한국은 글로벌 공급망 내에서 탄소중립 요구가 강화되는 가운데, 전력 다소비 제조업 비중이 높고 해외 수요기업들이 RE100 이행을 거래 조건으로 삼는 경우가 늘고 있어 재생에너지 확대 속도 자체가 곧 산업전환의 속도 가 된다는 지적이다."
2345,context,0.1769,neutral,0.9888,에너지 관리,E,E_ENERGY__RENEWABLE_TRANSITION,신재생에너지 전환,0.5965030193328857,"RE100은 목표가 문서에 반영되는 것만으로는 부족하며, 실행력을 담보하는 구체적 로드맵도 필수라고 강조했다. 서한에는 재생에너지 100GW가 정책 선언에 머물지 않도록 연도별 확대 계획과 이행 방식을 포함한 로드맵을 공개해야 한다 는 요구가 담겼다. 특히 기업의 100% 재생에너지 전환을 위해서는 공급 인프라뿐 아니라 제도 시장 계약 구조 전반이 뒷받침돼야 한다는 점을 분명히 했다."
2346,context,0.1787,neutral,0.9999,에너지 관리,E,E_ENERGY__RENEWABLE_TRANSITION,신재생에너지 전환,0.5957363247871399,RE100 전기본에 100GW 목표 명시하고 실행 로드맵 제시해야
2347,context,0.2062,neutral,0.9828,에너지 관리,E,E_ENERGY__RENEWABLE_TRANSITION,신재생에너지 전환,0.6995391249656677,"국내 기업들의 RE100 이행과 탄소중립 전환이 선언 에서 계약 조달 로 넘어가는 가운데, 직접 PPA(전력구매계약)와 재생에너지 조달 전략에 대한 수요도 빠르게 커지고 있다. 특히 수출기업은 글로벌 고객사 투자자 요구에 따라 재생에너지 사용이 사실상 거래 조건이 되는 경우가 늘면서 어떻게 전기를 더 안정적으로, 더 낮은 탄소로 확보할 것인가 가 경영 핵심 변수로 떠오르는 상황이다."
2348,context,0.1714,neutral,0.9999,에너지 관리,E,E_ENERGY__RENEWABLE_TRANSITION,신재생에너지 전환,0.5714326500892639,"햇빛소득마을은 마을 공동체가 마을 내 유휴부지나 농지 등에 태양광 발전소를 조성 운영해 에너지 자립을 이루고, 그 수익을 주민들이 함께 공유하는 사업 모델이다. 정부는 3만8000여개 마을을 대상으로 올해부터 매년 약 500곳 이상의 햇빛소득마을을 조성할 계획이다."
2349,opportunity,0.383,positive,0.9418,에너지 관리,E,E_ENERGY__EFFICIENCY_CONSUMPTION,에너지 소비 및 효율화,0.4067029058933258,"영국, 가정 에너지 효율 개선에 30조원 투입...탈탄소 가속화"
2350,opportunity,0.67,positive,0.9998,윤리경영·준법,G,G_ETHICS__ANTI_CORRUPTION_COMPLIANCE,반부패 및 컴플라이언스,0.6701055765151978,"이러한 노력의 결과로 동아에스티는 2018년에 부패방지경영시스템 국제표준인 ISO 37001 인증을 처음 획득했으며, 2025년에는 사후관리심사를 통과했다. 또한 2024년 공정거래위원회가 주관한 CP 등급 평가에서 A 등급을 획득하며 준법 경영 체계의 우수성을 인정받았다."
2351,context,0.197,neutral,0.9983,윤리경영·준법,G,G_ETHICS__ANTI_CORRUPTION_COMPLIANCE,반부패 및 컴플라이언스,0.6579166650772095,동아에스티는 임직원의 CP 문화 내재화 및 준법경영 강화를 위한 활동을 지속적으로 실시했다. CP Management를 통한 상시 모니터링 실시 CP 준수를 위한 사전업무 협의체 DCPC(Donga-A Compliance Committee) 운영 CP 기준 및 CP 위반 예방을 위한 정기 교육 실시 그룹 내부 고발시스템 및 사업관계자 Help-Line 고발시스템 운영 등의 활동을 진행하고 있다.
2352,context,0.1872,neutral,0.9997,윤리경영·준법,G,G_ETHICS__ANTI_CORRUPTION_COMPLIANCE,반부패 및 컴플라이언스,0.6242324113845825,"공정거래자율준수 프로그램(Compliance Program, CP)은 공정거래 관련 법규를 준수하기 위해 기업이 자체적으로 제정해 운영하는 교육 감독 등 내부 준법 시스템이다."
2353,context,0.1766,neutral,0.9998,에너지 관리,E,E_ENERGY__EFFICIENCY_CONSUMPTION,에너지 소비 및 효율화,0.5885953903198242,오 실장은 지원 시설을 점검하며 시설 이용자들이 에너지 효율 개선으로 인한 난방 효과 개선을 체감하고 있는지 살펴볼 예정이다. 특히 저소득층 에너지효율개선 사업이 향후에 에너지의 효율적인 이용을 지원하는 것을 넘어 친환경 에너지까지 접목시키는 방향으로 발전할 수 있도록 현장의 여건을 점검할 계획이다.
2354,context,0.1562,neutral,0.7552,윤리경영·준법,G,G_ETHICS__ANTI_CORRUPTION_COMPLIANCE,반부패 및 컴플라이언스,0.6894019246101379,특히 리스크 평가부터 임직원 교육까지 전 과정의 체계적 운영 및 지속적 개선 활동 지속 부적합 사항에 대한 철저한 원인 분석 및 재발 방지 조치 이사회 보고 체계 구축 및 책임자 지정 등 명확한 지배구조를 통한 견고한 컴플라이언스 기반 구축 부문에서 높은 평가를 받았다.
2355,opportunity,0.7209,positive,0.9963,윤리경영·준법,G,G_ETHICS__ANTI_CORRUPTION_COMPLIANCE,반부패 및 컴플라이언스,0.723539412021637,"동아제약은 지난 6년간 ISO 37001을 운영하며 부패 리스크 관리 기반을 다져왔으며, 글로벌 스탠다드에 부합하는 포괄적 규범준수경영체계 구축을 위해 ISO 37301 인증을 획득했다."
2356,opportunity,0.4277,positive,0.5328,윤리경영·준법,G,G_ETHICS__ANTI_CORRUPTION_COMPLIANCE,반부패 및 컴플라이언스,0.8028255701065063,"ISO 37301은 국제표준기구(ISO)가 제정한 컴플라이언스 경영시스템 국제표준으로, 조직이 법률, 규정, 윤리강령 등 준수사항을 체계적으로 관리하고 법규 위반을 예방할 수 있도록 운영 체계를 요구한다. 이를 통해 전략 수립, 실행, 점검, 개선 등 전 과정을 구조화하고 제3자 인증으로 경영시스템의 신뢰성과 객관성을 검증할 수 있다."
2357,context,0.144,neutral,0.9804,인적자원 관리,S,S_HR__DIVERSITY_INCLUSION,다양성 및 형평성 (DEI),0.48956507444381714,"비냐빅의 성공 뒤에는 환경과 공존하는 지속 가능한 경영 철학이 자리 잡고 있다. 전체 부지의 상당 부분을 자연 보호 구역으로 보존하는 비냐빅은 생물 다양성 확보, 효율적인 수자원 관리, 에너지 효율 증대 등을 핵심 가치로 삼아 실천해 왔다."
2358,context,0.1423,neutral,0.9999,에너지 관리,E,E_ENERGY__RENEWABLE_TRANSITION,신재생에너지 전환,0.4744298756122589,김 장관은 이날 브리핑에서 우리나라는 에너지 측면에서 섬나라이면서 동서로 길이가 짧아 태양광 발전만으로 (전력망을) 운영하기가 매우 어렵다면서 기후위기가 갈수록 심각해지는 상황을 고려할 때 문재인 정부 때 정책과 똑같이 가기는 어려워진 상황이라고 말했다.
2359,context,0.1877,neutral,0.9999,이사회 구조,G,G_BOARD__COMPOSITION_INDEPENDENCE,이사회 구성 및 독립성,0.6257140040397644,"서스틴베스트는 이러한 정관 변경이 형식적 문구 정비에 그치지 않고, 이사회 독립성과 감독기능을 실질적으로 강화하는 방향으로 이뤄지는지 면밀히 살펴볼 필요가 있다고 밝혔다."
2360,context,0.2372,neutral,0.9998,이사회 구조,G,G_BOARD__COMPOSITION_INDEPENDENCE,이사회 구성 및 독립성,0.7907915115356445,"아울러 이번 정기주총에서 개정 상법을 반영하기 위한 정관 변경 안건이 다수 상정될 것으로 예상하며 집중투표 배제 조항 삭제, 사외이사의 독립이사 명칭 변경 및 선임 비율 상향, 감사위원 분리선출 인원 확대 등 이사회 구성 및 운영과 직결된 조항을 주요 검토 대상으로 지목했다."
2361,context,0.158,neutral,0.9999,에너지 관리,E,E_ENERGY__RENEWABLE_TRANSITION,신재생에너지 전환,0.5267125964164734,"좌장은 한윤정 녹색연합 공동대표가 맡으며, 발제는 이헌석 에너지정의행동 정책위원이 AI 재생에너지 전환 시대, 신규 핵발전소 건설의 문제점 을 주제로 진행한다. 이 정책위원은 AI 산업 전력 수요 대응을 명분으로 추진되는 원전 확대 정책이 에너지 전환 흐름과 충돌할 수 있다는 점을 짚고, 재생에너지 중심 대안의 필요성을 제시할 예정이다."
2362,context,0.1841,neutral,0.9956,에너지 관리,E,E_ENERGY__RENEWABLE_TRANSITION,신재생에너지 전환,0.6162111759185791,"일례로, 중국은 2016년부터 매년 보조금이 감소하는 태양광 재정 보조금 전략을 추진하기 시작했다. 2018년 5월 31일, 국가발전개혁위원회, 재정부, 국가에너지국은 공동으로 2018년 태양광(PV) 발전 관련 사항에 관한 통지(531 신정책)를 발표했는데, 이 통지는 태양광 발전에 대한 보조금의 신속한 감축을 명시적으로 요구한다. 비슷한 시기, 동일 정부 기관에서 재생에너지 전력요금 부과금 자금 관리방법( )을 개정하여 수입에 맞춰 지출을 결정한다( )는 원칙을 명시하기도 했다. 사실상 보조금 상한제를 실시한 것이다."
2363,context,0.1917,neutral,0.9961,에너지 관리,E,E_ENERGY__RENEWABLE_TRANSITION,신재생에너지 전환,0.6415817737579346,"해당 부과금은 전국적으로 재생에너지 확대 및 인프라 구축 비용을 분담한다는 의도 하에, 재정부(MoF)가 관리하는 재생에너지 발전기금(Renewable Energy Development Fund, 이하 REDF ) 재원의 한 축을 담당했다. REDF는 중국 재정부가 관리 운영하는 기금으로, 전력 소비자로부터 재생에너지 전력요금 부과금을 징수하고, FIT 보조금 지급 대상에 해당하는 재생에너지 발전소에 보조금을 배분하는 방식으로 운영되었다."
2364,context,0.1695,neutral,0.9994,에너지 관리,E,E_ENERGY__RENEWABLE_TRANSITION,신재생에너지 전환,0.5653439164161682,중국은 2000년대 초반부터 재생에너지 전환과 비용 부담이라는 질문에 제도적으로 답해 왔다. 중국 정부는 재생에너지법을 통해 독특한 비용 분담 메커니즘을 구축했다. 그 핵심은 재생에너지 전력요금 부과금( ) 이다. 이 부과금은 법률에 따라 발전차액지원제도(FIT)에 따른 지원 비용(제20조)과 재생에너지 발전원의 전력망 연결 비용(제21조)을 충당하기 위해 전력 최종 소비자에게 부과된다. 전력망 기업이 전기요금에 부과금을 포함하여 직접 징수하도록 설계한 점이 특징이다.
2365,context,0.1911,neutral,0.9998,인적자원 관리,S,S_HR__DIVERSITY_INCLUSION,다양성 및 형평성 (DEI),0.637162446975708,환경 지표에는 환경정책 보유 환경평가 여부 온실가스 사용량 측정 폐기물 발생량 측정 등이 포함됐다. 이전 가이드라인과 달리 유해화학물질 감축 여부 생물 다양성 보존 여부 등이 추가됐다.
2366,context,0.1867,neutral,0.9959,인적자원 관리,S,S_HR__DIVERSITY_INCLUSION,다양성 및 형평성 (DEI),0.6250275373458862,"전문가들은 국민연금의 개입이 실효성을 갖기 위해서는 사후적 반대표 보다 사전적 압박이 중요하다고 지적한다. 임추위 구성의 다양성 확대, 사외이사 선임 과정의 투명성 강화, 회장 후보군 장기 육성 체계 구축 등을 요구하며 제도 개선을 유도해야 한다는 것이다. 그렇지 않으면 연임 국면마다 정치적 논란만 키우고 실질적 변화는 남기지 못할 수 있다."
2367,context,0.1654,neutral,0.9998,이사회 구조,G,G_BOARD__COMPOSITION_INDEPENDENCE,이사회 구성 및 독립성,0.5515481233596802,"다만 국민연금이 연임 반대 라는 극단적 선택에 나서기 위해서는 조건이 필요하다. 단순히 임기가 길다는 이유나 여론 부담만으로는 부족하다. 내부통제 실패, 금융사고 반복, 성과 대비 과도한 보수, 이사회 독립성 훼손 등 구체적인 사유가 뒷받침돼야 한다. 다시 말해 연임 저지 자체가 목적이 아니라, 지배구조 개선이라는 명확한 기준이 전제돼야 한다는 의미다."
2368,context,0.2199,neutral,0.9998,이사회 구조,G,G_BOARD__COMPOSITION_INDEPENDENCE,이사회 구성 및 독립성,0.7331702709197998,"국내 주요 금융지주들은 회장 후보 추천과 검증을 이사회 내 임원후보추천위원회(임추위)가 주도하는 구조다. 문제는 이 임추위가 대부분 사외이사 중심으로 구성돼 있음에도, 사외이사 상당수가 현직 회장 체제에서 선임됐다는 점이다. 이사회 독립성이 제도적으로 보장돼 있음에도 실질적으로는 우호적 구조 라는 비판이 반복되는 이유다. 연임 반대가 거의 나오지 않는 관행 역시 이런 구조적 한계와 무관하지 않다."
2369,context,0.2182,neutral,0.9996,이사회 구조,G,G_BOARD__COMPOSITION_INDEPENDENCE,이사회 구성 및 독립성,0.7275543808937073,"특히 중요한 점은, 이 문제가 이사회 독립성의 문제로 다뤄진다는 것이다. 상장 자회사는 모회사의 하부 조직이 아니라, 독립된 상장회사로서 소수주주를 의식한 의사결정을 해야 한다는 전제가 분명하다."
2370,context,0.1924,neutral,0.9955,윤리경영·준법,G,G_ETHICS__ANTI_CORRUPTION_COMPLIANCE,반부패 및 컴플라이언스,0.6441090703010559,"지배구조 측면에서는 반부패 청렴 체계를 전면에 내세웠다. 홍성군은 군수 등 간부급 중심의 반부패 청렴 회의체 운영과 취약 분야 개선을 추진하는 동시에, 대한민국 반부패 청렴 대상 수상했다. 또한 2024년도 충남 시군 자율적 내부통제 평가 1위, 국민권익위원회 종합청렴도 2년 연속 우수등급 등 성과를 보였다."
2371,opportunity,0.5554,positive,0.9996,에너지 관리,E,E_ENERGY__RENEWABLE_TRANSITION,신재생에너지 전환,0.5556150078773499,"LS그룹 내 친환경 에너지 기업인 E1은 수소 신재생에너지 전기차 충전 등 신사업 확장에 나섰다. E1은 2022년부터 경기도 과천 고양과 서울 강서 지역 LPG 충전소 3곳에 수소충전소를 구축해 운영 중이며, 과천 복합충전소는 전기차 충전 시설도 갖춰 LPG 수소 전기차 동시 충전이 가능하다고 밝혔다."
2372,opportunity,0.5778,positive,0.9999,에너지 관리,E,E_ENERGY__RENEWABLE_TRANSITION,신재생에너지 전환,0.5778228640556335,"수주도 확대됐다. LS일렉트릭은 지난해 11월 미국 초대형 민간 전력 유틸리티 회사(IOU)와 3억1204만달러(약 4590억원) 규모 초고압 변압기 공급 계약을 체결했다. 미국 동남부 지역 대형 데이터센터 전력 공급원이 될 신재생에너지 발전소에 525kV급까지 초고압 변압기를 공급하며, 단일 초고압 변압기 공급 계약 기준 최대 규모라고 밝혔다. 이번 계약으로 초고압 변압기 수주잔고는 2조원을 넘어섰고, 3분기 기준 전체 수주잔고는 4조1000억원 수준이며 향후 수주 보유고가 더 늘어날 것으로 전망했다."
2373,context,0.1761,neutral,0.9983,윤리경영·준법,G,G_ETHICS__ANTI_CORRUPTION_COMPLIANCE,반부패 및 컴플라이언스,0.5878750681877136,"경상남도는 국민권익위원회가 주관한 2025년도 공공기관 종합청렴도 평가에서 청렴노력도 1등급, 종합청렴도 2등급 을 기록했다고 2025년 12월 23일 밝히며, 맞춤형 반부패 시책 취약분야 책임 강화 교육 및 소통 확대 등을 성과 요인으로 제시했다."
2374,opportunity,0.5771,positive,0.9973,윤리경영·준법,G,G_ETHICS__ANTI_CORRUPTION_COMPLIANCE,반부패 및 컴플라이언스,0.5786398649215698,지배구조 부문에서는 반부패 성과가 외부 평가와 내부 공개로 동시에 확인된다.
2375,context,0.1213,neutral,0.7241,윤리경영·준법,G,G_ETHICS__ANTI_CORRUPTION_COMPLIANCE,반부패 및 컴플라이언스,0.5581912398338318,"남해군에 따르면, 해당 평가에서 남해군의 청렴체감도는 전년 71점(3등급)에서 81.9점(2등급)으로 상승한 것으로 정리됐다. 또한 군은 반부패 청렴 추진계획 수립, 취약분야 개선, 기관장 고위직 청렴리더십, 청렴교육 강화 등을 추진했다."
2376,context,0.146,neutral,0.974,윤리경영·준법,G,G_ETHICS__ANTI_CORRUPTION_COMPLIANCE,반부패 및 컴플라이언스,0.4996965527534485,청렴 반부패 등 지배구조 측면에서는 국민권익위원회 종합청렴도 평가에서 상위권 등급을 유지했다는 점이 꼽힌다. 남해군은 권익위가 공개한 기초자치단체 (군) 등급표에서 종합청렴도 2등급 기관 목록에 포함돼 있다.
2377,context,0.16,neutral,0.9969,이사회 구조,G,G_BOARD__COMPOSITION_INDEPENDENCE,이사회 구성 및 독립성,0.5349197387695312,"연구소는 분쟁이 장기화될 경우 이사회 구성과 주주환원 정책뿐 아니라 지배구조 전반에 영향을 미칠 수 있다고 경고했다. 다만 일부 분쟁은 배당 확대나 자사주 소각, 지배구조 개선 등 주주 친화적 조치로 이어지며 오히려 기업가치를 높이는 계기가 되기도 한 것으로 나타났다."
2378,opportunity,0.692,positive,0.9859,에너지 관리,E,E_ENERGY__RENEWABLE_TRANSITION,신재생에너지 전환,0.7019041180610657,"최근 일부 데이터센터의 경우 재생에너지 100% 사용(RE100) 달성을 위해 재생에너지 전력구매계약(PPA)을 통한 전력 수전을 계획하고 있다. 다만 현행 규정상 한전 전기를 사용하는 경우에만 재생에너지 전력구매계약(PPA)를 체결할 수 있게 되어 있는데, 앞으로 구역전기사업자 및 분산에너지사업자로부터 전력을 공급받는 사용자도 재생에너지 전력구매계약(PPA)를 체결할 수 있도록 제도 개선을 추진한다."
2379,context,0.1641,neutral,0.9998,이사회 구조,G,G_BOARD__COMPOSITION_INDEPENDENCE,이사회 구성 및 독립성,0.547218918800354,"정관 변경, 이사회 구성, 이사 보수 등 쟁점이 급증하는 가운데 의결권 자문사와 캠페인 플랫폼의 영향력이 커지면서 기업들의 대응 방식이 향후 관행 형성의 분기점이 될 수 있다는 전망이다."
2380,context,0.1876,neutral,0.9995,에너지 관리,E,E_ENERGY__RENEWABLE_TRANSITION,신재생에너지 전환,0.6258189678192139,"기후부는 1분기 내 1천억원 규모 공공기관 K-RE100 펀드를 조성, 공공기관들이 유휴 부지에 재생에너지 발전설비를 설치하도록 지원할 계획이다. 또 다음 주 공공기관 K-RE100 출범식도 연다."
2381,context,0.1979,neutral,0.969,에너지 관리,E,E_ENERGY__RENEWABLE_TRANSITION,신재생에너지 전환,0.6808199882507324,공공기관이 주차장 등 유휴 부지에 재생에너지 발전설비를 설치하거나 재생에너지 발전사업자와 전력구매계약(PPA)을 체결해 재생에너지를 사용한 경우 이를 실적으로 평가한다.
2382,context,0.1732,neutral,0.8491,에너지 관리,E,E_ENERGY__RENEWABLE_TRANSITION,신재생에너지 전환,0.6801708340644836,"정부는 올해부터 공공기관 경영실적 평가 시 K-RE100(재생에너지 100%) 가입 및 이행 실적을 평가하기로 했다. 배점은 에너지 공기업의 경우 2.5점, 나머지는 2점이다."
2383,context,0.1747,neutral,0.99,기후변화·온실가스,E,E_CLIMATE__SCOPE1_2_EMISSION,Scope 1·2 배출량,0.5883228778839111,기후부에 따르면 88개 공공기관 2030년 전력 사용량은 8.5TWh(테라와트시)에 달할 전망이다. 재생에너지 전력 사용률 60% 목표를 이루려면 5.1TWh 전력이 재생에너지로 공급돼야 한다.
2384,context,0.1666,neutral,0.9981,에너지 관리,E,E_ENERGY__RENEWABLE_TRANSITION,신재생에너지 전환,0.5562182068824768,"4일 엔라이튼에 따르면 언양서부지역아동센터 옥상에는 2.8kW 규모의 태양광 발전 설비가 설치됐다. 해당 설비를 통해 생산된 전력은 시설 내에서 자가 소비되며, 이를 통해 절감되는 전기요금은 아동 돌봄과 교육 프로그램 등 복지 서비스에 재투자될 예정이다. 엔라이튼은 태양광 설비의 설계 시공 품질 관리 전반을 맡아, 복지시설에서도 설비가 안정적으로 운영될 수 있도록 기술적 지원을 제공했다."
2385,context,0.1863,neutral,0.9917,에너지 관리,E,E_ENERGY__EFFICIENCY_CONSUMPTION,에너지 소비 및 효율화,0.626295804977417,"신고 등급제에 참여한 건물은 A E의 건물 에너지 등급을 받으며, C E 등급은 에너지 효율 개선 컨설팅을 받을 수 있다. 단열 강화와 냉난방 시스템을 개선하기 위한 건물에너지효율화(BRP) 융자 지원도 받을 수 있다."
2386,context,0.1667,neutral,0.9992,윤리경영·준법,G,G_ETHICS__ANTI_CORRUPTION_COMPLIANCE,반부패 및 컴플라이언스,0.5562505722045898,"업무의 성격도 분명하고 도전적이다. 거래소 운영 업무를 중심으로 정보보호, 컴플라이언스, 서비스 기획 등이 유기적으로 맞물려 돌아간다. 금융과 IT, 보안이 동시에 작동하는 구조다. 특정 직무의 전문성을 쌓는 동시에, 여러 조직과 협업하는 경험이 가능하다. 빠르게 변하는 시장 환경 속에서 내부 기준을 만들고 외부 규제에 대응하는 업무 특성 역시 MZ세대에는 도전 요소이자 새로운 커리어로 작용할 수 있다고 빗썸은 밝혔다."
2387,context,0.1692,neutral,0.9999,에너지 관리,E,E_ENERGY__RENEWABLE_TRANSITION,신재생에너지 전환,0.5642035007476807,"협의회에서는 주민참여형 재생에너지 우수 사례도 공유됐다. 전북 전주는 시민 출자로 공공부지 태양광을 설치해 수익을 나누고, 제주도는 마을 주도 풍력과 태양광 사업을 운영 중이다. 서울시는 시민펀드로 태양광 투자를 추진해 수익 배분과 에너지 취약계층 지원에 활용했다. 부산시는 학교 태양광 전력을 RE100 기업에 공급해 학생 복지에 환원하고 있다."
2388,context,0.2099,neutral,0.9995,에너지 관리,E,E_ENERGY__RENEWABLE_TRANSITION,신재생에너지 전환,0.7000223398208618,"정부는 2030년까지 재생에너지 100GW 보급을 목표로 유휴부지와 국민 생활공간 중심의 태양광 확대, 공공기관의 K-RE100 이행 등을 추진할 계획이다. 이와 함께 재생에너지 수익이 주민과 지역에 환원되는 햇빛소득마을의 전국 확산을 핵심 과제로 제시했다."
2389,context,0.143,neutral,0.9999,기후변화·온실가스,E,E_CLIMATE__CLIMATE_GOVERNANCE_INVENTORY,기후 거버넌스·인벤토리,0.4766560196876526,기후재정포럼 연속세미나 1회차(기후 거버넌스 혁신) 2025.7.10. 국회 의원회관 제2간담회실 2회차(탄소배출권거래제와 기후세제 개선방안) 2025.7.31. 국회 의원회관 제9간담회실 3회차(기후재정 조달계획) 2025.9.11. 국회 의원회관 제3세미나실 4회차(기후예산시스템 개혁) 2025.9.23. 국회 의원회관 제2간담회실 5회차(지방정부의 기후예산시스템 개혁) 2026.2.10 국회 의원회관 제10간담회실
2390,context,0.163,neutral,0.9999,이사회 구조,G,G_BOARD__COMPOSITION_INDEPENDENCE,이사회 구성 및 독립성,0.543304979801178,경제개혁연대 관계자는 금융사고 이후에도 이사회 구성에 실질적 변화가 없다는 점에서 금융지주 이사회의 자기책임 원칙이 작동했는지 의문이 제기된다 며 이들은 2026년에도 연임 가능한 임기가 남아 있어 재선임 여부가 주목된다 고 밝혔다.
2391,context,0.1637,neutral,0.9996,에너지 관리,E,E_ENERGY__RENEWABLE_TRANSITION,신재생에너지 전환,0.546002984046936,"이에 시는 신축 건축물 소유주에게 공사비 일부를 보조해 장벽을 낮추고 재생열 도입을 뒷받침한다는 방침이다. 지원 대상은 비주거 연면적 3만 이상 신축 민간 건물 소유주로, 지하 개발 면적의 50% 이상 지열을 설치하거나 서울시 녹색건축물 설계기준상 신재생에너지 의무 비율의 50%를 재생열(지열, 수열)로 충족할 경우 해당한다."
2392,opportunity,0.4687,positive,0.991,에너지 관리,E,E_ENERGY__RENEWABLE_TRANSITION,신재생에너지 전환,0.4729558229446411,새만금 수상 태양광 1단계 사업은 약 13.5 수역에 설비용량 1.2GW(기가와트)의 태양광 발전시설을 3조원을 들여 설치하는 사업이다. 이 사업은 발전사업자가 내륙으로 15 에 달하는 접속선로를 구축해야 하는 문제 등으로 장기간 지연돼왔다.
2393,context,0.1734,neutral,0.9999,에너지 관리,E,E_ENERGY__EFFICIENCY_CONSUMPTION,에너지 소비 및 효율화,0.5780056118965149,"중기부는 올해 산업단지 비입주 중소기업에 대한 우대혜택을 신설했다. 또 지원 설비를 에너지 절감형, 공정 최적화형, 배출진단형, 신재생에너지형 등 4개로 체계화했다. 사업 내용은 중기부 홈페이지에서 볼 수 있고 사업 신청은 ESG통합플랫폼에서 할 수 있다."
2394,context,0.201,neutral,0.9998,기후변화·온실가스,E,E_CLIMATE__SCOPE1_2_EMISSION,Scope 1·2 배출량,0.6702524423599243,"그룹 내 각 계열사와 부서별로 흩어져 있던 ESG 데이터를 하나의 시스템으로 통합 관리하게 된다. 환경 부문에서는 업무자동화(RPA) 기능을 활용해 전력 사용량 등 일부 환경 데이터를 자동 집계하는 기능을 도입했고, 사회 지배구조 부문에서는 신규 관리 지표를 추가해 국내외 ESG 평가 기준에 대한 대응 범위를 확대했다."
2395,context,0.1875,neutral,0.9963,인적자원 관리,S,S_HR__DIVERSITY_INCLUSION,다양성 및 형평성 (DEI),0.6273050904273987,"박 대표는 글로벌 규제 환경이 이미 이러한 전환을 요구하고 있다고 설명했다. 박 대표에 따르면, 유럽연합의 지속가능성 공시 지침(CSRD)과 공급망 실사(CSDDD), 국제지속가능성기준위원회(ISSB) 기준은 기업의 사회적 활동을 정성적 서술이 아닌 정량적 성과와 시스템으로 입증할 것을 요구하고 있다. 장애인 고용과 장애인 생상품 구매 역시 ESG 평가 체계 안에서 정량적 기준을 적용받는 영역으로 포섭될 수 있다는 설명이다."
2396,context,0.1797,neutral,0.9488,에너지 관리,E,E_ENERGY__RENEWABLE_TRANSITION,신재생에너지 전환,0.6313631534576416,올해부터 공공기관운영법에 따른 공공기관 경영평가 항목에 K-RE100 가입 및 이행실적이 포함됐다.
2397,context,0.1855,neutral,0.9996,에너지 관리,E,E_ENERGY__RENEWABLE_TRANSITION,신재생에너지 전환,0.618622899055481,기후에너지환경부는 11일 서울 서초구 한전아트센터에서 공공기관 K-RE100(재생에너지 100% 사용) 출범식을 개최했다.
2398,context,0.2277,neutral,0.9998,이사회 구조,G,G_BOARD__COMPOSITION_INDEPENDENCE,이사회 구성 및 독립성,0.7591109275817871,"이사회 구성과 관련해서는 현 이사회가 경영진에 대한 견제 기능을 상실한 채 형식적으로 운영돼 왔다고 평가하며, 선임할 이사의 수를 이 번에 임기만료되는 이사 숫자인 6인으로 정하는 안건과 함께 집중투표 방식을 전제로 한 이사 선임을 요구했다."
2399,context,0.1948,neutral,0.9955,에너지 관리,E,E_ENERGY__RENEWABLE_TRANSITION,신재생에너지 전환,0.6524169445037842,"이영호 엔라이튼 대표는 이번 프로젝트는 대기업 제조시설에서도 초기 투자비 없이 RE100을 추진할 수 있는 구체적 실행 방안을 적용한 사례 라며 엔라이튼은 기업이 재생에너지 전환 과정에서 겪는 비용, 운영과 안전관리 부담을 줄이는 구조를 계속 고도화해 산업 전반의 RE100 이행을 지원하겠다 고 말했다."
2400,context,0.1926,neutral,0.9996,에너지 관리,E,E_ENERGY__RENEWABLE_TRANSITION,신재생에너지 전환,0.6422611474990845,"엔라이튼의 RE100 태양광 구독 모델은 기업이 태양광 설비를 직접 소유하지 않고, 매월 설비 이용료만 납부하며 전력을 사용하는 서비스형 모델이다. 엔라이튼이 설계 및 시공부터 운영 유지보수까지 전 과정을 책임진다. 기업은 전기요금을 절감하면서 재생에너지 사용을 확대해 RE100 이행까지 한 번에 추진할 수 있다."
2401,opportunity,0.5542,positive,0.9985,에너지 관리,E,E_ENERGY__RENEWABLE_TRANSITION,신재생에너지 전환,0.5550612211227417,"이번 사업으로 롯데인프라셀 안산공장에 529.9kW, 롯데패키징솔루션즈 진천공장에 1770.3kW 규모의 지붕형 태양광 설비가 설치됐다. 두 공장은 엔라이튼의 RE100 태양광 구독 모델을 도입해 별도 설비 투자 없이 재생에너지 사용 비중을 확대했으며, 이를 통해 연간 약 1300톤의 탄소를 줄일 수 있을 것으로 기대하고 있다."
2402,context,0.1781,neutral,0.9999,에너지 관리,E,E_ENERGY__RENEWABLE_TRANSITION,신재생에너지 전환,0.5938724875450134,"햇빛소득마을은 마을공동체가 주도해 마을 내 유휴부지와 농지 저수지 등에 태양광 발전소를 설치 운영해 에너지 자립을 달성하고, 발전소에서 얻은 이익을 공동체 구성원이 공유하는 사업 모델이다. 이를 통해 지역 주민의 소득을 높여 마을공동체에 활력을 불어넣고, 재생에너지 사용을 늘려 기후위기에 대응하는 일석이조의 효과를 기대할 수 있다."
2403,context,0.1939,neutral,0.9999,ESG 데이터 거버넌스,G,G_DATA_GOVERNANCE__ESG_DATA_CONTROL,ESG 데이터 내부통제,0.6464815139770508,"한국에스지에스 Business Assurance 문성양 원장은 급변하는 국제 탄소 규제 환경 속에서 국내 기업들이 산업 현장에서 바로 활용할 수 있는 실무 중심의 탄소 ESG 교육 개발에 더욱 힘쓸 계획이라며, 산업 전반의 탄소중립 실천을 확산하고, 국내 기업들이 국제 기준에 부합하는 탄소 규제 대응 역량을 갖출 수 있도록하겠다 고 말했다. 또한 이를 통해 취약계층을 포함한 다양한 인재들이 성장할 수 있는 교육 기반을 마련하겠다 고 덧붙였다."
2404,context,0.1551,neutral,0.9989,기후변화·온실가스,E,E_CLIMATE__SCOPE3_EMISSION,Scope 3 배출량,0.5175232887268066,"인도네시아 에너지광물자원부(ESDM) 관계자는 AI는 에너지 전환과 다운스트림 산업화 정책(Asta Cita)을 포함한 국가 발전 전략의 핵심 동력 이라며 MAJU ON은 기술 시장 혁신을 연결하는 실행 중심의 협력 플랫폼으로, 정부 산업 학계 스타트업이 통합된 생태계 구축에 중요한 역할을 할 것 이라고 밝혔다."
2405,opportunity,0.4617,positive,0.8276,에너지 관리,E,E_ENERGY__RENEWABLE_TRANSITION,신재생에너지 전환,0.5578811168670654,항만구역 내 태양광 발전시설 구축과 자동화 스마트 물류창고 건설 등 친환경 고부가가치 물류 기능 수행 시설을 도입하고자 하는 민간투자 수요는 꾸준히 증가하는 추세다.
2406,context,0.1327,neutral,0.9999,에너지 관리,E,E_ENERGY__RENEWABLE_TRANSITION,신재생에너지 전환,0.44249412417411804,"2025년에는 11개 지방해양수산청과 7개 지자체에서 총 185건의 비관리청 항만개발사업을 허가해 약 5404억 원 규모의 민간투자를 유치했다. 항만시설별로 살펴보면, 전기 신재생에너지 등의 기타시설이 82건(2827억 원)으로 가장 많았고, 이어 화물유통(42건, 1206억 원), 하역설비(17건, 628억 원)순으로 나타났다."
2407,context,0.202,neutral,0.9995,이사회 구조,G,G_BOARD__COMPOSITION_INDEPENDENCE,이사회 구성 및 독립성,0.6738505363464355,"20일 재계에 따르면 국내 대표 행동주의펀드로 꼽히는 팰리서캐피탈, 얼라인파트너스, 트러스톤자산운용, 라이프자산운용, KCGI자산운용 등은 최근 주요 상장사를 상대로 이사회 독립성 강화, 감사위원 분리선출 확대, 집중투표제 도입 등을 요구하고 있다. 일부 기업에는 사외이사 후보를 직접 추천하며 경영 감시 기능을 강화하겠다는 의지도 분명히 하고 있다."
2408,opportunity,0.638,positive,0.8872,에너지 관리,E,E_ENERGY__EFFICIENCY_CONSUMPTION,에너지 소비 및 효율화,0.7191034555435181,"포스코퓨처엠 관계자는 탄소 배출량 감축, 공급망 관리, 안전보건경영 강화 등 체계적인 ESG 경영 활동에 대해 높은 평가를 받았다며 2050년 탈탄소 달성을 목표로 재생에너지 확대, 저탄소 연료 전환, 공정효율 개선 등을 추진 중이며, 텅스텐, 코발트 등 인권침해의 문제가 없다고 인정받은 책임 광물을 원료로 사용하고 있다고 밝혔다."
2409,context,0.1145,neutral,0.6734,에너지 관리,E,E_ENERGY__RENEWABLE_TRANSITION,신재생에너지 전환,0.5670029520988464,또 한국전력이 배전망을 설치 유지보수하는 관리자 역할을 넘어 운영자로서 태양광 발전량을 예측하고 태양광 발전량이 늘어나 배전망 부하가 커질 것으로 예상되면 ESS 충전을 지시하는 등 동적 제어를 실시하도록 할 계획이다.
2410,context,0.1537,neutral,0.9937,에너지 관리,E,E_ENERGY__RENEWABLE_TRANSITION,신재생에너지 전환,0.5155270099639893,기후부는 배전망에 85개 ESS를 연결하면 약 485MW(메가와트) 규모 태양광 발전시설을 추가로 접속시킬 수 있을 것으로 본다. 태양광 등 재생에너지 발전시설은 급증했는데 이에 맞춰 전력망이 확충되지 못하면서 전력망에 접속하기까지 장기간 대기해야 하는 문제가 심각한 상황이다.
2411,risk,0.5193,negative,0.9833,에너지 관리,E,E_ENERGY__RENEWABLE_TRANSITION,신재생에너지 전환,0.5281107425689697,"보고서는 현대차 기아가 RE100 가입 등 대외적 기후 대응 기조를 강화하고 있음에도, 그룹 내 핵심 소재 공급사의 전환 속도가 늦을 경우 유럽 등 주요 시장에서 요구하는 저탄소 공급망 기준을 충족하는 데 부담이 커질 수 있다고 지적했다."
2412,risk,0.3949,negative,0.9364,에너지 관리,E,E_ENERGY__RENEWABLE_TRANSITION,신재생에너지 전환,0.4217323660850525,현대제철이 전력 다소비 산업이라는 점을 감안하면 재생에너지 전환 지연이 향후 글로벌 공급망 규제와 고객사 조달기준 강화 국면에서 더 큰 약점으로 작용할 수 있다는 평가가 나온다.
2413,context,0.139,neutral,0.995,에너지 관리,E,E_ENERGY__RENEWABLE_TRANSITION,신재생에너지 전환,0.4656527042388916,RE100 등 기업의 실질적인 녹색 수요를 감당할 금융 공급 또한 제자리걸음을 반복하고 있다. 실제 2024년 기준으로 재생에너지 금융상품을 보유한 기관은 29개에 불과했다.
2414,context,0.1946,neutral,0.9998,에너지 관리,E,E_ENERGY__EFFICIENCY_CONSUMPTION,에너지 소비 및 효율화,0.648864209651947,"공모 분야는 환경(E), 사회(S), 지배구조(G) 전반이다. 환경 분야에서는 자원순환 기후변화 대응 에너지 절감 사업을, 사회 분야에서는 사회통합 안전 교육문화 사업을, 지배구조 분야에서는 투명한 조직 운영과 주민참여 확대 사업 등이 포함된다."
2415,context,0.1807,neutral,0.9992,기후변화·온실가스,E,E_CLIMATE__SCOPE3_EMISSION,Scope 3 배출량,0.6027044653892517,이어 한국회계기준원은 26일 2026년 제1회 지속가능성기준위원회(KSSB) 를 열어 세부 공시 내용을 담은 KSSB 공시기준서 정부 제출안을 의결한다. 이번 안은 스코프3(Scope 3) 공시를 의무화 대상에 포함하되 3년간 유예하는 내용이 담긴 것으로 전해졌다.
2416,context,0.2147,neutral,0.9994,ESG 데이터 거버넌스,G,G_DATA_GOVERNANCE__ESG_DATA_CONTROL,ESG 데이터 내부통제,0.7160765528678894,"이는 회계감사와 유사한 방식의 ESG 정보 인증(assurance) 요구로 이어지고, 내부적으로는 데이터 수집 검증을 담당하는 ESG 전담 조직과 재무 리스크 부서 간 협업 구조 구축을 사실상 의무화하는 효과를 낳는다."
2417,context,0.1975,neutral,0.9998,ESG 데이터 거버넌스,G,G_DATA_GOVERNANCE__ESG_DATA_CONTROL,ESG 데이터 내부통제,0.6586106419563293,"감독의 초점도 바뀐다. 초기에는 공시를 했는지 여부 가 감독의 1차 체크포인트였다면, 이제는 공시의 내용이 내부 시스템 거버넌스와 실제로 일치하는지 , 수치와 서술 사이에 모순은 없는지 , 외부검증 내부통제 체계가 구축돼 있는지 등을 본격적으로 들여다보게 된다."
2418,context,0.2329,neutral,0.9999,이사회 구조,G,G_BOARD__COMPOSITION_INDEPENDENCE,이사회 구성 및 독립성,0.7765750288963318,"포럼은 이에 더해 이사회 의장을 독립이사 중에서 선출하고 이사회 의장이 주총 의장을 맡도록 해 이사회 독립성을 대폭 강화하고, 주식보상 방안 도입을 즉시 발표할 것을 촉구했다."
2419,context,0.2124,neutral,0.9998,안전보건,S,S_SAFETY__ACCIDENT_RATE,산업재해율 및 안전 성과,0.7082782983779907,"이날 이사회에서는 2026년도 지속가능경영 추진 계획 보고와 준법지원인 업무 보고, 자기주식 처분 계획 보고와 안전보건계획 수립의 건에 대한 의결도 이뤄졌다. 고려아연은 탄소중립 실행력 강화와 글로벌 공시 기준 대응을 위해 ESG 경영을 확대하고, 중대재해 제로 달성과 산업재해율 0.2% 이하 관리를 목표로 안전보건 정책을 추진할 계획이다."
2420,risk,0.6242,negative,0.9642,이사회 구조,G,G_BOARD__COMPOSITION_INDEPENDENCE,이사회 구성 및 독립성,0.6474207043647766,"시장에서는 이번 갈등이 단순한 인물 간 대립을 넘어 구조적 문제를 드러낸 사건으로 보고 있다. 최대주주, 오너 일가, 전문경영인 간 권한과 책임의 경계가 명확하지 않은 상황에서 이해관계 충돌이 반복되고 있다는 지적이다. 이사회 독립성 강화와 투명한 의사결정 체계 확립이 더 이상 미룰 수 없는 과제로 떠오르는 배경이다."
2421,context,0.1719,neutral,0.9986,이사회 구조,G,G_BOARD__COMPOSITION_INDEPENDENCE,이사회 구성 및 독립성,0.5737999081611633,"이런 상황에서 이사회 구성과 주요 의사결정 과정, 향후 지분 구도 변화 가능성 등이 복합적으로 얽히면서 갈등 국면이 고조된 것으로 분석된다. 표면적으로는 경영전략과 책임경영을 둘러싼 견해차지만, 본질적으로는 경영권 주도권을 둘러싼 힘겨루기라는 해석이 지배적이다."
2422,context,0.2439,neutral,0.9998,이사회 구조,G,G_BOARD__COMPOSITION_INDEPENDENCE,이사회 구성 및 독립성,0.8130810856819153,"시장에서는 이사회 독립성 강화, 사외이사 역할 확대, 경영진과 대주주 간 권한 책임의 명확한 구분이 필요하다는 목소리가 나온다."
2423,context,0.1099,neutral,0.9997,인적자원 관리,S,S_HR__DIVERSITY_INCLUSION,다양성 및 형평성 (DEI),0.36644071340560913,https www.reuters.com sustainability society-equity norways-wealth-fund-using-ai-screen-esg-risks-2026-02-26
2424,context,0.1516,neutral,0.9998,인적자원 관리,S,S_HR__DIVERSITY_INCLUSION,다양성 및 형평성 (DEI),0.5053195953369141,성평등부는 작년 480개 기업을 대상으로 DEI 교육을 총 4회 실시했다. 교육 효과성 조사 결과 참여자의 DEI에 대한 관심도는 교육 전 3.56점에서 교육 후 4.47점으로 향상된 것으로 나타났다.
2425,context,0.192,neutral,0.9976,인적자원 관리,S,S_HR__DIVERSITY_INCLUSION,다양성 및 형평성 (DEI),0.641518235206604,"DEI란 다양성(Diversity), 공평성(Equity), 포용성(Inclusion)을 말한다. 조직문화의 관점에서 반영돼야 할 주요 가치로서 환경 사회적 책무 기업지배구조 개선(ESG) 전략 중 사회에 포함된다."
2426,context,0.1336,neutral,0.9999,인적자원 관리,S,S_HR__DIVERSITY_INCLUSION,다양성 및 형평성 (DEI),0.4455087184906006,지역 경제단체 및 유관기관과 협업해 현장방문 교육을 늘린다. 의사결정권자의 DEI 인식 제고를 위해 최고경영자(CEO) 대상 조찬 포럼과 연계한 교육도 늘린다.
2427,context,0.1682,neutral,0.9993,인적자원 관리,S,S_HR__DIVERSITY_INCLUSION,다양성 및 형평성 (DEI),0.5610552430152893,성평등가족부는 민간 부문의 포용적 조직문화 확산과 성평등한 일자리 기반 강화를 위해 기업 맞춤형 다양성(DEI) 교육 사업을 확대한다고 지난 1일 밝혔다.
2428,context,0.115,neutral,0.6862,이사회 구조,G,G_BOARD__COMPOSITION_INDEPENDENCE,이사회 구성 및 독립성,0.5587011575698853,"KAI를 둘러싼 반복되는 낙하산 인사 논란은 지배구조 측면에서 구조적 취약성을 드러낸다. 이사회 독립성 강화, CEO 후보군의 상시 관리, 투명한 승계 프로세스 마련 등 기본적인 거버넌스 장치가 작동했다면 정권 교체 수장 교체 라는 등식은 성립하기 어려웠을 것이다. 그러나 현실은 정부 기조 변화가 곧 인사 방향으로 직결되는 모습이다."
2429,context,0.1806,neutral,0.9998,에너지 관리,E,E_ENERGY__EFFICIENCY_CONSUMPTION,에너지 소비 및 효율화,0.6020850539207458,"알디 교수는 이런 맥락에서 오프셋(상쇄) 크레딧의 역할을 강조했다. 그는 기업 입장에서는 설비 교체나 효율 개선을 통해 직접 배출을 줄이는 방식뿐 아니라, 탄소 크레딧을 구매하거나 프로젝트를 통해 크레딧을 발행하는 방식까지 포함해 규제 이행 옵션이 넓어질수록 비용 효율적인 감축 경로를 찾기 쉬워진다 고 설명했다."
2430,context,0.1716,neutral,0.9999,기후변화·온실가스,E,E_CLIMATE__CLIMATE_GOVERNANCE_INVENTORY,기후 거버넌스·인벤토리,0.572094202041626,"지난달 28일 서울시청 다목적홀에 모인 시민들은 기후시민의회가 단순한 의견 수렴 절차에 그쳐서는 안 되며, 기후 거버넌스의 공동 설계자로 참여하는 구조가 돼야 한다는 데 뜻을 모았다. 시민들의 논의 결과는 기후위에 전달되며, 향후 정부의 기후시민의회 운영 원칙에 반영할 것을 요청할 계획이다."
2431,context,0.1866,neutral,0.9999,안전보건,S,S_SAFETY__OCCUPATIONAL_HEALTH_MANAGEMENT,사업장 안전보건 관리체계,0.6220096945762634,이들 사업의 운영은 대한산업안전협회 경기지역본부가 맡으며 산업단지 내 30인 미만 사업장 350곳을 대상으로 위험성 평가와 사후관리 컨설팅을 제공한다. 위험 요인 발굴부터 개선 이행 점검까지 연계 지원해 형식적인 평가를 넘어 실질적인 안전관리 체계 구축을 돕는다.
2432,context,0.1657,neutral,0.9999,안전보건,S,S_SAFETY__OCCUPATIONAL_HEALTH_MANAGEMENT,사업장 안전보건 관리체계,0.5524111986160278,경기도는 산업단지 위험성 평가 실시 및 개선지도 지붕 추락재해 예방 기술지도 외국인 노동자 안전 역량 강화 등 3개 세부 사업을 추진한다.
2433,context,0.0924,neutral,0.6004,ESG 데이터 거버넌스,G,G_DATA_GOVERNANCE__ESG_DATA_CONTROL,ESG 데이터 내부통제,0.5129626989364624,"글로벌 공급망과 다국적 사업 구조를 가진 한국 대기업일수록, SB 253 261을 단순히 미국 한 주( )의 규제 가 아닌 향후 기후공시 글로벌 스탠더드의 시험 무대로 인식하고, 전사적인 데이터 거버넌스 체계를 재편할 타이밍이라는 지적이 설득력을 얻고 있다."
2434,context,0.1998,neutral,0.9999,ESG 데이터 거버넌스,G,G_DATA_GOVERNANCE__ESG_DATA_CONTROL,ESG 데이터 내부통제,0.666100263595581,"세 번째는 검증 데이터 거버넌스다. SB 253은 단계적으로 제한적 보증, 나아가 합리적 보증까지 요구할 것으로 예상된다. 이는 회계법인 검증기관 내부 감사조직이 기후 데이터에 본격적으로 관여하게 된다는 것을 의미한다. 한국 EU 미국 등 서로 다른 규제를 동시에 충족하려면, 공시체계 간의 충돌을 최소화하는 데이터 설계와 내부 통제 체계를 마련해야 한다."
2435,context,0.2082,neutral,0.998,기후변화·온실가스,E,E_CLIMATE__CLIMATE_GOVERNANCE_INVENTORY,기후 거버넌스·인벤토리,0.6954783201217651,기후솔루션은 현대차의 기후 거버넌스 실질화를 위해 기후 전문 독립이사 선임 이사회 차원의 기후 전환 전략 정기 검토 독립이사 대상 심화 교육 운영 의사결정 과정의 구체적 공시 등의 조치가 필요하다고 제언했다.
2436,context,0.155,neutral,0.8779,기후변화·온실가스,E,E_CLIMATE__SCOPE3_EMISSION,Scope 3 배출량,0.5884884595870972,"내부 전략의 정합성 문제도 지적됐다. 현대자동차의 탄소중립 목표 시점은 2045년인 반면, 핵심 공급망이자 계열사인 현대제철의 목표는 2050년으로 설정되어 있다. 철강이 현대차 차량 중량의 약 60%를 차지하고 Scope 3 배출량의 15% 이상을 점유하는 상황에서, 이러한 목표 시점 차이는 전환 투자와 저탄소 소재 확보 계획의 실현 가능성에 영향을 줄 수 있는 전략적 사안으로 분석됐다."
2437,context,0.1699,neutral,0.9903,기후변화·온실가스,E,E_CLIMATE__CLIMATE_GOVERNANCE_INVENTORY,기후 거버넌스·인벤토리,0.5719385743141174,"글로벌 투자자 연합체인 기후행동 100 (CA100 ) 의 기후 거버넌스 평가 지표를 적용한 결과, 현대차는 6개 항목 중 2개 항목(이사회 감독 증거, CEO 보상 연계)을 부분적으로 충족하는 데 머물렀다. 이는 평균 2.2개를 충족하는 글로벌 완성차 12개사 및 5개를 충족하는 메르세데스-벤츠 등 경쟁사 대비 낮은 수치다."
2438,context,0.1996,neutral,0.9994,기후변화·온실가스,E,E_CLIMATE__CLIMATE_GOVERNANCE_INVENTORY,기후 거버넌스·인벤토리,0.6655864715576172,"비영리법인 기후솔루션(SFOC)이 3일 발간한 기후 대응의 빈 자리 현대자동차 기후 거버넌스 점검 보고서에 따르면, 현대차는 2021년 기존 투명경영위원회를 지속가능경영위원회로 개편하며 기후 대응 의지를 밝혔으나 실질적인 내부 감독 체계는 글로벌 기준에 못 미치는 것으로 나타났다."
2439,opportunity,0.6827,positive,0.9964,안전보건,S,S_SAFETY__OCCUPATIONAL_HEALTH_MANAGEMENT,사업장 안전보건 관리체계,0.6851609945297241,"특히 기존 안전보건경영시스템(ISO 45001)에 이번 인증들을 더해 품질 환경 안전의 ISO 3대 통합 경영 체계 를 완성했다. 이는 대기업 및 공공기관의 까다로운 프로젝트 요건을 충족하는 지표로, 향후 대형 프로젝트 수주 경쟁력을 대폭 끌어올릴 전망이다."
2440,context,0.1638,neutral,0.965,에너지 관리,E,E_ENERGY__RENEWABLE_TRANSITION,신재생에너지 전환,0.5658345818519592,규모와 현장 여건에 따라 품질 편차가 발생하기 쉬운 태양광 발전 사업은 장기적이고 안정적인 운영 관리가 곧 수익성으로 직결된다.
2441,context,0.1716,neutral,0.9999,기후변화·온실가스,E,E_CLIMATE__SCOPE3_EMISSION,Scope 3 배출량,0.571929931640625,금융위원회는 지난달 25일 ESG 의무공시 로드맵 초안 을 발표하고 국내 기업의 최초 ESG 의무공시 적용 대상을 2028년(FY27년)부터 자산 30조 원 이상 코스피 상장사로 설정했다. 또한 가치사슬 배출량인 스코프3(Scope 3) 공시는 이보다 3년 뒤인 2031년부터 시행하겠다는 방침을 제시했다. 금융위 기준에 해당하는 자산 30조 원 이상 코스피 상장사는 58개사에 불과하다.
2442,context,0.1902,neutral,0.9998,이사회 구조,G,G_BOARD__COMPOSITION_INDEPENDENCE,이사회 구성 및 독립성,0.6340372562408447,"국민연금은 2026년 주총 시즌을 앞두고 ESG, 특히 지배구조를 기준으로 스튜어드십 적용 범위를 확대하겠다 고 밝히며, 이사회 독립성 성과 보수 연계 적정성을 집중 점검하겠다고 예고했다. KT 등에서 국민연금 반대로 CEO 선임 구조개편 안건이 되돌아간 사례가 나오면서 금융지주도 국민연금이 반대하면 사실상 절차를 다시 짜야 한다 는 인식이 퍼진 상태다."
2443,context,0.1138,neutral,0.9998,에너지 관리,E,E_ENERGY__RENEWABLE_TRANSITION,신재생에너지 전환,0.37949052453041077,지역 PPA 유연성 시장이 해법 배전계통으로 지역에서 쓰는 구조
2444,context,0.1772,neutral,0.9999,이사회 구조,G,G_BOARD__COMPOSITION_INDEPENDENCE,이사회 구성 및 독립성,0.5905728340148926,"국민연금은 그간 신년사와 대외 발언을 통해 ESG, 특히 지배구조(G)를 기준으로 적극적인 주주권 행사 를 공언하면서 이를 스튜어드십 코드 시즌2 로 명명했다. 과거 소극적 의결권 행사에서 벗어나 CEO 선임 연임과 이사회 구성에 직접적으로 영향을 주겠다는 선언에 가깝다. 금융권에서는 국민연금이 한 번 스튜어드십 카드를 꺼내들면, 그 자체가 사실상 규제 정책 신호 로 작동한다 는 평가가 나온다."
2445,context,0.2024,neutral,0.9987,이사회 구조,G,G_BOARD__COMPOSITION_INDEPENDENCE,이사회 구성 및 독립성,0.6755279302597046,시장에서는 국민연금이 단순히 개인의 연임 여부보다 금융지주의 지배구조 투명성과 이사회 독립성을 중심으로 판단할 가능성이 크다고 본다. 임 회장의 연임 추진 과정에서 그룹의 사외이사 선임 절차와 경영승계 프로그램이 실질적 독립성을 확보했는지가 평가의 핵심으로 꼽힌다. 국민연금이 문제점을 지적하며 반대표를 행사할 경우 다른 기관투자가의 표심에도 영향을 미칠 수 있다.
2446,context,0.152,neutral,0.9999,이사회 구조,G,G_BOARD__COMPOSITION_INDEPENDENCE,이사회 구성 및 독립성,0.506601095199585,"또한 여성들은 이사회 전체 의석보다 이사회 산하 위원회(감사 보상 지명 등)에서 더 높은 비중을 차지하는 경향을 보였다. 특히 신흥국 시장에서는 지명위원회 내 여성 비중이 2024년 19.9%에서 2025년 22.9%로 크게 늘어, 앞으로 이사회 구성 변화에 영향을 줄 수 있는 중요한 흐름으로 평가됐다."
2447,context,0.1517,neutral,0.9936,이사회 구조,G,G_BOARD__COMPOSITION_INDEPENDENCE,이사회 구성 및 독립성,0.5089184641838074,"MSCI는 기업 내 하급 관리자에서부터 최고 경영자 및 이사회 구성원까지를 각 단계로 보았을 때, 각 단계의 여성 임원이 다음 단계로 성장할 수 있는 체계적인 공급망이 중요하다고 봤다. 보고서는 이를 리더십 파이프라인이라 칭했다."
2448,context,0.0829,neutral,0.9996,에너지 관리,E,E_ENERGY__EFFICIENCY_CONSUMPTION,에너지 소비 및 효율화,0.27651748061180115,"물론 유가 안정은 영구적이지 않다. 지정학적 긴장이나 산유국의 정책에 따라 언제든 요동칠 수 있다. 그러나 글로벌 경기 둔화와 셰일오일 공급, 에너지 효율 개선 등 구조적 요인이 유가 폭등을 억제하고 있는 것은 분명한 현실이다."
2449,context,0.2069,neutral,0.9999,에너지 관리,E,E_ENERGY__RENEWABLE_TRANSITION,신재생에너지 전환,0.6898381114006042,"이번 컨퍼런스는 급변하는 정부 정책에 따른 재생에너지 시장 전망을 살펴보고, PPA 공급사업자의 사업전략, 자원별 PPA 활용 전략 등 기업이 실질적으로 RE100을 달성하기 위한 최적의 재생에너지 조달 방안 을 논의하기 위해 마련됐다."
2450,context,0.146,neutral,0.9922,에너지 관리,E,E_ENERGY__RENEWABLE_TRANSITION,신재생에너지 전환,0.4904482960700989,"현재 국내 재생에너지 시장은 공급 물량 부족과 그에 따른 구매 비용 상승으로 기업들의 RE100 이행에 어려움이 커지고 있으며, 이는 곧 국내 산업 경쟁력 약화로 이어지고 있다. 정부는 이러한 기업들을 지원하기 위해 재생에너지 정책을 개편하고 공공 주도의 공급 확대를 추진하고 있다."
2451,context,0.1687,neutral,0.9999,에너지 관리,E,E_ENERGY__RENEWABLE_TRANSITION,신재생에너지 전환,0.5622151494026184,"에너지 소비가 많은 호텔 9곳은 2032년까지 재생에너지 100% 로 전환토록 하고, 노후 산업단지도 재생에너지 기반으로 전환한다. 또 태양광 발전이 몰리는 낮 시간대 등 전기가 남아도는 시간에 히트펌프를 집중적으로 가동하면 소비자가 보상을 받는 구조가 마련된다. 난방하면서 요금도 아끼고 수익도 낼 수 있게 된다고 도는 설명했다."
2452,context,0.1919,neutral,0.9998,이사회 구조,G,G_BOARD__COMPOSITION_INDEPENDENCE,이사회 구성 및 독립성,0.6398309469223022,"한국ESG평가원 손종원 대표는 우리금융지주의 기존 4인 사외이사는 교수 1명, 전문경영인 출신 3명 이라며 이번에 3인 후보가 모두 선임될 경우 전체 7명의 사외이사 중 6명이 전문경영인 출신인 것은 매우 긍정적인 이사회 구성으로 판단된다 고 말했다."
2453,context,0.1352,neutral,0.9997,기후변화·온실가스,E,E_CLIMATE__SCOPE3_EMISSION,Scope 3 배출량,0.45077022910118103,두 법안은 모두 거래소 공시를 거치지 않고 법정 공시를 바로 도입하되 유예 기간을 두도록 할 예정이다. 또한 두 법안 모두 가치사슬 배출량인 스코프(Scope)3 공시 시기에 대한 구체적 조항은 포함되지 않는 것으로 확인됐다.
2454,context,0.1925,neutral,0.9995,이사회 구조,G,G_BOARD__COMPOSITION_INDEPENDENCE,이사회 구성 및 독립성,0.6420950889587402,양측은 최근 공개 주주서한을 잇따라 주고받으며 자본관리 및 주주환원 정책 DB그룹 내부거래 구조 이사회 독립성 강화와 투자 의사결정의 투명성 등을 놓고 첨예하게 맞서고 있다.
2455,context,0.2242,neutral,0.9997,이사회 구조,G,G_BOARD__COMPOSITION_INDEPENDENCE,이사회 구성 및 독립성,0.7476249933242798,평가원은 이사회 구성이 최대주주에 의해 전적으로 통제되어 경영이 이루어지는 것보다 다른 주요주주의 이익 또한 대변할 수 있도록 구성하는 것은 바람직한 거버넌스 개혁이라고 판단된다 며 다만 소액주주의 이익도 대변할 사외이사의 존재가 향후 과제 라고 지적했다.
2456,context,0.1569,neutral,0.9996,에너지 관리,E,E_ENERGY__EFFICIENCY_CONSUMPTION,에너지 소비 및 효율화,0.5231453776359558,그러나 각국이 이를 계기로 재생에너지와 원전 투자 등 에너지 전환 및 에너지 효율 개선 정책을 적극적으로 펼치게 되면서 장기적으로는 배출량 감축이 가능할 것이란 낙관적 전망이 힘을 얻고 있다.
2457,context,0.1645,neutral,0.9998,에너지 관리,E,E_ENERGY__RENEWABLE_TRANSITION,신재생에너지 전환,0.548262894153595,일반적으로 유가 상승은 화석연료 소비를 억제하고 에너지 효율화 투자와 전기차 재생에너지 전환을 촉진하는 가격 신호 로 작용해 탄소 배출을 줄일 수 있다는 분석이 지배적이다.
2458,context,0.1579,neutral,0.9997,에너지 관리,E,E_ENERGY__EFFICIENCY_CONSUMPTION,에너지 소비 및 효율화,0.5266070365905762,"비주거 대형 건축물에 대해서도 지원 한도를 기존 50억원에서 200억원으로 대폭 확대하고, 성능개선 비율에 따른 차등 지원을 통해 적극적인 에너지 절감을 유도한다. 올해부터는 그린리모델링을 희망하는 건축주의 올바른 의사결정을 지원하고자 민간 건축물 그린리모델링 컨설팅 지원사업도 새롭게 시행한다."
2459,context,0.2076,neutral,0.9999,기후변화·온실가스,E,E_CLIMATE__SCOPE3_EMISSION,Scope 3 배출량,0.6919770240783691,구체적으로는 스코프3(Scope 3) 카테고리15 배출량 측정 공시 금융배출 공시 시 글로벌산업분류기준(GICS) 적용 관할 규제 또는 거래소 요구 시 다른 배출량 산정 방법 허용 최신 IPCC 기준 기반 100년 시간범위 지구온난화지수(GWP) 적용 등이 주요 내용이다.
2460,context,0.0964,neutral,0.639,이사회 구조,G,G_BOARD__COMPOSITION_INDEPENDENCE,이사회 구성 및 독립성,0.502901017665863,이번 갈등은 향후 주주총회와 이사회 구성에도 영향을 미칠 수 있다는 전망이다. 주요 주주 간 협력 구도가 흔들릴 경우 이사회 권력 구조와 경영 전략에도 변화가 불가피하기 때문이다. 재계 관계자는 한미약품그룹 경영권은 그동안 대주주 간 연합으로 균형을 유지해 온 구조 라며 모녀 측과 신동국 회장 간 갈등이 장기화될 경우 4자 연합 자체가 유지되기 어려워질 가능성도 있다 고 말했다.
2461,context,0.1728,neutral,0.9989,에너지 관리,E,E_ENERGY__RENEWABLE_TRANSITION,신재생에너지 전환,0.5765718221664429,"2025년 추진 상황 점검 결과 친환경 건축, 수송, 농축수산, 자원순환, 탄소흡수원 등 대부분의 사업이 정상 추진된 것으로 분석됐다. 분야별 실적을 보면 친환경 건축 부문에서 신재생에너지 보급 등을 통해 목표치(17만 7500t)를 초과한 19만 2300t을 감축했다."
2462,opportunity,0.4714,positive,0.9996,에너지 관리,E,E_ENERGY__RENEWABLE_TRANSITION,신재생에너지 전환,0.4715481996536255,분야별로는 친환경 건축 부문에서 신재생에너지 보급 확대 등을 통해 목표치 17만 7500t을 넘어선 19만 2300t을 감축했다. 농축수산 부문 역시 가축분뇨 에너지화 시설 확충 등에 힘입어 목표치 5000t을 크게 상회한 1만 6000t의 감축 실적을 기록했다.
2463,context,0.2151,neutral,0.9998,ESG 데이터 거버넌스,G,G_DATA_GOVERNANCE__ESG_DATA_CONTROL,ESG 데이터 내부통제,0.7172369956970215,"초기 공시에서는 KPMG PwC EY 딜로이트(Deloitte) 등 이른바 빅4 회계법인이 인증기관(assurance provider) 역할을 사실상 독점하고 있는 모습이 확인된다. 재무감사와 동일한 플레이어가 ESG 데이터 검증을 맡으면서, 지속가능성 공시는 형식과 프로세스 측면에서 점점 재무 보고서와 닮아가는 공시의 재무화(financialization of reporting) 경향을 보이고 있다."
2464,context,0.1777,neutral,0.8431,ESG 데이터 거버넌스,G,G_DATA_GOVERNANCE__ESG_DATA_CONTROL,ESG 데이터 내부통제,0.7026460766792297,"CSRD는 지속가능성 데이터에 대한 제한적 확신(limited assurance) 수준의 인증을 의무로 도입했다. 이는 재무제표에 요구되는 합리적 인증(reasonable assurance) 보다 범위는 좁지만, 독립된 제3자의 검토를 통한 오류 불일치 점검을 요구한다는 점에서 질적으로 다른 단계다."
2465,context,0.1653,neutral,0.9998,이사회 구조,G,G_BOARD__COMPOSITION_INDEPENDENCE,이사회 구성 및 독립성,0.5509825944900513,"반면 한국은 여전히 피라미딩 구조와 중복상장이 광범위하게 남아 있다. 형식적으로 지배주주 지분율이 20 30%에 불과해 보이더라도 현실의 지배력은 훨씬 크다. 개인투자자의 낮은 주주총회 참여율, 기관투자자의 소극적 의결권 행사, 계열 및 거래관계에 따른 이해상충이 결합되면 이사회 구성과 주요 의사결정은 사실상 지배주주의 의중대로 결정되기 쉽다."
2466,context,0.1791,neutral,0.9998,에너지 관리,E,E_ENERGY__RENEWABLE_TRANSITION,신재생에너지 전환,0.5972316861152649,"ESG전문매체 ESGtoday와 업계 등에 따르면, 이번 프로젝트의 핵심은 재생에너지 100% 가동이다. 레고 측은 공장 부지 내에 3만 5000개에서 4만 개 이상의 태양광 패널을 설치한 현장 태양광 발전소를 구축할 계획이다. 이를 통해 공장 운영에 필요한 전력 전량을 현장에서 직접 생산하는 에너지 자급자족 시스템을 갖추게 된다."
2467,context,0.1507,neutral,0.9996,인적자원 관리,S,S_HR__DIVERSITY_INCLUSION,다양성 및 형평성 (DEI),0.5027355551719666,소속 욕구(Inclusion)는 인간관계를 맺고 상호작용하며 소속하고자 하는 욕구다. 스스로 중요하고 가치 있는 사람으로 느낀다. 통제 욕구(Control)는 영향력을 행사하고 통제하고자 하는 욕구다. 스스로 능력 있고 책임감 있는 사람으로 느낀다. 정서 욕구(Affection)는 정서적인 유대와 따뜻한 관계를 맺고자 하는 욕구다. 스스로 사랑받을만한 사람이라고 느낀다. 누구나 3가지 욕구에 대한 자기 기준이 있다. 이것이 충족되지 못하면 불편하다.
2468,context,0.1968,neutral,0.9998,에너지 관리,E,E_ENERGY__RENEWABLE_TRANSITION,신재생에너지 전환,0.6562153100967407,세부적인 내용은 구미 1 5 국가산업단지에 30MW급 태양광 발전소 59MWh 규모 에너지저장장치(ESS) 구축과 지능형 전력망 도입 등이다.
2469,context,0.1818,neutral,0.9999,에너지 관리,E,E_ENERGY__RENEWABLE_TRANSITION,신재생에너지 전환,0.6061851978302002,참석자들은 행사에서 사업 추진 방향과 지원 내용을 공유했다. 이번 사업은 산업단지에 신재생에너지 설비 확대 및 입주 기업의 에너지 소비 고효율화를 지원해 탄소 배출을 저감하는 것을 목표로 한다.
2470,risk,0.5536,negative,0.9852,이사회 구조,G,G_BOARD__COMPOSITION_INDEPENDENCE,이사회 구성 및 독립성,0.5618839263916016,"이 여파로 후속 인사 계획도 함께 무산됐다. 정관 변경을 전제로 추천됐던 박종배 사외이사 선임 건이 자동으로 폐기된 것이다. 이로 인해 효성중공업은 당초 계획했던 이사회 진용을 갖추는 데 실패했으며, 향후 이사회 구성 전략을 처음부터 다시 짜야 하는 처지에 놓였다."
2471,context,0.1987,neutral,0.9998,이사회 구조,G,G_BOARD__COMPOSITION_INDEPENDENCE,이사회 구성 및 독립성,0.6624800562858582,"사측은 변경 이유로 이사회 구성의 적정성 및 전문성 강화를 위해 이사 정원을 조정하고, 이사회 운영 안정성을 확보하기 위해 임기를 조정한다는 입장을 밝혔다."
2472,context,0.191,neutral,0.9876,ESG 데이터 거버넌스,G,G_DATA_GOVERNANCE__ESG_DATA_CONTROL,ESG 데이터 내부통제,0.6448275446891785,기후 환경뿐 아니라 인권 노동 공급망 데이터 거버넌스 등 비재무 리스크를 재무성과와 연계해 심의하는 구조 구축
2473,context,0.1821,neutral,0.9999,인적자원 관리,S,S_HR__DIVERSITY_INCLUSION,다양성 및 형평성 (DEI),0.6071164608001709,"S(사회) 분야 주요 이슈로는 산업재해(안전 보건 관리)를 꼽은 답변이 31.1%로 가장 많았고, G(지배구조)와 관련해서는 준법 윤리경영 시스템 강화(38.5%), ESG 정보공시 평가 대응(28.0%), ESG위원회 운영 실효성 확보(16.8%), 이사회 전문성 다양성 확보(16.1%)가 주된 현안으로 지목됐다."
2474,context,0.1188,neutral,0.9985,에너지 관리,E,E_ENERGY__RENEWABLE_TRANSITION,신재생에너지 전환,0.3965989351272583,사실상 일반 가정이 도저히 감당하기 어려운 비용 구조다. 재생에너지 전환이 구조적으로 에너지 빈곤층 과 에너지 부유층 을 갈라놓는 또 하나의 축으로 작동하고 있는 셈이다.
2475,context,0.0708,neutral,0.623,에너지 관리,E,E_ENERGY__RENEWABLE_TRANSITION,신재생에너지 전환,0.378869891166687,"현재 쿠바 전역에는 약 30개의 태양광 발전 단지가 가동 중이며, 중국의 지원을 바탕으로 2028년까지 92개 단지를 추가로 건설하는 계획이 추진되고 있다. 중앙 전력망이 언제든지 무너질 수 있는 상황에서, 이런 분산형 태양광 단지는 지역 단위의 전력 자립을 뒷받침하는 핵심 인프라로 자리 잡고 있다."
2476,context,0.1387,neutral,0.9998,기후변화·온실가스,E,E_CLIMATE__SCOPE3_EMISSION,Scope 3 배출량,0.4622858166694641,보고서는 신규 추가될 다운스트림 품목의 94%가 철강 알루미늄 함량이 높은 산업용이라며 CBAM의 영향권이 더욱 확대될 수 있다고 전망했다.
2477,context,0.1414,neutral,0.9998,기후변화·온실가스,E,E_CLIMATE__SCOPE3_EMISSION,Scope 3 배출량,0.47162628173828125,"작년 말 EU 집행위원회가 발표한 CBAM 개정안은 규제 대상을 기존 철강 알루미늄 등에서 기계류, 전자기기, 수송기계, 정밀 의료 계측기기 등 다운스트림(전방산업) 품목으로 확대하는 내용을 담고 있다. 개정안은 향후 유럽의회 승인을 거쳐 2028년 1월부터 시행될 예정이다."
2478,context,0.1891,neutral,0.9997,기후변화·온실가스,E,E_CLIMATE__SCOPE1_2_EMISSION,Scope 1·2 배출량,0.6305480003356934,"경영평가는 기관의 만족이 아닌 국가의 이익을 측정하는 잣대가 되어야 한다. 단순히 재생에너지 구매량 을 묻는 방식에서 벗어나, 얼마나 합리적인 단가에 재생에너지를 생산했는지, 생산된 에너지를 민간 수출 기업의 경쟁력 확보를 위해 얼마나 넘겨줬는지, 그리고 발전사로서 직접 배출(Scope 1)을 얼마나 실질적으로 감축했는지를 평가의 중심으로 삼아야 한다."
2479,context,0.157,neutral,0.9971,에너지 관리,E,E_ENERGY__RENEWABLE_TRANSITION,신재생에너지 전환,0.5249630212783813,"결론적으로 공공기관에 대한 K-RE100 의무화와 이를 모든 공공기관 경영평가에 반영하는 정책에 대해 재검토가 필요한 지점이 있다. 대부분의 공공기관은 내수 기업이며, 이들이 재생에너지를 선점하는 것은 수출 기업의 생산 원가를 높여 국가 경쟁력을 약화시키는 결과를 초래한다."
2480,context,0.1914,neutral,0.9979,에너지 관리,E,E_ENERGY__RENEWABLE_TRANSITION,신재생에너지 전환,0.6392883658409119,"이제는 공공기관 전반에 K-RE100을 강요하며 민간의 에너지를 뺏을 것이 아니라, 발전 공기업의 발전 믹스 개선과 직접적인 배출 저감 성과를 경영평가의 핵심 지표로 삼아야 한다. 화력발전 비중을 낮추고 실질적인 신재생에너지 공급량을 늘리는 발전 단에서의 근본적인 저탄소 전환만이 국가 NDC를 실질적으로 견인할 수 있다."
2481,context,0.1713,neutral,0.9994,기후변화·온실가스,E,E_CLIMATE__SCOPE1_2_EMISSION,Scope 1·2 배출량,0.5714702606201172,이는 단순히 기존 재생에너지의 권리를 이전받는 것으로 국가 전체의 탄소 배출량 총량을 줄이는 데 영향을 미치지 않는 제로섬 게임 에 불과하다. 진정으로 NDC를 달성하기 위해서는 전기를 직접 생산하는 발전 공기업 의 직접 배출(Scope 1)을 줄이고 기타 공공기관들이 신재생에너지를 생산하는데 초점을 맞춰야 한다.
2482,context,0.1711,neutral,0.9983,기후변화·온실가스,E,E_CLIMATE__SCOPE1_2_EMISSION,Scope 1·2 배출량,0.5711902976036072,더욱 본질적인 지점은 국가 온실가스 감축 목표(NDC) 달성을 위한 실효성이다. 우리나라는 2035년까지 2018년 대비 온실가스를 약 53 61% 감축해야 한다. 현재 공공기관들이 추진하는 K-RE100은 대부분 전기를 사는 사람 의 간접배출인 Scope 2에 치중해 있다.
2483,opportunity,0.567,positive,0.996,에너지 관리,E,E_ENERGY__RENEWABLE_TRANSITION,신재생에너지 전환,0.569301962852478,"그러나 여기서 얻은 재생에너지 실적을 해당 기관의 RE100 달성이라는 상징적 성취를 위해 소진하는 것이 과연 국가적으로 최선인가를 물어야 한다. 지금처럼 재생에너지가 희소한 시기에는 공공기관이 자사 실적을 위해 에너지를 평가목적의 내부적으로만 활용하기보다, 이를 글로벌 공급망 대응이 급한 민간 수출 제조 기업에 양보하는 것이 공공기관 본연의 사회적 책임(CSR)에 부합한다."
2484,context,0.1572,neutral,0.9189,에너지 관리,E,E_ENERGY__RENEWABLE_TRANSITION,신재생에너지 전환,0.5702537894248962,이러한 자원 배분의 왜곡은 공공기관이 재생에너지를 직접 생산하는 경우에도 동일하게 나타난다. 최근 공공기관이 태양광 및 풍력발전소를 직접 운영하며 신재생에너지 에너지 생산을 확대하려고 하는 노력은 그 자체로 고무적이다.
2485,context,0.1611,neutral,0.9994,에너지 관리,E,E_ENERGY__RENEWABLE_TRANSITION,신재생에너지 전환,0.5372704863548279,"우리나라는 전 세계에서 재생에너지 조달이 가장 어려운 국가 중 하나이다. RE100 연례보고서 2024 에 따르면 글로벌 기업들의 재생에너지 사용 비중이 평균 53%에 달할 때 한국은 고작 12%에 불과하며, 실질적인 에너지 전환 수단인 전력구매계약(PPA) 비중은 단 1%에 머물러 있다."
2486,context,0.1389,neutral,0.9743,에너지 관리,E,E_ENERGY__RENEWABLE_TRANSITION,신재생에너지 전환,0.4751124382019043,"최근 정부가 88개 주요 공공기관을 대상으로 공공기관 K-RE100 을 공식 출범시켰다. 또한 이를 공공기관 경영평가 지표에 반영하고, 법제화하겠다는 방침도 세웠다."
2487,context,0.1561,neutral,0.9999,기후변화·온실가스,E,E_CLIMATE__SCOPE3_EMISSION,Scope 3 배출량,0.5203054547309875,"현재 금융위는 연결자산 30조 원 이상 코스피 상장사를 대상으로 2028년부터 ESG 공시를 단계적으로 의무화하고, 스코프3(Scope 3)는 3년 유예한 2031년부터 적용하는 방안을 제시한 상태다. 아울러 한국거래소 공시를 먼저 시행한 뒤 법정공시로 전환한다는 계획도 제시했다."
2488,context,0.174,neutral,0.9996,이사회 구조,G,G_BOARD__COMPOSITION_INDEPENDENCE,이사회 구성 및 독립성,0.5801243185997009,"다음 타자로 거론되는 곳은 현대차와 한화그룹이다. 현대차그룹은 그간 정의선 회장이 현대차와 기아의 의장을 겸직하며 강력한 리더십을 유지해왔지만, 글로벌 투자자비중이 높은 만큼 지배구조개선 요구에서도 자유롭지 않다. 특히 이사회 독립성 강화와 관련한 지적이 지속적으로 제기돼온 만큼, 사외이사 의장체제 도입여부가 향후 핵심 과제로 떠오르고 있다."
2489,context,0.197,neutral,0.9998,이사회 구조,G,G_BOARD__COMPOSITION_INDEPENDENCE,이사회 구성 및 독립성,0.6568496227264404,"이 같은 변화의 배경에는 국민연금 등 기관투자가의 스튜어드십 코드 강화가 자리하고 있다. 의결권 행사 과정에서 이사회 독립성을 핵심 평가 요소로 삼으면서, 사외이사 의장체제 도입 여부가 기업가치와 직결되는 요소로 부각되고 있기 때문이다. 실제로 일부 기업들은 주주총회를 앞두고 지배구조 개선 방안을 선제적으로 내놓으며 시장 신뢰 확보에 나서고 있다."
2490,context,0.2269,neutral,0.9996,이사회 구조,G,G_BOARD__COMPOSITION_INDEPENDENCE,이사회 구성 및 독립성,0.7567257881164551,"이사회 독립성과 투명성을 강화하라는 투자자와 시장의 압력이 커지는 가운데, 일부 기업들이 이사회 의장을 사외이사로 선임하는 구조 전환에 속도를 내고 있다. 대표이사와 이사회 의장을 분리해 경영 감시 기능을 극대화하려는 시도다. 이는 기존의 총수 CEO 중심 의사결정 구조 에서 벗어나 견제와 균형을 강화하는 방향으로의 변화로 평가된다."
2491,context,0.1625,neutral,0.9999,이사회 구조,G,G_BOARD__COMPOSITION_INDEPENDENCE,이사회 구성 및 독립성,0.5417024493217468,"이날 5명의 이사 자리를 놓고 벌인 표 대결에서 최 회장 측 추천 후보 3명, MBK 영풍 측 후보 2명이 각각 이사로 선임되면서 이사회 구성이 11대 4에서 9대 5로 재편돼 과반을 훌쩍 뛰어넘으며 최 회장 측 우세가 유지됐다."
2492,context,0.154,neutral,0.9999,기후변화·온실가스,E,E_CLIMATE__SCOPE3_EMISSION,Scope 3 배출량,0.5133386254310608,"자산 10조 30조원 규모 코스피 상장사의 약 70%는 2029년 ESG 공시 대응이 가능하다고 답했고, 스코프3(Scope 3) 역시 절반에 가까운 기업이 2032년 대응이 가능하다고 전망했다. 다만 공시 범위 확대에 따라 데이터 확보와 인력 부담은 동시에 커지고 있어, 준비 진전과 구조적 한계가 병존하는 양상이다."
2493,context,0.1741,neutral,0.9991,에너지 관리,E,E_ENERGY__RENEWABLE_TRANSITION,신재생에너지 전환,0.5810101628303528,"환경 분야에서 코웨이는 더 나은 지구를 만드는 기업 이라는 비전 아래 기후변화 대응에 앞장서고 있다. 2050년 탄소중립(Net-zero) 및 신재생에너지 100% 전환 을 선언하고, 2033년까지 온실가스 배출량을 2023년 대비 50% 감축한다는 목표를 세웠다."
2494,context,0.1894,neutral,0.9994,윤리경영·준법,G,G_ETHICS__ANTI_CORRUPTION_COMPLIANCE,반부패 및 컴플라이언스,0.631580650806427,"한국ESG평가원 손종원 대표는 거버넌스 개선을 위해서는 컴플라이언스 개선 노력, 지배구조 핵심지표 준수율 제고, 주주총회 집중일 이외 개최, 최고경영자 승계 규정 제정, 통합 리스크 관리체계 구축 등이 반드시 필요하다 고 말했다."
2495,context,0.1766,neutral,0.9998,이사회 구조,G,G_BOARD__COMPOSITION_INDEPENDENCE,이사회 구성 및 독립성,0.5886875987052917,"이와 관련, 한진칼이 올해 주총 안건으로 집중투표제 배제 조항 삭제를 올린 만큼 내년부터는 이사회 구성이 다소 달라질 수 있고 변곡점이 도래할 것이라는 전망이 나온다."
2496,context,0.1963,neutral,0.9998,기후변화·온실가스,E,E_CLIMATE__CLIMATE_GOVERNANCE_INVENTORY,기후 거버넌스·인벤토리,0.6544952988624573,"기후부는 지난 2023년부터 핵심 수출업종을 중심으로 스코프3 배출량 산정에 필요한 지원을 추진해 왔다. 이차전지, 반도체, 디스플레이 업종을 대상으로 특화된 산정방법론과 배출계수, 산정 사례를 포함한 스코프3 산정 국 영문 안내서를 발간 했다. 오는 4월에는 석유화학, 철강 업종 안내서를 발간한다."
2497,context,0.177,neutral,0.9999,기후변화·온실가스,E,E_CLIMATE__CLIMATE_GOVERNANCE_INVENTORY,기후 거버넌스·인벤토리,0.5899268984794617,"이어지는 종합토론에서는 한국환경한림원, 대한상공회의소, 서울대학교, 에너지경제연구원 등 관련 분야 전문가와 산업계가 참여해 전력 배출계수 고도화를 위한 정책방향을 논의하고, 기업이 온실가스 배출량 산정과정에서 겪는 어려움과 정부의 지원 필요 사항에 대해 의견을 나눌 계획이다."
2498,context,0.2161,neutral,0.9999,기후변화·온실가스,E,E_CLIMATE__CLIMATE_GOVERNANCE_INVENTORY,기후 거버넌스·인벤토리,0.720237672328949,"이번 정책토론회에서는 한국환경산업기술원이 국제 탄소규제정책과 국가 전과정목록 데이터베이스 개발 현황을 소개하고, 한국에너지공단은 온실가스 배출권거래제 등에서 활용되는 국가 전력 배출계수 개발 추진 현황을 발표한다. 이어 제품 전과정평가 시 활용되는 전력 전과정목록 데이터베이스개발 현황과 전과정 전력 배출계수의 주기적 갱신 방안도 소개된다."
2499,context,0.1881,neutral,0.9997,기후변화·온실가스,E,E_CLIMATE__CLIMATE_GOVERNANCE_INVENTORY,기후 거버넌스·인벤토리,0.6272534728050232,"정부는 이러한 국제 환경변화에 대응하고 기업의 온실가스 배출량 산정을 지원하기 위해 작년 12월부터 최신 국가 전력 배출계수 갱신주기를 3년에서 1년 평균값으로 단축해 공표하기로 했다. 갱신주기 단축을 통해 재생에너지 원전 등 무탄소 발전 비중의 증가가 국가 전력 배출계수에 반영될 수 있도록 한 것이다. 제품의 온실가스 전과정평가에 활용되는 전과정목록 데이터베이스도 지속적으로 개발하고 있으며, 전과정 전력 배출계수도 올해 하반기부터 매년 현행화할 계획이다."
2500,context,0.164,neutral,0.9999,기후변화·온실가스,E,E_CLIMATE__CLIMATE_GOVERNANCE_INVENTORY,기후 거버넌스·인벤토리,0.546779990196228,기후에너지환경부와 한국환경산업기술원은 26일 오후 비앤디파트너스(서울 용산구 소재)에서 관계 전문가와 산업계가 참여하는 전력 배출계수 고도화를 위한 정책토론회 를 개최한다고 밝혔다.
2501,context,0.1982,neutral,0.9998,기후변화·온실가스,E,E_CLIMATE__CLIMATE_GOVERNANCE_INVENTORY,기후 거버넌스·인벤토리,0.6607863306999207,국가 전력 배출계수 갱신주기가 3년에서 1년으로 단축되고 제품의 생산부터 판매까지 발생하는 모든 온실가스 정보가 목록화되는 등 온실가스 배출량 산정의 중요성이 강조되는 상황에서 기업의 온실가스 배출량 산정 역량 강화를 위해 전문가들이 한자리에 모인다.
2502,opportunity,0.5716,positive,0.9955,에너지 관리,E,E_ENERGY__RENEWABLE_TRANSITION,신재생에너지 전환,0.5741760730743408,김천 그린수소 생산설비는 2023년부터 약 3년의 건설기간을 거쳐 이날 준공했으며 태양광 발전(8.3MW)과 수전해 설비(10MW)를 활용해 연간 230톤의 그린수소를 생산할 수 있다. 특히 이 시설은 물을 전기 분해(수전해)해 수소를 생산하는 시설로 국내에서 가장 큰 규모이며 외부 전력망 활용을 최소화하고 재생에너지를 직접 연결하는 그린수소 생산 방식을 적용한다.
2503,context,0.2157,neutral,0.9998,이사회 구조,G,G_BOARD__COMPOSITION_INDEPENDENCE,이사회 구성 및 독립성,0.7190915942192078,"BNK금융지주 이사회는 사내이사인 지주 회장과 사외이사 7명으로 구성돼 있고, 사외이사로만 회장 후보 추천위원회를 꾸리기 때문에 이사회 구성이 무엇보다도 중요하다. 이는 주주들의 목소리를 경영 전반에 반영할 수 있는 이사회 구조를 확립해 시장의 신뢰를 한층 더 끌어올리겠다는 의지의 표현이라고 BNK금융지주는 설명했다."
2504,risk,0.5562,negative,0.9581,이사회 구조,G,G_BOARD__COMPOSITION_INDEPENDENCE,이사회 구성 및 독립성,0.5804753303527832,"논란의 핵심은 이사회 승인 절차 준수 여부다. 롯데홈쇼핑은 지난 1월 14일 이사회에서 내부거래 승인 안건을 상정했으나, 태광산업 측 이사들의 반대로 부결됐다. 그러나 이후 1 2월 사이 거래가 실제로 집행됐고, 이후 주주총회를 통해 이사회 구성을 변경한 뒤 3월 24일 이사회에서 사후 승인 절차를 진행한 것으로 알려졌다."
2505,context,0.1218,neutral,0.9998,에너지 관리,E,E_ENERGY__RENEWABLE_TRANSITION,신재생에너지 전환,0.4059450328350067,"트럼프의 재집권으로 연방정부 차원의 ESG 정책은 중단되거나 퇴보했지만, 민주당 집권 주 정부 중심의 ESG 지속가능성 정책은 중단없이 추진되고 있으며, 미국 경제를 이끄는 글로벌 빅테크 기업들도 RE100 등 ESG경영을 계획대로 실행하고 있다."
2506,context,0.1408,neutral,0.9888,기후변화·온실가스,E,E_CLIMATE__SCOPE3_EMISSION,Scope 3 배출량,0.4747251570224762,"올해는 철강, 알루미늄, 비료, 시멘트, 수소, 전력 등 총 6개 수출 제품이 대상이며 2028년부터 철강 알루미늄의 하류(다운스트림) 산업 품목(산업용 기계, 차량, 가전제품 등)까지 확대될 예정이다."
2507,context,0.1398,neutral,0.9999,에너지 관리,E,E_ENERGY__EFFICIENCY_CONSUMPTION,에너지 소비 및 효율화,0.46614766120910645,"쿠팡은 최근 국내 중소기업과 함께 에너지 절약 기획전 을 개최하는 등 정부의 에너지 절감 정책 기조에 맞춘 협력을 지속하고 있다. 쿠팡은 으뜸효율가전 환급사업 과 같은 정부 주도의 에너지 절약 캠페인에 향후에도 적극 참여함으로써 국가적인 에너지 절감 노력에 힘을 보태는 한편, 고객들이 고효율 가전을 더욱 경제적으로 구매할 수 있는 환경을 조성하는 데 앞장설 계획이다."
2508,opportunity,0.4832,positive,0.9975,에너지 관리,E,E_ENERGY__EFFICIENCY_CONSUMPTION,에너지 소비 및 효율화,0.4843654930591583,"이같은 입체적인 지원은 1등급 효율 가전을 생산하는 중소기업들의 판로 확대로 이어졌다. 사업 기간 중소 가전 브랜드 카테고리 매출은 전년 대비 세 자릿수 이상 성장했으며, 우수한 기술력을 갖춘 중소기업들의 에너지 절감형 제품이 전국에 널리 보급됐다."
2509,context,0.1477,neutral,0.9887,기후변화·온실가스,E,E_CLIMATE__SCOPE1_2_EMISSION,Scope 1·2 배출량,0.49785590171813965,"이는 같은 기간 온라인 유통채널 전체 환급액의 약 20% 수준으로 추정되며, 단일 유통기업 기준으로는 최대 규모다. 으뜸효율가전 환급사업 은 소비자가 에너지 효율이 높은 가전을 구매할 경우 구매 금액의 10%(1인당 최대 30만 원)를 환급해 주는 제도로, 민생경제 회복과 국가 전력 사용량 절감, 국내 가전 산업 경쟁력 강화를 동시에 도모하기 위해 정부가 시행했다."
2510,context,0.1795,neutral,0.9993,기후변화·온실가스,E,E_CLIMATE__SCOPE3_EMISSION,Scope 3 배출량,0.5985694527626038,이번 개정안에는 가치사슬 전반의 배출량을 의미하는 스코프3(Scope 3) 공시 도입 시기를 명시하는 조항은 포함되지 않았다. 스코프3는 공급망 전반을 포함하는 특성상 측정과 검증이 복잡한 영역이라는 점이 반영됐다.
2511,context,0.1915,neutral,0.9998,이사회 구조,G,G_BOARD__COMPOSITION_INDEPENDENCE,이사회 구성 및 독립성,0.6383953094482422,"이에 따라 이사회 구성과 독립성, 최고경영자 승계정책 등 기업가치와 직접적으로 연결되는 항목을 중심으로 지표를 보완해야 한다는 제안이 제시됐다. 특히 국제 기준과 비교해 부족한 이사회 관련 세부 공시 항목을 확충하는 것이 핵심 과제로 꼽혔다."
2512,context,0.2057,neutral,0.9999,에너지 관리,E,E_ENERGY__RENEWABLE_TRANSITION,신재생에너지 전환,0.6857300400733948,질의서에는 총 5개 정책 과제가 포함됐다. 구체적으로 지방 공공기관 ESG 기반 통합 공시 체계 구축 친환경 선거수단 공공지원 및 탄소배출 관리 체계 마련 지자체 및 산하 공공부문이 민간 금융기관 선정 시 기후투자 실적 반영 지자체 공공조달에 기후정보 단계적 반영 지자체 및 산하 공공기관의 유휴부지 기반 전력구매계약(PPA) 계획입지 지정 및 지역기업 연계 체계 구축 등이다.
2513,context,0.1824,neutral,0.9973,인적자원 관리,S,S_HR__DIVERSITY_INCLUSION,다양성 및 형평성 (DEI),0.6096660494804382,정 회장은 일부 기업의 형식적 장애인 고용에 대해 ESG 워싱 가능성을 경고했다. 그는 실제 업무와 연결되지 않는 고용은 지속가능하지 않다 며 다양한 직무에서 역할을 만들어야 한다 고 강조했다.
2514,context,0.1739,neutral,0.9885,인적자원 관리,S,S_HR__DIVERSITY_INCLUSION,다양성 및 형평성 (DEI),0.586342990398407,기존의 형식적 장애인 고용 구조에 대해서는 한계를 지적했다. 그는 의무고용을 맞추기 위한 채용이 아니라 기업에 필요한 역할 중심으로 전환해야 한다 며 이렇게 되면 장애인 고용은 비용이 아니라 경쟁력이 된다 고 강조했다.
2515,context,0.1732,neutral,0.9999,기후변화·온실가스,E,E_CLIMATE__SCOPE1_2_EMISSION,Scope 1·2 배출량,0.5773247480392456,"특정한 지역에 데이터센터가 밀집하게 되면 환경 영향 역시 집중되기에 이에 대한 정보 공개와 관리가 필요하다. 그러나 기업들의 자료를 보면 각 데이터센터별 전력 사용량, 용수 사용량, 전력사용효율(PUE) 지표, 물사용효율(WUE) 지표를 제대로 공개하지 않고 있다."
2516,context,0.1329,neutral,0.9951,기후변화·온실가스,E,E_CLIMATE__SCOPE1_2_EMISSION,Scope 1·2 배출량,0.4452102780342102,"데이터센터 맵(DataCenter Map) 기준 서울시에 있는 36개의 민간 데이터센터 중 10개(27.8%)가 금천구에 집중되어 있으며, 그 뒤를 마포구(7개)와 서초구(5개)가 잇고 있다. 전력 사용량을 기준으로 보면 금천구의 밀집도는 더욱 높아진다. 금천구 내 10개 중 전력 사용 데이터를 공개한 7개 데이터센터만 집계해도 수전용량이 251MW에 달하며, IT 장비 전력은 160 164MW로 추정된다. 심지어 이는 금천구에 위치한 LG유플러스 가산 데이터센터(수전용량 40MW) 등이 누락된 수치다."
2517,context,0.1802,neutral,0.9933,이사회 구조,G,G_BOARD__COMPOSITION_INDEPENDENCE,이사회 구성 및 독립성,0.6048725843429565,"시장에서는 황 대표의 선택과 행보가 향후 한미약품의 지배구조 개편 방향을 좌우할 것으로 보고 있다. 단순한 관리형 CEO 를 넘어 실질적인 조정자이자 전략가로서 역할을 수행할 수 있을지가 관건이다. 동시에 이사회 독립성과 투명성을 강화하는 계기가 될 수 있을지, 아니면 또 다른 권력 충돌의 장으로 전락할지에 대한 우려도 공존한다."
2518,context,0.2006,neutral,0.9998,이사회 구조,G,G_BOARD__COMPOSITION_INDEPENDENCE,이사회 구성 및 독립성,0.6688902974128723,"송영숙 회장과 임주현 부회장 역시 이사회와 주총에서 의미 있는 견제력을 행사할 수 있는 위치에 있어, 특정 세력이 일방적으로 이사회 구성을 주도하기 어려운 균형 구도가 형성돼 있다는 분석이다. 현재 사내이사로 남아 있는 최인영 R D센터장이 대표적 사례다. 최 센터장은 송영숙 회장 측, 특히 임주현 부회장과 가까운 인물로 알려져 있다."
2519,context,0.1926,neutral,0.9999,에너지 관리,E,E_ENERGY__RENEWABLE_TRANSITION,신재생에너지 전환,0.6421887278556824,"농업 농촌 재생에너지 확산을 위해 농업 생산과 태양광 발전을 동시에 실현시킬 수 있는 영농형태양광 제도 도입과 함께 햇빛소득마을 조성, 지열 공기열 등 재생에너지를 활용하는 히트펌프 등 고효율 에너지 시설 확대 보급방안도 논의됐다."
2520,context,0.1445,neutral,0.9999,에너지 관리,E,E_ENERGY__RENEWABLE_TRANSITION,신재생에너지 전환,0.48181235790252686,전북 정읍시가 주민 주도형 신재생에너지 사업인 햇빛소득마을 조성에 본격적인 시동을 걸었다.
2521,context,0.1442,neutral,0.9998,기후변화·온실가스,E,E_CLIMATE__SCOPE1_2_EMISSION,Scope 1·2 배출량,0.48062148690223694,"2023 2025년 자율참여 단계였던 GX-ETS를 끝내고, 올해부터는 연간 직접 배출량 10만 톤 이상인 300 400개 대기업에 참여를 의무화해, 일본 온실가스 배출의 약 60%를 한 번에 제도권 안으로 끌어들였다."
2522,context,0.1478,neutral,0.9991,에너지 관리,E,E_ENERGY__RENEWABLE_TRANSITION,신재생에너지 전환,0.49327152967453003,"다만 재생에너지 확대가 화석연료의 완전한 대체를 의미하지는 않는다. EU는 재생에너지 확대와 동시에 미국 노르웨이 등으로부터 가스 수입을 늘리고 LNG 인프라를 확충하는 등 공급망 다변화 정책도 병행했다. 이에 따라 중동 위기가 재생에너지 전환을 가속한다는 주장은 전반적으로 타당하지만, 복합적인 요인 속에서 작동하는 현상이라는 점에서 대체로 사실 로 평가된다."
2523,context,0.107,neutral,0.9991,에너지 관리,E,E_ENERGY__RENEWABLE_TRANSITION,신재생에너지 전환,0.3570607602596283,"IEEFA에 따르면, 현재 이란과의 긴장 고조는 아시아 국가들의 거시경제 안정성을 흔들며 재생에너지 전환 필요성을 부각시키는 요인으로 작용하고 있다. 일본 한국 필리핀 등 석유 가스 순수입국들은 러시아 우크라이나 전쟁 발발 이후 미국 달러 대비 통화가치가 하락했다. 특히 이란 분쟁 발발 이후 첫 7일 동안 이들 국가는 2020년 이후 최대폭의 통화가치 하락, 즉 환율 상승을 경험한 것으로 나타났다."
2524,context,0.1313,neutral,0.7115,에너지 관리,E,E_ENERGY__RENEWABLE_TRANSITION,신재생에너지 전환,0.6153640151023865,"태양광 1기가와트(GW)가 약 4조 원 상당의 LNG 수입 비용을 줄여준다는 분석도 있었다. 에너지경제금융분석연구소(IEEFA)는 1GW의 태양광 용량이 연간 16만 톤(MTPA)의 LNG 수요를 잠재적으로 대체해 현재 가격(3월 중순) 기준으로 연간 1억 2800만 달러, 태양광 발전소의 수명기간 동안 30억 달러(한화 약 4조 원) 이상의 LNG 수입 비용을 절감할 수 있을 것 이라고 추정했다."
2525,opportunity,0.3352,positive,0.5702,에너지 관리,E,E_ENERGY__RENEWABLE_TRANSITION,신재생에너지 전환,0.5878502130508423,"영국 싱크탱크 엠버(EMBER)에 따르면 2022년 EU에서 풍력과 태양광 발전 비중은 22.3%로, 처음으로 가스 발전을 넘어섰다. 2025년에는 풍력과 태양광 발전 비중이 30%에 도달하며, 가스(17%) 석탄(9.2%) 기타 화석연료(2.8%)를 합친 화석연료 비중(29%)을 처음으로 추월했다. 이는 EU 전력 역사상 처음으로 재생에너지가 화석연료를 앞선 사례다. 에너지 믹스 전환이 본격화됐음을 보여주는 지표로 해석된다."
2526,context,0.1388,neutral,0.9921,에너지 관리,E,E_ENERGY__EFFICIENCY_CONSUMPTION,에너지 소비 및 효율화,0.4661884009838104,이에 기업들도 대응에 나서고 있다. 아마존은 로이터에 사이트별 물 사용 데이터 공개를 확대하고 있으며 효율 개선과 에너지 공급 확대를 추진하고 있다. 또한 마이크로소프트는 환경 지속가능성을 핵심 가치로 두고 장기적 대응 방안을 마련하고 있다고 밝혔다.
2527,context,0.1704,neutral,0.993,에너지 관리,E,E_ENERGY__EFFICIENCY_CONSUMPTION,에너지 소비 및 효율화,0.5719691514968872,특히 재택근무와 시차출퇴근 등 유연근무 활용은 인재 채용과 일 생활 균형뿐만 아니라 최근 중동 사태에 따른 고유가 등 위기 상황에서도 에너지 절감과 대중교통 이용 분산에 기여할 수 있는 제도로도 주목받고 있다.
2528,context,0.1374,neutral,0.9999,에너지 관리,E,E_ENERGY__RENEWABLE_TRANSITION,신재생에너지 전환,0.45799902081489563,"여미영 녹색전환연구소 연구원은 불안한 국제 정세 속에서 재생에너지 전환은 에너지 안보와 기후위기 대응, 물가 안정을 동시에 달성할 수 있는 전략 이라며 에너지 위기의 해법은 가정의 지붕과 베란다에서 시작될 수 있다 고 말했다."
2529,risk,0.4882,negative,0.9703,에너지 관리,E,E_ENERGY__RENEWABLE_TRANSITION,신재생에너지 전환,0.5031200051307678,"또한 전력 수요 측 기업의 참여 부족도 구조적 한계로 지적됐다. 삼성전자, SK그룹, 현대자동차그룹 등 주요 기업들은 RE100 등 기후 목표를 보유하고 있음에도 정책 형성 과정에서는 직접 참여가 제한적이었다. 보고서는 이들 기업이 주로 경제단체를 통해 간접적으로 의견을 반영하는 구조가 재생에너지 확대에 대한 명확한 수요 신호를 약화시키고 있다고 분석했다."
2530,context,0.0998,neutral,0.9994,인적자원 관리,S,S_HR__DIVERSITY_INCLUSION,다양성 및 형평성 (DEI),0.33296430110931396,"이 같은 결과는 생태통로가 단절된 서식지를 연결해 야생동물의 이동을 돕고, 동물 찻길 사고를 줄이는 데 실질적인 효과가 있는 것을 보여준다. 아울러 유전자 다양성 확보와 생태계 건강성 회복에도 중요한 역할을 하는 것으로 평가받는다."
2531,context,0.2,neutral,0.9961,기후변화·온실가스,E,E_CLIMATE__SCOPE3_EMISSION,Scope 3 배출량,0.6692051887512207,다만 일각에서는 목표 설정의 양적 확대를 넘어 실제 감축 이행과 검증 체계의 신뢰성을 강화하는 것이 향후 과제라는 지적도 나온다. 특히 스코프3(공급망 배출) 관리와 중간 목표 이행 여부에 대한 투명한 공개가 기업 기후 전략의 핵심 변수로 부상하고 있다.
2532,opportunity,0.5484,positive,0.9929,기후변화·온실가스,E,E_CLIMATE__SCOPE1_2_EMISSION,Scope 1·2 배출량,0.5522739291191101,"산업별로는 헬스케어, 정보기술(IT), 소재 산업이 증가세를 주도했다. 서비스 기반 산업뿐 아니라 제조 소재 등 배출 집약도가 높은 산업에서도 감축 목표 설정이 확대되면서, 실물경제 전반으로 탈탄소 전환이 확산되고 있다는 평가다."
2533,context,0.1187,neutral,0.9964,인적자원 관리,S,S_HR__DIVERSITY_INCLUSION,다양성 및 형평성 (DEI),0.39723947644233704,"정부와 국회가 추진 중인 담배사업법 개정안의 핵심은 합성 니코틴을 원료로 하는 전담 액상을 담배로 규정하고 세금을 부과하는 것이다. 현재까지 합성 니코틴 액상은 연초 잎에서 추출한 니코틴이 아니라는 이유로 공산품으로 분류되어 세금 부담이 거의 없었으나, 형평성 문제와 국민 건강 증진을 명분으로 강력한 과세안이 검토되고 있다."
2534,context,0.1519,neutral,0.9108,에너지 관리,E,E_ENERGY__RENEWABLE_TRANSITION,신재생에너지 전환,0.5560963153839111,10만 가구에 가정용 태양광 발전설비를 보급하는 것이 목표라고 기후부는 설명했다. 앞서 2016 2018년 베란다 태양광 보급사업 시 7만8912곳에 보급됐다.
2535,context,0.1208,neutral,0.9897,에너지 관리,E,E_ENERGY__RENEWABLE_TRANSITION,신재생에너지 전환,0.4068419337272644,또한 가정용(베란다) 태양광 발전설비와 주택 일반건물 학교 전통시장 태양광 발전설비 설치비 지원을 위한 예산이 766억5500만원 증액됐다.
2536,context,0.1442,neutral,0.9998,에너지 관리,E,E_ENERGY__RENEWABLE_TRANSITION,신재생에너지 전환,0.4807036519050598,"- 산단 지붕형, 영농형, 수상형, 공공기관 RE100 등 모든 수단 동원"
2537,context,0.1276,neutral,0.979,에너지 관리,E,E_ENERGY__RENEWABLE_TRANSITION,신재생에너지 전환,0.4346458315849304,10만 가구에 태양광 발전기 설치 보조금이 지원된다. 재생원료로 만든 쓰레기 종량제 봉투가 많아지도록 지원도 이뤄진다.
2538,context,0.1758,neutral,0.9962,에너지 관리,E,E_ENERGY__EFFICIENCY_CONSUMPTION,에너지 소비 및 효율화,0.5881854891777039,"중장기적으로는 에너지 효율 개선과 공급망 다변화가 핵심 대응책으로 제시됐다. 특정 지역과 특정 연료에 대한 의존도가 높을수록 비슷한 충격이 반복될 수밖에 없는 만큼, 에너지를 덜 쓰는 구조로 바꾸고 공급처를 넓혀야 한다는 것이다."
2539,context,0.1528,neutral,0.9999,에너지 관리,E,E_ENERGY__RENEWABLE_TRANSITION,신재생에너지 전환,0.5093422532081604,"이 같은 조정은 태양광 발전이 집중되는 낮 시간대 전력을 최대한 활용하기 위한 것이다. 낮에는 전력 공급이 상대적으로 풍부한 반면, 저녁에는 태양광 발전이 줄어 액화천연가스(LNG) 발전 의존도가 높아지는 구조다. 정부는 가격 신호를 통해 수요를 낮으로 유도함으로써 화력발전 가동을 줄이고, 중동 정세 등으로 촉발된 에너지 비용 상승 부담을 완화하는 효과를 기대하고 있다."
2540,context,0.1748,neutral,0.999,이사회 구조,G,G_BOARD__COMPOSITION_INDEPENDENCE,이사회 구성 및 독립성,0.5832281708717346,"젠 시슨 ICGN 대표이사는 개회사에서 투자자는 더 이상 숫자만으로 의사결정을 하지 않는다 며 이사회 독립성, 경영진 보상 구조, 소수주주 권리 보호 여부가 핵심 판단 요소 라고 밝혔다. 시슨 대표는 한국의 공시 체계에 대해 접근성은 나아졌지만 정보의 깊이와 일관성은 여전히 과제 라며 공시는 단순 전달이 아니라 대화의 출발점이어야 하고, 투자자를 전략적 파트너로 인식해야 한다 고 지적했다."
2541,context,0.0906,neutral,0.5107,이사회 구조,G,G_BOARD__COMPOSITION_INDEPENDENCE,이사회 구성 및 독립성,0.5913108587265015,"글로벌 투자자들은 한국 시장이 수익기회는 충분하지만 신뢰는 아직 축적과정에 있다고 진단한다. 이들은 지배구조를 투자판단의 핵심변수로 꼽았다. 단순한 제도 도입을 넘어 실질적인 변화, 즉 이사회 권한 강화와 경영진 책임성 제고, 투명한 정보공개 확대가 병행돼야 한다고 목소리를 높인다. 외형적인 ESG 제도 도입 속도가 빠르다고 평가하면서도 이사회 독립성 투명 경영보고 공시 신뢰도 등 핵심 내부 거버넌스 지표에는 여전히 물음표를 단다."
2542,context,0.1567,neutral,0.9997,이사회 구조,G,G_BOARD__COMPOSITION_INDEPENDENCE,이사회 구성 및 독립성,0.5224639177322388,시장에서는 계속 미뤄지는 개선안 발표에 타이밍 문제를 지적한다. 금융위가 지난 1월 16일 지배구조 선진화 TF 1차 회의를 열고 이사회 독립성 강화와 CEO 선임 투명화를 담은 개선안을 3월까지 내놓겠다고 선언한지 3개월이 훌쩍 지나갔다. 이재명 대통령이 부패한 이너서클 이라고 질타한 시점까지 거슬러 올라가면 이미 6개월 가까이 지났다.
2543,context,0.0744,neutral,0.5363,에너지 관리,E,E_ENERGY__EFFICIENCY_CONSUMPTION,에너지 소비 및 효율화,0.46253132820129395,이에 따라 시는 2028년 준공될 YK스틸 당진제철소 부지에 국비 130억 원을 비롯해 총 195억여 원을 투입해 오는 2029년까지 에너지 절감형 산업용 가스 생산기술 개발과 실증을 추진할 계획이다.
2544,opportunity,0.539,positive,0.9972,기후변화·온실가스,E,E_CLIMATE__SCOPE1_2_EMISSION,Scope 1·2 배출량,0.540505051612854,"AMI는 전력 소비자와 전력회사 간 양방향 통신을 가능케 하는 장비로, 전력회사는 원격에서 전력 사용량을 실시간으로 검침해 요금을 부과할 수 있고 소비자는 전력 사용량과 요금을 실시간으로 확인해 사용량을 줄이는 등 대응할 수 있게 된다."
2545,opportunity,0.5589,positive,0.8752,에너지 관리,E,E_ENERGY__EFFICIENCY_CONSUMPTION,에너지 소비 및 효율화,0.6386469006538391,충남 당진시는 8개 기관 및 YK스틸과 함께 진행해온 미활용 액화천연가스(LNG) 냉열 기반 에너지 절감형 산업용 가스 생산기술 개발 사업이 기후부의 에너지 수요관리 핵심기술 개발사업 공모에 선정됐다고 21일 밝혔다.
2546,context,0.1406,neutral,0.9999,에너지 관리,E,E_ENERGY__RENEWABLE_TRANSITION,신재생에너지 전환,0.46865904331207275,기후부는 앞서 제1차 추가경정예산으로 766억 5500만 원의 가정용 주택 일반건물 학교 전통시장 태양광 발전설비 설치비 지원 예산을 추가로 확보했다. 이를 활용해 10만 가구에 가정용 태양광 발전설비를 보급하는 것이 기후부 목표다.
2547,opportunity,0.4887,positive,0.9793,기후변화·온실가스,E,E_CLIMATE__SCOPE1_2_EMISSION,Scope 1·2 배출량,0.4989895820617676,"최대전력 역시 131.8 138.2GW로 전망되며, 11차 계획(129.3GW) 대비 상승 폭이 확대됐다. 특히 상향 시나리오 기준으로는 약 9GW 가까운 추가 피크 수요가 발생하는 구조다. 최대전력은 일정 기간 동안 전력 수요가 가장 많이 몰리는 순간의 전력 사용량(피크 수요)을 의미한다."
2548,context,0.1693,neutral,0.9994,윤리경영·준법,G,G_ETHICS__ANTI_CORRUPTION_COMPLIANCE,반부패 및 컴플라이언스,0.5646308660507202,"또 인권실사를 특정 부서만의 업무가 아니라 경영 전반에 녹여야 하며, 이를 위해 이사회의 감독 책임을 분명히 하고, 경영진 성과지표(KPI)에 인권 요소를 반영하고, 법무 컴플라이언스 조직 중심으로 실사 체계를 설계할 필요가 있다고 밝혔다. 중대한 이슈에 대응하거나 정책 효과를 평가할 때도 이해관계자 참여 절차를 제도화해야 한다고 제시했다."
2549,context,0.1763,neutral,0.9758,인적자원 관리,S,S_HR__DIVERSITY_INCLUSION,다양성 및 형평성 (DEI),0.6023036241531372,"또 장애인 고용 수치만이 아니라 접근성, 인권 실사, 포용적 조직문화 같은 구체적인 지표도 공시 체계에 넣어야 한다고 강조했다."
2550,context,0.1799,neutral,0.9878,인적자원 관리,S,S_HR__DIVERSITY_INCLUSION,다양성 및 형평성 (DEI),0.6071847081184387,장애계는 특히 현행 기준이 장애인을 너무 좁게 바라보고 있다고 지적한다. 지금의 ESG 가이드라인은 장애인 고용률처럼 법적으로 해야 하는 의무 이행에만 초점이 맞춰져 있다는 것이다.
2551,context,0.088,neutral,0.6378,에너지 관리,E,E_ENERGY__RENEWABLE_TRANSITION,신재생에너지 전환,0.46019667387008667,데이터센터는 RE100(재생에너지 100% 사용) 기반 모델로 구축할 계획이다. 제주국제자유도시개발센터(JDC)와 데이터센터 구축 관련 협업을 추진해 기업 AI 생태계를 체계적으로 지원할 방침이다.
2552,context,0.1043,neutral,0.9997,에너지 관리,E,E_ENERGY__RENEWABLE_TRANSITION,신재생에너지 전환,0.34780123829841614,"석유 가스 대기업 이익에 대한 과세 확대에도 지지가 높았다. 재생에너지 전환 재원을 마련하기 위해 대형 석유 가스 기업의 이익에 대한 세금을 늘리는 방안 에 대해 7개국 전체 응답자의 68%가 지지한다고 답했다. 이 가운데 35%는 강하게 지지한다 , 33%는 지지한다 고 응답했다. 반대는 20%, 모르겠다 는 응답은 11%였다."
2553,context,0.1449,neutral,0.9996,에너지 관리,E,E_ENERGY__RENEWABLE_TRANSITION,신재생에너지 전환,0.4832482933998108,이번 발표는 콜롬비아 산타마르타에서 열리는 화석연료 전환 관련 국제회의를 앞두고 나왔다. 옥스팜은 각국 정부가 화석연료 의존을 줄이고 재생에너지 전환을 확대하기 위해 석유 가스 대기업과 고소득 오염 배출자에게 더 많은 책임을 물어야 한다고 주장했다.
2554,context,0.1233,neutral,0.9997,기후변화·온실가스,E,E_CLIMATE__SCOPE1_2_EMISSION,Scope 1·2 배출량,0.41103410720825195,"즉, 에너지안보 넷제로부가 2025년부터 2030년까지 상업서비스 부문 전체에서 늘어날 것으로 본 전력 사용량이 AI 성장구역 한 곳에 필요한 전력 규모와 비슷하다는 뜻이다. 이 때문에 AI 데이터센터 확대 계획이 에너지 수요 전망에 충분히 들어가 있는지 의문이 제기되고 있다."
2555,context,0.208,neutral,0.9998,에너지 관리,E,E_ENERGY__RENEWABLE_TRANSITION,신재생에너지 전환,0.6935340166091919,"특히 지속가능성 공시 의무화와 국제사회 탄소규제 흐름에 대응하여 탄소감축 기술, 재생에너지 전환 등 탄소중립 대응 역량 중심으로 교육과정이 개편됐다."
2556,context,0.1631,neutral,0.9998,에너지 관리,E,E_ENERGY__RENEWABLE_TRANSITION,신재생에너지 전환,0.5436305403709412,앞서 도는 2023년 4월 비전 선포식을 통해 올해 말까지 도청을 비롯해 공공부문 28개 기관이 사용하는 전력의 100%를 신재생에너지로 충당하는 경기도 공공 RE100 계획을 발표한 바 있다.
2557,context,0.1438,neutral,0.9124,에너지 관리,E,E_ENERGY__RENEWABLE_TRANSITION,신재생에너지 전환,0.5254253149032593,경기도는 도청사와 산하 공공기관 내에서 사용하는 전기를 태양광 발전을 통한 신재생에너지로 충당하는 RE100 목표를 3년 만에 조기 달성했다고 29일 밝혔다.
2558,opportunity,0.3252,positive,0.6349,에너지 관리,E,E_ENERGY__RENEWABLE_TRANSITION,신재생에너지 전환,0.5122217535972595,"이 같은 흐름은 글로벌 시장에서도 확인된다. 청정에너지 연구 단체인 우려하는 과학자들 연합(Union of Concerned Scientists) 등에 따르면 유럽연합(EU)에서는 풍력과 태양광 발전이 화석연료를 처음으로 앞섰고, 콜롬비아에서는 태양광 발전이 석탄 발전을 연간 기준으로 넘어섰다."
2559,opportunity,0.4237,positive,0.9977,에너지 관리,E,E_ENERGY__RENEWABLE_TRANSITION,신재생에너지 전환,0.4247134327888489,"이 같은 확대는 설비 증가에 따른 결과다. 2024년 미국의 태양광 신규 설치는 사상 최대를 기록했고, 2025년에도 역대 두 번째 수준을 유지했다. 이러한 흐름 속에서 이미 구축된 설비들이 본격 가동되면서 태양광 발전량은 당분간 증가세를 이어갈 것으로 전망된다."
2560,context,0.0947,neutral,0.6141,에너지 관리,E,E_ENERGY__RENEWABLE_TRANSITION,신재생에너지 전환,0.5140285491943359,"주택 지붕과 주차장, 사막과 평지 등 다양한 장소에 설치된 태양광 설비에서 생산된 전력은 중서부와 북동부 14개 주 전체 가구가 사용하는 전력량에 맞먹는 수준으로 평가된다. 특히 2025년 7월 한 달간의 태양광 발전량은 10년 전 연간 발전량을 넘어서는 등 빠른 성장세를 나타냈다."
2561,opportunity,0.3304,positive,0.9997,에너지 관리,E,E_ENERGY__RENEWABLE_TRANSITION,신재생에너지 전환,0.3305336833000183,"외신 보도를 종합하면, 미국에서는 태양광 발전이 두드러진 증가세를 보이고 있다. 지난해 태양광 발전량은 전년 대비 28% 증가하며 역대 최고치를 기록했다."
2562,context,0.1691,neutral,0.9996,에너지 관리,E,E_ENERGY__RENEWABLE_TRANSITION,신재생에너지 전환,0.5639612078666687,"보고서는 또한 회차별 신재생에너지 기본계획에서 목표 지표 자체가 1차 에너지 비중, 발전량 비중 등으로 계속 바뀌면서 정책 성과를 연속적으로 평가하기 어려운 구조가 계속됐다고 지적한다."
2563,opportunity,0.5653,positive,0.9882,기후변화·온실가스,E,E_CLIMATE__SCOPE3_EMISSION,Scope 3 배출량,0.5720170140266418,"조사 결과 Scope 3 목표 달성 궤도에 오른 기업일수록 제품 지속가능성 관행을 더 적극적으로 도입한 것으로 나타났다. PwC가 분석한 포춘(Fortune) 500 기업 표본에서 Scope 3 목표를 달성 중인 기업의 31%는 제품 생애주기 전반에 지속가능성 관행을 규모 있게 적용하고 있었다. 반면 Scope 3 목표 달성에 뒤처진 기업은 이 비율이 19%였고, Scope 3 목표가 없는 기업은 14%에 그쳤다."
2564,context,0.2043,neutral,0.9974,기후변화·온실가스,E,E_CLIMATE__SCOPE3_EMISSION,Scope 3 배출량,0.6828283071517944,"보고서는 Scope 3 탈탄소화는 점점 제품 수준에서 성패가 갈리고 있다 고 밝혔다. 설계단계부터의 제품 전략은 가치사슬 배출을 줄이고, 비용 변동성 노출을 낮추며, 높아지는 고객 요구에 대응하는 수단이라는 견해를 제시됐다."
2565,context,0.2408,neutral,0.9998,기후변화·온실가스,E,E_CLIMATE__SCOPE3_EMISSION,Scope 3 배출량,0.8029079437255859,"글로벌 컨설팅 기업 PwC가 최근 발간한 제3차 탈탄소화 현황 보고서 를 통해 Scope 3 감축 성과는 제품 단위 전략과 밀접하게 연관되는 것으로 나타났다고 밝혔다. Scope 3는 기업 자체 운영에서 발생하는 직접 배출이 아니라 원재료 조달, 협력사 생산, 물류, 제품 사용, 폐기 등 가치사슬 전반에서 발생하는 간접 배출을 뜻한다."
2566,opportunity,0.4773,positive,0.9885,인적자원 관리,S,S_HR__DIVERSITY_INCLUSION,다양성 및 형평성 (DEI),0.4828275740146637,특히 장애인 고용의 법적 의무와 사회적책임 이행 등 금융권에 요구되는 사회적 기대에 부응하고자 보다 적극적으로 장애인의 일할기회 확대 를 위한 고용모델을 만들어나갈 계획이다.
2567,context,0.1492,neutral,0.9997,인적자원 관리,S,S_HR__DIVERSITY_INCLUSION,다양성 및 형평성 (DEI),0.49759772419929504,한편 KB금융은 다양성 중장기 전략인 KB Diversity 2027 전략 아래 그룹 내 다양성 관련 지표 및 활동을 체계적으로 관리하고 있다. KB Diversity 2027 은 2027년까지 다양한 계층 포용 과 양성 평등 구현 을 우선적으로 달성하는 것을 지향점으로 삼고 있다.
2568,opportunity,0.4924,positive,0.8097,인적자원 관리,S,S_HR__DIVERSITY_INCLUSION,다양성 및 형평성 (DEI),0.6081418991088867,"KB국민은행, KB증권, KB캐피탈 등 KB금융 주요 계열사가 진행하는 장애인 간접고용 모델인 브라보비버(Bravo,Beaver) 사업 은 지난 2023년 인천 사업장 지분 투자를 시작으로 전국 사업장의 지분 투자를 늘려가고 있다. 브라보비버는 장애인에게 안정적인 일자리를 제공하기 위해 사회적 기업 베어베터에서 운영하는 지분투자형 장애인 표준사업장이다. 비서울 지역의 발달장애인 고용을 위해 지방에 세워졌다."
2569,opportunity,0.5927,positive,0.9986,인적자원 관리,S,S_HR__DIVERSITY_INCLUSION,다양성 및 형평성 (DEI),0.5935536026954651,6일 KB금융에 따르면 KB금융 주요 계열사는 장애인 표준사업장 지분투자를 통해 장애인 고용을 간접지원하는 브라보비버 사업과 직접고용 모델인 섬섬옥수 사업 등 장애인 직 간접 고용을 병행하는 고용 모델 다변화를 통해 지속가능한 장애인 고용 모델을 구축하고 있다.
2570,opportunity,0.3419,positive,0.9857,에너지 관리,E,E_ENERGY__RENEWABLE_TRANSITION,신재생에너지 전환,0.3468897044658661,"따뜻한동행은 최근 에티오피아 아디스아바바에 있는 햇살도서관 옥상에 태양광 발전 설비를 설치하고, 인터넷 와이파이 환경 구축과 운영비 지원을 완료했다."
2571,context,0.1648,neutral,0.9909,이사회 구조,G,G_BOARD__COMPOSITION_INDEPENDENCE,이사회 구성 및 독립성,0.5543262362480164,밸류파트너스자산운용은 7일 신세계푸드 거래 관련 10대 쟁점 자료를 통해 지배주주와 일반주주 간 이해상충 문제 공정가격 논란 소수주주 다수결(MOM) 절차 부재 이사회 독립성 문제 주식매수청구권 가격협의 절차 및 가격의 불공정성 등을 집중적으로 비판했다.
2572,context,0.1947,neutral,0.9998,에너지 관리,E,E_ENERGY__RENEWABLE_TRANSITION,신재생에너지 전환,0.6492547392845154,"햇빛소득마을은 주민이 협동조합을 구성해 태양광 발전사업을 직접 추진하고, 수익을 공동체와 주민에게 환원하는 주민주도형 에너지 자치의 모범사례다. 정부는 올해 700개 이상의 마을 조성을 목표로 하고 있으며, 재생에너지 확대와 지역경제 활성화를 동시에 달성하는 핵심 정책으로 추진 중이다."
2573,context,0.1451,neutral,0.9988,윤리경영·준법,G,G_ETHICS__ANTI_CORRUPTION_COMPLIANCE,반부패 및 컴플라이언스,0.48439648747444153,"EU 집행위원회에 따르면 EU와 중국, 브라질은 7일(현지시간) 이탈리아 피렌체에서 의무 탄소시장 개방 연합(Open Coalition on Compliance Carbon Markets) 을 공식 출범했다. 이 연합은 지난해 11월 브라질 벨렝에서 열린 제30차 유엔기후변화협약 당사국총회(COP30)에서 브라질이 제안한 구상으로, 국가별 의무 탄소시장 제도의 투명성과 실효성을 높이는 것을 목표로 한다."
2574,context,0.0531,neutral,0.5788,에너지 관리,E,E_ENERGY__RENEWABLE_TRANSITION,신재생에너지 전환,0.305885374546051,"미국에서도 관심이 급증하고 있다. 현재 미국 가구의 태양광 발전 관심은 높지만, 옥상형 설치 비율은 5 7% 수준에 불과하다. 높은 비용과 복잡한 허가 절차, 임대 규정 등이 걸림돌이기 때문이다."
2575,context,0.1571,neutral,0.9987,에너지 관리,E,E_ENERGY__RENEWABLE_TRANSITION,신재생에너지 전환,0.5243778228759766,"기금이 투입되는 사업의 내용을 살펴보면, 기후위기 대응에 대한 기여도가 제한적인 기존 사업들의 경로의존성이 강하게 드러난다. 서울과 경기도는 건물 에너지효율 개선 , RE100 선도사업 , 기후테크 육성 과 같이 지역 특화 감축 프로젝트를 발굴하였으나, 나머지 지자체의 경우 폐기물 감량 , 재활용 활성화 등 이미 자원 환경관리 차원에서 집행하던 사업을 이관하여 그대로 추진하는 사례가 다수를 차지했다"
2576,context,0.1571,neutral,0.9987,에너지 관리,E,E_ENERGY__EFFICIENCY_CONSUMPTION,에너지 소비 및 효율화,0.5243778228759766,"기금이 투입되는 사업의 내용을 살펴보면, 기후위기 대응에 대한 기여도가 제한적인 기존 사업들의 경로의존성이 강하게 드러난다. 서울과 경기도는 건물 에너지효율 개선 , RE100 선도사업 , 기후테크 육성 과 같이 지역 특화 감축 프로젝트를 발굴하였으나, 나머지 지자체의 경우 폐기물 감량 , 재활용 활성화 등 이미 자원 환경관리 차원에서 집행하던 사업을 이관하여 그대로 추진하는 사례가 다수를 차지했다"
2577,context,0.1802,neutral,0.9999,에너지 관리,E,E_ENERGY__RENEWABLE_TRANSITION,신재생에너지 전환,0.6006768941879272,"기후대응기금을 활용하여 적극적 기후재정을 펼치고자 하는 움직임에 지방정부가 활발히 동참하고 있다. 최근 4년간 6개 광역지자체와 12개 기초지자체가 자발적으로 기후대응기금 설립에 관한 조례를 제정하였고, 이렇게 만들어진 지역 기후대응기금 은 각 지자체의 온실가스 감축사업, RE100, 기후테크, 정의로운 전환 등 다양한 사업에 활용되고 있다."
2578,context,0.1277,neutral,0.9987,에너지 관리,E,E_ENERGY__RENEWABLE_TRANSITION,신재생에너지 전환,0.4261213541030884,옥스팜이 함께 공개한 7개국 여론조사 결과에서도 재생에너지 전환에 대한 지지가 확인됐다. 조사는 영국 프랑스 네덜란드 콜롬비아 브라질 호주 터키 등 7개국에서 실시됐다.
2579,context,0.1872,neutral,0.9999,에너지 관리,E,E_ENERGY__RENEWABLE_TRANSITION,신재생에너지 전환,0.6240836977958679,"이와 관련해 농촌 에너지 자립반은 영농활동과 태양광 발전을 동시에 실현할 수 있는 영농형태양광 확산과 함께 햇빛소득마을 에너지자립마을 조성, 농가 자가 태양광 보급 등 농촌 공간의 에너지 자립방안을 재생에너지지구 제도와 연계해 설계하기로 했다."
2580,opportunity,0.5843,positive,0.9991,에너지 관리,E,E_ENERGY__RENEWABLE_TRANSITION,신재생에너지 전환,0.5848165154457092,"태양광 시장이 확대되면 BESS(배터리 에너지저장장치) 수요도 함께 커질 수 있다. 태양광 발전은 날씨와 시간대에 따라 발전량이 달라지기 때문에, 전기를 저장했다가 필요할 때 쓰기 위한 장치가 필요하기 때문이다. 보고서는 국내 태양광 시장이 연 10GW 이상으로 커질 경우 BESS 설치량도 10 20GWh 수준으로 확대될 수 있다고 예상했다."
2581,context,0.1686,neutral,0.9916,에너지 관리,E,E_ENERGY__RENEWABLE_TRANSITION,신재생에너지 전환,0.5666142106056213,"RE100 기업들의 재생에너지 수요도 태양광 시장 확대 요인으로 제시됐다. 보고서는 국내 기업들이 RE100 목표를 달성하기 위해 재생에너지 공급을 더 많이 확보해야 한다고 봤다. 특히 공장 주변 농지에 영농형 태양광이 설치되면, 비교적 짧은 배전망으로 기업에 재생에너지를 공급할 수 있다고 설명했다. 경기도 지역의 반도체 공장 기업들이 RE100을 달성하는 데 영농형 태양광이 도움이 될 수 있다는 내용도 담겼다."
2582,context,0.1117,neutral,0.9997,에너지 관리,E,E_ENERGY__RENEWABLE_TRANSITION,신재생에너지 전환,0.3724549412727356,"한국의 재생에너지 발전 비중이 OECD 주요국보다 낮다는 점도 태양광 확대 필요성의 배경으로 제시됐다. 보고서에 따르면 2024년 기준 한국의 풍력 태양광 발전 비중은 6.4%다. OECD 전체 평균은 18.8%다. 독일은 43.5%, 미국은 16.6%, 프랑스는 12.7%로 제시됐다. 한국은 비교 대상 국가보다 낮은 수준이다."
2583,context,0.1556,neutral,0.9999,에너지 관리,E,E_ENERGY__RENEWABLE_TRANSITION,신재생에너지 전환,0.51863032579422,"특히 이번 법안은 절대농지에서도 일정 조건을 충족하면 태양광 발전을 허용하는 방향을 담고 있다. 절대농지는 원칙적으로 농업 목적을 유지해야 하는 땅이다. 보고서는 이런 농지 중 일부가 재생에너지 지구로 지정되면, 농사와 병행하는 조건으로 태양광 발전이 가능해질 수 있다고 밝혔다."
2584,context,0.1247,neutral,0.9999,에너지 관리,E,E_ENERGY__RENEWABLE_TRANSITION,신재생에너지 전환,0.41580337285995483,"기존 일반 농촌 태양광은 농지를 다른 용도로 전환해 태양광 설비를 설치하는 방식이었다. 이 경우 농사는 중단되고 전력 판매 수익만 발생한다. 반면 영농형 태양광은 농지 기능을 유지하면서 태양광 발전을 병행한다는 점이 다르다. 보고서는 이를 통해 농가가 추가 소득을 얻고, 동시에 재생에너지 공급도 늘릴 수 있다고 설명했다."
2585,context,0.1314,neutral,0.9999,에너지 관리,E,E_ENERGY__RENEWABLE_TRANSITION,신재생에너지 전환,0.43813005089759827,"영농형 태양광은 농지를 없애고 태양광 설비만 설치하는 방식이 아니다. 농사는 그대로 유지하면서, 농지 위 일정 높이에 태양광 패널을 설치해 전기를 생산하는 방식이다. 보고서에 따르면 영농형 태양광 설비는 농기계가 아래로 지나갈 수 있도록 약 3 4m 높이에 설치된다. 농민은 기존 농작물 재배 수익에 더해 태양광 발전으로 생기는 전력 판매 수익도 얻을 수 있다."
2586,context,0.1642,neutral,0.9876,에너지 관리,E,E_ENERGY__RENEWABLE_TRANSITION,신재생에너지 전환,0.554389476776123,보고서는 영국을 포함한 유럽 내 20개 주요 전력시장을 분석했다. 2025년 기준 재생에너지 배터리 결합 설비 가운데 태양광과 배터리를 결합한 사업이 전체의 60% 이상을 차지했다. 태양광 발전은 낮 시간대에 발전량이 집중돼 전력가격 하락과 출력제어 영향을 크게 받는 편이라 배터리 결합의 경제적 필요성이 더 커진 것으로 풀이된다.
2587,context,0.1564,neutral,0.9065,에너지 관리,E,E_ENERGY__RENEWABLE_TRANSITION,신재생에너지 전환,0.5750793218612671,"이번 협약은 지난 7일 국회 본회의를 통과한 인공지능 데이터센터 산업 진흥에 관한 특별법의 후속 조치다. 특별법 심의 과정에서 AIDC 사업자의 액화천연가스(LNG) 발전 전력 직접구매(PPA) 특례가 제외된 만큼, 부처 간 협력을 통해 최대한 신속하고 안정적인 전력 공급을 지원하겠다는 취지다."
2588,context,0.2133,neutral,0.9996,이사회 구조,G,G_BOARD__COMPOSITION_INDEPENDENCE,이사회 구성 및 독립성,0.7113847732543945,"한국ESG평가원 손종원 평가부문장은 한국기업이 이사회 중심 경영과 이를 통한 거버넌스 개선을 위해서는 독립적이고 전문적인 이사회 구성이 선행돼야 한다 며 사외이사 구성이 지배구조 평가에 가장 중요한 만큼 교수 비중이 낮아지고, 전문경영인 출신 비중이 더욱 높아지는 변화가 필요하다 고 말했다."
2589,context,0.1769,neutral,0.9998,에너지 관리,E,E_ENERGY__RENEWABLE_TRANSITION,신재생에너지 전환,0.5896040201187134,"영농형 태양광의 경제성은 정책 시장 조건에 따라 크게 달라지는 것으로 나타났다. 특히 SMP와 REC 가격은 발전 수익을 좌우하는 핵심 변수다. 태양광 발전사업자는 생산한 전기를 판매해 SMP 수익을 얻고, REC를 판매해 추가 수익을 얻기 때문에 이들 가격이 낮아질 경우 발전 수익성도 함께 낮아질 수 있다."
2590,context,0.1547,neutral,0.9999,에너지 관리,E,E_ENERGY__RENEWABLE_TRANSITION,신재생에너지 전환,0.5156311392784119,"영농형 태양광의 경제성 판단에서 핵심은 작물 수확량 감소 여부만이 아니라, 농업소득과 발전소득을 합산한 전체 농가 소득이다. 보고서에 따르면 벼농사 농지에 영농형 태양광을 설치한 경우, 태양광 발전 수익이 작물 수확 감소분을 상쇄하면서 전체 소득이 기존 벼농사보다 2.63배 또는 2.8배 높아진다."
2591,context,0.2034,neutral,0.9999,에너지 관리,E,E_ENERGY__RENEWABLE_TRANSITION,신재생에너지 전환,0.6781303882598877,"보고서는 녹색에너지연구원, 농촌진흥청, 에너지경제연구원, 한국농촌경제연구원 등의 실증 분석 자료를 근거로 작물 수확량 변화 태양광 SMP(계통한계가격) REC(신재생에너지 공급인증서) 가격 설치비 대출금리 설비 폐기비용 등 다양한 요소를 함께 반영해 영농형 태양광의 경제성을 검토했다."
2592,context,0.1263,neutral,0.9999,에너지 관리,E,E_ENERGY__EFFICIENCY_CONSUMPTION,에너지 소비 및 효율화,0.4210994839668274,국가인권위원회는 2035년 국가 온실가스 감축 목표(2035 NDC) 달성을 위해 건물의 에너지 절감을 지원하고 취약계층 주거권이 침해되지 않도록 할 것을 국토교통부 등 관련 부처 장관에게 권고했다고 14일 밝혔다.
2593,context,0.2027,neutral,0.9998,이사회 구조,G,G_BOARD__COMPOSITION_INDEPENDENCE,이사회 구성 및 독립성,0.6758080124855042,"이에 따라 연기금 수장들은 스페이스X에 1주 1표 원칙을 도입하라고 요구했다. 이들은 최소한 초과 의결권이 유지되더라도 7년 안에 종료되도록 해야 한다고 주장했다. 이와 함께 과반 독립 이사회 구성, CEO와 이사회 의장 분리, 머스크 해임을 어렵게 하는 조항 폐지, 강제중재 조항 철회, 머스크 관련 회사와의 거래에 대한 독립적인 승인 절차 마련도 요구했다."
2594,opportunity,0.6474,positive,0.9998,인적자원 관리,S,S_HR__DIVERSITY_INCLUSION,다양성 및 형평성 (DEI),0.6475714445114136,"슈나이더일렉트릭이 ESG 평가 기관 3곳에서 최고 평가 등급을 달성했다고 28일 밝혔다. 슈나이더일렉트릭의 지속가능성에 대한 약속은 슈나이더 지속가능성 영향(SSI)을 통해 측정된다. 분기별로 게시되는 SSI는 기후, 순환 경제, 윤리, 의료 형평성, 개발에서 21개 핵심 성과 지표를 통해 지속가능성에 대한 슈나이더일렉트릭의 진행 상황을 평가한다."
2595,context,0.1769,neutral,0.9996,에너지 관리,E,E_ENERGY__RENEWABLE_TRANSITION,신재생에너지 전환,0.5897691249847412,"독일이 재생에너지 발전을 확대하기 위해 재생에너지법을 개정하고 유럽연합 집행위원회(EC)가 이를 승인했다. 독일이 개정한 재생에너지법 Erneuerbare Energien Gesetz 2023(EEG 2023) 은 2026년 말까지 실행되고, 총 예산 300억달러가량(약 38조원)이 투입될 예정이다. 독일은 2030년까지 80% 전기를 풍력, 태양광 등 재생에너지로 제공하고 2045년까지 기후중립 달성을 목표로 한다. 이 계획에서 2030년까지 태양광 발전용량을 215GW로 늘린다. 이에 옥상 및 지상 장착형 태양광 PV 발전에 대한 입찰수와 규모를 늘릴 계획이다."
2596,context,0.166,neutral,0.9954,에너지 관리,E,E_ENERGY__EFFICIENCY_CONSUMPTION,에너지 소비 및 효율화,0.5558989644050598,"세계적으로 에너지 탄소 절감을 구현하는 스마트빌딩 에 관심이 커지고 있다. 프랑스 파리 인근 뤼에유말메종에 있는 글로벌 에너지관리 자동화 전문기업 슈나이더일렉트릭의 본사 르아이브(Le Hive) 는 세계적인 스마트빌딩으로 주목받고 있다. 르아이브는 인공지능(AI) 비전 기술을 통해 출입자를 통제하고 각 층 부서별로 에너지 소비량을 측정해 관리한다. 온도와 습도, 밝기 등 정보도 실시간으로 수집해 실내조명과 냉난방 온도를 스스로 조절한다. 이외에도 슈나이더일렉트릭은 데이터센터 내 수백 개 센서로 온도를 감지하고 AI로 분석한 최적의 냉방으로 에너지효율을 30% 높인 바 있다."
2597,context,0.1063,neutral,0.7027,에너지 관리,E,E_ENERGY__RENEWABLE_TRANSITION,신재생에너지 전환,0.5042152404785156,"중국이 고비 사막에 450기가와트 규모의 청정에너지 기지를 건설할 계획인 것으로 알려졌다. 이는 국가의 야심찬 기후 목표를 달성하기 위한 대규모 청정 전력 보급의 일환으로, 몽골족 자치구인 네이멍구에서 800억위안(약 13조9800억원) 규모의 재생 에너지 프로젝트를 착공할 예정이다. 사막에 건설되는 이 기지는 최대 규모의 풍력발전과 태양광 사업을 결합한 100만 킬로와트급 규모의 대규모 신재생에너지 사업이다."
2598,context,0.1954,neutral,0.9727,에너지 관리,E,E_ENERGY__RENEWABLE_TRANSITION,신재생에너지 전환,0.669461727142334,"신한자산운용은 내년 탄소배출에 대한 재무부담이 체감될 것이며, ESG 상품 도입수준이 양극화할 것으로 전망했다. 내년 전망 보고서에 따르면, 국내외 ETS 시장가격 상승, RE100 선언 기업들의 신재생에너지 수요 증가에 따른 신재생REC 가격상승을 제시했다. 유럽연합의 CBAM 적용으로 국내 업체의 수출단가 인하 압박, 수출량 감소 등도 예상된다. 이외에도 그린워싱 방지 규정 강화와 ESG펀드의 지속가능성 증명 요구가 커지고, 주주행동주의 및 주주관여의 활성화가 전망된다."
2599,context,0.2008,neutral,0.9999,에너지 관리,E,E_ENERGY__RENEWABLE_TRANSITION,신재생에너지 전환,0.6692236661911011,"산업통상자원부는 신재생에너지 정책심의회를 개최하고, 개선방안을 담은 가이드라인을 마련했다고 4일 밝혔다. 가이드라인에 따르면, 지자체는 태양광 시설에 대해 주거 지역에서 최대 100m 이내에서 이격거리를 운영하도록 할 예정이고, 도로에 대해선 이격 거리를 설정하지 않도록 권고한다. 이를 준수한 지자체에는 신재생 보급지원 사업에 가점을 부여하는 등 인센티브를 제공할 방침이다. 저탄소 태양광 모듈의 보급을 확대하기 위해 탄소검증제도도 개편한다. 산업부는 그동안의 기술혁신 결과를 반영, 1등급 탄소배출량 기준을 기존 670에서 630 CO 로 변경하는 등 전 등급의 배출량을 상향할 방침이다."
2600,context,0.1555,neutral,0.9999,기후변화·온실가스,E,E_CLIMATE__SCOPE1_2_EMISSION,Scope 1·2 배출량,0.5183865427970886,신축 아파트는 원격 전기 검침이 가능한 지능형 전력량계(AMI)로 전력 사용량을 한국전력공사와 실시간 공유하도록 의무화하는 방안이 추진된다. 주택용 전기요금에도 계절과 시간대에 따라 요금이 달라지는 계시별 요금제를 확대 적용하기 위한 준비작업이다.
2601,context,0.1621,neutral,0.9353,기후변화·온실가스,E,E_CLIMATE__SCOPE3_EMISSION,Scope 3 배출량,0.5779157876968384,소재 선택부터 제품 기능까지 이어지는 설계 의사결정이 Scope 3를 포괄하는 제품 생애주기 환경 영향의 최대 80%를 결정할 수 있는 것으로 분석됐다.
2602,context,0.1125,neutral,0.9276,인적자원 관리,S,S_HR__DIVERSITY_INCLUSION,다양성 및 형평성 (DEI),0.40421631932258606,"미국소비자기술협회(CTA)가 17개 분야 40개 지표를 기준으로 평가대상 70개국의 글로벌 혁신지수를 발표했다. 이에 핀란드, 미국, 에스토니아, 스웨덴, 노르웨이 등 24개 국가가 높은 점수를 받으며 혁신 챔피언으로 분류됐다. 한국은 26위로 라트비아, 체코, 포르투갈, 이탈리아, 폴란드, 슬로베니아, 헝가리 등 16개국과 혁신 리더에 머물렀다. 한국은 인적자본, R D투자, 디지털자산, 자율주행차, 원격의료, 드론 등에서 A를 받으며 약진했지만 다양성, 세금친화성, 사이버보안에서 낮은 평가를 받았다. 특히, 다양성(D)과 사이버보안(F)에서 하위 등급을 받았으며, 나쁜 공기 질, 높은 세율, 데이터 저장의 한계 등도 문제로 지적됐다."
2603,context,0.1929,neutral,0.9867,에너지 관리,E,E_ENERGY__RENEWABLE_TRANSITION,신재생에너지 전환,0.6515608429908752,"KB증권 사옥 두 곳에 연간 16만KWh 용량의 태양광 발전 시설이 들어설 예정이다. KB증권은 RE100 실천 및 넷제로 이행을 위해, 경기도 용인시 연수원에 105kW, 울산광역시 남울산사옥에 10kW 용량의 태양광 발전설비를 준공했다. 이를 통해 연 28톤 정도의 이산화탄소 감축 효과를 기대하며, 이는 매년 나무 5000여 그루를 심는 것과 맞먹는 수준이다. 이외에도 KB증권은 유류 사용을 줄이고자 지속적으로 내연기관 업무용 차량을 친환경 차량으로 전환하고, 사내규정인 구매계약 지침 에 계약 상대업체의 ESG 요소를 점검하고 평가하는 항목을 새롭게 반영하는 등 기후위기 대응을 위한 다양한 활동에 힘쓰고 있다."
2604,context,0.0955,neutral,0.6784,인적자원 관리,S,S_HR__DIVERSITY_INCLUSION,다양성 및 형평성 (DEI),0.46954551339149475,"여성이 최고경영자(CEO)인 회사에 투자하는 상장지수펀드(ETF)가 미국 시장에 출시됐다. 이는 여성이 유리천장을 깨는 과정에서 탁월한 리더십을 발휘, 주가가 초과 수익률을 달성할 것이란 배경에서 나왔다. 미국 증시에 따르면, 9일(현지시간) 히파티아 우먼 CEO(WCEO) ETF는 주당 25.73달러에 상장, 상장 이후 약 3% 주가가 오른 상태다. 이외에도 여성 테마 관련 미국 증시엔 스파이더 모건스탠리캐피털인터내셔널(MSCI) 미국 성별 다양성(SHE) ETF도 있다."
2605,context,0.2211,neutral,0.997,이사회 구조,G,G_BOARD__COMPOSITION_INDEPENDENCE,이사회 구성 및 독립성,0.7392675280570984,"SM엔터테인먼트가 국제 기준에 부합하는 기업지배구조를 도입하겠다고 15일 밝혔다. 이사회 독립성과 투명성을 강화하고 이사회 중심의 경영구조로 개편하는 것이 주요 골자다. SM은 사외이사 비중을 현행 25%에서 과반수로 대폭 늘리고. 대표이사가 이사회 의장을 맡도록 하는 규정도 바꿔 사외이사가 이사회 의장을 맡도록 했다. 또, 구성원의 3분의 2 이상을 사외이사로 구성한 내부거래위원회를 꾸릴 예정이다."
2606,opportunity,0.5811,positive,0.9985,안전보건,S,S_SAFETY__OCCUPATIONAL_HEALTH_MANAGEMENT,사업장 안전보건 관리체계,0.5820187330245972,"삼성전자가 공급망에서 발생할 수 있는 인권 침해에 비교적 잘 대처하는 기업 중 하나로 평가됐다. 국제 비영리기구 노우더체인(KnowTheChain) 이 글로벌 ICT 상장기업 60곳을 대상으로 2022년 공급망 인권 관리 평가 결과, 삼성전자는 100점 만점에 46점으로 5위 차지했다. 삼성전자는 지배구조 75점, 위험성 평가 46점, 채용 43점, 대처 40점, 근로자 의견 청취 38점, 모니터링 35점, 구매 관행 25점 등을 기록했다. 특히 공급망 내 근로자에게 부과되는 채용 수수료 방지에 대한 추가 정보 공개, 고충 처리 핫라인 평가에 공급업체 근로자 참여 등에 높은 평가를 받았다."
2607,context,0.2045,neutral,0.9998,에너지 관리,E,E_ENERGY__RENEWABLE_TRANSITION,신재생에너지 전환,0.6819072961807251,산업통상자원부가 신재생에너지공급의무화(RPS) 제도의 의무공급비율을 축소하는 신에너지 및 재생에너지 개발 이용 보급 촉진법 (신재생에너지법) 시행령 개정안을 13일부터 입법 예고한다고 밝혔다. 이번 개정안은 제10차 전력수급기본계획에서 제시된 신재생에너지 보급 목표(2030년 신재생에너지 비중 21.6%)와 신재생공급인증서(REC) 수급여건 등을 고려해 연도별 의무공급비율을 조정했다. 이번 시행령 개정으로 의무공급비율이 2023년 13%에서 단계적으로 올라 2030년까지 법정상한인 25%에 이르게 된다.
2608,opportunity,0.6449,positive,0.9946,에너지 관리,E,E_ENERGY__RENEWABLE_TRANSITION,신재생에너지 전환,0.6484178900718689,한화솔루션이 미국 마이크로소프트(MS)와 손잡고 재생에너지 사업 확대에 나선다. 한화솔루션은 MS와 친환경 에너지 확산 탄소배출 저감을 위한 전략적 파트너십 협약을 체결했다고 26일 밝혔다. 한화솔루션은 올해부터 MS가 전력구매계약(PPA)을 체결할 태양광 발전소에 2.5기가와트(GW) 이상의 모듈을 순차 공급할 계획이다. 이처럼 글로벌 대형 정보통신기술(ICT) 기업이 태양광 기업과 직접 협업을 통해 대규모 재생 에너지를 조달하는 것은 업계 최초다. 한화솔루션은 이번 협약이 메이드 인 아메리카(미국산) 제품 생산을 목표로 추진 중인 태양광 통합 생산 단지 솔라 허브 의 조기 안착에 큰 역할을 할 것으로 기대하고 있다.
2609,context,0.1955,neutral,0.9994,에너지 관리,E,E_ENERGY__RENEWABLE_TRANSITION,신재생에너지 전환,0.6519867777824402,"이를 위해 정부는 태양광 보급을 위한 햇빛소득 마을, 산단 지붕형, 영농형, 수상형, 접경지역, 공공기관 재생에너지 100% 사용(RE100) 등 모든 수단을 총동원하기로 했다."
2610,context,0.1828,neutral,0.9967,인적자원 관리,S,S_HR__DIVERSITY_INCLUSION,다양성 및 형평성 (DEI),0.6112526655197144,"블룸버그가 1일, 484개 기업이 2023 블룸버그 양성평등지수(GEI)에 편입되었다고 발표했다. 전년 대비 11% 늘어난 600개 이상의 기업들이 성별 보고 프레임워크에 참여하여 자사의 성별 관련 데이터를 공개했다. GEI 구성기업 중 이사회 여성의 비율이 30%가 넘는 GEI 구성기업들의 기업 내 여성 임원 비율은 평균 27%로, 사회 여성 비율이 30% 미만인 기업의 여성 임원 비율 20%와 비교됐다. 이에 더해 GEI 구성기업들의 또 다른 주제는 임원 평가 기준에 다양성 정책을 포함하는 것으로, 기업 중 64%는 관리자들의 인사 고과 기준에 다양성 및 포용성 목표를 포함한 것으로 나타났다."
2611,context,0.1572,neutral,0.9999,에너지 관리,E,E_ENERGY__EFFICIENCY_CONSUMPTION,에너지 소비 및 효율화,0.5240837931632996,공모전은 대학생 원생과 만 19 34세 청년 대상 물 에너지 융합 정책 제안과 전 국민 대상 생활 밀착형 물 에너지 절감 방안 부문으로 나뉘어 진행된다.
2612,context,0.2325,neutral,0.9992,안전보건,S,S_SAFETY__OCCUPATIONAL_HEALTH_MANAGEMENT,사업장 안전보건 관리체계,0.7756969332695007,"한국거래소가 ESG 경영체계를 구축하고, 배출권 파생상품을 도입하는 등 본격적인 ESG 생태계 확산에 나선다. 한국거래소는 올 한해 상장사 ESG 정보공개 지원 ESG 경영 체계 구축 탄소배출권 시장 활성화 등 총 3가지 키워드를 전면에 내세웠다. 이를 위해 경영체계 내 E, S ,G별 간단한 세부 추진 목표도 설정했다. E 분야에서는 그린오피스 환경 전환과 재생에너지 전력 사용, S에는 책임 경영 확대 부문에서는 KRX사회공헌 2.0 수립, 안전보건 관리체계 정립, G 부문은 ESG 경영혁신팀(전담팀)과 ESG 경영위원회도 신설할 계획이다. 이 같은 노력을 바탕으로 지속가능 증권거래소(SEE, Sustainable Stock Exchanges)로의 도약도 노린다는 계획이다."
2613,opportunity,0.6072,positive,0.9973,에너지 관리,E,E_ENERGY__RENEWABLE_TRANSITION,신재생에너지 전환,0.6088394522666931,"카카오가 1일 제주 오피스가 에너지 IT 소셜벤처 식스티헤르츠와 업무 협약을 체결했다, 카카오는 재생에너지 공급인증서 구매를 통해 제주 오피스의 RE100 을 달성했다고 밝혔다. 이번 제주 오피스 RE100을 기점으로 카카오는 향후 재생에너지 조달 규모를 점차 확대할 방침이다. 카카오는 지난해 발표한 액티브 그린 이니셔티브(Active Green Initiative) 를 토대로 사업 운영 과정에서 이용하는 전체 전력 사용량을 오는 2030년까지 60%, 2040년까지 100% 친환경 에너지로 전환할 계획이다."
2614,opportunity,0.6072,positive,0.9973,기후변화·온실가스,E,E_CLIMATE__SCOPE1_2_EMISSION,Scope 1·2 배출량,0.6088394522666931,"카카오가 1일 제주 오피스가 에너지 IT 소셜벤처 식스티헤르츠와 업무 협약을 체결했다, 카카오는 재생에너지 공급인증서 구매를 통해 제주 오피스의 RE100 을 달성했다고 밝혔다. 이번 제주 오피스 RE100을 기점으로 카카오는 향후 재생에너지 조달 규모를 점차 확대할 방침이다. 카카오는 지난해 발표한 액티브 그린 이니셔티브(Active Green Initiative) 를 토대로 사업 운영 과정에서 이용하는 전체 전력 사용량을 오는 2030년까지 60%, 2040년까지 100% 친환경 에너지로 전환할 계획이다."
2615,opportunity,0.6456,positive,0.9966,에너지 관리,E,E_ENERGY__RENEWABLE_TRANSITION,신재생에너지 전환,0.6477769613265991,"한화솔루션이 친환경 에너지 사업 확대를 위해, SKS크레딧과 손잡고 2500억원 규모의 펀드 조성에 나섰다. 한화솔루션은 이번 협약을 통해 RE1000 달성을 목표로 필요한 재생에너지 수요와 최근 공급에 차질이 생긴 데이터센터 수요에 대응할 계획이다. 한화솔루션은 국내 대표 신재생에너지 기업으로서 신재생에너지 발전과 연계한 친환경 데이터센터와 물류센터 개발 사업을 발굴하고 투자할 계획이며, SKS크레딧은 2500억원 규모의 신규 펀드를 조성해 투자 자금을 조달하고, 최적화된 수익 구조 관리에 주력할 방침이다."
2616,context,0.1877,neutral,0.9971,인적자원 관리,S,S_HR__DIVERSITY_INCLUSION,다양성 및 형평성 (DEI),0.6276213526725769,"국민은행이 시중은행 가운데 처음으로 대출상품에 지속가능연계대출(SLL) 기준을 도입할 계획이다. SLL 기준은 돈을 빌려간 기업이 ESG 경영성과를 충족하면 대출금리를 낮춰주는 방식으로, 거래 중소기업이 에너지 사용량, 폐기물 배출량, 장애인 고용 등 ESG목표를 달성하면 우대금리를 제공하게 된다. 국민은행은 올해 안에 SLL기준을 ESG대출상품인 KB Green Wave ESG 우수기업대출 에 추가하기로 하고, 현재 대한상공회의소에서 구축 중인 SLL전산시스템 이 마무리되기를 기다리고 있다."
2617,context,0.0685,neutral,0.4984,윤리경영·준법,G,G_ETHICS__ANTI_CORRUPTION_COMPLIANCE,반부패 및 컴플라이언스,0.45845478773117065,"현대차가 미국 공급망 내 아동노동에 대한 우려를 해소하기 위해 미국 노동부와 협의 중에 있다. 마이클 스튜어트 미국 노동규제위원회 대변인은 성명에서 공급망 전반에 걸친 컴플라이언스 조치에 초점을 맞추고 있다 며 다시는 이러한 일이 발생하지 않도록 현대차가 몇가지 새로운 조치를 취할 것 이라고 밝혔다. 이에는 미국 공급망 전체에 새로운 고용훈련 프로그램을 실시하고, 구직자 신분증 검증, 익명 제보핫라인 개설, 제3자 인력기관 이용 금지 등이 있다."
2618,context,0.2027,neutral,0.9999,윤리경영·준법,G,G_ETHICS__ANTI_CORRUPTION_COMPLIANCE,반부패 및 컴플라이언스,0.675879180431366,"ISSB는 기후변화가 기업에 어떤 영향을 밝히는지를 위한 기업 기후보고 글로벌 베이스라인 규칙을 승인했다고 로이터가 밝혔다. 이 규칙은 표준 점검 이후 내년 1월부터 시행되고, 2024년 이후 연차보고서에 사용될 예정이다. 영국이나 나이지리아에서 아예 ISSB를 의무도입할 예정이다. 현재 가장 큰 관건은 EU와 미국의 기업 공시 의무화와 연계 부분이다. ISSB와 EU는 규제당국으로부터 컴플라이언스 비용을 증가시키지 않도록 기후관련 정보를 상호운용하라는 강한 압력을 받고 있다고 한다. 이사회는 EU 규칙이 변경될 수 있다는 점을 감안해, ISSB 규칙의 부록에 EU 규칙 사용을 포함시키기로 의결했다."
2619,context,0.1581,neutral,0.9998,윤리경영·준법,G,G_ETHICS__ANTI_CORRUPTION_COMPLIANCE,반부패 및 컴플라이언스,0.5271149277687073,"KPMG의 규제 바로미터에 따르면, 영국과 EU의 금융회사들은 ESG의 다른 룰을 따르도록 커다란 압박을 받고 있다고 로이터가 보도했다. 이 바로미터는 기업 컴플라이언스 계획 수립을 지원하기 위해 영국과 EU간 규제 차이를 추적하는데, 가장 큰 차이는 고객 보호와 시장 접근 등이라고 한다. 영국이 브렉시트 이후 새로운 접근방식을 모색하고, 규제당국이 새로운 경쟁목표를 검토하기 때문으로, ESG 및 지속가능금융의 새로운 요건은 한층 더 큰 차이를 일으킬 가능성이 있다고 한다. KPMG는 데이터, 등급, 제품 라벨 및 탄소시장에 대한 지속가능성 공개 규칙이 EU와 영국에서 나옴에 따라, 지난해 10월 6.9에서 7로 규제 수준이 약간 올렸다."
2620,context,0.1694,neutral,0.9999,에너지 관리,E,E_ENERGY__RENEWABLE_TRANSITION,신재생에너지 전환,0.5646303296089172,"전국경제인연합회(전경련)가 여론조사기관 모노리서치에 의뢰해 매출액 500대 기업 중 100개사의 ESG 실무자를 대상으로 2023 ESG 트렌드 를 조사한 결과를 발표했다. ESG 중 가장 중요한 이슈로는 E(환경)를 꼽은 답변이 82.0%로 가장 많았다. 올해 환경 분야 현안 우선순위는 탄소배출량 감축(47.0%), 신재생에너지 전환(17.1%), 친환경기술 개발(17.1%), 대기 수질오염 관리(9.7%), 순환경제 활성화(9.1%) 등 순이었다."
2621,opportunity,0.4793,positive,0.863,에너지 관리,E,E_ENERGY__RENEWABLE_TRANSITION,신재생에너지 전환,0.5554150342941284,"포스코가 탄소중립 철강 생산으로 전환하기 위한 중간 단계로 전기로 를 신설하기로 했다. 포스코는 20일 열린 이사회에서 6000억원을 투자, 광양제철소에 연산 250만톤 규모의 전기로를 내년 1월 착공해 2026년 가동에 들어갈 계획이라고 밝혔다. 전기로 쇳물은 고로 쇳물에 비해 품질이 떨어지지만, 탄소배출량은 75%까지 줄어든다. 그동안 고로 방식으로만 쇳물을 생산해온 포스코는 탄소배출이 없는 수소환원제철 기술 상용화 전 중간 단계로 전기로를 택한 것이다. 전기로 방식은 전기를 많이 쓴다는 단점이 있지만, 포스코는 재생에너지 직접 전력구매계약(PPA)과 신재생에너지 공급인증서(REC) 구매를 통해 재생에너지 사용을 단계적으로 확대해 나가겠다고 했다."
2622,risk,0.4175,negative,0.9556,에너지 관리,E,E_ENERGY__RENEWABLE_TRANSITION,신재생에너지 전환,0.43688327074050903,"정부가 한국전력공사의 적자를 해소하기 위해 전기료를 가파르게 올리면서, 전력 사용량이 가장 많은 삼성전자의 부담이 급증하고 있다. 한국전력이 새해 들어 산업용 전기요금을 kWh당 13.1원 올리면서, 삼성전자의 2023년 전기료 부담이 2022년보다 3000억원 이상은 증가할 것으로 관측됐다. 전기료 인상은 삼성전자 등의 신재생에너지 전환을 늦추는 요인으로도 작용할 것으로 분석됐다. 만약 삼성전자가 2021년 100% 재생에너지 달성을 위해 신재생에너지공급인증서(REC)를 구매했다고 가정하면 약 1조5000억 원의 추가 비용이 발생하는 것으로 추산된다."
2623,risk,0.4175,negative,0.9556,기후변화·온실가스,E,E_CLIMATE__SCOPE1_2_EMISSION,Scope 1·2 배출량,0.43688327074050903,"정부가 한국전력공사의 적자를 해소하기 위해 전기료를 가파르게 올리면서, 전력 사용량이 가장 많은 삼성전자의 부담이 급증하고 있다. 한국전력이 새해 들어 산업용 전기요금을 kWh당 13.1원 올리면서, 삼성전자의 2023년 전기료 부담이 2022년보다 3000억원 이상은 증가할 것으로 관측됐다. 전기료 인상은 삼성전자 등의 신재생에너지 전환을 늦추는 요인으로도 작용할 것으로 분석됐다. 만약 삼성전자가 2021년 100% 재생에너지 달성을 위해 신재생에너지공급인증서(REC)를 구매했다고 가정하면 약 1조5000억 원의 추가 비용이 발생하는 것으로 추산된다."
2624,context,0.1879,neutral,0.9985,에너지 관리,E,E_ENERGY__RENEWABLE_TRANSITION,신재생에너지 전환,0.627165675163269,"1차산업과 관광산업을 중심으로 RE100(재생에너지 100%) 모델을 확대해 시설하우스에 태양광과 히트펌프를 결합하고, 양식장에는 해수열 활용 히트펌프를 보급한다. 축산 분야에서는 국내 최초 RE100 축산물 출시를 넘어 농가 단위의 실질적인 재생에너지 자급체계를 구축한다."
2625,context,0.0875,neutral,0.9544,에너지 관리,E,E_ENERGY__RENEWABLE_TRANSITION,신재생에너지 전환,0.3057223856449127,리튬 매장량 전 세계 10위인 멕시코가 리튬을 국유재산화하는 법안을 정식으로 공포하고 시행에 들어갔다. 안드레스 마누엘 로페스 오브라도르 대통령은 18일(현지시각) 소노라주 바카데우아치에서 소노라 지역 리튬 채굴보호구역을 선언하는 법안에 서명했다. 이에 따라 소노라주 6개 지역 2348.55 의 리튬 매장지에 대한 탐사 채굴을 국가에서 독점할 수 있게 됐다. 오브라도르 대통령은 이번 결정이 푸에르토 페냐스코 태양광 발전소를 포함해 신재생 에너지 비중을 확대하고 에너지 안보를 강화하려는 약속의 일부라고 설명했다.
2626,opportunity,0.5416,positive,0.9342,기후변화·온실가스,E,E_CLIMATE__SCOPE3_EMISSION,Scope 3 배출량,0.5797415971755981,"BMW그룹은 글로벌 광산기업인 리오 틴토와 저탄소 알루미늄 제공 및 공급망 투명 기술 도입을 합의했다고 밝혔다. BMW는 2030년까지 차량 라이프 사이클 배출량을 전체의 40%까지 감축하는 것을 목표로, 제품의 지속가능한 자재 사용을 증가시키는 이니셔티브를 추진하고 있다. 공급망 배출량을 2030년까지 20% 삭감하려 한다. 리오틴토는 알코아(Alcoa)와 협력해 개발한 ELESIS 기술을 사용해 생산된 알루미늄을 사용하도록 규정하고 있으며, 블록체인 베이스의 솔루션인 리오틴토의 START 테크놀로지를 광산에 도입할 계획이다."
2627,context,0.146,neutral,0.7899,에너지 관리,E,E_ENERGY__RENEWABLE_TRANSITION,신재생에너지 전환,0.6162722706794739,"대한상의는 재생에너지 발전사업자와 직접구매계약(PPA)을 맺은 기업에 적용하는 PPA 전용 전기요금제 개선요청 건의서를 산업부와 한전에 전달했다고 밝혔다. PPA로 인한 비용 증가 및 계약 변경, 중단 등 혼란이 빚어진다는 이유다. PPA를 체결한 기업은 부족한 전력을 한전으로부터 공급받을 때 PPA요금제를 적용하는데, PPA요금제가 재생에너지를 1%만 사용해도 나머지 99% 전력사용량 전체에 적용돼 업계 부담이 크다고 지적했다."
2628,opportunity,0.4166,positive,0.9823,에너지 관리,E,E_ENERGY__RENEWABLE_TRANSITION,신재생에너지 전환,0.4241282343864441,이는 태양광 발전이 대규모로 전력을 공급하면서 가스 발전 의존도를 낮췄기 때문이다. 실제로 2026년 3월 들어 독일에서는 5일 연속 정오 기준 40GW 이상의 태양광 전력이 전력망에 공급됐다. 태양광 발전 설비가 집중적으로 가동되는 낮 시간대에 대규모 전력이 공급되면서 전력 도매가격 상승 압력이 상당 부분 완화된 것이다.
2629,context,0.1912,neutral,0.9995,기후변화·온실가스,E,E_CLIMATE__SCOPE1_2_EMISSION,Scope 1·2 배출량,0.6376031637191772,"서스틴베스트가 유가증권시장 시가총액 상위 200개 기업을 대상으로, 최근 3년 산업 및 개별 온실가스 배출량과 매출액 대비 온실가스 배출량(배출 집약도)을 분석했다. 3년간 온실가스 배출이 가장 많았던 기업은 POSCO홀딩스(포스코)였고, 매출액 대비 온실가스 배출량이 가장 많았던 기업은 쌍용 C E였다 온실가스 배출 리스크와 환경 법규 위반 리스크가 둘 다 높은 수준으로 나타난 기업은 LG화학, POSCO홀딩스, KCC, 롯데정밀화학, 영풍 등 5개 기업이었다."
2630,context,0.1716,neutral,0.9999,에너지 관리,E,E_ENERGY__RENEWABLE_TRANSITION,신재생에너지 전환,0.5719923377037048,오영훈 제주지사는 12일 그린리모델링으로 새단장한 제주시 금산로 주택을 찾아 이같은 계획을 발표했다. 금산로 주택은 도와 도개발공사가 노후 공공임대주택에 태양광과 히트펌프 등 신재생에너지 설비를 도입해 제로에너지건축물(ZEB) 플러스 등급(에너지 자립률 120% 이상) 인증을 받았다.
2631,opportunity,0.6733,positive,0.9998,에너지 관리,E,E_ENERGY__RENEWABLE_TRANSITION,신재생에너지 전환,0.6734498739242554,특히 이번 프로젝트에서 효성중공업은 자체 배터리 관리시스템 소프트웨어를 통해 배터리 제어부터 전력기기 연동까지 아우르는 통합 시스템 제어 기술을 선보인다. 효성중공업은 2024년 신재생에너지 시장의 저명한 리서치 기관인 BNEF(Bloomberg New Energy Finance)의 최우수 ESS 업체(Tier 1)로도 등재되며 글로벌 경쟁력을 입증한 바 있다.
2632,context,0.1823,neutral,0.999,이사회 구조,G,G_BOARD__COMPOSITION_INDEPENDENCE,이사회 구성 및 독립성,0.6082600355148315,"각 이사회 독립성이나 ESG(환경 사회 지배구조) 공시, 지속가능경영 정보 공개 수준도 긍정적으로 평가했다."
2633,context,0.1986,neutral,0.9998,이사회 구조,G,G_BOARD__COMPOSITION_INDEPENDENCE,이사회 구성 및 독립성,0.6622124910354614,"글래스루이스는 후보자들을 검토한 결과, 주주 우려를 초래할 만한 특별한 이슈가 없는 것으로 판단했다. 글래스루이스는 우리금융 이사회 구성이나 감사위원회, 보상위원회, 임원후보추천위원회 등의 운영이 선진 기준에 부합하게 운영되고 있다고 평가했다."
2634,context,0.163,neutral,0.9999,에너지 관리,E,E_ENERGY__RENEWABLE_TRANSITION,신재생에너지 전환,0.5434905886650085,"중국은 탄소제로 산업단지 내 재생에너지 직접연결과 산업구조 개편을 함께 추진하고 있으며 산업단지의 에너지 소비 특성을 고려해 기준을 만들어가고 있다는 점은 우리에게도 중요한 시사점이 된다. 우리도 이와 같이 제조업 중심의 해외 주요 국가들의 산업 탈탄소 전환 및 재생에너지 전환 정책들을 면밀히 살펴보고, 그 효과와 사례들을 참고하여 정책을 마련해나가야 한다."
2635,context,0.1648,neutral,0.9995,에너지 관리,E,E_ENERGY__RENEWABLE_TRANSITION,신재생에너지 전환,0.5495442748069763,"이 중 대표적인 사례로는 내몽골 오르도스에 위치한 멍쑤 경제개발구를 들 수 있다. 멍쑤 개발구는 1000MW 규모의 태양광 발전과 200MW 규모의 에너지저장 시설을 통해 개발구 내 전력 공급을 100% 친환경 에너지로 충당하고 있으며, 이를 통해 전기 요금을 kWh당 0.4위안 (약 85원) 수준으로 낮추는데 성공했다."
2636,context,0.1621,neutral,0.9998,에너지 관리,E,E_ENERGY__EFFICIENCY_CONSUMPTION,에너지 소비 및 효율화,0.5404193997383118,"따라서 중국은 탄소제로 산업단지의 핵심 지표로 에너지 소비량 단위당 탄소배출량 감축을 제시한다. 즉 산업단지의 순 배출량을 완전히 제로(0) 로 만드는 것을 목표로 하기보다는, 단위 에너지 소비당 탄소배출량을 현재 전국 산업단지 평균의 약 10분의 1 수준(약 0.25t tec)으로 낮추는 것을 정책 목표로 설정했다는 점에서 단지별 차이를 고려한 실용적이고 현실적인 방식으로 볼 수 있다."
2637,context,0.1838,neutral,0.9999,에너지 관리,E,E_ENERGY__RENEWABLE_TRANSITION,신재생에너지 전환,0.6128643155097961,"한국 정부는 지역경제 활성화, 재생에너지 중심의 에너지 대전환을 위해 RE100 산단 조성 을 국정과제로 발표하고, 필요한 작업을 추진하고 있다. 지난 2월 RE100 산단 특별법인 재생에너지자립도시법 을 최우선 과제로 추진하겠다는 의지를 밝히기도 했다."
2638,context,0.1862,neutral,0.9998,이사회 구조,G,G_BOARD__COMPOSITION_INDEPENDENCE,이사회 구성 및 독립성,0.620809018611908,"이날 주총에서 롯데홈쇼핑은 이사회 구성을 기존 롯데 측 5명(임원 3명 사외이사 2명), 태광 측 4명(임원 3명 사외이사 1명) 구조에서 롯데 측 6명(임원 3명 사외이사 3명), 태광 측 3명(임원 1명 사외이사 2명)으로 바꿨다. 이사회 구성이 5대4에서 6대3으로 바뀌면서 통상 3분의 2 찬성을 조건으로 하는 특별 결의 등을 롯데 단독으로 의결할 수 있게 됐다."
2639,context,0.1668,neutral,0.9997,이사회 구조,G,G_BOARD__COMPOSITION_INDEPENDENCE,이사회 구성 및 독립성,0.5560464859008789,"롯데홈쇼핑은 이날 열린 정기주총에서 이사회 구성을 기존 롯데쇼핑 측 5명, 태광산업 측 4명에서 각각 6명, 3명으로 변경하는 안건이 원안대로 의결됐다고 밝혔다."
2640,context,0.1593,neutral,0.9999,에너지 관리,E,E_ENERGY__RENEWABLE_TRANSITION,신재생에너지 전환,0.5312017798423767,"재생에너지 최적 조달 전략을 위한 2026년 RE100 기술 전략 컨퍼런스는 3월 16일(월) 17시까지 얼리버드 등록이 가능하며, 자세한 내용은 세미나허브 홈페이지(www.seminarhub.co.kr) 또는 유선으로 문의하면 된다."
2641,context,0.1162,neutral,0.9998,윤리경영·준법,G,G_ETHICS__ANTI_CORRUPTION_COMPLIANCE,반부패 및 컴플라이언스,0.3872867524623871,전자가 기업 활동의 제약요인인 규제와 관련된 컴플라이언스 활동을 보고하는 데 비하여 후자는 기업의 본업인 사업 활동을 보고한다는 점에서 그 성격은 매우 다르다.
2642,context,0.0986,neutral,0.6807,인적자원 관리,S,S_HR__DIVERSITY_INCLUSION,다양성 및 형평성 (DEI),0.4827848970890045,"반도체 업황에 따라 성과급 규모가 크게 달라지는 현금 중심 보상 체계는 사업부별 기여도를 충분히 반영하지 못하고, 이는 형평성 논란과 구성원 간 상대적 박탈감으로 이어지면서 내부 갈등이 재연되는 패턴이 고착화되고 있다."
2643,context,0.0842,neutral,0.5345,인적자원 관리,S,S_HR__DIVERSITY_INCLUSION,다양성 및 형평성 (DEI),0.5249673128128052,"삼성바이오로직스 사례처럼 사업 단위별로 분리된 구조를 갖출 경우, 각 회사의 실적과 기업가치에 연동된 보상 체계를 설계할 수 있어 구성원 간 형평성 논란을 줄일 수 있다는 논리다."
2644,context,0.1631,neutral,0.9999,에너지 관리,E,E_ENERGY__RENEWABLE_TRANSITION,신재생에너지 전환,0.5435538291931152,"기후에너지환경부는 25일 오후 경북 김천시 어모면에서 열리는 삼성물산 김천 그린수소 생산설비 준공식 에 김성환 장관이 참석해 업계 관계자들을 격려하고 수전해 설비, 태양광 발전단지 시설 등을 살펴볼 계획이라고 밝혔다."
2645,context,0.1231,neutral,0.9999,에너지 관리,E,E_ENERGY__RENEWABLE_TRANSITION,신재생에너지 전환,0.41033557057380676,시간대별 전력 가격 격차는 뚜렷하게 나타났다. 가스 발전 의존도가 상대적으로 높은 저녁 시간대 전력 가격은 뛰었다. 실제 저녁 시간대 전력 가격은 MWh(메가와트시)당 248.91유로까지 상승했다. 반면 태양광 발전량이 크게 늘어나는 낮 시간대 전력 가격은 그에 비해 20% 수준을 유지했다. 전력 수요 구조와 발전 믹스의 차이가 가격 형성에 직접적인 영향을 미친 셈이다.
2646,context,0.1541,neutral,0.9926,기후변화·온실가스,E,E_CLIMATE__SCOPE3_EMISSION,Scope 3 배출량,0.5176252126693726,"특히 온실가스 배출의 75 80%를 차지하는 스코프3(Scope 3) 공시를 3년 유예한 점도 핵심 문제로 지적됐다. 주요국은 대부분 1년 내외의 유예기간을 설정하고 있는 반면, 한국은 2031년까지 유예를 허용하면서 글로벌 기준과 괴리가 발생하고 있다는 것이다."
2647,context,0.1868,neutral,0.9998,에너지 관리,E,E_ENERGY__RENEWABLE_TRANSITION,신재생에너지 전환,0.6228499412536621,"이번 컨퍼런스에서는 RE100 수요기업과 PPA를 위한 민간 및 공기업 공급사업자, 정부 기관, 법률사무소 등 국내 최고의 에너지 정책 및 실무 전문가들이 연사로 참여하여 깊이 있는 인사이트를 제공할 예정이다."
2648,context,0.2016,neutral,0.9999,에너지 관리,E,E_ENERGY__RENEWABLE_TRANSITION,신재생에너지 전환,0.6721292734146118,"컨퍼런스 주제는 글로벌 탄소 무역장벽, RPS 정책 변화 및 RE100 시장 전망 기업 RE100 지원을 위한 분산에너지 특구 연계 방안 및 공공의 역할 RE100 이행을 위한 재생에너지 최적 조달전략 등 다양한 주제가 발표된다."
2649,context,0.0726,neutral,0.9837,인적자원 관리,S,S_HR__DIVERSITY_INCLUSION,다양성 및 형평성 (DEI),0.24591366946697235,"공화당의 기업 DEI 이니셔티브에 대한 압력이 증가하는 가운데, 기업들은 이를 축소하기 위해 서두르고 있다."
2650,context,0.2111,neutral,0.9957,에너지 관리,E,E_ENERGY__RENEWABLE_TRANSITION,신재생에너지 전환,0.7068774700164795,"정부가 전체 사용 전력을 무탄소 에너지로 충당하는 CF100(무탄소전원 100% 사용) 연구에 착수했다. 재생에너지 비중이 낮은 국내 여건 특성상 RE100(재생에너지 100% 사용)보다 원전과 수소연료전지까지 포함한 CF100으로 탄소중립 전략을 전환하는 것이 필요하다는 지적이 나오자, 제도 정비를 위한 검토에 들어간 것이다. 정부는 이번 연구용역을 통해 RE100와 CF100의 개념과 국제 동향을 비교하고, 국내 기업들의 이행 가능성 등을 검토할 방침이다."
2651,context,0.1826,neutral,0.9999,에너지 관리,E,E_ENERGY__RENEWABLE_TRANSITION,신재생에너지 전환,0.6088817715644836,"RE100 선언 기업은 빠르게 늘고 있는데, 국내 재생에너지 발전량은 세계 꼴찌 수준이어서 산업계의 우려를 사고 있다. 2020년 기준 한국의 재생에너지 발전 비중은 전체 발전량의 6.3%. 전문가들은 실현 가능성을 따질 게 아니라, 기준과 제도를 바꿔서라도 재생에너지 발전 목표치를 끌어올려야 한다고 조언했다. 환경전문가단체 기후솔루션 은 재생에너지를 받아들일 수 있는 혁신적이고 유연한 전력계통 운영 정책을 내놓을 때라고 강조했다."
2652,opportunity,0.3021,positive,0.5872,에너지 관리,E,E_ENERGY__RENEWABLE_TRANSITION,신재생에너지 전환,0.514431357383728,"세계 최대 청정수소 인프라 투자 플랫폼 Hy24 가 덴마크 신재생에너지 기업과 손잡았다. 양사는 전해조 건설 등 다양한 그린수소 프로젝트를 추진, 북유럽 내 인프라를 구축한다는 방침이다. Hy24에 따르면, 회사는 최근 에버퓨얼(Everfuel) 과 2억유로(약 2788억원) 규모 합작사를 설립했다. 합작사의 최우선 목표는 북유럽에 청정수소 밸류체인을 확보하는 것이라고 한다."
2653,context,0.1933,neutral,0.9969,에너지 관리,E,E_ENERGY__RENEWABLE_TRANSITION,신재생에너지 전환,0.6461758017539978,"유럽연합이 특정 전략적 녹색기술에 대한 허가, 규제 지원, 공공 및 민간자금 조달을 해주기 위한 작업 초안을 작성했다. 이는 EU가 미국 IRA에 대한 자국버전을 실행하는 것으로, EU 그린딜 산업계획의 일환이다. 8가지 지원기술은 태양광 발전 및 태양열, 육상 및 해상풍력, 열펌프 및 지열에너지, 재생수소, 바이오메탄, 핵분열 및 그리드기술 등이다. 여기에 지속가능한 항공연료(SAF)는 잠재적 후보로 분류돼 초안에는 포함되지 않았다."
2654,context,0.1861,neutral,0.9999,인적자원 관리,S,S_HR__DIVERSITY_INCLUSION,다양성 및 형평성 (DEI),0.6202362775802612,"올해 주총 시즌을 관통하는 키워드 중 하나는 바로 여성 사외이사 다. 이번 주총에서 기업들은 저마다 분야에서 전문성을 갖춘 여성 사외이사 신규 선임 안건을 올려 놓고, 이사회 내 다양성 확보에 나서고 있다. 삼성SDI는 이미경 환경재단 대표를, SK이노베이션은 김주연 전P G 한국 부회장을, SKC는 채은미 전 페데스코리아 사장의 사외이사 신규 선임 안건을 제출팼다. 이번 주총에서 SK이노베이션과 SKC의 사외이사 선임안이 통과되면, 두 회사는 사외이사 내 여성 비율 50%를 달성하게 된다."
2655,risk,0.5585,negative,0.9697,에너지 관리,E,E_ENERGY__RENEWABLE_TRANSITION,신재생에너지 전환,0.5759191513061523,"전력구매계약(PPA) 제도가 시행된 지 1년 9개월 동안 실제 계약은 5건만 성사된 것으로 나타났다. 한국전력공사가 중개하는 제3자 PPA 와 함께, 기업 발전사가 직접 거래하는 직접 PPA 도 부진을 면치 못하고 있다. 이런 가운데 대한상공회의소가 한전이 내달 1일 적용할 예정인 PPA 전용요금제 에 문제를 제기하고 나서면서, 관련 요금제에 대한 공방도 점화됐다. 구체적으로 대한상의는 한전의 PPA 전용 요금제에 대해 재생에너지를 1%만 사용해도 나머지 전력사용량 99%에도 적용돼 업계 부담이 크다고 지적했다."
2656,context,0.2122,neutral,0.9998,에너지 관리,E,E_ENERGY__RENEWABLE_TRANSITION,신재생에너지 전환,0.7074617147445679,글로벌 비영리단체 기후그룹(The Cliamte Group)과 기후솔루션 등 환경 단체가 6가지 한국형 RE100 정책 제언을 발표했다. 이들이 제시한 정책 과제는 공정하고 투명한 전력시장 제도 및 정책 환경 마련 국가 재생에너지 목표 상향 기업의 전력구매계약 활성화 장애물 제거 전력망 운영의 유연성 강화 재생에너지 투자 환경 개선 재생에너지 사용 인증서의 투명성 지속가능성 강화 등이었다. 김주진 기후솔루션 대표는 정부가 에너지 생산 방식을 분권화하고 재생에너지도 시장에서 공정하게 경쟁할 수 있도록 보장하라고 촉구했다.
2657,context,0.1401,neutral,0.9996,인적자원 관리,S,S_HR__DIVERSITY_INCLUSION,다양성 및 형평성 (DEI),0.4673176407814026,"플로리다 주지사인 드산티스가 18개 주지사들과 동맹을 결성하고, ESG 운동으로부터 개인을 보호하기 위한 조치와 주 및 주 지역연기금에 대한 ESG를 금지하는 조치를 취하겠다고 밝혔다. 미 공화당 정치인들은 로펌이 ESG 이니셔티브에 대해 고객에게 조언을 제공하는 것을 경고하고 있으며, 기후 및 DEI 관련해 대리투표 자문역할을 압박하고 있다. 바이든은 미 공화당이 퇴직연기금 투자과정에서 ESG 요소를 고려하는 것을 허용하지 못하게 결정한 데 대해 거부권을 행사하겠다고 발표한 바 있다."
2658,opportunity,0.5965,positive,0.9989,윤리경영·준법,G,G_ETHICS__ANTI_CORRUPTION_COMPLIANCE,반부패 및 컴플라이언스,0.5971571207046509,"소니가 글로벌 기업 윤리 연구소 에티스피어 인스티튜트(Ethisphere Institute) 가 선정한 2023 세계에서 가장 윤리적인 기업(World s Most Ethical Companies) 에 5년 연속 선정됐다고 밝혔다. 세계에서 가장 윤리적인 기업 은 거버넌스, 리더십 및 명성, 기업윤리 및 컴플라이언스, 윤리적 기업문화, 환경 및 사회적 영향력의 5가지 범주에 따라 평가에 따라 135개의 기업을 선정했다. 소니는 윤리적 기업문화를 바탕으로 한 혁신 창출 을 핵심 전략으로 삼아온 점이 글로벌 선두주자로 인정받은 계기가 됐다."
2659,context,0.1632,neutral,0.9869,에너지 관리,E,E_ENERGY__RENEWABLE_TRANSITION,신재생에너지 전환,0.5512024164199829,"2021년까지 폭발적으로 증가하던 ESG 펀드 규모가 지난해 주식시장 약세를 반영하며 정체상태를 보인 것으로 나타났다. 하지만 올해는 주주행동주의 열풍이 불면서 ESG 펀드로 자금 순유입이 기대된다. 시장전문가들은 ESG 공시 강화, ESG 채권 지원 확대 등을 추진하고 있는 금융당국의 정책도 시장 전체 수급 개선에 영향을 미칠 것이라고 예상했다. 또 택소노미에 원자력이 추가도고 RE100 확산에 따라 원전, 재생에너지 관련 녹색채권 발행이 증가할 것이라고 에측했다."
2660,context,0.1947,neutral,0.9781,인적자원 관리,S,S_HR__DIVERSITY_INCLUSION,다양성 및 형평성 (DEI),0.6636761426925659,"LG에너지솔루션이 다양성(Diversity), 공정성(Equity), 포용성(Inclusion)을 원칙으로 한 이른바 DEI 정책을 강화하고 있다. 최근 DEI는 기업의 지속가능성 확보를 위한 필수 요소로 떠오르고 있다. LG에너지솔루션은 다양성과 공정성을 중요 요소로 두어 인사관리를 진행하고 있따. 먼저 국내 사업장에서 장애인 의무고용률 충족에 그치지 않고 장애인 고용을 단계적으로 늘려나가고 있다. 미국 사업장에서는 소수 인종 고용도 확대하고 있어. 아울러, 여성 임직원 비율을 단계적으로 확대하고 있다."
2661,context,0.1899,neutral,0.9997,에너지 관리,E,E_ENERGY__RENEWABLE_TRANSITION,신재생에너지 전환,0.6332718729972839,"에너지 IT 기업 해줌이 최대 70% 정부 보조금을 활용하여, 자가소비형 태양광 설비를 설치할 수 있는 기업 탄소중립 컨설팅을 제공한다. 자가소비형 태양광은 기업에서 직접 신재생에너지 전력을 사용할 수 있어 기업에서 선호하는 방법이다. 해줌은 기업의 비용 부담을 해결하고자 정부지원사업과 연계, 최대 70%까지 저렴하게 태양광 설비를 설치할 수 있도록 도와준다. 이번 사업을 통해 1MW 태양광 설치 시 연간 약 2억원의 전기요금 및 탄소배출권 비용이 절감되는 등 전기요금 절감의 효과를 기대할 수 있다."
2662,opportunity,0.565,positive,0.9809,에너지 관리,E,E_ENERGY__EFFICIENCY_CONSUMPTION,에너지 소비 및 효율화,0.576015055179596,"네이버의 ESG(환경 사회 지배구조) 경영이 주목받고 있다. 네이버의 데이터센터 각 은 친환경탄소 저감 기술을 고도화하고 있는 대표적인 사례다. 친환경 탄소저감 기술은 현재 세종시에 건축 중인 아시아 최대 규모의 제2 데이터센터 각 세종 에도 적용될 예정이다. 각 세종의 용량이 각 춘천보다 6배 더 큰 점을 고려하면 에너지 절감 효과, 탄소배출 감소 효과도 아시아 최대가 될 전망이다."
2663,context,0.2054,neutral,0.9962,에너지 관리,E,E_ENERGY__RENEWABLE_TRANSITION,신재생에너지 전환,0.6873349547386169,RE100 캠페인을 벌이고 있는 영국의 클라이밋그룹이 2050 탄소중립 녹색성장을 추진 중인 한국 정부에 재생에너지 목표 상향과 투자환경 개선 등을 당부했다. 클라이밋 그룹은 현재 한국 정부 계획으로는 어떤 기업도 RE100 목표 달성이 불가능할 것이라고 지적했다. 이들은 공정하고 투명한 전력시장 제도 및 정책 환경 마련 2050 탄소중립 목표에 부합하는 국가 재생에너지 목표 상향 기업의 전력구매계약 활성화 장애물 제거 전력망 운영의 유연성 공공성 강화 재생에너지 투자 환경 개선 재생에너지 사용 인증서의 투명성 지속가능성 강화 등을 제시했다.
2664,opportunity,0.6654,positive,0.9983,기후변화·온실가스,E,E_CLIMATE__CLIMATE_GOVERNANCE_INVENTORY,기후 거버넌스·인벤토리,0.6665140390396118,SK에코플랜트가 탄소회계 솔루션 개발 기업인 엔츠(AENTS)와 탄소배출량 진단 및 감축 서비스 제공 을 위한 업무협약을 체결했다. 엔츠는 고객이 시나리오별 탄소 감축 예상치를 확인하여 직접 해결할 수 있는 종합솔루션을 제공한다. 이번 협약을 통해 양사는 엔츠가 보유한 탄소회계 기반 탄소배출 관리 솔루션 고도화에 착수할 계획이다. SK에코플랜트는 새로운 기능에 대한 공동 기획과 테스트를 위한 파일럿 대상 데이터를 제공하는 역할을 맡을 예정이라고 밝혔다.
2665,context,0.211,neutral,0.999,에너지 관리,E,E_ENERGY__RENEWABLE_TRANSITION,신재생에너지 전환,0.7040417194366455,"정부가 K-RE100 제도를 확정한 후 첫 지원책을 내놓았다. 그간 RE100은 민간의 자발적인 운동이라는 이유로 정부 지원 대상에서 배제됐지만, 올해 500억원의 장기저리 융자금 지원에 나섰다. 산업부는 30일 2023년 신재생에너지 정부 장기저리 융자 사업을 실시한다고 밝혔다. 대상은 RE100 이행 선언을 한 기업이 재생에너지를 확충하는 경우 계통 안정화 요건에 부합하는 인버터로 교체한 태양광 산업단지 지붕태양광 도심 건물에 태양광발전사업자 건물일체형 태양광발전사업자와 영농형 태양광 저수지 수상태양광이다. 예산은 RE100에 배정된 500억원을 포함해 4623억원 규모이다."
2666,context,0.2054,neutral,0.9999,에너지 관리,E,E_ENERGY__RENEWABLE_TRANSITION,신재생에너지 전환,0.6847547292709351,"대한상공회의소(이하 대한상의) 그린에너지 지원센터는 이달부터 중소 중견기업의 탄소중립 이행을 위한 맞춤형 지원에 나선다고 4일 밝혔다. 그린에너지 지원센터는 콜센터를 통해 제도 설명과 상담 등 기초컨설팅을 제공한다. 심화컨설팅을 희망하는 기업에 현장 방문도 제공한다. 또, 재생에너지 수요-공급 기업 간 필요 전력량과 발전량 정보를 확인하고 양측의 전력 거래를 연결하기로 했다. 구체적인 매칭 시스템은 올해 하반기에 공개된다. 아울러, 대한상의는 중소 중견기업의 재생에너지 비용을 지원하기 위해 1년간 전력구매계약(PPA) 망사용료를 지원한다. PPA 망사용료 지원사업은 PPA를 체결한 중소 중견기업이 한전에 납부하는 송 배전망 사용료를 1년간 전액 지원하는 것이다."
2667,context,0.2146,neutral,0.9999,에너지 관리,E,E_ENERGY__RENEWABLE_TRANSITION,신재생에너지 전환,0.7154955863952637,"산업통상자원부는 2023년 신재생에너지 보급지원사업을 공고하고 신청 접수를 받는다고 3일 밝혔다. 산업부는 올해 보급지원사업의 주요 추진방향을 원별 보조율 및 지원대상 조정으로 비용효율적인 지원 자발적 재생에너지 사용 투자기업 등 우대 공공임대주택, 복지시설, 소상공인 등 에너지 취약부문 지원 강화 수요자 편의 제고 및 사후관리 강화 등 4가지로 제시했다. 이 사업의 올해 예산규모는 총 2447억원이다. 특히 건물 지원에선 기업의 자발적 재생에너지 사용 투자 촉진에 방점을 둔다. 재생에너지 전력구매계약(PPA) 등 재생에너지 사용 확인 기업 또는 에너지효율혁신 선도기업(KEEP )을 우대하는 방식이다."
2668,opportunity,0.701,positive,0.9998,에너지 관리,E,E_ENERGY__RENEWABLE_TRANSITION,신재생에너지 전환,0.7011389136314392,"미래에셋증권이 지난 3월, 테라파워 주식회사와 2MW 태양광 장기전력구매계약(직접PPA 전환부)을 체결한 것으로 확인됐다. 미래에셋증권 관계자는 이번에 체결한 두번째 REC구매계약은 당사 IB와의 시너지로 창출된 결과라는 점에 더 의미가 크다고 말했다, 향후 재생에너지 프로젝트 추진 시 IB와의 시너지를 고려해 궁극적으로는 재생에너지 시장의 기반 조성을 위해 노력할 계획이라고 설명했다. 미래에셋증권은 지난 2021년 9월, 국내 금융업 최초로 글로벌 RE100 가입을 완료했고 2025년까지 총 전력 사용량의 100%를 신재생에너지로 전환할 계획을 수립한 바 있다."
2669,opportunity,0.701,positive,0.9998,기후변화·온실가스,E,E_CLIMATE__SCOPE1_2_EMISSION,Scope 1·2 배출량,0.7011389136314392,"미래에셋증권이 지난 3월, 테라파워 주식회사와 2MW 태양광 장기전력구매계약(직접PPA 전환부)을 체결한 것으로 확인됐다. 미래에셋증권 관계자는 이번에 체결한 두번째 REC구매계약은 당사 IB와의 시너지로 창출된 결과라는 점에 더 의미가 크다고 말했다, 향후 재생에너지 프로젝트 추진 시 IB와의 시너지를 고려해 궁극적으로는 재생에너지 시장의 기반 조성을 위해 노력할 계획이라고 설명했다. 미래에셋증권은 지난 2021년 9월, 국내 금융업 최초로 글로벌 RE100 가입을 완료했고 2025년까지 총 전력 사용량의 100%를 신재생에너지로 전환할 계획을 수립한 바 있다."
2670,context,0.2119,neutral,0.9999,에너지 관리,E,E_ENERGY__RENEWABLE_TRANSITION,신재생에너지 전환,0.7065953016281128,"산업계 탄소 배출량 감축 부담을 덜어준 제1차 국가 탄소중립 녹색성장 기본계획이 사실상 확정됐다. 이날 확정된 기본계획안은, 전 정부 때 상향된 국가온실가스감축목표(NDC)는 유지하면서 산업계 탄소 배출량 감축 몫은 줄인 것을 골자로 한다. 탄녹위에서 의결된 기본계획안에는 초안과 달라진 부분도 있다. 구체적으로 기후변화 적응법 제정 추진 민관 합동 기후테크 육성 종합 전략 마련 저탄소 연료(E-fuel 등) 개발로 무공해차 전환 가속 페트병 등 최종제품 재생원료 사용 목표율 설정 중앙 지방 간 역할분담 협력방안 마련 재생에너지 보급 지역 계획 수립 학교 내 신재생에너지 설비 설치 등이 추가됐다."
2671,context,0.1904,neutral,0.9252,윤리경영·준법,G,G_ETHICS__ANTI_CORRUPTION_COMPLIANCE,반부패 및 컴플라이언스,0.6858909130096436,"글로벌 메이저 발전사 이베르드롤라가 올해부터 전체 구매액의 85% 이상을 ESG 기준을 달성한 협력업체로부터 공급받는다는 약속을 발표했다. 이는 약 2만개의 협력업체, 총 180억 유로에 적용되는 약속이다. 이전 목표는 전체 협력업체의 70%, 100만 유로에 해당되는 곳과 ESG 공급망 계약을 한다는 것이었다. 이베르드롤라의 글로벌 공급망 지속가능성 평가모델은 SDGs와 관련 목표, 기후변화 리스크 관리, 순환경제 전략, 인권 실사, 컴플라이언스, 거버넌스와 비즈니스 윤리 등이 요구된다."
2672,context,0.1884,neutral,0.9994,에너지 관리,E,E_ENERGY__EFFICIENCY_CONSUMPTION,에너지 소비 및 효율화,0.628326952457428,"글로벌 화학기업 바스프가 오는 4월 17 20일 중국 선전에서 개최되는 국제 플라스틱 및 고무 무역박람회 차이나플라스(CHINAPLAS) 2023에 참가한다고 밝혔다. 바스프는 이번 박람회에서 플라스틱의 수명주기를 이루는 3단계인 MAKE(생산), USE(사용), RECYCLE(재활용)의 각 단계에서 시장을 선도하며 탄소 감축에 기여하는 제품과 솔루션을 소개했다. MAKE에서는 재활용된 공급 원료를 사용해 플라스틱의 제조 방식을 개선하고 USE에서는 에너지 효율 개선 및 제품 수명 주기 연장 등을 통해 플라스틱의 성능을 향상시킨다. 또 RECYCLE(재활용) 단계에서는 화학적 재활용 프로젝트인 ChemCyclingTM(켐사이클링)으로 순환경제로의 전환을 가속화한다고 밝혔다."
2673,context,0.1431,neutral,0.8967,안전보건,S,S_SAFETY__OCCUPATIONAL_HEALTH_MANAGEMENT,사업장 안전보건 관리체계,0.5320897102355957,"열분해유 추출 기술 스타트업 웨이스트에너지솔루션이 롯데벤처스로부터 30억 원 규모의 전략적 투자를 유치했다. 웨이스트에너지솔루션은 열분해유 분야에서는 유일하게 한국산업안전관리공단의 공정안전보고서(PSM, Process Safety Management) 심사를 통과해 기술력을 인정받았다. 웨이스트에너지솔루션은 정제 플랜트를 도입해 나프타와 중질유 등 고순도 열분해유를 생산하고 이를 롯데케미칼에 우선 공급할 예정이며, 전략적 제휴를 통해 폐플라스틱으로부터 다양한 화학 원료를 추출할 수 있도록 열분해 기술을 고도화할 계획이다."
2674,context,0.198,neutral,0.9999,에너지 관리,E,E_ENERGY__EFFICIENCY_CONSUMPTION,에너지 소비 및 효율화,0.6599445939064026,"중견기업들이 향후 5년간 매년 에너지 사용량 1%를 감축하겠다고 선언했다. 산업통상자원부와 한국중견기업연합회는 13일, 에너지 위기 극복을 위해 70여 명의 중견기업 대표가 참석한 가운데 에너지 효율혁신 및 절약 선포식 을 개최했다. 중견기업계는 자체적으로 에너지절감 이니셔티브를 수립해 회사별로 온실가스 에너지 절감목표를 마련하고, 생산설비 효율화, 폐열 활용 및 수요관리와 관련된 투자 사업을 구체화해 나갈 계획을 공개했다."
2675,opportunity,0.5712,positive,0.9883,에너지 관리,E,E_ENERGY__RENEWABLE_TRANSITION,신재생에너지 전환,0.5779854655265808,"직접 전력거래계약(PPA) 요금제 도입을 두고 진통이 이어지고 있다. PPA 요금제가 산업용 전력 요금제에 비해 비싸 기업들이 반발하고 있기 때문이다. 한전은 PPA 요금제 도입이 담긴 기본공급약관 시행세칙 개정안 시행을 6월 30일까지 유예했다. PPA 요금제는 기본요금이 kWh당 9980원으로 산업용(6630원)보다 50.5%나 높고, 재생에너지를 1%만 쓰는 사업자더라도 PPA 요금제가 적용된다는 내용 때문이다. 그동안 도입 실적이 저조했던 PPA 제도가 이번 요금제 도입으로 더 위축될 것이라는 우려가 나오고, 환경단체는 PPA 요금제가 자칫 재생에너지 확대를 막는 장치가 될 수 있다고 보고 있다."
2676,context,0.1724,neutral,0.9987,이사회 구조,G,G_BOARD__COMPOSITION_INDEPENDENCE,이사회 구성 및 독립성,0.5753916501998901,"한국전력공사가 박충근 전 전력노조 정책국장을 첫 노동이사로 선임됐다. 3일 금융감독원 전자공시시스템에 따르면, 한전은 박 전 국장과 김준기 서울대 행정대학원 행정학과 교수를 사외이사로 신규 선임됐다. 임기는 2025년 5월까지로 총 2년이다. 박 전 국장은 공공기관의 운영에 관한 법률 제 25조(공기업 임원의 임면) 3항에 따라 선임된 노동이사로, 한전에서는 처음으로 선임된 노동이사다. 이번 신규 선임으로 한전의 등기이사는 15명, 사외이사는 8명이 됐다. 사외이사 비율은 53.3%이다."
2677,context,0.205,neutral,0.9507,안전보건,S,S_SAFETY__OCCUPATIONAL_HEALTH_MANAGEMENT,사업장 안전보건 관리체계,0.7189458012580872,"현대자동차가 한국경영자총협회(경총)와 협력, 중대재해 예방 위험성 평가 개선 추진단을 출범했다고 3일 밝혔다. 민간기업이 경제단체와 함께 외부 전문가로 자문단을 구성해 위험성 평가 체계 개선을 진행하는 것은 이번이 국내 첫 사례다. 추진단은 앞으로 현대차 생산공장과 연구소, 하이테크센터 등 전 사업장의 현 안전관리 체계의 장단점을 분석하고, 울산공장과 전주공장에 대한 위험성 평가를 실시해 최적의 위험성 평가 업무표준 및 매뉴얼을 제작할 계획이다."
2678,opportunity,0.5145,positive,0.9998,에너지 관리,E,E_ENERGY__RENEWABLE_TRANSITION,신재생에너지 전환,0.5146437287330627,"한화에너지 호주법인의 전력 소매 사업 브랜드 넥타(Nectr)가 컴벌랜드 시의회에 10년 동안 청정 전력을 공급하는 계약을 수주했다. 한화에너지는 태양광 발전에 이어 리테일 사업에서도 두각을 나타내 호주 시장에서 입지를 다지고 있다. 한화에너지 호주법인은 청정 전력을 제공해 컴벌랜드시의 탄소 감축을 돕는 한편, 이번 계약을 기점으로 컴벌랜드시에서 추가 사업 기회 발굴에 나설 것이라고 밝혔다."
2679,opportunity,0.6639,positive,0.9998,에너지 관리,E,E_ENERGY__RENEWABLE_TRANSITION,신재생에너지 전환,0.6639857292175293,"SK E S가 글로벌 화학기업 바스프에 재생에너지로 생산된 전기를 공급한다. SK E S는 바스프와 지난달 18일 재생에너지 직접전력구매계약(PPA)을 위한 거래협정서를 체결했다고 밝혔다. 이번 계약으로 SK E S는 2025년부터 20년간 바스프에 재생에너지로 생산된 전기를 공급한다. 바스프는 한국 사업장에서 2025년 기준 필요 전력의 약 16%를 재생에너지로 대체할 계획이다. 이를 통해 2045년까지 총 90만t에 이르는 온실가스 감축 효과를 거둘 수 있을 것으로 기대된다. SK E S는 약 3기가와트(GW) 이상의 국내외 재생에너지사업을 운영 개발 중이며, 2025년까지 이를 7GW 규모로 확대한다는 계획이다."
2680,opportunity,0.6622,positive,0.9751,에너지 관리,E,E_ENERGY__RENEWABLE_TRANSITION,신재생에너지 전환,0.6790935397148132,"LG전자가 글로벌 RE100 이니셔티브 가입을 신청했다. 점점 커지는 환경 사회 지배구조(ESG) 경영 요구에 대응하는 것으로, LG전자 제품 생산과 유통 전반에서 신재생에너지 사용과 에너지 절감 노력이 속도를 낼 전망이다. LG전자는 최근 RE100 가입 신청절차를 마치고, 주관기관인 더클라이밋그룹에서 내용을 검토 중이라고 밝혔다. RE100 가입 신청과 검토, 승인까지 최소 3개월에서 5 6개월 소요되는 것을 감안하면, 오는 6 7월께 가입 승인 여부가 결정될 것으로 예상된다."
2681,opportunity,0.6622,positive,0.9751,에너지 관리,E,E_ENERGY__EFFICIENCY_CONSUMPTION,에너지 소비 및 효율화,0.6790935397148132,"LG전자가 글로벌 RE100 이니셔티브 가입을 신청했다. 점점 커지는 환경 사회 지배구조(ESG) 경영 요구에 대응하는 것으로, LG전자 제품 생산과 유통 전반에서 신재생에너지 사용과 에너지 절감 노력이 속도를 낼 전망이다. LG전자는 최근 RE100 가입 신청절차를 마치고, 주관기관인 더클라이밋그룹에서 내용을 검토 중이라고 밝혔다. RE100 가입 신청과 검토, 승인까지 최소 3개월에서 5 6개월 소요되는 것을 감안하면, 오는 6 7월께 가입 승인 여부가 결정될 것으로 예상된다."
2682,opportunity,0.3281,positive,0.5402,기후변화·온실가스,E,E_CLIMATE__SCOPE1_2_EMISSION,Scope 1·2 배출량,0.6074593663215637,"MSCI의 신규 보고서에 따르면, 스코프3 배출량 공개를 하는 상장기업이 3분의 1 이상으로 증가했다. 탈탄소를 약속한 기업 또한 증가했으나, 하지만 기업의 기후 공약에도 불구하고 올해 기업의 직접 배출량은 감소하지 않았고, 결국 1.5도 목표 달성에 필요한 배출량을 크게 초과한다고 밝혔다. 특히 유럽과 미국 등에서 향후 몇 년 내에 기후공시 의무화 도입에 따라, 스코프3 배출량 보고가 더욱 보편화되는 가운데, 상장기업의 35%가 스코프3를 공개했고, 44%는 탈탄소 목표를 설정했다. 이 목표 중 30%만이 넷제로 목표를 포함하고, 17%만 1.5도 경로와 일치하고 있는 상황이다."
2683,context,0.2199,neutral,0.9999,에너지 관리,E,E_ENERGY__RENEWABLE_TRANSITION,신재생에너지 전환,0.7331351637840271,"박성우 한국에너지공단 신재생에너지센터 신재생정책실장이 10일, 2023 세계에너지포럼 에서 탄소국경조정제도에 대응하며 국내 기업의 RE100 이행을 지원하기 위한 다양한 방안을 제시했다. 박성우 실장은 연 2회 진행되고 있는 산업부의 녹색프리미엄 입찰주기를 연 3회로 확대해 기업의 참여 문턱을 낮춰야 한다고 제안했다. 또, 신재생에너지 공급인증서(REC) 활성화 차원에서 중개사업자를 통한 1대 다수의 REC 계약 방식 도입, REC 거래시장 개장 주기 확대(월 2회 4회) 등도 과제로 제시했다."
2684,opportunity,0.5322,positive,0.8604,에너지 관리,E,E_ENERGY__RENEWABLE_TRANSITION,신재생에너지 전환,0.6184931993484497,"삼성전자가 한국에너지기술연구원(에기연)과 업무협약을 맺고 재생에너지 연구개발 확대에 나선다. 다양한 에너지원을 혼합 사용하는 에너지믹스 기술을 개발하고 재생에너지 통합솔루션을 구현할 계획이다. 태양광 발전, 태양열, 지열, 수열 및 폐열 등 재생 열에너지도 함께 활용할 예정이다. 삼성전자 사업장은 소비 에너지 중 20-40%는 열로 소비되고 있어 전기와 열 에너지의 유기적 결합이 필요하다. 통합솔루션에는 섹터 커플링 기술이 확용되는데, 출력이 불안정한 재생에너지를 다른 에너지 시스템과 연계해 전기와 열 에너지 변환, 저장, 활용 효율을 높일 계획이다."
2685,context,0.1351,neutral,0.7674,에너지 관리,E,E_ENERGY__RENEWABLE_TRANSITION,신재생에너지 전환,0.5867649912834167,"미국 스타트업들이 신재생 에너지 재활용 사업에 박차를 가하고 있다고 CNBC가 보도했다. 미국의 태양광 패널 재활용 스타트업 솔라사이클(Solarcycle)은 텍사스에 재활용 시설을 건설해 폐기된 태양광 패널의 95%를 회수하고 공급망에 재투입하고 있다. 회수된 은과 구리는 상품 시장에서 판매하고 유리, 실리콘 및 알루미늄은 패널 제조업체와 태양광 발전소 운영자들에게 판매하는 식이다. 연구 회사 라이스타드 에너지(Rystad Energy)는 이러한 시장이 오는 2030년에는 27억달러(약 3조5000억원) 이상의 가치를 지니며, 2050년에는 800억달러(약 105조9000억원)에 이를 것으로 예상했다."
2686,context,0.1434,neutral,0.9998,ESG 데이터 거버넌스,G,G_DATA_GOVERNANCE__ESG_DATA_CONTROL,ESG 데이터 내부통제,0.478181391954422,"유럽 인공지능(AI) 법안이 유럽의회의 주요 위원회에서 승인돼, AI 규제의 중요한 이정표를 세웠다고 CNBC가 전했다. 유럽 AI 법안은 서구에서 처음으로 제정된 AI 시스템을 위한 법률이다. 이 법은 AI를 위험도에 따라 4단계로 분류하고, 불허할 수 있는 위험한 응용 프로그램을 기본적으로 금지하는 위험 기반 접근 방식을 취한다. 법에 따르면, 거대 언어 모델(LLM) 개발자들은 모델을 공개하기 전 안전 검사, 데이터 거버넌스 조치 및 위험 완화를 적용해야 한다. 개발자들은 시스템을 교육하는 데 사용되는 훈련 데이터가 유럽의 저작권법을 위반하지 않도록 주의해야 한다."
2687,context,0.142,neutral,0.9949,에너지 관리,E,E_ENERGY__RENEWABLE_TRANSITION,신재생에너지 전환,0.47570955753326416,"미국 정부가 자국에 지은 태양광 등 재생에너지 시설과 미국산 부품에 최대 40%의 세제 혜택을 제공하는 법안을 내놓았다. 미국 재무부는 인플레이션감축법(IRA)과 관련해, 국내 콘텐츠 보너스 (domestic content bonus) 규정을 공개했다. 해당 규정은 태양광 발전 시설에 미국 현지에서 생산된 모듈 인버터 등의 부품을 40% 이상 사용할 경우, 10% 세제 혜택을 추가하도록 한다. 미국에 짓는 태양광 풍력 등 재생에너지 시설에 제공하는 30% 세액공제와 더하면, 최대 40%까지 보조금 혜택을 받는 셈이다. 현재 미국에서 3조2000억원을 들여 태양광 통합 생산단지를 구축하고 있는 한화솔루션 큐셀부문(한화큐셀)이 직접적 혜택을 입는다는 전망도 나왔다."
2688,context,0.2111,neutral,0.9944,에너지 관리,E,E_ENERGY__RENEWABLE_TRANSITION,신재생에너지 전환,0.7075982689857483,"정부가 수출 부진을 타개하기 위해 재생에너지 산업 수출 활성화를 추진한다. 우선, 국가온실가스감축 목표(NDC) 국제감축사업을 위해 태양광 풍력을 중심으로 국제감축 대상국에 재생에너지 시장개척단을 구성 운영하는 등 해외진출사업을 집중 지원한다. 해외 신재생에너지 발전사업을 대상으로 약 2000억원 규모의 글로벌 녹색수출보험(Global Green Credit)을 마련, 해외프로젝트 관련 국내 기업의 금융조달도 지원할 예정이다. 아울러, 태양광 산업 글로벌 경쟁력 확보와 공급망 강화를 추진한다. 건물일체형태양광(BIPV), 영농형, 수상형 등 수출 유망분야의 5대 품목 중심으로 제품개발과 연계한 수출성과를 창출하고, 해외인증 취득비용 지원 강화에 나설 계획이다."
2689,context,0.1857,neutral,0.9987,기후변화·온실가스,E,E_CLIMATE__SCOPE1_2_EMISSION,Scope 1·2 배출량,0.6196772456169128,"호주 의회가 기후대응을 강화하는 법안을 통과시키면서, 바로사-칼디타(이하 바로사) 가스전 공동 사업자인 SK E S의 부담이 커질 것이라는 호주 정책연구소 자료가 나왔다. 호주 의회와 정부는 지난 3월 말 연방법인 세이프가드 메커니즘을 개정했다. 개정된 법안에서는 새로 개발되는 가스전은 가스 채굴 과정에서 대기로 유출되는 저류층 이산화탄소 배출량을 0으로 만들고, 그 외 가스전 관련 온실가스 직접 배출량을 연간 4.9% 감축해야 한다. 바로사 가스전 반대 운동을 해 온 기후솔루션 등 국내외 환경단체들은 호주 정부의 기류 변화에 따라 가스전 사업자들뿐 아니라 금융 지원을 한 공적 금융 기관들의 부담도 커질 것이라고 경고했다. SK E S는 이미 선제적으로 대응해 문제가 없을 것 이라고 반박했다."
2690,context,0.145,neutral,0.9669,기후변화·온실가스,E,E_CLIMATE__SCOPE1_2_EMISSION,Scope 1·2 배출량,0.49989861249923706,"세계은행과 탄소정보공개프로젝트(CDP)가 발간한 보고서에 따르면, 157개 다국적 대기업의 직접 활동과 공급망이 전 세계 산업부문 배출량의 최대 60%를 차지했다. 이들 대기업이 직접 배출하는 비중은 10%이지만, 공급망을 통한 간접 배출량이 산업부문의 절반 비중을 차지했다. 탄소배출의 절대적 비중을 차지하는 157개 대기업 가운데, 생산 공급망의 탈탄소화를 선언한 곳은 많지 않았다. 2050년까지 넷제로를 선언한 곳은 157개 대기업 가운데 25%에 불과했다. 장기전략을 현실화하기 위한 구체적인 투자계획이 없다는 것도 문제다. 보고서는 2050년까지 넷제로를 달성하기 위한 자본 배분 전략을 가지고 있는 대기업은 단 한 곳도 없다고 했다."
2691,opportunity,0.6543,positive,0.9974,에너지 관리,E,E_ENERGY__RENEWABLE_TRANSITION,신재생에너지 전환,0.6559700965881348,"카카오가 탄소중립 달성을 위해 글로벌 이니셔티브 RE100 에 가입했다고 밝혔다. 이번 RE100 가입을 기점으로 카카오는 신규 데이터센터(IDC)와 사옥 등 사업 운영 과정에서 발생하는 전체 전력 사용량을 오는 2030년까지 60%, 2040년까지 100% 재생에너지로 전환할 계획이다. 더불어, 재생에너지 자문위원단을 구축해 RE100 추진과 함께 탄소 감축에 대한 사회적 가치를 확대할 수 있는 방법을 꾸준히 모색해 갈 예정이다. 카카오는 2022년 4월 기후위기 대응 원칙을 수립하고 환경 문제 해결을 위해 적극적인 역할을 다하고자 하는 의지를 담은 액티브 그린 이니셔티브(Active Green initiative) 를 발표하여, 2040년 탄소중립을 공표한 바 있다."
2692,opportunity,0.6543,positive,0.9974,기후변화·온실가스,E,E_CLIMATE__SCOPE1_2_EMISSION,Scope 1·2 배출량,0.6559700965881348,"카카오가 탄소중립 달성을 위해 글로벌 이니셔티브 RE100 에 가입했다고 밝혔다. 이번 RE100 가입을 기점으로 카카오는 신규 데이터센터(IDC)와 사옥 등 사업 운영 과정에서 발생하는 전체 전력 사용량을 오는 2030년까지 60%, 2040년까지 100% 재생에너지로 전환할 계획이다. 더불어, 재생에너지 자문위원단을 구축해 RE100 추진과 함께 탄소 감축에 대한 사회적 가치를 확대할 수 있는 방법을 꾸준히 모색해 갈 예정이다. 카카오는 2022년 4월 기후위기 대응 원칙을 수립하고 환경 문제 해결을 위해 적극적인 역할을 다하고자 하는 의지를 담은 액티브 그린 이니셔티브(Active Green initiative) 를 발표하여, 2040년 탄소중립을 공표한 바 있다."
2693,context,0.1784,neutral,0.9998,에너지 관리,E,E_ENERGY__EFFICIENCY_CONSUMPTION,에너지 소비 및 효율화,0.5947188138961792,"서울시가 전국 최초로 공공자전거를 활용해 온실가스 배출권 확보에 나섰다. 시와 티머니는 공공자전거 따릉이 사업을 환경부 상쇄등록부 시스템에 외부사업으로 등록해 온실가스 배출권을 거래하고 수익을 활용하는 방안에 대한 업무협약을 체결할 예정이라고 밝혔다. 시는 오는 2024년 온실가스 감축분부터 해당 배출권을 탄소거래 시장에서 거래할 계획이다. 감축량은 따릉이를 이용한 이동 거리에 연료 사용량, 화석연료 배출계수 등을 곱해 산정된다. 사업 운영으로 발생하는 온실가스 사업 배출량을 반영한다면, 연간 수백 톤의 배출량을 감축할 것으로 전망된다. 시는 이를 통해, 매년 수백만 원의 수준의 판매수익을 확보할 것으로 기대하며, 판매 수익을 따릉이 재배치 마일리지 등으로 다시 시민에게 환원할 계획이라고 밝혔다."
2694,context,0.1784,neutral,0.9998,기후변화·온실가스,E,E_CLIMATE__CLIMATE_GOVERNANCE_INVENTORY,기후 거버넌스·인벤토리,0.5947188138961792,"서울시가 전국 최초로 공공자전거를 활용해 온실가스 배출권 확보에 나섰다. 시와 티머니는 공공자전거 따릉이 사업을 환경부 상쇄등록부 시스템에 외부사업으로 등록해 온실가스 배출권을 거래하고 수익을 활용하는 방안에 대한 업무협약을 체결할 예정이라고 밝혔다. 시는 오는 2024년 온실가스 감축분부터 해당 배출권을 탄소거래 시장에서 거래할 계획이다. 감축량은 따릉이를 이용한 이동 거리에 연료 사용량, 화석연료 배출계수 등을 곱해 산정된다. 사업 운영으로 발생하는 온실가스 사업 배출량을 반영한다면, 연간 수백 톤의 배출량을 감축할 것으로 전망된다. 시는 이를 통해, 매년 수백만 원의 수준의 판매수익을 확보할 것으로 기대하며, 판매 수익을 따릉이 재배치 마일리지 등으로 다시 시민에게 환원할 계획이라고 밝혔다."
2695,context,0.2016,neutral,0.9997,에너지 관리,E,E_ENERGY__RENEWABLE_TRANSITION,신재생에너지 전환,0.6721004247665405,"이달 중으로 2000억원 이상 규모 RE100 전용 모펀드가 출범한다. 에너지공단은 이달 중으로 RE100 전용 투자펀드인 기업 재생에너지 펀드 모펀드 위탁운용사를 선정했다. 에너지공단이 녹색프리미엄 재원으로 마련한 2000억원에 민간 투자기관의 추가 출자금을 더해 최종 모펀드가 결성된다. 하위펀드 최종 결성 목표 금액은 4000억원으로, 투자기업을 미리 정하지 않고 펀드를 우선 결성하는 블라인드펀드가 약 2400억원, 투자기업을 정한 뒤 결성하는 프로젝트펀드가 1600억원 규모로 나뉜다. 주요 투자 대상은 재생에너지 조달용 직접 전력구매계약(PPA), 신재생에너지공급인증서(REC) 장기계약을 위한 국내 태양광, 풍력 발전사업 부문이다."
2696,context,0.1925,neutral,0.9258,에너지 관리,E,E_ENERGY__RENEWABLE_TRANSITION,신재생에너지 전환,0.6930361986160278,"IBK기업은행이 SK E S와 협업하여 총 3000억원 규모의 RE100 펀드 금융주선을 완료했다고 2일 밝혔다. 이번 펀드는 국내 금융기관 최초로 조성하는 RE100 론펀드로, RE100 달성을 추진하는 기업에 신재생에너지 플랫폼을 제공, 초기 단계인 국내 RE100 시장 조성 관련 마중물 역할을 수행하기 위해 마련됐다. 기업은행은 금융자문 주선과 투자 역할을, SK E S는 사업 발굴 운영 관리 역할을 수행한다. 기업은행은 신재생에너지 등 녹색금융 전 영역을 대상으로 투자를 추진 중이다. 태양광, 육 해상풍력, 수소 분야 뿐만 아니라 친환경 SOC사업 등 공공 정책성 높은 사업에 대한 투자도 지속적으로 확대하고 있다."
2697,risk,0.6074,negative,0.965,안전보건,S,S_SAFETY__OCCUPATIONAL_HEALTH_MANAGEMENT,사업장 안전보건 관리체계,0.6294692754745483,"사업장 내 위험 요인을 파악해 개선 대책을 수립 이행하는 위험성 평가 를 제대로 시행하지 않은 경우, 중대재해처벌법 위반으로 처벌될 가능성이 높은 것으로 분석됐다. 대한상공회의소는 7일 중대재해처벌법 주요 기소 선고 사례 분석 및 대응 방안 연구 결과를 발표했다. 고용노동부가 기소 의견으로 검찰에 송치한 34건의 중대재해처벌법 위반사건을 분석한 결과, 위험성 평가 관련 규정을 담은 시행령 제4조 제3호 위반사건이 28건으로 82.4%를 차지했다. 위험성 평가는 기업이 스스로 사업장의 유해 위험 요인을 파악하고 개선 대책을 수립해 시행하는 것을 말하며, 보고서는 위험성 평가 절차를 사전에 마련해 위험성 평가가 누락되는 작업이 없도록 주기적으로 점검하고 관련 기록도 철저히 보존해야 한다고 지적했다."
2698,context,0.1547,neutral,0.9999,에너지 관리,E,E_ENERGY__RENEWABLE_TRANSITION,신재생에너지 전환,0.5157333612442017,"정부가 RE100 참여 확산과 탄소중립 목표 이행을 위해, 해상풍력 발전사업의 기업애로 해소에 나섰다. 추경호 부총리 겸 기획재정부 장관은 제7차 경제 규제혁신 태스크포스(TF) 회의를 주재하고, 이같은 내용을 담은 경제 규제혁신 방안을 발표했다. 정부는 연말까지 연구용역을 진행한 뒤, 지방자치단체와의 협의를 거쳐 내년 2분기까지는 해소방안을 마련하겠다고 약속했다. 수 출입 기업의 인증이나 신고 절차를 완화해 관세 행정 부담을 줄여주는 방안도 마련됐다. 특히, 보세공장 운영과정에서의 특허 유지 및 물품 반 출입, 원산지 인증 등 관련 제도를 집중 손질했다."
2699,context,0.1785,neutral,0.9995,에너지 관리,E,E_ENERGY__RENEWABLE_TRANSITION,신재생에너지 전환,0.5952489972114563,"재생에너지 지원을 표방하는 RE100 모펀드가 오히려 전력공급에 독이 될 수 있다는 지적이 나왔다. 신재생에너지 운송 방법이 마땅치 않은 가운데 공급만 늘면, 오히려 전력망 안정을 위협할 수 있기 때문이다. 한국에너지공단의 RE100 모펀드 사업은 엄밀히 말하면 재생에너지 사업을 영위하는 기업 에 투자하는 시스템이다. 송배전망도 확보되지 않은 상태에서 무조건적인 재생에너지 기업 투자에 전력계통 불안 우려가 커질 수 있다. 설상가상 한국전력공사는 지난달 재무위기를 타개하기 위한 자구안에서 1조3000억원 규모 송배전망 투자를 늦추거나 축소하겠다고 밝힌 바 있다."
2700,risk,0.3969,negative,0.9994,에너지 관리,E,E_ENERGY__RENEWABLE_TRANSITION,신재생에너지 전환,0.3971799612045288,"감사원은 문재인 정부 시절 진행된 태양광 등 대규모 신재생에너지 발전 사업과 관련해 비리 혐의 여러 건을 발견했다면서, 산업부 전 과장 2명 등 13명을 검찰에 수사 요청했다."
2701,context,0.154,neutral,0.9534,에너지 관리,E,E_ENERGY__RENEWABLE_TRANSITION,신재생에너지 전환,0.5383490920066833,"산업통상자원부는 감사원의 신재생에너지 비리 감사 결과와 관련, 외부 전문가로 전담팀을 꾸려 문제점을 점검하기로 했다. 이창양 산업부 장관은 15일 오전, 1급 이상 간부들이 참석하는 긴급회의를 소집해 이같이 지시했다. 외부 전문가가 참여하는 전담팀은 에너지 정책을 총괄하는 강경성 2차관을 중심으로 운영될 예정이다. 이 장관은 감사원 감사 등에 성실히 협조하고, 이번 감사로 드러난 비리와 관련된 제도를 대대적으로 점검하며, 재발하지 않도록 혁신하라고 간부들에게 주문했다. 감사와 관련된 에너지 유관 기관 에 대해서도 제도와 운영 방식을 철저히 점검할 것을 당부했다."
2702,context,0.1791,neutral,0.9979,에너지 관리,E,E_ENERGY__RENEWABLE_TRANSITION,신재생에너지 전환,0.598142147064209,"국내 기업들이 RE100 동참을 선언하며 탄소중립을 가속화하고 있지만, 실현 가능성에 대해서는 여전히 물음표를 던지고 있다. 삼성전자는 중국과 미국 사업장에서는 REC 구입, 재생에너지 전력구매계약(PPA) 등으로 신재생에너지 전력 사용률 100%를 달성했다. 하지만 국내에서는 재생에너지 전력 사용률을 끌어올리지 못하고 있다. LG에너지솔루션은 지난해 기준 폴란드와 미국 미시간 사업장에서 재생에너지 전력 사용률 100%를 달성했다. LG에너지솔루션 역시 국내에서의 재생에너지 사용률은 낮아 전체 재생에너지 전력 사용 비율은 60%대 수준이다. 현대자동차그룹도 해외사업장에서 재생에너지 사용률을 100%로 높여가고 있지만, 국내에서의 재생에너지 전력 사용량은 많지 않다."
2703,context,0.1791,neutral,0.9979,기후변화·온실가스,E,E_CLIMATE__SCOPE1_2_EMISSION,Scope 1·2 배출량,0.598142147064209,"국내 기업들이 RE100 동참을 선언하며 탄소중립을 가속화하고 있지만, 실현 가능성에 대해서는 여전히 물음표를 던지고 있다. 삼성전자는 중국과 미국 사업장에서는 REC 구입, 재생에너지 전력구매계약(PPA) 등으로 신재생에너지 전력 사용률 100%를 달성했다. 하지만 국내에서는 재생에너지 전력 사용률을 끌어올리지 못하고 있다. LG에너지솔루션은 지난해 기준 폴란드와 미국 미시간 사업장에서 재생에너지 전력 사용률 100%를 달성했다. LG에너지솔루션 역시 국내에서의 재생에너지 사용률은 낮아 전체 재생에너지 전력 사용 비율은 60%대 수준이다. 현대자동차그룹도 해외사업장에서 재생에너지 사용률을 100%로 높여가고 있지만, 국내에서의 재생에너지 전력 사용량은 많지 않다."
2704,context,0.0914,neutral,0.584,에너지 관리,E,E_ENERGY__RENEWABLE_TRANSITION,신재생에너지 전환,0.5216194987297058,"올해 미국 전기차 충전기의 연간 설치 용량이 가정 및 기업의 지붕에 설치되는 분산형 태양광 발전량을 추월할 것으로 예상된다고 20일(현지시간) 전기차 전문매체 일렉트렉이 전했다. 컨설팅 회사 우드 맥켄지의 2023년 미국 분산형 에너지 자원 전망 보고서에 따르면, 연간 전기차 충전기 설치 용량은 오는 2027년까지 41기가와트(GW)에 이를 것으로 예상된다. 이는 2027년 예상 태양광 발전량의 세 배 이상에 달하는 수치다. 이러한 용량 증가를 수용하기 위해 전기차 충전 시장은 오는 2027년까지 200억달러(약 26조원)에 이를 것으로 예상된다."
2705,context,0.1728,neutral,0.9986,인적자원 관리,S,S_HR__DIVERSITY_INCLUSION,다양성 및 형평성 (DEI),0.5767343640327454,"서스틴베스트가 29일 올해 상반기 상장사에 대한 ESG(환경 사회 지배구조) 분석을 진행한 결과, 이사회 내 성별 다양성이 진전되는 등 작년보다 성과가 돋보였다고 밝혔다. 이날 서스틴베스트가 발표한 2023년 상반기 상장기업 ESG 평가결과에 따르면, 올해 1분기 보고서 기준 상장기업 중 여성 이사 선임 기업 비율은 37.2%로, 작년 동기(33.5%)보다 3.7%포인트(p) 증가했다. 자본시장법 개정에 따라 자산규모 2조원 이상 기업의 이사회 성별 다양성 확보가 의무화되면서 여성 이사 선임이 활발해진 영향으로 풀이된다. 한편, 서스틴베스트의 상반기 평가에서 자산규모 2조원 이상의 상장사 중 가장 높은 AA 등급을 받은 기업에는 신한지주, SK텔레콤, 현대홈쇼핑, 네이버, 기업은행 등 5개사가 선정됐다."
2706,context,0.1823,neutral,0.9994,에너지 관리,E,E_ENERGY__RENEWABLE_TRANSITION,신재생에너지 전환,0.6081902384757996,"에너지 투자 플랫폼 모햇 (모두의 햇살)을 운영하는 에이치에너지(H에너지)가 26일 RE100 달성을 돕는 원스톱 서비스 모두의 RE100 을 출시했다. 기업은 모두의 RE100 홈페이지에서 원하는 사용량과 기간을 신청하면 그다음 달부터 모햇 발전소에서 생산된 태양광 전기를 사용할 수 있다. 사업장에 빈 옥상이나 공터가 있다면, 온사이트 PPA로 송배전 요금 부담 없이 사용할 수 있다. 또 모두의 RE100은 시민들이 지역 옥상에서 생산한 태양광 전기를 공급하는 서비스로 기업이 낸 전기 요금이 지역 시민들에게 돌아간다는 점이 특징이다."
2707,context,0.1789,neutral,0.9998,에너지 관리,E,E_ENERGY__RENEWABLE_TRANSITION,신재생에너지 전환,0.5965617299079895,"한화솔루션이 농협중앙회와 손잡고 영농형 태양광을 접목한 저탄소 스마트팜 모델을 선보인다. 한화솔루션과 농협중앙회는 7000여 부지 위에 모내기, 묘목 채소 재배 시설과 스마트팜을 연계한 복합생산지원센터를 건립했다. 센터 내부에는 농작물을 관리할 수 있는 스마트팜 설비를 설치하고, 비닐 온실 상부에 설치한 구조물에는 태양광 발전 시설을 배치해 냉난방 설비 가동과 사물인터넷(IoT) 시스템 운영에 필요한 전력을 자체 공급하게 된다.한화솔루션은 태양광 기반의 스마트팜을 비롯한 영농형 태양광 모델 보급을 위한 파트너십을 지속적으로 확대해갈 방침이다."
2708,context,0.1739,neutral,0.9995,인적자원 관리,S,S_HR__DIVERSITY_INCLUSION,다양성 및 형평성 (DEI),0.5799354910850525,"영국과 프랑스 정부는 23일(현지시각) 영국-프랑스 글로벌 생물다양성 크레딧 로드맵 의 출범을 발표했다. 이 로드맵은 생물다양성 크레딧을 구매하고 자연 복원에 기여하는 프로젝트에 필요한 자금을 동원할 수 있는 시장의 확대를 목표로 한 이니셔티브다. 생물다양성 크레딧은 탄소배출량 감축을 위한 탄소배출 크레딧과 유사한데, 기업이 자연 보호 및 복원 프로젝트에 투자할 수 있도록 돕는 도구다. 로드맵은 활발한 크레딧 거래를 위한 계획, 생물다양성 개선을 위한 모니터링 시스템, 토착민과 지역 사회에 대한 공정한 소득 분배 등의 내용을 담고 있다. 양국 정부는 생물 다양성 크레딧에 관한 실무 그룹을 구성하기 전, 글로벌 전문가들로 구성된 자문단을 출범한다고 발표했다."
2709,context,0.1833,neutral,0.9996,에너지 관리,E,E_ENERGY__EFFICIENCY_CONSUMPTION,에너지 소비 및 효율화,0.6113738417625427,"안토니오 구테흐스 유엔(UN) 사무총장이 국제해사기구(IMO)를 향해, 해운업계 온실가스 배출 저감을 위한 목표 강화 합의를 촉구했다. 3일(현지시각) 로이터에 따르면, 구테흐스 사무총장은 국제해사기구 가입국들에 선박 탄소배출 저감 목표치를 기존보다 높게 설정하는 방안을 결의해야 한다고 요청했다. 2018년 국제해사기구는 2050년까지 온실가스 배출량을 2008년과 비교해 50% 감축하겠다는 목표를 채택했다. 그러나 구테흐스 사무총장은 과학적 분석을 기준으로 목표를 설정하여 2030년부터 온실가스 배출과 친환경 연료 사용량을 늘리는 등 합의를 실천할 방안이 포함돼야 한다고 말했다."
2710,context,0.1723,neutral,0.9999,에너지 관리,E,E_ENERGY__RENEWABLE_TRANSITION,신재생에너지 전환,0.5743242502212524,"산업통상자원부가 신재생에너지 정책혁신 태스크포스(TF)를 구성, 강도 높은 혁신에 착수했다. 최근 감사원과 국무조정실 조사에서 연이어 발견된 태양광 관련 위법 사안 재발을 막기 위해서다. 산업부는 강경성 2차관과 손양훈 인천대 교수를 공동위원장으로 두고, 민간 전문가를 중심으로 하는 신재생에너지 정책혁신 TF를 구성했다고 4일 밝혔다. 부정청탁 방지 조치와 에너지 유관기관 종사자의 태양광 사업금지 방안 등을 논의할 계획이다. 또, 수천억원 규모의 신재생 에너지 금융 지원과 보조 사업 등을 전면적으로 점검할 예정이다. 아울러, 신재생에너지 정책 전반에 관한 근본적인 혁신 방안을 논의할 방침이다. TF는 소형태양광 고정가격 계약 제도인 한국형 FIT를 개편하는 방안도 구체적으로 논의했다."
2711,context,0.1525,neutral,0.9834,에너지 관리,E,E_ENERGY__EFFICIENCY_CONSUMPTION,에너지 소비 및 효율화,0.5171331763267517,"노르웨이의 선박 회사 후르티루튼(Hurtigruten)이 오염물질 배출이 없는 제로배출 크루즈 계획을 알렸다. 이 유람선은 시 제로(Sea Zero) 라 불리며, 전기와 충전식 배터리로만 움직이기 때문에 환경오염이 전혀 없다. 현재 후르티루튼의 목표는 기존 함선보다 에너지를 50% 줄이는 것으로, 기존의 7척 중 2척은 이미 하이브리드(Hybrid) 배터리로 업그레이드했다. 후르티루튼은 함선의 모양이나 배터리뿐만 아니라 탑승객도 에너지 절약의 핵심적인 역할을 맡는다고 밝혔다. 모바일 앱을 통해 승객들이 스스로 물과 에너지 소비량을 확인하도록 할 것이라 전했다. 이어서 선내 에너지의 50%는 객실에서 사용하는 만큼 사람들이 자발적으로 절약하도록 유도할 것이라 설명했다."
2712,risk,0.3097,negative,0.6779,인적자원 관리,S,S_HR__DIVERSITY_INCLUSION,다양성 및 형평성 (DEI),0.4567953050136566,보고서는 기상이변이 이미 유럽에 상당한 경제적 손실을 초래하고 있는 가운데 기후 및 생물 다양성 위기로 인한 미지의 비용과 결과까지 고려해서 투자금을 추산했다 고 설명했다.
2713,opportunity,0.6199,positive,0.9994,에너지 관리,E,E_ENERGY__RENEWABLE_TRANSITION,신재생에너지 전환,0.6203064918518066,"고려아연과 고려아연의 호주 자회사인 아크 에너지(Ark Energy)가 한화임팩트, SK가스와 함께 결성한 한 호주 컨소시엄 본계약(HoA, Head of Agreement)을 체결했다, 한 호주 컨소시엄은 2030년까지 호주로부터 연간 100만톤 이상의 그린 암모니아를 한국으로 수출하는 사업에 대한 공동 검토를 목적으로 결성됐다. 본 계약 체결을 통해, 4개사가 체결한 양해각서(MoU)의 주요 조건에 대한 합의와 이행 의지를 공고히 했다. 고려아연은 호주 신재생에너지 개발자산(9GW 규모)을 기반으로 대규모 그린 수소를 생산하고 운송이 용이한 암모니아 형태로 변환하는 플랜트를 구축하기 위한 절차를 밟아 나가고 있다."
2714,context,0.2005,neutral,0.9996,에너지 관리,E,E_ENERGY__RENEWABLE_TRANSITION,신재생에너지 전환,0.6687797904014587,"정부가 분산에너지활성화법, 제주 시범사업 등을 통해 신재생에너지 활성화를 위한 인프라 마련에 속도를 내고 있다. 오는 10월 제주에서 진행되는 전력시장 제도개선 시범사업은 신재생에너지 발전사업자가 중개사업자에 해당하는 VPP(가상발전소)를 통해 기존 입찰시장에 진입할 수 있도록 길을 터준 게 핵심이다. 시범사업 참여 발전사업자들은 기존 석탄 발전사업자와 같이 판매요금에 더해 용량요금 (CP)을 정산받을 수 있다. 이는 생산량이 아닌 생산능력을 기반으로 받는 보조금으로, 출력제한 등으로 줄어들 수 있는 판매요금 외에 안정적인 수익을 기대할 수 있다. 이에 따라 HD현대에너지솔루션은 다음 달 시장 진출을 예고했다."
2715,context,0.1793,neutral,0.9979,에너지 관리,E,E_ENERGY__RENEWABLE_TRANSITION,신재생에너지 전환,0.5988315343856812,"재생에너지 발전사업자로부터 전력을 구매하는 기업에 적용하는 직접 전력거래계약(PPA) 요금제 시행이 무기한 유예됐다. PPA 요금제가 산업용 전력 요금제보다 비싸 재생에너지 확대에 걸림돌로 작용할 수 있다는 산업계 주장이 받아들여진 것이다. 한국전력은 최근 제3자간 직접 PPA 고객용 전기요금제(직접 PPA 요금제) 시행을 별도로 정하는 때까지 유예한다는 내용의 기본공급약관 시행세칙 개정을 안내했다. 한전이 유예기간을 못박지 않은 것은 제도 시행을 원점에서 재검토하겠다는 의사를 내비친 것으로 풀이된다. 이에 따라, 직접 PPA를 통해 가격이 가장 싼 경부하 요금만 취사 사용하는 등 편법을 방지하기 위한 장치 마련이 새 과제로 부상했다."
2716,context,0.1545,neutral,0.9999,이사회 구조,G,G_BOARD__COMPOSITION_INDEPENDENCE,이사회 구성 및 독립성,0.5151198506355286,"올 상반기 유통업계가 주요 보직에 여성 임원을 잇따라 등용해 눈길을 끌고 있다. 능력과 성과로 인정받은 여성 대표와 임원들이 주요 보직에 오르면서, 전에 비해 유리천장이 다소 얇아졌다는 분석이다. 에이블씨앤씨는 다음 달 1일부로, 신유정 브랜드전략부문장(상무)을 신임 대표집행위원(최고경영자)으로 선임한다고 밝혔다. 한샘은 지난 13일 이사회를 열고, 신임 대표에 김유진 IMM오퍼레이션즈 본부장을 선임하기로 했다. 실제 지난 3월 기업데이터연구소 CEO스코어가 500대 기업 중 상장사 269곳의 이사회 구성원 중 여성 임원 비중을 조사한 결과에 따르면 지난 2월 기준 이사회에 여성 임원을 선임한 기업은 151개(56.1%)였다."
2717,context,0.2132,neutral,0.9963,에너지 관리,E,E_ENERGY__RENEWABLE_TRANSITION,신재생에너지 전환,0.7133111357688904,"글로벌 탄소중립 흐름으로 재생에너지 수요가 높지만, 공급이 부족해 재생에너지공급인증서(REC) 가격이 치솟고 있다. 신재생 원스톱 사업정보 통합포털에 따르면, 기업들이 재생에너지 사용 시 주로 이용하는 재생에너지 공급인증서(REC) 지난달 월평균 가격 7만2938원으로 집계됐다. REC 월평균 가격은 지난 4월부터 7만원대를 넘어서며, 최근 4년 중 최고치를 기록 중이다. REC 가격이 높아지며 RE100을 선언한 기업들의 비용 부담도 커졌다. 이에 따라 자가 발전 비율을 높이는 방법을 택한 기업도 있다. REC 가격이 계속 높아지면, 직접 전력구매계약(PPA) 방식으로 장기 계약을 체결하는 편이 안정적일 수 있다는 관측도 나오고 있다."
2718,context,0.1621,neutral,0.9193,에너지 관리,E,E_ENERGY__RENEWABLE_TRANSITION,신재생에너지 전환,0.5877760052680969,"경기도가 민간 기업과 함께 도내 기업의 RE100 달성을 지원하는 산업단지 RE100 사업을 본격 추진한다. 4조 원 규모를 투자해, 오는 2026년까지 경기도 내 50개 산단에 태양광 2.8GW(원전 2기 생산 전력량)를 보급한다는 계획이다. 18일 경기도에 따르면, 17일 김동연 경기도지사는 SK E S 등 8개 민간투자 컨소시엄 대표들과 산업단지 RE100 투자협약 을 체결했다. 산업단지 RE100 사업 은 산업단지 내 공장 지붕이나 유휴부지에 태양광 발전시설을 설치, 거기서 나오는 재생에너지를 단지 내 공장은 물론 외부 기업에도 공급하는 사업이다. 경기도는 우선 올해 착수 가능한 산단 50개소를 대상으로 사업을 시작하고, 이를 도내 193개 산단 전체로 확대할 방침이다."
2719,context,0.1753,neutral,0.9991,에너지 관리,E,E_ENERGY__RENEWABLE_TRANSITION,신재생에너지 전환,0.5847703218460083,"전력기금이 신재생에너지 등 특정분야에 편중되지 않도록 하고, 원전생태계 강화, 취약계층 지원, 에너지신산업 연구개발(R D) 등 기금의 목적에 맞게 운용하겠다는 방침이다."
2720,context,0.1829,neutral,0.9774,에너지 관리,E,E_ENERGY__RENEWABLE_TRANSITION,신재생에너지 전환,0.6235960721969604,"SK E S는 지난 21일(현지시각) 베트남 호찌민에서 재생에너지 사업 관련 대표사무소를 열어베트남 내 기존 재생에너지 설비의 운영 관리와 함께 신규 사업 추진을 총괄할 것이라고 밝혔다. SK E S는 2020년부터 베트남 남부 닌 투언 지역에 131 규모의 태양광 설비를 운영하고 있다. 서부 티엔 장 지역에서도 2021년 50 , 올해 100 규모 해상풍력발전소를 준공해 운영 중이다. SK E S는 재생에너지 사업 확대를 위해, 올해 초 베트남 기업인 GEC와 합작법인 솔윈드에너지를 설립했다. 이를 통해 감축한 온실가스만큼 탄소배출권을 확보하고, 베트남에 진출한 기업을 대상으로 친환경 전력을 공급하는 RE100(재생에너지 100% 사용) 솔루션 사업도 준비 중이다."
2721,context,0.1837,neutral,0.9707,에너지 관리,E,E_ENERGY__RENEWABLE_TRANSITION,신재생에너지 전환,0.630821943283081,"현대자동차와 포스코, 두산에너빌리티, 삼성엔지니어링, SK에코플랜트 등 국내 주요 기업들이 아랍에미리트 두바이 수전력청(DEWA)과 신재생에너지 개발에 머리를 맞댔다. DEWA는 두바이에서 한국 기업을 대상으로 특별 세미나를 개최했다. 한국 기업으로는 현대자동차, 포스코, 두산에너빌리티, 삼성엔지니어링, SK에코플랜트 등 60여 개 사와 장진영 대한무역투자진흥공사(KOTRA) 본부장이 참석했다. 이번 세미나는 DEWA가 주관하는 제25회 두바이 수전력 및 태양광 전시회(WETEX DSS)에 한국 기업의 참여를 독려하는 데 초점이 맞춰졌다."
2722,context,0.1716,neutral,0.9202,에너지 관리,E,E_ENERGY__RENEWABLE_TRANSITION,신재생에너지 전환,0.6215419769287109,"지난해 국가 온실가스 배출량이 6억5천450만 톤(이산화탄소 환산량)으로 잠정 집계되어 재작년보다 3.5% 줄어든 것으로 나타났다. 온실가스종합정보센터는 작년 국내총생산(GDP)이 재작년보다 2.6% 늘어난 상황에서 온실가스 배출량이 줄었다며, 이는 원전을 활용하는 윤석열 정부 에너지정책 변화와 에너지 다소비 업종 온실가스 배출량 감소 때문이라고 말했다. 부문별 배출량을 보면, 발전을 포함한 전환 부문 배출량은 지난해 2억1천390만 톤으로 재작년(2억2천370만 톤)보다 4.3% 감소했다. 전체 발전량에서 원자력과 신재생에너지 발전량이 차지하는 비중은 각각 27%와 7.5%에서 30%와 8.9%로 커졌다."
2723,opportunity,0.2644,positive,0.5129,인적자원 관리,S,S_HR__DIVERSITY_INCLUSION,다양성 및 형평성 (DEI),0.5155344009399414,"맥킨지, 하버드비즈니스리뷰 등에 따르면, DEI와 기업의 재무적 성과 간의 유의미한 상관관계가 입증되고 있다. 지난 2020년 맥킨지 보고서에 따르면 성별 다양성 상위 25% 기업이 평균 이상의 수익을 기록한 가능성은 하위 그룹보다 21% 더 높았다. 이러한 배경에 글로벌 최대 연기금인 일본 GPIF는 지난 3월부터 성평등 지수 투자를 시작했다. 미 자산운용사 캘버트도 미국 대형사 중 인종 윤리, 동일노동 동일임금 등 DEI 관련 이슈를 성공적으로 다루고 있는 기업에 투자하는 캘버트 US 라지캡 DEI ETF(티커 CDEI) 를 선보였다. 포트폴리오에는 애플(15.66%), 마이크로소프트(13.11%), JP모건체이스(2.33%) 등 358개 기업이 포함돼 있다."
2724,context,0.2143,neutral,0.9591,기후변화·온실가스,E,E_CLIMATE__SCOPE3_EMISSION,Scope 3 배출량,0.7447201013565063,"SAP는 업스트림 가치사슬의 온실가스를 크게 줄이는 것을 목표로 2024년까지 다단계 공급망 인게이지먼트 프로그램을 구축한다고 밝혔다. SAP는 주요 제품에 대해 2027년까지 상위 100개 공급업체가 회사 전체 및 제품 수준의 배출량을 보고하도록 할 계획이다. SAP 보고서에 따르면, 스코프3 배출량은 회사 전체 배출량의 97%를 차지한다. 이번 계획은 SAP 최고조달책임자(CPO)가 발표했으며, 2030년 가치사슬 전체에서 넷제로 배출을 달성하겠다는 약속과 함께 탄소중립 기반의 제품 및 서비스 제공을 위해 핵심 협력업체와의 협력을 강화하겠다고 밝혔다."
2725,opportunity,0.6613,positive,0.9951,에너지 관리,E,E_ENERGY__RENEWABLE_TRANSITION,신재생에너지 전환,0.6645421385765076,"슈나이더 일렉트릭이 글로벌 반도체 가치 사슬에서 탈탄소 체계 구축을 돕는 새로운 파트너십 프로그램 카탈라이즈(Catalyze) 를 공개했다. 카탈라이즈(Catalyze) 파트너십 프로그램은 반도체 가치 사슬 전반에 걸쳐 에너지 구매력을 결합해, 재생 가능 에너지 프로젝트의 배치를 가속화한다. 또한 자체 역량이 부족한 공급업체에는 유틸리티 규모의 전력 구매 계약(PPA) 시장 참여 기회를 제공하고, 지속가능성을 위한 운영 모델 개발 등에 대한 교육도 진행한다. 인텔(Intel)과 어플라이드 머티어리얼즈(Applied Materials)는 카탈라이즈 프로그램에 첫 번째 기업 스폰서로 참여했다."
2726,context,0.2071,neutral,0.997,에너지 관리,E,E_ENERGY__EFFICIENCY_CONSUMPTION,에너지 소비 및 효율화,0.6924053430557251,공급망 탄소 배출량 절감을 위한 이행방안은 2025년까지 사업장 및 기타 온실가스 배출량 산정 및 공개 2025년까지 SBTi(과학기반 탄소 감축목표) 1.5도에 일치하는 단기 목표 수립 2025년까지 폐기물 에너지 절감 및 생산에 사용되는 자재 및 에너지의 재사용 목표 수립 2030년까지 전력 최소 80%를 재생 가능 전력으로 전환 목표 수립 및 선언 등이다.
2727,context,0.1406,neutral,0.9999,인적자원 관리,S,S_HR__DIVERSITY_INCLUSION,다양성 및 형평성 (DEI),0.468681663274765,"유엔 산하 기후변화에 관한 정부 간 협의체(IPCC)를 이끌 새 수장에 영국 학자인 짐 스키(69) 임페리얼칼리지 런던 교수가 26일(현지시간) 선출됐다. 스키 교수는 이날 케냐 나이로비 유엔환경계획(UNEP) 본부에서 열린 회원국 결선투표에서 90표를 얻어, 69표에 그친 텔마 크루그(브라질) IPCC 부의장을 제치고 의장직을 차지했다. 스키 교수는 40년 동안 기후과학에 전념해 온 인물이다. 스키 교수는 기후변화는 우리 행성의 존망을 가를 위협이라며, 모두 소중히 여기고 모든 목소리를 듣는 IPCC가 되겠다고 밝혔다. 그는 포용성과 다양성 증진 과학적 진실성과 IPCC 보고서의 정책적 유효성 보호 기후변화에 대한 과학의 효율적 사용 등 3대 우선순위를 제시했다."
2728,context,0.1417,neutral,0.9984,에너지 관리,E,E_ENERGY__RENEWABLE_TRANSITION,신재생에너지 전환,0.47305601835250854,"주요 20개국(G20)이 사우디아라비아 등 일부 국가의 반대로, 화석연료 감축에 대한 공동 성명을 내지 못한 채 이번 달 에너지장관 회의를 마무리했다. FT는 복수의 관계자를 인용해 사우디아라비아를 포함한 일부 국가들은 성명에 화석연료 감축에 대한 내용을 포함하는 데 반대하고 있으며, 대신 탄소 포집 기술 개발에 집중하기를 원했다고 전했다. 올해 G20 의장국인 인도는 29개 항목 중 22개에 대해선 완전한 합의에 이르렀고, 나머지 7개 항목으로 의장 요약을 구성했다고 밝혔다. 하지만 G20은 2030년까지 신재생에너지 용량을 3배로 늘리는 데에도 합의하지 못했고, 이번 결과 성명서에는 지구 온난화의 주요 원인인 석탄에 대한 언급조차 없었다고 AFP통신은 지적했다."
2729,opportunity,0.4321,positive,0.9997,에너지 관리,E,E_ENERGY__RENEWABLE_TRANSITION,신재생에너지 전환,0.43225568532943726,"롯데에너지머티리얼즈가 오는 2025년까지 스페인 스마트팩토리를 완공, 유럽 하이엔드 동박 시장 공략을 본격화한다. 롯데에너지머티리얼즈는 스페인 카탈루냐주 몬로이치에 5600억원을 들여, 연산 3만 톤 규모의 전기차 배터리용 하이엔드 동박을 생산하는 스마트팩토리 부지정지작업을 올해 하반기부터 실시한다고 밝혔다. 회사 측은 유럽 현지 고객사의 수요를 감안해 2025년까지 3만 톤을 생산하기로 했다. 스페인 공장 부지는 총면적 44만400 (축구장 62개 크기)로, 향후 태양광 발전용 부지 약 50만 도 확보할 예정이다."
2730,opportunity,0.4929,positive,0.9806,에너지 관리,E,E_ENERGY__EFFICIENCY_CONSUMPTION,에너지 소비 및 효율화,0.5026789307594299,"국제해사기구(IMO) 승인으로 친환경 액화석유가스(LPG) 선박 건조할 수 있는 길이 열릴 전망이다. 최근 해외 해운업계에서 친환경 연료로 메탄올이 주목받는 가운데, LPG 또한 새로운 선박 연료로 자리 잡을 수 있을지 관심이 쏠리고 있다. 대한LPG협회는 지난 6월 영국 런던에서 개최된 IMO의 107차 해사안전위원회(MSC)에서 LPG 추진선박 국제기준이 최종 승인된 것으로 확인됐다고 밝혔다. 이번에 LPG 선박 잠정기준이 확정되며, LPG를 친환경 연료로 선정하여 정책 지원이 가능해졌다. 국내 LPG 선박 개발 추진도 실증사업 등을 중심으로 꾸준히 추진 중이다. 해양수산부도 지난해부터 에너지 절감형 친환경 LPG 어선 개발 사업을 진행 중이다."
2731,context,0.1976,neutral,0.9998,에너지 관리,E,E_ENERGY__RENEWABLE_TRANSITION,신재생에너지 전환,0.6589307188987732,"통계청과 한국에너지공단이 데이터 공유 협업을 추진한다고 밝혔다. 이번 협업으로 한국에너지공단 에너지사용 및 온실가스 배출 실태조사와 신재생에너지 산업실태조사 자료를 통계청 기업통계등록부의 기업체 정보와 연계해 통계데이터센터를 통해 대국민 서비스를 시작했다. 기업통계등록부에는 석탄류, 석유류 등 에너지원별 에너지 사용량과 온실가스 배출량 항목 12개, 신재생에너지 관련 산업별 종사자 수, 매출액, 투자액 항목 16개가 연계 제공된다."
2732,context,0.186,neutral,0.9777,에너지 관리,E,E_ENERGY__RENEWABLE_TRANSITION,신재생에너지 전환,0.634217381477356,"수소발전 입찰시장 관리기관인 전력거래소는 2023년 상반기 일반수소발전 경쟁입찰 결과를 발표했다. 전력거래소는 외부 전문가로 구성된 평가위원회 및 수소발전입찰시장위원회 의결을 거쳐 715GWh, 5개 발전소를 최종 낙찰자로 결정했다. 산업통상자원부는 이번 입찰을 통해, 발전기술 간 경쟁으로 발전단가 인하 효과가 발생한 것으로 나타났다고 분석했다. 과거 신재생에너지 공급 의무화 제도(RPS)와 비교 시, 낙찰된 평균 입찰가격이 약 10% 정도 낮아졌다. 분산형 전원으로 설치가 유도되는 효과도 나타났는데, 선정된 발전설비 용량은 40MW 미만으로, 전기사업법에 따른 분산형 전원 기준에 부합했다. 전력수요 대비 공급이 부족한 수도권 등 수요지 인근에 위치한 발전소가 선정됐다."
2733,opportunity,0.578,positive,0.9998,에너지 관리,E,E_ENERGY__RENEWABLE_TRANSITION,신재생에너지 전환,0.5780693888664246,"미국 철강 제조 업체 스틸다이나믹스가 넥스트에라 에너지의 자회사인 넥스트에라 에너지 리소스와 308MW 규모의 재생가능 제품 구매계약(RPPA)을 체결했다. 이는 북미 철강 업계에서 지금까지 체결된 전력 구매 계약(PPA) 중 가장 큰 규모로, 스틸다이내믹스의 연간 전력 사용량의 16%에 해당하는 양이다. 스틸다이나믹스는 재활용 철 스크랩을 주원료로 사용하는 전기 아크로(EAF) 기술을 사용하여 철강을 생산하고 있다. 이는 철광석을 제련하거나 석탄을 태울 필요가 없어 탄소 배출량을 크게 줄일 수 있다.이 회사는 넥스트에라 에너지가 운영하는 신규 풍력 발전소에서 전력을 공급받을 것이라고 밝혔다."
2734,opportunity,0.578,positive,0.9998,기후변화·온실가스,E,E_CLIMATE__SCOPE1_2_EMISSION,Scope 1·2 배출량,0.5780693888664246,"미국 철강 제조 업체 스틸다이나믹스가 넥스트에라 에너지의 자회사인 넥스트에라 에너지 리소스와 308MW 규모의 재생가능 제품 구매계약(RPPA)을 체결했다. 이는 북미 철강 업계에서 지금까지 체결된 전력 구매 계약(PPA) 중 가장 큰 규모로, 스틸다이내믹스의 연간 전력 사용량의 16%에 해당하는 양이다. 스틸다이나믹스는 재활용 철 스크랩을 주원료로 사용하는 전기 아크로(EAF) 기술을 사용하여 철강을 생산하고 있다. 이는 철광석을 제련하거나 석탄을 태울 필요가 없어 탄소 배출량을 크게 줄일 수 있다.이 회사는 넥스트에라 에너지가 운영하는 신규 풍력 발전소에서 전력을 공급받을 것이라고 밝혔다."
2735,opportunity,0.5622,positive,0.9998,에너지 관리,E,E_ENERGY__RENEWABLE_TRANSITION,신재생에너지 전환,0.5623557567596436,"삼성물산 상사부문의 태양광 발전사업이 본격적인 이익 실현과 함께 미래 핵심사업으로 빠르게 성장하고 있다. 올 3 4분기 중에 미국 시장에서 태양광사업 매각 이익 1억달러(누적)를 돌파했다. 삼성물산은 이번 매각에서 발전소 착공 전까지 필요한 제반 평가 및 인허가 등 잔여 태양광 개발 용역을 NSCE에 제공하는 서비스 계약(DSA)도 일괄 체결했다. 이는 이미 태양광발전 단지를 건설해 놓고 매각하는 게 아니라, 부지 선정 단계에서 사업권을 미리 넘기는 것이다. 부지 발굴 인허가 취득까지 일괄 처리해 착공 전에 사업권을 되파는 이른바 태양광 사업권 매각이다. 올 상반기 여러 태양광 프로젝트를 매각, 2700만달러의 이익을 냈다. 지난해 태양광발전 매각이익은 4800만달러였다."
2736,context,0.1755,neutral,0.9999,에너지 관리,E,E_ENERGY__RENEWABLE_TRANSITION,신재생에너지 전환,0.5850108861923218,"경기도가 기후에너지 관련 데이터를 한곳에 모아 볼 수 있는 기후 에너지 데이터포털을 국내 처음으로 구축한다. 경기도 전체 탄소 배출량과 흡수량을 수치로 보면서 탄소저감 효과를 확인하는 것은 물론, 태양광 발전시설 입지 선정과 재생에너지 거래, 기후환경 정책 수립, 폭염 대응과 집중호우 대책 수립에도 큰 효과가 기대된다. 경기도는 9월 플랫폼 사업에 착수, 내년 상반기 탄소배출부문 서비스와 RE100 서비스를 시작할 계획이다. 중장기적으로는 개발사업 탄소총량제 도입 같은 제도도 구상하고 있다."
2737,opportunity,0.5131,positive,0.9995,에너지 관리,E,E_ENERGY__RENEWABLE_TRANSITION,신재생에너지 전환,0.5133278369903564,"고려아연의 호주 자회사인 아크에너지는 올해 하반기에 시운전을 시작하고, 내년 상반기에 퀸즐랜드 주 타운스빌에 있는 그린 수소 공장의 상업 운영을 시작할 계획이라고 밝혔다. 이 공장은 124MW급의 태양광 발전소와 연계하여 그린 수소를 생산하는 시설로, 초기 생산량은 연간 140톤이며 생산된 그린 수소는 주로 수소 지게차의 연료로 사용될 것이라고 말했다.고려아연은 2030년까지 호주 공장에서 28만톤의 그린 수소를 생산하고, 이 중 100만톤 이상을 암모니아로 전환하여 국내로 운송하는 것을 목표로 하고 있다. 이를 위해 고려아연은 한화임팩트와 SK가스와 함께 호주에 암모니아 공장 건설을 추진하고 있다."
2738,context,0.155,neutral,0.9169,에너지 관리,E,E_ENERGY__RENEWABLE_TRANSITION,신재생에너지 전환,0.5636630654335022,"SK에코플랜트 등 민간기업과 공기업, 정책펀드 등으로 꾸려진 팀 코리아 가 총 6000억원 규모의 미국 태양광 사업권을 수주했다. 한국해외인프라도시개발지원공사(KIND)와 PIS(플랜트 인프라 스마트시티)펀드, SK에코플랜트, 현대건설, 탑선은 EIP자산운용이 조성 예정인 미국 텍사스 콘초 태양광 프로젝트 펀드 투자계약과 사업권 인수계약을 맺었다. 이번 프로젝트는 미국 텍사스주 콘초카운티에 459 규모 태양광 발전소를 짓고 전력을 판매하는 사업으로, 1173만여 부지에 약 6000억원의 사업비가 투입된다. 발전소 준공 이후 35년 동안 매년 약 852GWh의 전력을 생산해 판매할 계획이다."
2739,opportunity,0.7476,positive,0.999,에너지 관리,E,E_ENERGY__RENEWABLE_TRANSITION,신재생에너지 전환,0.748374879360199,"LG이노텍이 2030 RE100(재생에너지 Renewable Electricity 100%) 달성 일환으로 SK E S와 직접전력구매계약(PPA)을 체결했다고 밝혔다. LG이노텍은 이번 계약에 따라, 향후 20년간 연 10MW(메가와트) 규모의 재생에너지를 안정적으로 공급받아. SK E S로부터 구매한 재생에너지는 오는 12월부터 LG이노텍 구미 사업장에 가장 먼저 공급된다. LG이노텍은 내년까지 재생에너지 공급 대상 사업장을 순차적으로 늘려 나갈 계획이다. LG이노텍은 한국전력 녹색프리미엄 요금제 및 구미 마곡 파주 사업장에 설치한 자가발전 태양광 설비 등으로 지난해 재생에너지 전환율 22%(RE22)를 달성한 상황이다."
2740,risk,0.4751,negative,0.9923,에너지 관리,E,E_ENERGY__RENEWABLE_TRANSITION,신재생에너지 전환,0.4787493944168091,"미국 정부가 동남아시아 국가를 우회해 태양광 모듈을 수출해 온 중국 업체들에 대해 관세 폭탄 을 부과하기로 하면서, 한국을 포함한 글로벌 태양광 업계의 지각변동이 예상되고 있다. 미 상무부는 BYD홍콩(캄보디아법이), 뉴이스트솔라(캄보디아법인), 캐내디언솔라(태국법인), 트리나솔라(태국법인), 비나솔라(베트남법인) 등 5개 중국 기업이 동남아를 우회해 이른바 편법 수출 을 하고 있다고 결론 내렸다. 상무부는 내년 6월부터 이들 법인의 태양광 모듈 수출품에 대해, 최소 30%의 반덤핑 및 상계관세를 부과할 예정이다. 동남아에서 태양광 모듈을 공급받던 미국의 태양광 설치 업체들은 이번 관세 부과로 결국 태양광 발전 비용이 급증할 것 이라면서 반발하고 나섰다."
2741,context,0.1714,neutral,0.9923,인적자원 관리,S,S_HR__DIVERSITY_INCLUSION,다양성 및 형평성 (DEI),0.5757716298103333,"블랙록이 연례 스튜어드십 보고서에서 환경과 사회문제에 대한 주주제안 399건 중 7%를 지지했다고 밝혔다. 이전 보고서에 따르면 이런 조치는 이전에는 321건 중 22%, 전년도 172건 중 47%에 비해 상당히 축소된 것이다. 이번 보고서에서, 블랙록은 너무 많은 주주제안들이 과도한 영향을 미치거나 경제적 가치가 부족하거나, 중복되었기에 장기적인 주주가치 증진에 도움이 될 것 같지 않다고 밝혔다. 이사회의 이사진 선출에 대한 제동, 온실가스 감축, 다양성 등의 문제 등 주주제안 자체의 비중이 계속 늘어나고 있다. 하지만 블랙록은 공화당의 안티 ESG가 주주투표지지 하락과 어떤 영향이 있는지는 밝히지 않았다."
2742,context,0.0533,neutral,0.4084,에너지 관리,E,E_ENERGY__RENEWABLE_TRANSITION,신재생에너지 전환,0.43490609526634216,"미국과 유럽의 해상풍력발전 확대 등으로 글로벌 수요가 늘면서, 발전에 필수적인 해저케이블이 부족할 것으로 전망된다. 국내 전선업계에 따르면, 수급 불균형으로 최근 미국과 유럽에서 해저케이블 자체 조달에 차질이 예상되고 있다. 해상풍력 등 신재생에너지 발전의 증가로 해저케이블 수요가 많이 늘어난 영향이다. 미국의 연간 해저케이블 예상 부족량은 오는 2030년 410 (수요 1160 -공급 750 ), 2040년은 2303 (수요 3053 -공급 750 )에 달할 것으로 추산된다. 유럽의 경우 2030년, 2040년에 각각 181 (2310 -2129 ), 1280 (4559 -3279 )의 해저케이블이 부족할 것으로 예상됐다."
2743,risk,0.3278,negative,0.8061,기후변화·온실가스,E,E_CLIMATE__SCOPE3_EMISSION,Scope 3 배출량,0.4066271483898163,조사에 참여한 절반 이상의 기업들(61.0%)은 전체적인 일정을 늦춰야 한다고 건의했다. 대기업들은 SCOPE 3 공시는 대기업도 현실적으로 힘든 상황이라고 강조했다. 국제지속가능성기준위원회(ISSB) 기준도 전면 도입하기보다 국내 상황에 맞춰 기업 부담을 완화하는 방향으로 도입하자는 의견이 74.0%로 우세했다.
2744,context,0.1638,neutral,0.9923,기후변화·온실가스,E,E_CLIMATE__SCOPE3_EMISSION,Scope 3 배출량,0.5500882863998413,"우리나라 대기업들도 환경 사회 지배구조(ESG) 공시 의무화 준비에 어려움을 겪고 있는 것으로 나타났다. 대기업 관계자들은 ESG 공시에 대한 구체적 가이드라인도 없고, 자체적으로 배출량을 측정하는 전사 시스템을 갖추는 데도 오랜 시간이 소요된다고 토로했다. 대한상공회의소가 최근 국내기업 100개 사 ESG 담당 임직원을 대상으로 국내 ESG 공시제도에 대한 기업의견을 조사한 결과, 절반이 넘는 기업(56.0%)이 공시 의무화 일정을 최소 1년 이상 연기하고, 일정 기간(2 3년) 책임 면제 기간을 설정하는 것이 적정하다고 응답했다고 밝혔다. 특히, 절반에 가까운 44.0%의 기업이 SCOPE 3 배출량을 공시하고 있지 않다고 답했다."
2745,context,0.1484,neutral,0.9443,에너지 관리,E,E_ENERGY__RENEWABLE_TRANSITION,신재생에너지 전환,0.523900032043457,"정부가 2030년 재생에너지 발전 비중을 축소하며 국내 태양광 시장이 위축 국면에 들어간 가운데, 중국산 태양광 제품의 저가 공세로 이중고를 겪고 있다. 현재 중국산 태양광 모듈의 경우, 가격경쟁력을 앞세워 국산 태양광 모듈보다 20 30% 싼 가격으로 거래되고 있다. 이에 따라 국내에 수입되는 중국산 태양광 기자재 비중은 계속 높아지고 있다. 현재 태양광 밸류체인을 구성하는 폴리실리콘-잉곳 웨이퍼-셀-모듈을 제조하는 국내 기업들 가운데, 상당수가 사업을 철수했다. 현재 국내 태양광 시장은 기업의 RE100 수요를 기대했지만, 이마저도 중국산 태양광 제품에 자리를 내줘야 할 상황에 놓여 있다. 태양광발전 사업에 나서고 있는 대기업마저 가격이 싼 중국산 태양광 모듈과 인버터를 사용할 가능성이 높기 때문이다."
2746,opportunity,0.5219,positive,0.9374,인적자원 관리,S,S_HR__DIVERSITY_INCLUSION,다양성 및 형평성 (DEI),0.5567075610160828,"삼성전자가 지속가능경영의 일환인 다양성 확보를 통해, 여성 임직원들도 최대한 역량을 발휘하도록 다양한 기회를 제공하고 있다. 삼성전자 반기보고서에 따르면, 지난해 상반기 기준 국내 3만638명이던 삼성전자 국내 여성 인력은 올해는 3만2648명으로, 1년 새 2010명이 증가했다. 고용 증가율로 보면 6.6% 수준이다. 삼성전자는 경력개발을 위한 교육과 함께 콜롬비아, 남아프리카공화국 등에서 여성 역할을 부각하는 캠페인을 진행하고 있다. 콜롬비아에서는 사회에서 여성 역할을 강조하기 위해 당신 있는 그대로를 펼쳐라라는 캠페인을 시작했고 남아공에서는 가전제품과 휴대용 기기 제품 관련 여성 기술자가 부족한 것을 보완하기 위해 EEIP 프로그램을 설립하고 여성 기술자 양성을 지원하고 있다."
2747,context,0.1579,neutral,0.9998,에너지 관리,E,E_ENERGY__RENEWABLE_TRANSITION,신재생에너지 전환,0.5266085267066956,"태양광발전소와 해상풍력 등 재생에너지가 풍부한 전남에 데이터센터가 모여있는 집적화단지 가 들어선다. 전남도는 해남군 산이면 솔라시도 기업도시 에 국내 최대 규모의 데이터센터 집적화단지를 조성하기 위해 관련 기관 기업과 업무협약을 했다 고 밝혔다. 도는 솔라시도 기업도시 내 재생에너지 100(RE100) 전용 산업용지 160만 에 국내 최대 규모의 데이터센터 파크 조성을 추진한다. 데이터센터 파크에는 2037년까지 40 급 데이터센터 25개가 조성될 계획이다. 태양광발전소를 비롯해 대규모 해상풍력 등이 추진되고 있는 전남은 재생에너지를 통해 전력수요를 뒷받침할 수 있어, 데이터센터의 최적지로 꼽히고 있다."
2748,context,0.1791,neutral,0.9869,에너지 관리,E,E_ENERGY__RENEWABLE_TRANSITION,신재생에너지 전환,0.6050387024879456,"정부가 발전공기업 등 신재생에너지 전력 공급의무사들끼리 서로 신재생에너지 전력을 대신 확보할 수 있도록 제도 개정을 추진한다. 신재생에너지 의무사들의 서로 대체이행이 허용되면 신재생에너지 전력량이 시장에 늘어나, 시장가격을 낮추고 의무사들의 부담을 줄일 수 있을 것으로 분석됐다. 하지만 신재생에너지 업계에서는 자칫 한국전력공사의 자회사인 발전공기업끼리 서로 신재생에너지 전력을 거래하다 보면, 공정경쟁을 제한하는 한전 그룹 내 내부거래로 지목돼 공정거래법 위반 논란이 불거질 수 있을 것으로 내다봤다. 또, 신재생에너지 전력 거래의 큰 비중을 차지하는 한전 산하 발전 공기업 등의 신재생에너지 공급의무 대체 이행 허용으로, 기존 신재생에너지 현물 거래 시장의 위축 가능성도 제기됐다."
2749,context,0.1891,neutral,0.998,에너지 관리,E,E_ENERGY__EFFICIENCY_CONSUMPTION,에너지 소비 및 효율화,0.6316432952880859,"국제통화기금(IMF)이 세계가 탄소 배출로 일으킨 피해액 즉, 기후 부채(climate debt)를 산출한 결과 피해액이 2035년에는 139조달러(약 18경원)이 넘어설 것이라는 예측이 나왔다. 기후 부채(climate debt)란 탄소 배출로 벌어진 부정적 기후변화가 입힌 피해를 국가별 경제 규모와 화석연료 사용량 등을 종합해 금액으로 환산한 것이다. 지금까지 기후 부채를 가장 많이 진 나라는 미국이며, 앞으로는 중국이 될 것으로 분석됐다. 연구자들은 각국이 발표한 2030년 국제온실가스감축목표(NDC)를 충실히 지킨다고 가정하면 지금까지 누적된 기후 빚에서 9조6천억 달러(약 1경2676조원)를 상환할 수 있을 것으로 분석했다."
2750,context,0.1462,neutral,0.9997,에너지 관리,E,E_ENERGY__EFFICIENCY_CONSUMPTION,에너지 소비 및 효율화,0.4874144196510315,"유럽연합(EU)이 작년에 이어 올해 유엔 기후 정상회의에서도, 이른바 글로벌 화석연료 단계적 퇴출 제안을 다시 밀어붙일 것으로 보인다. 앞서 지난해 COP27 정상회의에서도 EU 등을 주축으로 유사한 협상안이 제시됐지만 당시 200여 개국 중 80여 개국만 지지하는 데 그쳤다. EU는 11월 두바이에서 열리는 COP28을 앞두고 마련한 협상 입장 초안에서, 기후중립 경제로 전환하려면 전 세계적으로 화석연료 사용을 단계적으로 중단해야 할 것이며, 화석연료 소비의 정점도 이미 근접했다고 적시했다고 로이터 통신이 보도했다. COP28 합의가 법적 구속력이 있는 건 아니지만, 구체적 합의가 도출될 경우 전 세계적으로 화석연료 사용량을 크게 줄일 수 있는 동력이 될 것이라고 전문가들은 보고 있다."
2751,opportunity,0.6647,positive,0.9995,에너지 관리,E,E_ENERGY__RENEWABLE_TRANSITION,신재생에너지 전환,0.6650747656822205,"현대건설이 전력중개거래사업을 본격 추진하며 탄소중립경영 가속화에 나서. 현대건설은 지난 8일 에너지 IT 스타트업 식스티헤르츠(60 ) 와 지분투자를 통한 전략적 파트너십을 체결했다고 밝혔다. 이번 파트너십을 통해, 현대건설은 전력중개거래에 필수적인 기술 및 상품 모델을 공동개발 해 에너지 거래 통합 IT 플랫폼을 마련할 방침이다. 식스티헤르츠는 재생에너지 발전량 예측 및 VPP 소프트웨어 개발에 주력하는 기후테크 스타트업으로 CES 2023 혁신상 , 범정부 공공데이터 활용 창업경진대회 대통령상 을 수상하는 등 에너지 분야 IT 기술 부문에서 높은 평가를 받고 있다. 현대건설은 이번 파트너십을 통해 민간의 직접 PPA 를 포함한 전력거래 자동화 IT 플랫폼을 국내 최초로 구현할 계획이다."
2752,opportunity,0.5313,positive,0.9946,에너지 관리,E,E_ENERGY__RENEWABLE_TRANSITION,신재생에너지 전환,0.534217357635498,"삼성물산 상사부문의 미국 신재생 에너지 법인 삼성 C T 리뉴어블스가 현지 신재생 에너지 개발 투자 회사 선레이서 리뉴어블스와 미국 남부 텍사스주 3GW 규모 태양광 ESS(에너지저장장치) 프로젝트 매각과 개발 서비스 계약을 체결했다고 밝혔다. 삼성물산은 텍사스 지역에 부지 사용권 확보, 전력 계통 연계 검토 등 초 중기 개발 과정에 있는 총 15개 프로젝트(6개 태양광 약 1GW, 9개 ESS 약 2GW)를 선레이서에 일괄 매각하는 동시에, 태양광 발전소 착공 전까지 필요한 각종 평가 인허가 취득 등 개발 서비스를 제공할 예정이다. 양사는 2025 2026년 중 상업 운전 개시가 가능한 일정으로 프로젝트 개발을 진행할 계획이며, 향후 미국 시장 내 협력을 확대해 나갈 계획이다."
2753,context,0.1373,neutral,0.9999,인적자원 관리,S,S_HR__DIVERSITY_INCLUSION,다양성 및 형평성 (DEI),0.45773130655288696,"정부가 역대 처음으로 가을철에 전력 계통 안정화 대책을 수립했다. 이달 추석 연후 전주부터 11월 초까지 대책 기간으로 설정했다. 정부가 가을철 경부하기를 대상으로 전국 단위의 계통 안정화 대책을 수립한 것은 이번이 처음이다. 산업부는 추석 연휴가 시작되기 전 주인 오는 23일부터 11월 5일까지를 대책 기간으로 설정했다. 대책 기간이 오기 전에 한빛 2호기 한울 6호기 등 원전 계획예방정비 일정을 조정해, 추석 특수 경부하 기간 정비를 시행한다. 이 같은 조치에도 불구하고 발전기 출력제어가 필요하면, 경제 안전 형평성 등을 감안해 출력제어를 이행할 계획이다."
2754,opportunity,0.4458,positive,0.8895,기후변화·온실가스,E,E_CLIMATE__SCOPE3_EMISSION,Scope 3 배출량,0.501168429851532,"특히, 자회사 테스(TES)와 DY폴리머 등을 통해 폐기물을 다시 에너지화 자원화하는 업스트림 사업에 투자를 늘리고 있다."
2755,opportunity,0.4419,positive,0.803,기후변화·온실가스,E,E_CLIMATE__SCOPE3_EMISSION,Scope 3 배출량,0.5503386855125427,"SK에코플랜트가 미국 1위 폐기물 기업 웨이스트 매니지먼트와 손잡고, 폐기물 에너지화 리사이클링 등 고부가가치 업스트림(Upstream) 사업 확대에 나섰다. 박경일 SK에코플랜트 사장은 최근 방한한 제임스 피시(Jim Fish) 웨이스트 매니지먼트 CEO를 비롯해 복수의 C레벨 경영진과 비공개로 회동했다. 이번 만남은 웨이스트 매니지먼트의 요청으로 이뤄졌으며, 국내 기업 중 유일하게 SK에코플랜트만 만난 것으로 파악됐다. 업계 관계자는 웨이스트 매니지먼트는 최근 폐기물 자원화 사업을 확대하고 있으며, 신사업 발굴 차원으로 해외 출장에 나선 상황이라고 전했다. SK에코플랜트는 지난해 매출액 기준 국내 1위 환경기업이다."
2756,opportunity,0.5356,positive,0.9998,에너지 관리,E,E_ENERGY__RENEWABLE_TRANSITION,신재생에너지 전환,0.5357533693313599,"HD현대의 태양광 부문 계열사인 HD현대에너지솔루션이 아프리카 시장 공략에 속도를 내고 있다. HD현대에너지솔루션은 포르투갈 MCA 와 1300MW 규모의 태양광 모듈 공급 계약을 체결했다고 밝혔다. 총 수주 금액은 422억원으로, 이번 계약에 따라 HD현대에너지솔루션은 2024년 2월까지 MCA에 태양광 모듈 20만여 장을 공급한다. MCA는 해당 제품을 약 300MW 규모 태양광 발전단지 조성 사업(Solar 프로젝트)에 사용할 예정이다. 해당 사업은 앙골라 지역 60개 마을 약 20만 가구에 전기를 공급하는 프로젝트로, 앙골라 정부가 주도해 2025년 말 완공된다."
2757,context,0.2225,neutral,0.9998,에너지 관리,E,E_ENERGY__RENEWABLE_TRANSITION,신재생에너지 전환,0.7417747378349304,"윤석열 대통령이 국제연합(UN) 총회에서 원전, 수소를 포함한 CFE(무탄소에너지) 국제 플랫폼 CF 연합을 제안했다. 재생에너지에서 무탄소 에너지원으로 범위를 넓혀 RE100을 보완하는 내용이다. RE100(재생에너지 100% 사용)만으론 탄소중립을 달성하기 어렵다는 현실적 진단을 토대로, 전 세계에 대안을 던진 것으로 풀이된다. CF연합은 크게 CFE 투자 촉진 CFE 이행 검증 체계 및 국제표준 확립 공적개발원조(ODA) 등 개발도상국 접근성 확보 등 세 가지 방향을 모색한다. 산업통상자원부 관계자는 인증제도의 체계적인 실행과 관련 산업의 인프라 구축, 국제회의와 양자 다자협의 채널을 활용한 국가 간 협력과 규범 정립을 통해 CF연합의 활동을 적극적으로 지원해 나갈 계획이라고 밝혔다."
2758,context,0.2054,neutral,0.9848,에너지 관리,E,E_ENERGY__RENEWABLE_TRANSITION,신재생에너지 전환,0.6951333284378052,"TSMC가 2040년 RE100(재생에너지로 전력 100% 충당)을 조기 달성하겠다고 밝혔다. TSMC는 당초 계획했던 2050년보다 10년 앞당겨 RE100을 구축할 계획이라고 말했다. 또, 2030년 전사 재생에너지 소비 목표를 전체의 40%에서 60%로 상향 조정했다. 유럽연합(EU) 등 해외 국가 관련 규제에 맞춰 향후 반도체 수출, 해외 진출, 해외 투자 유치 등에 지장을 최소화하려는 시도로 풀이된다. TSMC는 세계 최대 재생 에너지 기업과 전력 구매 계약을 체결했다고 밝혔다. 신재생에너지와 산업용 전력소비를 매칭하는 플랫폼을 구축하고 20년 장기 2만 기가와트시(GWh) 규모 신재생에너지 공동 계약도 체결했다."
2759,context,0.1118,neutral,0.9845,안전보건,S,S_SAFETY__OCCUPATIONAL_HEALTH_MANAGEMENT,사업장 안전보건 관리체계,0.37831589579582214,"유럽연합(EU)이 반도체와 인공지능(AI) 등 첨단기술에 대한 위험성 평가를 시작했다. 사실상 중국을 겨냥한 수출 및 투자 제한 검토로, 유럽의 대중 전략 핵심인 디리스킹(위험 제거) 을 본격화한 것으로 풀이된다. EU는 27개 회원국과 함께 연말까지 위험성 평가를 마친 후, 내년에 구체적인 대응에 나서기로 했다."
2760,context,0.0688,neutral,0.7016,에너지 관리,E,E_ENERGY__RENEWABLE_TRANSITION,신재생에너지 전환,0.3269333243370056,"세계 광산업계에서 구리에 대한 초과 수요 현상이 장기간 심화할 것이란 우려를 제기했다. 재생에너지 전환이 급속도로 이뤄지면서 구리 수요가 공급을 크게 앞지를 것이란 이유다. 고금리 장기화로 자본 조달 비용이 증가하면서, 신규 광산을 개발하는 속도도 더뎌지고 있다는 지적이 나오고 있다."
2761,context,0.1636,neutral,0.9999,ESG 데이터 거버넌스,G,G_DATA_GOVERNANCE__ESG_DATA_CONTROL,ESG 데이터 내부통제,0.5452408194541931,"기업의 25% 만이 ESG 공시 준비가 된 것으로 나타났다. 세계적인 종합 회계 컨설팅 기업인 KPMG가 전세계 750개 기업의 ESG 담당 최고 경영진과 이사회 구성원을 대상으로 ESG 공시 준비지수(KPMG ESG Assurance Maturity Index 2023) 를 설문 조사한 결과, 글로벌 기업 중 75%가 ESG 데이터 인증 및 새로운 규제 대응에 아직 많은 과제가 남았다고 답했다. 매출이 100억달러(약 13조5700억원) 이상의 규모가 큰 기업은 ESG 정보공시 준비(56.3점)가 상대적으로 잘 되어 있는 것으로 조사됐다."
2762,context,0.1636,neutral,0.9999,이사회 구조,G,G_BOARD__COMPOSITION_INDEPENDENCE,이사회 구성 및 독립성,0.5452408194541931,"기업의 25% 만이 ESG 공시 준비가 된 것으로 나타났다. 세계적인 종합 회계 컨설팅 기업인 KPMG가 전세계 750개 기업의 ESG 담당 최고 경영진과 이사회 구성원을 대상으로 ESG 공시 준비지수(KPMG ESG Assurance Maturity Index 2023) 를 설문 조사한 결과, 글로벌 기업 중 75%가 ESG 데이터 인증 및 새로운 규제 대응에 아직 많은 과제가 남았다고 답했다. 매출이 100억달러(약 13조5700억원) 이상의 규모가 큰 기업은 ESG 정보공시 준비(56.3점)가 상대적으로 잘 되어 있는 것으로 조사됐다."
2763,opportunity,0.3973,positive,0.6099,에너지 관리,E,E_ENERGY__RENEWABLE_TRANSITION,신재생에너지 전환,0.6514232158660889,"현대건설이 재생에너지 전력중개거래 분야 신사업 추진 보폭을 넓히고 있다. 현대건설은 최근 인천남동산업단지 에너지자급자족 인프라 구축 및 운영사업의 본격 착수를 위한 협약을 체결했다고 22일 밝혔다. 인천테크노파크를 주관기관으로, 현대건설(발전 인프라 구축) KT(에너지 관리시스템 구축) 유호스트(고효율화 설비 구축) 등이 컨소시엄으로 참여한다. 이 사업에서 현대건설은 발전 인프라 구축사업의 총괄 리더로서, 인천 내 유수의 태양광 회사인 JH에너지 원광에스앤티와 함께 재생에너지 발전설비 구축 운영, 재생에너지 전력거래를 담당한다. 한편, 이번 에너지자급자족사업에 현대건설은 산업단지 최초로, 온사이트 PPA(On-Site PPA) 거래방식을 도입한다."
2764,context,0.1942,neutral,0.9996,에너지 관리,E,E_ENERGY__RENEWABLE_TRANSITION,신재생에너지 전환,0.6476724147796631,"2000억원 규모의 기업 재생에너지 펀드가 나왔다. 한국에너지공단은 국내기업의 RE100(재생에너지 100%) 이행지원 및 재생에너지 민간투자 활성화를 위해 기업 재생에너지 펀드를 조성한다고 2일 밝혔다. 펀드는 공단의 녹색 프리미엄 재원 2000억원과 국책은행인 IBK기업은행의 투자금 500억원으로 모( )펀드를 조성하고, 공모를 통해 선정된 KDB인프라자산운용이 모펀드를 운용한다."
2765,context,0.1335,neutral,0.9821,에너지 관리,E,E_ENERGY__RENEWABLE_TRANSITION,신재생에너지 전환,0.45322614908218384,"이번 펀드는 해외에서 진행되는 인프라 사업에 투자한다는 점에서 기존의 해외 인프라 펀드와 유사하지만, 탄소배출권을 확보할 수 있는 사업으로 투자 대상이 한정된다는 점에서 차이가 있다. 투자 대상은 태양광 발전 등 탄소배출권을 확보할 수 있는 해외 친환경 사업이 우선 꼽혔다."
2766,opportunity,0.6394,positive,0.9998,에너지 관리,E,E_ENERGY__RENEWABLE_TRANSITION,신재생에너지 전환,0.6395595669746399,"현대건설이 유럽 최대 에너지 기업과 손잡고 신재생에너지 발전사업 확장에 나섰다. 현대건설은 지난 14일 알더블유이 오프쇼어 윈드(RWE Offshore Wind GmbH, 이하 RWE)와 해상풍력발전 및 그린수소사업 공동개발 에 대한 전략적 업무협약(MOU)을 체결했다고 15일 밝혔다. 이번 협약을 통해 양사는 국내 해상풍력발전사업 공동개발 양사가 개발 중인 사업의 상호 간 참여기회 도모 그린수소를 포함한 신에너지 분야 신규사업 모색 등에 긴밀하게 협력할 계획이다. 양사는 국내 해상풍력발전시장에 대한 현대건설의 경험 및 네트워크와 RWE의 글로벌 해상풍력발전단지 개발 및 운영 노하우를 바탕으로 국내 해상풍력발전사업 공동개발에 협력해 글로벌 시장으로 그 범위를 확대해 나갈 예정이다."
2767,context,0.156,neutral,0.9998,에너지 관리,E,E_ENERGY__RENEWABLE_TRANSITION,신재생에너지 전환,0.5201765894889832,"전략 원자재는 신재생에너지, 디지털, 항공우주, 방위 기술 등 핵심 산업 분야에 사용되는 원자재 중 수요와 공급망 차질 위험 등을 고려해 설정한 것으로 별도 규정을 적용받게 된다. EU는 이미 전략 원자재로 분류된 천연 흑연 외에 향후 합성 흑연도 추가하는 방안을 검토 중이다. 이 밖에 신규 원자재 추출 프로젝트에 대해서는 최대 27개월 이내, 가공 재활용 프로젝트는 15개월 이내로 사업 허가에 걸리는 기간을 대폭 단축하는 방안도 합의됐다."
2768,context,0.1899,neutral,0.9995,기후변화·온실가스,E,E_CLIMATE__SCOPE3_EMISSION,Scope 3 배출량,0.6334046721458435,"미국 증권거래위원회(SEC)가 온실가스 배출량 공시 요건을 완화할 방침이다. 새로 도입할 규칙에 따라 가스 배출량을 측정하기 까다로워서다. 공시로 인한 효익보다 비용만 증가한다는 비판도 거센 상황이다. 로이터통신은 소식통을 인용해, SEC가 기업 공급망에서 배출되는 온실 가스양을 공시하는 요건을 일부 완화할 방침이라고 보도했다. 특히, 기업의 가치사슬(밸류체인) 내부에서 생성되는 모든 온실가스를 측정하는 스코프3(Scope 3) 배출 공시 규제를 축소할 계획이다. 스코프3은 기업 공시에서 가장 까다로운 영역으로 평가받는다. 기업이 직접 통제할 수 없는 영역 밖에서 나오는 온실가스 배출량도 측정해야 해서다. SEC 내부에서도 스코프3을 철회해야 한다는 비판이 나왔다."
2769,context,0.1324,neutral,0.9992,에너지 관리,E,E_ENERGY__RENEWABLE_TRANSITION,신재생에너지 전환,0.4415220320224762,전 세계 소득 상위 10%를 차지하는 이들이 전 세계 탄소 배출량의 절반을 차지하고 있는 것으로 나타났다. 기후변화에 책임이 있는 만큼 이들을 대상으로 부유세를 매겨 저탄소 재생에너지 전환에 필요한 재원을 마련해야 한다는 주장도 나왔다. 영국의 국제구호개발기구 옥스팜은 보고서에서 2019년 기준 소득 상위 1 에 속하는 7700만명이 전 세계 탄소 배출량의 16%를 차지하고 있다고 밝혔다.
2770,opportunity,0.5039,positive,0.7288,에너지 관리,E,E_ENERGY__RENEWABLE_TRANSITION,신재생에너지 전환,0.691466748714447,"탄소포집 기술을 개발하고 있는 카본에너지 가 미래과학기술지주, 라이징에스벤처스, 로우파트너스로부터 시드 라운드 투자를 유치했다. 금액은 비공개다. 카본에너지는 B2B 형태로 기업들의 탄소중립(Net-Zero)과 RE100 달성을 위해서 공정에 사용가능한 재생에너지와 탄소감축량을 동시에 제공하는 서비스를 제공할 계획이다."
2771,opportunity,0.6145,positive,0.9984,에너지 관리,E,E_ENERGY__RENEWABLE_TRANSITION,신재생에너지 전환,0.6155256032943726,"삼성물산이 호주 노던 테리토리 주정부와 재생에너지 발전 저장과 수소 생산을 위한 그린허브 복합단지 조성에 관한 양해각서를 체결했다. 이번 프로젝트는 태양광과 풍력에너지를 이용해 대규모로 전기를 생산하는 재생에너지 파크와 배터리 에너지 저장 시스템, 녹색 수소 생산 시스템, 그리고 관련된 송전 인프라를 포함한다. 삼성물산은 또, 이번 프로젝트의 일환으로 실질적인 제조 허브를 구축할 계획이다. 풍력 및 태양광 발전소의 생산량은 삼성 계열사를 포함해 100% 재생 가능 에너지로 전환하는 제조 부문 내 회사에 전달될 예정이다. 이번 노던 테리토리 그린허브 프로젝트는 삼성물산의 호주 친환경 에너지 시장 공략의 핵심 프로젝트로 평가됐다."
2772,opportunity,0.6255,positive,0.9998,에너지 관리,E,E_ENERGY__RENEWABLE_TRANSITION,신재생에너지 전환,0.6256333589553833,"현대자동차가 아랍에미리트(UAE) 비아그룹(BEEAH Group)과 손잡고 현지 최초 수소 트럭 시범운영에 나섰다. 29일 업계에 따르면, 현대차는 비아그룹과 UAE 내 수소 모빌리티 실증사업 추진과 탄소중립을 목표로 추가 협력 기회를 모색하기 위한 양해각서(MOU)를 체결했다. 샤르자와 두바이 2개 지역에서 수소 전기 트럭 시범 운영을 진행하고, 향후 시범 운영 결과에 따라 비아그룹이 사용 중인 내연기관 트럭을 모두 수소 트럭으로 교체할 계획이다. 한편, 현대차는 23일 현대차 울산공장에서 현대건설과 태양광 재생에너지 전력구매계약(PPA)을 체결했다. 현대차는 이번 계약에 따라 2025년까지 울산공장에 태양광 재생에너지 64메가와트( )를 조달할 계획이다."
2773,context,0.2199,neutral,0.9998,기후변화·온실가스,E,E_CLIMATE__CLIMATE_GOVERNANCE_INVENTORY,기후 거버넌스·인벤토리,0.7331390380859375,"탄소회계의 표준화를 위해 30개가 넘는 탄소회계 분야 조직이 모였다. 해외 미디어 에디에 따르면, 새로운 연맹의 명칭은 탄소회계연맹(Carbon Accounting Alliance)으로, 영국의 플래닛 마크(Planet Mark)와 스위스의 클라이밋파트너(ClimatePartner)가 함께 주도하고 있다. 두 업체 모두 환경 관련 컨설팅 업체다. 탄소회계 관련 조직들이 한곳에 모여 다양한 온실가스 배출량 측정 방법론, 규칙 및 배출계수 데이터베이스에 대한 표준을 만들기 위해 모였다. 연맹은 정책 입안자들과 협력해 탄소 배출량 정보 공시에 대한 규제를 개선하기 위한 활동을 개시한다. 정책 참여 활동 외에 회원 간의 지식 공유를 촉진하고 방법론 및 도구 개발을 감독한다"
2774,context,0.2117,neutral,0.9994,이사회 구조,G,G_BOARD__COMPOSITION_INDEPENDENCE,이사회 구성 및 독립성,0.7059544920921326,"지속가능경영을 위해 이사회의 독립성이 요구되고 있지만, 국내 상장사의 이사회 독립성은 여전히 미흡한 것으로 나타났다. 또, 이사회에 여성 이사를 보유한 회사 비율이 고작 9%에 불과해 다양성 측면에서도 아직 갈 길이 먼 것으로 조사됐다. 삼일PwC 거버넌스센터는 이 같은 내용을 담은 2023 이사회 트렌드 리포트 를 최근 발간했다고 6일 밝혔다. 보고서에 따르면, 이사회 독립성 관련 지표인 대표이사와 이사회 의장의 분리 비율은 국내 상장사 가운데 34%에 그친 것으로 집계됐다. 대표이사와 이사회 의장이 분리된 회사라도 사외이사가 이사회 의장을 맡는 경우는 42%로 절반에 못 미쳤다. 이사회 구성에서 중요한 가치 중 하나인 다양성 측면에서도 국내 기업의 수준은 미흡한 것으로 나타났다."
2775,context,0.2117,neutral,0.9994,인적자원 관리,S,S_HR__DIVERSITY_INCLUSION,다양성 및 형평성 (DEI),0.7059544920921326,"지속가능경영을 위해 이사회의 독립성이 요구되고 있지만, 국내 상장사의 이사회 독립성은 여전히 미흡한 것으로 나타났다. 또, 이사회에 여성 이사를 보유한 회사 비율이 고작 9%에 불과해 다양성 측면에서도 아직 갈 길이 먼 것으로 조사됐다. 삼일PwC 거버넌스센터는 이 같은 내용을 담은 2023 이사회 트렌드 리포트 를 최근 발간했다고 6일 밝혔다. 보고서에 따르면, 이사회 독립성 관련 지표인 대표이사와 이사회 의장의 분리 비율은 국내 상장사 가운데 34%에 그친 것으로 집계됐다. 대표이사와 이사회 의장이 분리된 회사라도 사외이사가 이사회 의장을 맡는 경우는 42%로 절반에 못 미쳤다. 이사회 구성에서 중요한 가치 중 하나인 다양성 측면에서도 국내 기업의 수준은 미흡한 것으로 나타났다."
2776,context,0.1677,neutral,0.93,기후변화·온실가스,E,E_CLIMATE__SCOPE3_EMISSION,Scope 3 배출량,0.6010288596153259,"EU 의회와 이사회는 기업 지속가능성실사지침(CSDDD 이하 공급망실사법)의 적용 범위에서 금융업종을 제외하기로 잠정 합의했다. EU 정책 전문 매체 유랙티브의 보도에 따르면, 이번에 타결된 합의안의 주요 내용은 공급망실사법의 금융업종 적용 제외와 기후변화를 위한 전환계획의 수립과 시행 의무화의 진전이다. EU 이사회는 최종 합의안에 따라 공급망실사법의 적용 범위에 금융 부문을 잠정 제외하며, 향후 적용을 위한 검토 조항이 포함될 것이라고 밝혔다. 이에 따라 금융기관의 핵심 사업인 투자 및 대출 활동은 EU 공급망실사법의 적용 범위에서 제외되며, 금융기관들은 업스트림 공급망에 대한 실사 의무만을 지게 된다. 금융기관이 사실상 자사의 인권 침해와 환경적 피해 여부만 고려하면 된다는 의미다."
2777,context,0.1826,neutral,0.9435,기후변화·온실가스,E,E_CLIMATE__CLIMATE_GOVERNANCE_INVENTORY,기후 거버넌스·인벤토리,0.6452301740646362,"기업 내부 및 외부기관 시스템과 연동한 데이터 자동입력을 지원해 탄소 데이터 관리의 편의성을 개선했고, 최신 탄소 관련 제도 및 정보에 맞춰 배출계수 등을 지속적으로 업데이트해 데이터의 신뢰성을 높일 수 있다."
2778,context,0.1683,neutral,0.9915,기후변화·온실가스,E,E_CLIMATE__SCOPE3_EMISSION,Scope 3 배출량,0.5659598112106323,"에쓰오일이 지난달 서울 마곡산업단지에 미래 성장을 위한 기술개발(TS D)센터를 준공하고, 현재 울산에 건설 중인 샤힌(아랍어로 매 라는 뜻) 프로젝트에 적용할 석유화학 선도 기술을 집중적으로 개발하고 있다. TS D센터는 샤힌 프로젝트가 완공되는 오는 2026년 이후 양산되는 올레핀 다운스트림 분야에서 신기술 역량 강화를 위한 핵심 역할을 수행하게 된다. 에쓰오일은 TS D센터 건설을 성공적으로 마무리함에 따라 샤힌 프로젝트의 기술 경쟁력도 안정적으로 확보될 것으로 기대하고 있다."
2779,context,0.1827,neutral,0.9996,에너지 관리,E,E_ENERGY__RENEWABLE_TRANSITION,신재생에너지 전환,0.6093235611915588,"신한은행이 지난해 총 1500억원 규모의 한국형 녹색채권 발행에 성공했다고 밝혔다. 신한은행에 따르면, 2023년 8월 1000억원에 이어 12월에 500억원을 추가 발행했다. 신한은행은 환경부 주관 한국형 녹색채권 발행 이차보전 지원사업 에 참여 중이다. 2023년 발행된 녹색채권 중 1000억원은 태양광 바이오매스 발전사업 등 신재생에너지 프로젝트에 지원됐고, 500억원은 녹색분류체계 적합성 검토를 받은 전기차 구입 대출에 쓰일 예정이다."
2780,context,0.2257,neutral,0.9998,이사회 구조,G,G_BOARD__COMPOSITION_INDEPENDENCE,이사회 구성 및 독립성,0.7523494958877563,"한국ESG기준원은 최근 기업의 사외이사후보추천위원회의 현황을 분석해서 발표했다. 현황을 조사한 결과, 독립성 확보를 위해 개선이 필요한 측면이 상당수 발견됐다. 사외이사후보추천위 기능의 제한은 이사회 경영감독 기능의 악화로 이어지게 되므로, 기관투자자는 사외이사후보추천위가 제 기능을 발휘해 이사회 구성원의 전문성과 다양성을 충분히 고려해 사외이사 후보를 추천할 수 있도록 해야 한다고 주장했다. 최근 3년간 비금융 상장기업에 대한 사외이사후보추천위원회 운영 현황을 분석한 결과, 이사회 내 사외이사후보추천위원회를 자발적으로 설치하는 기업이 지속적으로 증가하고 있는 점은 긍정적이었다. 그러나 사외이사후보추천위원회 구성의 독립성 측면에서 개선 활동이 필요한 상장기업이 상당수 발견됐다."
2781,opportunity,0.6876,positive,0.9996,에너지 관리,E,E_ENERGY__RENEWABLE_TRANSITION,신재생에너지 전환,0.6878743171691895,"KT G가 탄소중립 실천을 위해 전력구매계약(Power Purchase Agreement PPA)을 맺었다고 3일 밝혔다. 이번 체결을 통해 KT G는 총 전력 사용량의 7.5%를 재생전력으로 대체함으로써, 온실가스 배출량 6640톤 감축할 것으로 전망했다. KT G는 앞으로 PPA 추가 계약을 통해 재생에너지 사용을 지속적으로 확대하겠다고 했다."
2782,opportunity,0.6876,positive,0.9996,기후변화·온실가스,E,E_CLIMATE__SCOPE1_2_EMISSION,Scope 1·2 배출량,0.6878743171691895,"KT G가 탄소중립 실천을 위해 전력구매계약(Power Purchase Agreement PPA)을 맺었다고 3일 밝혔다. 이번 체결을 통해 KT G는 총 전력 사용량의 7.5%를 재생전력으로 대체함으로써, 온실가스 배출량 6640톤 감축할 것으로 전망했다. KT G는 앞으로 PPA 추가 계약을 통해 재생에너지 사용을 지속적으로 확대하겠다고 했다."
2783,context,0.1773,neutral,0.9967,에너지 관리,E,E_ENERGY__RENEWABLE_TRANSITION,신재생에너지 전환,0.5928548574447632,"삼일PwC에 따르면, 이 회사는 이달 들어 에너지트랜지션센터(Energy Transition Center)를 설립했다. 센터는 기존 에너지 산업 인수 합병(M A) 전문가들이 모인 조직이다. 친환경 저탄소 에너지 시스템 전환을 위한 세계적인 움직임에 따른 산업의 근본적 변화에 대응한다. 삼정KPMG도 새해를 겨냥해 다양한 태스크포스(TF)를 신설하고 있으며, 지난달에는 디지털 전환 전문가인 조재박 부대표를 센터장으로, 전사 인공지능(AI) 역량을 집결한 AI센터 를 업계 최초로 발족했다. AI 기술로 운영 업무 효율화, 리스크 사전 탐지 내부통제, AI 기반 회계처리 결산 검증대사 재무분석을 수행하는 상품을 제공한다. EY한영도 생성형 AI TF를 상설화했다."
2784,opportunity,0.5479,positive,0.9507,에너지 관리,E,E_ENERGY__RENEWABLE_TRANSITION,신재생에너지 전환,0.5763263702392578,"일본 최대급 규모의 태양광 발전소가 나가사키에 들어선다. 올봄부터 본격적으로 착공해, 2025년 완공 및 상업 운전을 목표로 하고 있다. 나가사키신문은 최근 나가사키현 우쿠지마에 일본 최대급 태양광 발전소가 설립될 예정이라고 보도했다. 이에 따르면, 사업 투자액은 200억엔(약 1조8200억원)으로, 일본의 주요 전기 시공사 큐덴코와 쿄세라가 출자에 참가했다. 발전 능력은 480메가와트(MW)로, 연간 일반 가정 약 17만3000 세대에 공급할 수 있는 용량이다."
2785,context,0.1535,neutral,0.9569,에너지 관리,E,E_ENERGY__RENEWABLE_TRANSITION,신재생에너지 전환,0.5347306132316589,"일본 화학기업 카네카가 빌딩 벽면에 붙여 발전할 수 있는 태양광 발전 패널 건자재의 생산을 2030년까지 3배로 늘린다. 향후 건자재 일체형 태양광 발전이 활성화되면, 현재 일본 국내에서 가동되는 태양광 발전에 맞먹는 실적을 올릴 것으로 기대됐다. 회사는 2030년까지 현재의 3배인 연간 30만 생산량을 목표로 하고 있다. 이는 도쿄 돔 6.4개를 모두 두를 수 있는 규모다."
2786,opportunity,0.4749,positive,0.9995,에너지 관리,E,E_ENERGY__RENEWABLE_TRANSITION,신재생에너지 전환,0.4751405119895935,LS일렉트릭이 미국 신재생에너지 발전단지에 1200억원 규모의 전력설비를 공급한다. 급성장이 기대되는 북미 변압기 시장에서 본격적인 교두보를 확보했다는 평가가 나왔다. LS일렉트릭이 공급하는 변압기는 발전단지에서 생산한 전기를 고압으로 바꾸는 데 쓰일 예정이다. LS일렉트릭이 미국 시장에 수백 억원 단위의 변압기를 납품한 것은 처음이다.
2787,opportunity,0.7373,positive,0.9804,기후변화·온실가스,E,E_CLIMATE__SCOPE3_EMISSION,Scope 3 배출량,0.7520017027854919,"에너지 관리 및 자동화 분야 디지털 혁신을 선도하는 글로벌기업 슈나이더일렉트릭이 비영리협회 WAS(Women Action Sustainability)와 함께 공급망 탈탄소화에 대한 새로운 보고서를 발표했다고 밝혔다. 슈나이더일렉트릭은 보고서가 조직 공급망 파트너들이 업스트림 및 다운스트림 작업을 통해 간접적으로 생성되는 탄소 배출을 줄이는 데 중요한 역할을 강조하며, 관련 내용을 스코프 3(Scope 3)로 분류하고 있다고 설명했다."
2788,context,0.1643,neutral,0.9999,이사회 구조,G,G_BOARD__COMPOSITION_INDEPENDENCE,이사회 구성 및 독립성,0.5477097034454346,PwC는 이번 설문조사에서 이사회 구성원 교체에 대한 이사들의 생각도 조사했다. 이사회 구성원을 교체해야 한다고 응답한 비율은 45%에 달했다.
2789,opportunity,0.6163,positive,0.9998,에너지 관리,E,E_ENERGY__RENEWABLE_TRANSITION,신재생에너지 전환,0.6164509654045105,"LG에너지솔루션과 삼성SDI의 배터리를 활용한 미국 최대 에너지저장장치(ESS) 연계 태양광 발전소가 상업운전을 시작했다. 지속 성장하는 미국 ESS 시장에서 LG 삼성의 품질 경쟁력을 재확인할 수 있는 부분이다. 추가 수주 기회의 발판이 마련된 셈이다. 미국 시공사 모텐슨에 따르면, 이 회사는 현지 재생에너지 기업 테라젠 과 에드워즈 산본 솔라 스토리지(Edwards Sanborn Solar Storage) 프로젝트를 성공적으로 완료했다. 미국 캘리포니아주 소재 4600에이커(약 1861만 ) 부지에 875 규모 태양광 발전소와 3.3GWh의 ESS를 완공해 가동에 돌입했다. 태양광 발전소에는 미국 퍼스트솔라가 현지에서 생산한 패널 약 190만 개가 쓰였다."
2790,opportunity,0.5971,positive,0.9941,에너지 관리,E,E_ENERGY__RENEWABLE_TRANSITION,신재생에너지 전환,0.6006622910499573,"영국-호주 광산 회사 리오 틴토(Rio Tinto)가 호주 최대 규모의 태양광 발전소(PV)로부터 재생 가능한 전기를 공급받아 퀸즐랜드주 글래드스톤(Gladstone) 알루미늄 프로젝트의 이산화탄소 배출량을 크게 줄일 계획이라고 발표했다. 이 계약에 따라, 리오 틴토는 2026 2027년경 가동될 예정인 1.1GW 규모의 어퍼 칼리오페(Upper Calliope) 태양광 발전 프로젝트의 전체 출력을 구매할 예정이다."
2791,risk,0.4887,negative,0.9584,인적자원 관리,S,S_HR__DIVERSITY_INCLUSION,다양성 및 형평성 (DEI),0.5099632143974304,"업계 내 고용률이 가장 높은 포스코홀딩스도 3%로, 의무 고용률을 넘지는 못했고, HD한국조선해양은 0.1%로 가장 낮았다. 한편, SK GS 롯데지주 한진칼 LS 한미사이언스 대성홀딩스 F F홀딩스 대웅 등 업계 절반가량은 장애인 고용률을 공개하지 않았다."
2792,context,0.1678,neutral,0.9996,인적자원 관리,S,S_HR__DIVERSITY_INCLUSION,다양성 및 형평성 (DEI),0.559717059135437,"비금융지주사업종 20개 기업 중 16개 사가 지속가능경영보고서를 발간한 가운데 지난해 7월 이전 보고서 공시를 한 기업은 11개 사였다. 보고서를 발간하지 않은 기업은 HD현대 LS 한미사이언스 대성홀딩스 등 4곳이다. 비금융지주사업종의 공시율은 IT 반도체와 같은 80%를 기록했다. 다양성 형평성 포용성(DEI)을 강조했다. 여성 임원의 경우 LS 대성홀딩스 F F홀딩스 대웅 등 4개 사를 제외한 16개 사가 선임했다. 여성 등기임원을 비율로 따지면 평균 11%였다. 장애인 고용의 경우, 200대 기업의 장애인 고용률은 평균 1.89%로 의무 고용률보다 현저히 낮고, 업계는 평균 1.63%로, 전체 평균을 밑돌았다."
2793,context,0.1628,neutral,0.9999,에너지 관리,E,E_ENERGY__RENEWABLE_TRANSITION,신재생에너지 전환,0.54287189245224,"환경부가 관리 중인 34곳의 댐을 활용해 재생에너지를 생산하는 방안을 추진한다. 이들 댐 중 일부의 수면에 태양광 발전 시설을 배치하고, 신재생에너지를 생산하는 목표를 세웠다. 환경부 관계자는 수상 태양광을 통해 댐 활용 가능성이 확대되도록 할 것 이라고 밝혔다. 댐은 가뭄과 집중호우 등 계절과 기후변화 등에 따라 수위 변동성이 있다. 환경부는 비교적 안정적인 수위를 유지하는 지역을 파악해 실증 사업을 벌이고, 확대 여부를 파악할 전망이다. 환경부는 태양광 확대를 위해 올해 관련 규제의 완화도 추진할 방침이다."
2794,context,0.1815,neutral,0.9993,에너지 관리,E,E_ENERGY__RENEWABLE_TRANSITION,신재생에너지 전환,0.6055554747581482,"정부가 신재생에너지 사업을 위한 금융지원 예산으로 3633억원을 배정하고 사업에 착수했다. 이번 지원사업은 지난해와 마찬가지로 RE100 및 도심지 분산에너지 공급에 중점을 뒀으며, 장기저리 융자를 지원한다는 게 특징이다. 한국에너지공단은 이 같은 내용을 담은 2024년도 신재생에너지 금융지원사업 지원공고 를 공개했다. 총예산은 지난해(4623억원) 대비 약 1000억원 감소한 3633억원으로, 예산의 대부분인 3593억원이 시설자금에 배정됐다."
2795,context,0.1755,neutral,0.9999,에너지 관리,E,E_ENERGY__RENEWABLE_TRANSITION,신재생에너지 전환,0.5850726962089539,"산업통상자원부가 올해 온실가스 국제감축 사업 지원 규모를 큰 폭으로 늘렸다. 산업통상자원부는 오는 19일 2024년 온실가스 국제감축 사업 공고를 한다고 18일 밝혔다. 올해 산업부의 지원 예산은 330억원으로 작년의 60억원에서 5.5배 늘어났다. 사업 한 건당 최대 지원액도 작년의 30억원에서 60억원으로 증액됐다. 정부는 해외에서 신재생에너지 설비 설치, 에너지 설비 고효율화 투자, 저탄소 설비 설치 등 사업을 진행하는 기업에 사업비의 50%까지 지원한다. 기업들은 향후 관련 사업을 통해 확보되는 온실가스 감축분으로 10년에 걸쳐 정부 지원금을 대신 갚게 됐다."
2796,context,0.1385,neutral,0.9999,이사회 구조,G,G_BOARD__COMPOSITION_INDEPENDENCE,이사회 구성 및 독립성,0.46174076199531555,"기아가 다음 달 15일 정기 주주총회에서 여성 사외이사 비율이 50%를 넘어설 것으로 예상됐다. 기아의 사외이사진은 조화순 교수, 전찬혁 세스코 대표이사 회장, 신재용 서울대 경영학과 교수, 신현정 한국과학기술원(KAIST) 기계공학과 교수, 이인경 부사장으로 총 5명으로 구성될 예정이며, 이 중 3명이 여성이다."
2797,opportunity,0.4396,positive,0.9998,에너지 관리,E,E_ENERGY__RENEWABLE_TRANSITION,신재생에너지 전환,0.43969592452049255,삼성물산이 미래 성장 동력으로 낙점한 태양광 개발 사업 확대에 박차를 가하고 있다. 삼성물산 상사부문인 자회사 카리나솔라를 통해 미국 인디애나 주 바르톨로뮤 카운티에 1886에이커(약 763만 평방미터) 규모의 태양광 발전 프로젝트를 추진한다. 이번 프로젝트는 삼성물산의 글로벌 친환경 에너지 기업으로서 도약을 본격화하는 계기가 될 것으로 기대됐다.
2798,context,0.1472,neutral,0.9992,에너지 관리,E,E_ENERGY__RENEWABLE_TRANSITION,신재생에너지 전환,0.49088454246520996,"석유 기업 셸의 자회사인 미국 태양광발전 사업자 사비온이 보유한 재생에너지 자산 매각을 추진하고 있다고 로이터통신이 보도했다. 로이터가 입수한 자료에 따르면, 셸은 현재 발전용량 10.6GW의 미국 북동부와 서부의 태양광 발전시설 및 에너지저장 시설 매각을 진행하고 있다. 매각 주간사는 투자은행 제프리스가 맡았다. 셸과 제프리스는 셸의 재생에너지 자산 매각에 관해 언급을 피했다. 로이터는 입수한 자료에 따르면, 사비온은 재생에너지 자산 매각 후 셸의 발전시장 전략 수행에 집중하게 될 것 이라고 밝혔다."
2799,opportunity,0.4657,positive,0.9936,기후변화·온실가스,E,E_CLIMATE__SCOPE3_EMISSION,Scope 3 배출량,0.4687124788761139,"LX인터내셔널이 인도네시아에 이어 호주에서도 리튬 광산 매입 준비에 착수했다. 향후 호주 광산을 매입한 이후에는 리튬 제조사와의 합작 투자도 진행할 예정이다. 이외에도 인도네시아에 니켈 광산을 추가 확보를 위한 물색 작업을 시작했다. 또, 제련소 구축을 위한 투자 절차에도 돌입한 상태다. 2차전지 핵심광물 공급망 경쟁이 심화하고 있는 상황에서 인도네시아와 호주 등 주요 광산 매입 등으로 업스트림(up-stream) 분야의 경쟁력을 확실히 다지겠다는 의도로 풀이됐다."
2800,context,0.1612,neutral,0.9991,에너지 관리,E,E_ENERGY__RENEWABLE_TRANSITION,신재생에너지 전환,0.5378124117851257,"재생에너지 인프라 투자자 엑셀시어 에너지 캐피털(Excelsior Energy Capital) 은 세계 최대 자산운용사 블랙록의 에버그린 인프라 파트너스 펀드(Evergreen Infrastructure Partners Fund)에 자사의 38개 태양광 및 에너지 저장 프로젝트 포트폴리오를 매각했다고 밝혔다. 엑셀시어는 보도자료를 통해, 회사의 초기 펀드인 엑셀시어 재생에너지 투자 펀드 I LP(Excelsior Renewable Energy Investment Fund I LP) 의 태양광 자산 포트폴리오를 블랙록에 매각했다고 밝혔다. 이 포트폴리오는 총용량 89메가와트(MWDC)의 태양광 및 배터리저장 분산발전 프로젝트로 구성돼 있다."
2801,context,0.1573,neutral,0.9998,에너지 관리,E,E_ENERGY__RENEWABLE_TRANSITION,신재생에너지 전환,0.5243666768074036,"지속가능성 미디어 ESG투데이(ESG Today)는 미국 재생에너지 개발 업체 프라이머지(Primergy)가 텍사스에서 개발 중인 408메가와트(MW) 규모의 태양광 발전 프로젝트의 향후 생산량에 대해 마이크로소프트와 전력구매계약(PPA)을 체결했다고 보도했다. 현재 텍사스주 힐 카운티에서 개발 중인 애쉬 크릭 태양광 프로젝트는 3480에이커의 부지를 대상으로 하며, 연간 약 9만 가구에 전력을 공급할 수 있는 양의 에너지를 생산할 전망이다."
2802,context,0.188,neutral,0.9988,에너지 관리,E,E_ENERGY__RENEWABLE_TRANSITION,신재생에너지 전환,0.6273168921470642,영국의 거대 석유회사인 셸(Shell)이 기후 전환 로드맵과 목표를 간략하게 설명하는 에너지 전환 전략 2024(Energy Transition Strategy 2024) 를 발표했다. 지난 2021년에 출시한 파워링 프로그레스(Powering Progress) 전략을 처음으로 업데이트해 내놓은 것이다. 새롭게 수정된 전략에는 스코프 3 배출량을 줄이려는 셸의 첫 번째 임시 목표가 포함돼 있다. 셸은 2030년 스코프 3 저감 목표를 이전의 20%에서 15 20%로 다소 약화시켰다.
2803,opportunity,0.7259,positive,0.9997,에너지 관리,E,E_ENERGY__RENEWABLE_TRANSITION,신재생에너지 전환,0.7261258363723755,"SK에코플랜트는 지난 26일 환경부와 폐배터리 재생원료 인증 시범사업 관련 협약식을 가졌다고 27일 밝혔다. 이번 사업은 전기차 배터리의 재생원료 사용 인증체계를 구축하는 것을 골자로 한다. 향후 폐배터리 인증체계를 국내 배터리 제조사 및 재활용사에 도입하는 것이 목표다. 또, SK에코플랜트는 베트남을 대표하는 신재생에너지 기업 BCGE(Bamboo Capital Group Energy)와 손잡고 700MW 규모의 태양광 및 풍력발전 프로젝트를 공동 개발한다고 22일 밝혔다. SK에코플랜트는 이 프로젝트의 사업 개발 단계부터 참여하며, 탄소배출권 확보에도 나설 계획이다."
2804,context,0.2062,neutral,0.9999,인적자원 관리,S,S_HR__DIVERSITY_INCLUSION,다양성 및 형평성 (DEI),0.6875109672546387,내년부터 국민연금이 이사회 성별 다양성을 고려하지 않은 상장사에 대한 의결권 행사를 강화한다. 28일 국민연금 기금운용위원회는 2차 회의를 열고 수탁자 책임 활동에 관한 지침을 개정했다고 밝혔다. 이번 개정으로 국민연금은 내년 3월 이후 주주총회부터 시가총액 2조원 이상 상장사에 대한 의결권 행사 시 이사회의 성별 다양성을 고려한다. 향후 국민연금은 이사회 성별 다양성 관련 자본시장법 규정을 위반한 회사에 대해 이사 후보 추천 권한이 있는 이사회 위원장이 차기 이사로 선임되는 것을 반대할 수 있다.
2805,context,0.1979,neutral,0.9718,에너지 관리,E,E_ENERGY__RENEWABLE_TRANSITION,신재생에너지 전환,0.6788010597229004,다자개발은행(MDB)이 동유럽 독립국가연합(CIS)을 중심으로 태양광 풍력 등 재생에너지 100% 사용(RE100) 프로젝트에 대대적으로 자금을 지원했다. 세계은행(WB)은 유럽 중앙아시아 지역 에너지 안보와 경제개발 역량을 강화를 위해 재생에너지 이니셔티브에 착수해 20억달러(약 2조7110억원) 규모의 자금 지원 계획을 승인했다고 밝혔다. 향후 10년 동안 단계적으로 추진되는 유럽 중앙아시아 재생에너지 스케일업(ECARES) 프로그램의 1단계 사업이다. 연간 6억5000만대 전기차를 충전할 수 있는 15GW규모의 재생에너지를 공급해 탄소배출량을 2억4000만톤 감축할 계획이다. WB 이사회가 승인한 ECARES 이니셔티브 첫 프로젝트 수혜국은 튀르키예다.
2806,context,0.0912,neutral,0.6324,에너지 관리,E,E_ENERGY__RENEWABLE_TRANSITION,신재생에너지 전환,0.4805062413215637,"일본과 EU가 오는 4월부터 협력해 첨단 소재를 개발할 예정이라고 니혼게이자이신문이 보도했다. 양측은 전기자동차 배터리로 쓰일 수 있는 차세대 나트륨 이온 배터리, 반도체 재료 분야에서 협력할 것으로 기대됐다. 이외에도 태양광 발전 패널 효율을 높일 금속 나노 입자 개발도 논의 대상인 것으로 알려졌다. 니혼게이자이신문은 일본과 EU는 공동 연구개발 프로젝트를 늘려 나가는 동시에 정기적으로 협력 방안을 논의해 첨단 소재를 개발함으로써 중국에 대한 의존도를 낮출 예정 이라고 했다."
2807,opportunity,0.5171,positive,0.9455,에너지 관리,E,E_ENERGY__RENEWABLE_TRANSITION,신재생에너지 전환,0.5468651652336121,"고려아연은 내달 3일 자회사 아크에너지(Ark Energy)를 통해 스페인 신재생에너지기업 악시오나(Acciona)가 호주에 건설 중인 풍력발전소 지분 30%를 취득한다고 밝혔다. 취득 금액은 총 7억5300만호주달러(한화 약 6737억원)로, 오는 2025년까지 분할 납부할 예정이다. 회사 측은 신재생에너지 전력사업을 영위하기 위해 발전소 지분을 인수했다 며 취득 금액 및 일정은 양사 합의에 따라 일부 변동될 수 있다 고 설명했다."
2808,context,0.1379,neutral,0.9976,인적자원 관리,S,S_HR__DIVERSITY_INCLUSION,다양성 및 형평성 (DEI),0.4607848823070526,"올해 들어 미국 기업들이 연례 보고서에서 다양성, 형평성, 포용성(DEI) 을 언급하는 문구가 제거되고 있는 것으로 나타났다. DEI 프로그램이 추구하는 깨어있는(Woke 워크) 자본주의 에 대한 반발 심리가 커지자, 기업들이 선제적으로 대응했다는 분석이 나왔다. 월스트리트저널(WSJ)은 미국 기업들이 미국 증권거래위원회(SEC)에 제출한 10-K(연차보고서) 를 검토한 결과, DEI에 대한 장기 목표가 사라졌다고 분석했다. 기업들이 DEI를 축소하는 배경엔 정치적 갈등이 있었다. 사회적 갈등이 증폭되며 피로감을 호소하는 투자자들이 늘면서 워크 자본주의에 대한 반발심리가 증폭했다는 분석이다."
2809,opportunity,0.5133,positive,0.9996,에너지 관리,E,E_ENERGY__RENEWABLE_TRANSITION,신재생에너지 전환,0.5135031938552856,"고려아연이 호주에 위치한 풍력발전소에 7억5300만호주달러(약 6787억원)를 투자하고 신재생에너지 사업을 강화했다. 고려아연의 해외 자회사 아크에너지가 호주 퀸즐랜드주에 건설 중인 맥킨타이어 풍력발전소의 지분 30%에 대해 최종 투자를 결정했다고 21일 전했다. 이번 투자는 아크에너지의 계열사인 아크에너지 맥킨타이어를 통해 이뤄지며, 한화 약 6700억원 규모다. 이번 최종 투자 결정으로 아크에너지는 전체 923.4MW의 발전 용량 중 30%를 확보하게 됐다. 고려아연은 이를 호주자회사인 썬메탈(SMC)에 공급한다는 계획이다."
2810,opportunity,0.5921,positive,0.9997,에너지 관리,E,E_ENERGY__RENEWABLE_TRANSITION,신재생에너지 전환,0.5922780632972717,"현대자동차그룹이 미국 조지아주에 건설 중인 전기차 전용 공장을 재생에너지로 운영하기 위해 147메가와트( ) 규모 태양광 발전 전력구매계약을 체결했다고 22일 밝혔다. 현대차그룹은 스페인 재생에너지 개발업체 매트릭스 리뉴어블스 가 주도하는 태양광 발전 프로젝트와 15년(2025 2040년) 장기 전력구매계약(PPA)을 체결했다. 이는 국내 기업이 미국 사업장의 재생에너지 사용을 위해 체결한 PPA 중 최대 규모다. 향후 에너지 조달을 통해 기대되는 탄소 저감 효과는 연간 약 14만톤으로 추산되는데, 이는 준중형세단 8만4000여대가 1년간 배출하는 탄소를 흡수하는 것과 동일하다."
2811,context,0.1593,neutral,0.9999,인적자원 관리,S,S_HR__DIVERSITY_INCLUSION,다양성 및 형평성 (DEI),0.5309956073760986,"해양수산부는 해양생물 다양성의 체계적인 보전과 지속 가능한 이용을 위해 해양생물 다양성 보전대책 을 마련하고, 18일 국무총리 주재로 열린 제37회 국정현안 관계장관회의 에서 발표했다. 해수부는 보전과 지속 가능 이용을 통한 해양생물다양성 가치 실현 이라는 비전 아래 해양생물 다양성 보전 및 증진 해양생물 다양성 위험요인 관리 해양생물 다양성 지속 가능한 이용 국제협력 및 인식증진 등 네 가지 전략을 담았다. 이외에도 국제협력 강화를 위해 생물다양성 협약, 람사르 협약 등 관련 국제협약을 충실히 이행하고, 도서국 대상 해양생물 다양성 역량 강화 공적 개발 원조(ODA) 사업도 추진할 계획이다."
2812,context,0.1489,neutral,0.9916,에너지 관리,E,E_ENERGY__RENEWABLE_TRANSITION,신재생에너지 전환,0.5004301071166992,"한미 양국이 중국산 저가 태양광 제품에 공동 대응하기로 한 가운데, 우리 정부가 탄소 장벽 을 앞세워 중국산 패널에 대한 금융 지원을 차단하기로 했다. 7일 산업통상자원부 등에 따르면, 한국에너지공단을 통해 진행되는 신재생에너지 금융 지원 사업의 자격 요건이 대폭 강화됐다. 막대한 보조금을 등에 업고 물량 공세를 펴고 있는 중국산 저가 태양광으로 인해 국내 무탄소에너지 생태계가 붕괴할 수 있다는 우려에서라는 설명이다. 준조세 성격인 전력산업기반기금이 중국 제품에 대거 지원되는 것을 막아야 한다는 산업계의 주장에 정부가 호응한 것이라는 평가도 나왔다."
2813,context,0.158,neutral,0.9999,에너지 관리,E,E_ENERGY__RENEWABLE_TRANSITION,신재생에너지 전환,0.526631772518158,"15일 관계부처에 따르면, 산업부는 이르면 다음주 신규 원전 건설 방향 등을 담은 11차 전력수급기본계획(전기본) 초안을 공개한다고 밝혔다. 이번 11차 전기본에는 2024년부터 2038년까지의 전력수급계획이 담겼다. 이번 전기본 발표의 핵심은 신규 원전 건설 여부다. 정부는 당초 11차 전기본에 총 10기의 기존 원전 계속운전과 신규 원전 2 4기 건설을 포함하고, 신재생에너지 보급 속도를 조절하는 내용을 계획한 것으로 알려졌다. 그러나 총선 이후엔 여소야대 국회에서 야당과의 협치를 이유로 원전 확대보단 신재생에너지 확대 정책에 무게가 실릴 것이라는 관측이 나왔다."
2814,context,0.148,neutral,0.9986,에너지 관리,E,E_ENERGY__RENEWABLE_TRANSITION,신재생에너지 전환,0.4938787519931793,"미국 연방 에너지규제위원회(FERC)가 바이든 정부의 친환경 에너지 인프라 구축 계획의 핵심으로 꼽히는 전력망 강화 계획을 승인했다. FERC는 찬반투표를 거쳐, 미국 전역의 전력 공급을 안정화해 친환경 에너지 수요에 대응하기 위한 개혁 안건이 통과됐다고 밝혔다. 뉴욕타임스는 이번 전력망 개혁안에 따라 풍력 및 태양광 발전소와 고전압 전선을 연결하는 일이 쉬워질 것이라고 전망했다."
2815,opportunity,0.5625,positive,0.9993,에너지 관리,E,E_ENERGY__RENEWABLE_TRANSITION,신재생에너지 전환,0.5629041194915771,"고려아연이 자회사 아크에너지를 통해 호주 뉴잉글랜드 지역에 340메가와트(MW)급 풍력발전 단지 조성을 추진하는 것으로 나타났다. 고려아연이 신사업으로 추진 중인 그린수소사업 강화의 일환으로, 호주 현지 내 신재생에너지 생산에 상당한 보탬이 될 것으로 전망됐다. 16일 투자은행(IB) 업계에 따르면, 아크에너지는 뉴사우스웨일스(NSW)주 뉴잉글랜드의 아미데일(Armidale) 지역에 풍력발전소 프로젝트 도우보이 윈드팜(Doughboy Wind Farm) 개발을 추진 중이다."
2816,context,0.1925,neutral,0.9994,에너지 관리,E,E_ENERGY__RENEWABLE_TRANSITION,신재생에너지 전환,0.6421219706535339,"산업부가 신재생에너지 핵심기술 고도화를 통해 온실가스를 감축하고자 풍력, 수소, 연료전지 관련 연구개발사업에 총 649억7500만원을 투입한다. 산업부는 이 같은 내용을 골자로 하는 2024년도 제2차 신재생에너지R D 신규지원대상 연구개발과제 의 신청 접수를 6월 3 24일까지 받는다고 24일 밝혔다. 구체적으로 풍력(5개 과제 279억원) 수소(5개 과제 138억원) 연료전지(3개 과제 96억7500만원) 중소형급 무탄소 가스터빈 발전기술개발 및 실증(2개 과제 20억원) 차세대 태양전지 실증사업(1개 과제 10억원) 태양광(5개 과제 106억원) 등 분야서 총 26개 과제가 추진된다."
2817,context,0.1457,neutral,0.9999,이사회 구조,G,G_BOARD__COMPOSITION_INDEPENDENCE,이사회 구성 및 독립성,0.4856570065021515,"금융권 여성 사외이사 비율이 20%에 불과한 것으로 나타났다. 지난해보다 소폭 증가했지만 전체 사외이사 수가 증가함에 따라 여성 사외이사가 늘어났다는 지적이 나왔다. 이사회 다양성은 다양한 이해관계자들의 시각을 반영하는 만큼 지배구조(G) 강화에 필수 요건이지만, 금융권은 ESG 추세에 역행하고 있다는 지적이다. 23일 금융감독원 전자공시시스템에 따르면, 16개 금융지주와 은행의 이사회를 분석한 결과, 지난 1분기 기준 전체 100명의 사외이사 중 여성은 20명에 불과했다. 비율로는 20%였다."
2818,context,0.2174,neutral,0.9999,에너지 관리,E,E_ENERGY__EFFICIENCY_CONSUMPTION,에너지 소비 및 효율화,0.7245737314224243,"산업통상자원부는 31일 제11차 전력수급기본계획(이하 전기본) 실무안을 공개하며, 신재생에너지와 원자력 발전의 중장기적 확대 방안을 제시했다. 이번 계획은 무탄소 에너지 비중을 높이고, 국가 온실가스 감축 목표(NDC) 달성을 위해 중요한 정책적 전환을 예고했다. 특히, 무탄소 전원 비중을 70%까지 끌어올려 전력 공급의 안정성을 확보하면서도 환경적 지속가능성을 추구하는 것이 이번 계획의 핵심이다. 이를 위해 태양광 및 풍력 설비의 대폭 확대, 수소 발전의 적극적인 도입, 에너지 효율 개선을 위한 다양한 정책이 함께 추진된다."
2819,context,0.1659,neutral,0.9938,에너지 관리,E,E_ENERGY__RENEWABLE_TRANSITION,신재생에너지 전환,0.5565390586853027,KB국민은행이 미국 재생에너지 기업 베스퍼에너지(Vesper Energy)에 자금을 지원했다. 기후변화에 대응하기 위한 ESG 금융을 지속해서 확대하는 모습이다. 베스퍼에너지는 5억9200만달러(약 8200억원) 규모 신디케이트론(집단대출) 조달을 완료했다고 밝혔다. 베스퍼에너지는 이번에 조달한 자금을 텍사스 북서부 스위셔 카운티에 개발 중인 태양광 발전 사업에 투입할 방침이다.
2820,opportunity,0.6272,positive,0.998,에너지 관리,E,E_ENERGY__RENEWABLE_TRANSITION,신재생에너지 전환,0.6284378170967102,"SK에코플랜트가 올해 베트남 산업단지 내 지붕 태양광(Roof Top Solar) 조성 사업에 본격적으로 나섰다. 태양광 전력 생산은 물론 탄소배출권 확보를 통해 부가가치 창출에도 속도를 내겠다는 방침이다. SK에코플랜트는 베트남 산업단지를 중심으로 자가소비형 지붕 태양광 발전설비 보급을 확대해 나갈 계획이다. 또, SK에코플랜트와 한국지질자원연구원이 윤석열 대통령의 카자흐스탄 순방 길에 동행해 리튬 광구 개발 등 핵심 광물 자원 확보와 에너지 분야 사업 협력을 논의했다."
2821,opportunity,0.5496,positive,0.9997,에너지 관리,E,E_ENERGY__RENEWABLE_TRANSITION,신재생에너지 전환,0.549813449382782,삼성물산이 카자흐스탄에 태양광 발전 및 에너지 저장 시설 등 재생에너지(RES) 사업 진출을 도모했다. 카자흐스탄 투자위원회는 정승찬 현지 법인장과 가비돌라 오스판쿨로브 투자위원회 위원장의 회담을 통해 이 같은 내용의 협력 방안을 논의했다고 밝혔다. 양측은 이번 회담을 통해 에너지 분야 협력을 강화하고 향후 프로젝트 실행을 위한 구체적인 방안을 논의하기로 합의했다.
2822,opportunity,0.5169,positive,0.9998,에너지 관리,E,E_ENERGY__RENEWABLE_TRANSITION,신재생에너지 전환,0.5170152187347412,"효성중공업은 미국 테네시주 멤피스와 경남 창원에서 각각 운영하는 초고압변압기 공장을 증설한다고 밝혔다. 약 1000억원을 투자해 총 생산능력을 40% 확대한다는 계획이다. 신재생에너지 발전 수요와 AI, 전기차, 반도체 산업의 급부상으로 세계 각국에서 전력망 인프라 수요가 늘어난 데 따른 결정이다."
2823,opportunity,0.5725,positive,0.942,에너지 관리,E,E_ENERGY__RENEWABLE_TRANSITION,신재생에너지 전환,0.6077807545661926,"한화솔루션 큐셀부문(이하 한화큐셀)이 국내 기업의 재생에너지 확대와 RE100 달성을 지원하는 에너지컨설팅 사업을 본격적으로 전개한다. 한화큐셀은 국내 사업장을 보유한 재생에너지 수요 기업을 대상으로 에너지 컨설팅부터 주요 기자재(태양광 모듈 인버터) 공급, 시공, 금융, 연계 사업에 이르는 토털 솔루션을 제공한다고 밝혔다. 한화큐셀은 태양광 제조 역량을 발판 삼아 한국에서도 그린에너지 확대를 돕는 원스톱 솔루션을 제공하는 에너지 기업으로 나아갈 방침이다."
2824,opportunity,0.6503,positive,0.9998,에너지 관리,E,E_ENERGY__RENEWABLE_TRANSITION,신재생에너지 전환,0.6503869891166687,"LS일렉트릭이 국내 최대 규모 간척지 태양광발전소 구축 사업자로 선정되며 신재생에너지 발전 시장 공략에 재시동을 걸었다. LS일렉트릭 컨소시엄(LS일렉트릭 탑솔라)은 최근 GS에너지 자회사 지에스당진솔라팜과 사업비 약 1062억원 규모, 발전용량 120메가와트( )급 태양광발전소 구축 EPC(설계 조달 시공) 사업 계약을 체결했다고 26일 밝혔다. LS일렉트릭에 따르면, 이번 사업은 지에스당진솔라팜이 충남 당진시 석문면에 대호만 방조제 건설로 조성된 간척지 100만 부지에 120 급 태양광 발전소를 구축하는 프로젝트다. 국내 최대 규모로 사업기간은 내년 12월까지다."
2825,context,0.1481,neutral,0.9766,에너지 관리,E,E_ENERGY__RENEWABLE_TRANSITION,신재생에너지 전환,0.5056435465812683,"한국수출입은행(이하 수은)이 호주 희토류 광산 개발사업에 프로젝트파이낸싱(PF) 방식으로 대출 7500만달러(약 1036억원), 보증 7500만달러(약 1036억원) 등 총 1억5000만달러(약 2073억원)를 지원했다. 3일 수출입은행에 따르면, 호주 희토류 광산 개발사업은 아라푸라사가 호주 중북부 노던준주의 앨리스스프링스 인근 지역에서 희토류를 개발하는 프로젝트다. 수은의 금융지원으로 전기차와 신재생에너지 제조공정에 필요한 희토류의 일종인 네오디뮴-프라세오디뮴(NdPr) 산화물을 연간 1500톤 정도 규모로 최대 12년간 우리 기업에 공급할 수 있을 것으로 전망됐다."
2826,risk,0.5229,negative,0.8247,에너지 관리,E,E_ENERGY__RENEWABLE_TRANSITION,신재생에너지 전환,0.6339974403381348,"기후솔루션은 한국서부발전이 재생에너지 녹색채권으로 조달한 자금을 가스발전에 사용하는 등 거짓 기재했다며, 자본시장과 금융투자업에 관한 법률 위반 혐의로 금융감독원에 4일 신고했다. 기후솔루션에 따르면, 서부발전은 신재생에너지 사업 투자 목적으로 2회에 걸쳐 3200억원 규모의 녹색채권을 발행해 조달한 자금을 전액 가스 열병합발전소 건설에 투입했다. 서부발전은 한국형 녹색분류체계 가이드라인에 따르면, LNG 및 혼합가스 기반 발전설비도 녹색채권 투자대상 이라며 52회 집행내역은 발행시점인 2022년 5월 자금집행이 미확정인 상황에서 향후 변경가능성을 고려해 작성된 것으로, 당사 및 한국거래소 홈페이지 사후보고서에는 김포열병합 건설사업에 사용한 것으로 공시했다 고 입장을 냈다."
2827,context,0.1472,neutral,0.9181,에너지 관리,E,E_ENERGY__RENEWABLE_TRANSITION,신재생에너지 전환,0.5345603823661804,"신한자산운용이 미국 민자발전사업자(Independent Power Producer, IPP)인 엔피니티 글로벌(Enfinity Global)의 일본 태양광 프로젝트에 자금을 지원했다. 프로젝트 규모는 250MW(메가와트)에 이른다. 엔피니티 글로벌은 신한자산운용과 맥쿼리 캐피탈이 주도하는 신디케이트 파트너십을 통해 1억6400만달러(약 2270억원)의 자금을 조달했다고 밝혔다. 이번 자금은 엔피니티 글로벌이 일본에서 추진 중인 250MW 규모 태양광 발전 프로젝트에 투입된다."
2828,context,0.1933,neutral,0.9998,에너지 관리,E,E_ENERGY__RENEWABLE_TRANSITION,신재생에너지 전환,0.6443681120872498,"수소-석탄 혼소 발전이 재생에너지로 생산한 전기를 100% 쓴다 는 재생에너지100(RE100) 인증에서 제외될 것으로 보여졌다. 수소-석탄을 섞어 발전하는 게 RE100 기준에 맞지 않다는 뜻이다. 우리나라 기업들이 추진하는 다양한 형태의 혼소 발전에도 영향을 줄 것으로 전망됐다. 15일 탄소정보공개프로젝트(CDP) 한국위원회 등에 따르면, 이 위원회 김태한 수석연구원은 산업통상자원부와 한국에너지공단이 주최한 자발적 재생에너지 정책 설명회 에서 2024년 RE100 기술기준 개정을 위한 의견 수렴 결과 대다수가 수소-석탄 혼소 발전에 부정적 의견을 보였다 고 밝혔다. 이에 따라 올해 말 이사회를 통해 최종 확정될 새로운 RE100 기술 기준에서는 수소-석탄 혼소 발전을 제외할 것으로 예상됐다."
2829,opportunity,0.7442,positive,0.9997,기후변화·온실가스,E,E_CLIMATE__CLIMATE_GOVERNANCE_INVENTORY,기후 거버넌스·인벤토리,0.744422197341919,"SK에코플랜트의 기업 탄소관리 플랫폼 웨이블 디카본(WAYBLE decarbon)이 한국경영인증원(KMR)으로부터 국내 첫 GIS(온실가스 인벤토리 시스템) 인증을 획득했다고 밝혔다. GIS 인증은 탄소배출량 산정 시스템의 적합성을 검증하는 인증체계로, SK에코플랜트는 배출계수 산정방법, 배출량 산정 근거, 데이터의 적합성 등 심사를 통과해 인증을 취득했다. 이번 인증으로 웨이블 디카본의 고객은 탄소배출량 산정 작업의 효율성 증대와 더불어 온실가스 배출 검증과정에서 비용과 시간 부담도 줄일 수 있을 것으로 기대된다."
2830,opportunity,0.5642,positive,0.9907,에너지 관리,E,E_ENERGY__RENEWABLE_TRANSITION,신재생에너지 전환,0.569499671459198,"태양광 발전 패널도 시장 가격을 실시간으로 평가받게 됐다. S P글로벌은 미국, 유럽, 아시아의 태양광 발전 패널에 대한 일별 현물시장 가격 평가를 최초로 시작했다고 밝혔다. S P글로벌은 태양광 기술이 점차 상품화되면서 태양광 모듈 가격이 투명하게 공개되도록 하기 위해 이 서비스를 시작했다고 설명했다."
2831,context,0.131,neutral,0.8153,인적자원 관리,S,S_HR__DIVERSITY_INCLUSION,다양성 및 형평성 (DEI),0.5357033610343933,"해외 기업들이 미국 공화당과 일부 자산 관리자들의 압박을 못 이기고 다양성과 환경 관련 조치를 철회하고 있는 것으로 나타났다. 파이낸셜타임스(FT)는 어드밴스드 마이크로 디바이시스를 포함한 약 12개 기업이 올해 임원 인센티브 계획에서 다양성 형평성 포용성(DEI) 기준을 제외했다고 보도했다. 이들 12개 기업은 도널드 트럼프 전 대통령의 지지자인 비벡 라마스와미가 설립한 반ESG 자산운용사 스트라이브의 압력으로 임원 보수 계획에서 ESG 인센티브를 제외한 60개 기업 중 일부이기도 하다. 매트 콜 스트라이브 최고경영자(CEO)는 기업들이 DEI와 ESG 측정 기준에서 벗어나는 움직임을 환영하며, 이 결정이 임원 인센티브 제도를 개선했다 고 말했다."
2832,opportunity,0.3443,positive,0.6316,에너지 관리,E,E_ENERGY__RENEWABLE_TRANSITION,신재생에너지 전환,0.5451354384422302,"거대 에너지 기업 셰브론이 아이오와에 있는 바이오 디젤 공장의 전력을 태양광 패널로 43% 대체하는 작업을 시작했다. 영국의 지속가능성 미디어 환경리더에 의하면, 이 프로젝트는 2028년까지 저탄소 계획에 80억달러(약 11조원), 특히 탄소 감소 프로젝트에 20억달러(약 2조7830억원)를 투자하려는 셰브론의 전략이다. 이 작업을 실제로 실행하는 기업은 셰브론 재생에너지 그룹(Chevron Renewable Energy Group)이다. 셰브론 재생에너지 그룹은 아이오와의 메이슨 시티(Mason City)에 있는 바이오디젤 생산 시설의 대대적인 개선에 착수했다."
2833,context,0.2034,neutral,0.9993,기후변화·온실가스,E,E_CLIMATE__SCOPE3_EMISSION,Scope 3 배출량,0.6785643100738525,"도이치 은행은 글로벌 화학기업 바스프(BASF)의 첫 ESG 연계 공급망 금융지원(Sustainable Supply Chain Finance, SSCF) 프로그램을 출범했다. BASF는 중국을 중심으로 아시아의 협력사에게 금융지원 프로그램을 제공하고 있었으나, 이를 ESG 성과와 연계하는 지속가능 금융지원 형태로 전환했다. 이를 통해 BASF는 협력사의 지속가능성을 장려하고 스코프 3(Scope 3 공급망간접배출) 배출 감축을 도모하겠다고 밝혔다. 바스프는 대표적인 공급망 지속가능성 평가업체 에코바디스(EcoVadis)를 통해 협력사의 ESG 성과를 측정할 예정이다."
2834,opportunity,0.3879,positive,0.9998,에너지 관리,E,E_ENERGY__RENEWABLE_TRANSITION,신재생에너지 전환,0.38795438408851624,이는 국내 기업이 체결한 PPA 중 최대 규모다.
2835,opportunity,0.3771,positive,0.9995,에너지 관리,E,E_ENERGY__RENEWABLE_TRANSITION,신재생에너지 전환,0.37732115387916565,"삼성물산 상사부문이 미국에서 본격적으로 전기차 충전 사업에 뛰어들었다. 이를 위한 별도 법인까지 설립했다. 2일 업계에 따르면, 삼성물산은 지난 4월 미국 델라웨어주에 삼성물산 차징 솔루션 이라는 별도 법인을 설립했다. 이 법인은 미국 법인인 삼성물산 아메리카 의 산하 계열사로 미국 내 전기차 충전 사업을 전담한다. 삼성물산이 전기차 충전 사업을 시작하면서 기존에 진행 중인 태양광 발전 및 ESS 개발 사업 등 다른 신재생 에너지 사업과의 연계도 예상됐다."
2836,opportunity,0.615,positive,0.9999,에너지 관리,E,E_ENERGY__RENEWABLE_TRANSITION,신재생에너지 전환,0.6150517463684082,LS일렉트릭이 초고압 전력기기 사업 확대를 위해 1000억원을 투자한다. 전 세계적으로 신재생에너지 증가와 노후 전력망 교체로 급증하고 있는 초고압 전력기기 수요에 적극 대응하기 위해서다. LS일렉트릭은 13일 이사회에서 부산사업장의 초고압 변압기 시설 투자를 위해 205억원을 추가 투자하는 안건을 의결했다고 공시했다. 이번 투자에 따른 라인 최적화 및 비용 절감을 통해 2027년부터는 총 7000억원 규모로 캐파 가 늘어날 것으로 전망됐다.
2837,context,0.1196,neutral,0.988,인적자원 관리,S,S_HR__DIVERSITY_INCLUSION,다양성 및 형평성 (DEI),0.40344637632369995,"이어 폐기물 재활용(1.76점), 육아휴직(1.72점), 장애인 고용(1.62점), 사회공헌(1.24점) 순으로 나타났다."
2838,context,0.1094,neutral,0.6485,에너지 관리,E,E_ENERGY__RENEWABLE_TRANSITION,신재생에너지 전환,0.5625430941581726,"올해 초 인도 재벌 아다니 그룹이 재생에너지에 31조원을 투자한다고 발표했다. 아다니 그룹의 라이벌인 릴라이언스도 이에 질세라 분주하게 움직이고 있다. 로이터의 보도에 의하면, 릴라이언스가 인도 최대 재생에너지 프로젝트 개발업체가 되는 것을 목표로 한다. 2030년까지 100GW의 재생에너지 설비 구축을 목표로 하는 릴라이언스는 잠나가르에 있는 10GW 규모의 태양광 발전(PV) 기가팩토리에서 저가형 태양광 셀과 모듈을 만드는 데 사용되는 잉곳과 웨이퍼 생산을 시작할 예정이다."
2839,context,0.1425,neutral,0.9999,에너지 관리,E,E_ENERGY__RENEWABLE_TRANSITION,신재생에너지 전환,0.4751613140106201,"김동연 경기지사가 임기 후반기 역점 정책으로 주 4.5일 근무제, 저소득층 노인 간병비 지원, 재생에너지 이익 공유제 등을 도입했다. 김 지사는 14일 열린 민선8기 후반기 중점과제 발표 기자 간담회 에서 중점과제로 기회 돌봄 기후 평화 등 4개 경제 분야의 신규 사업 구상을 발표했다. 기회 분야에서는 노동시간 단축과 저출생 대책으로 임금 삭감 없는 주 4.5일제 와 경력단절 없는 0.5 0.75잡 프로젝트를 내년에 시범사업으로 추진한다. 돌봄 분야에서는 경기도형 간병 SOS 프로젝트 를 시행한다. 기후위기 대응책으로는 RE100 펀드 조성, 기후위성 발사, 기후보험 가입 등을 추진한다."
2840,context,0.1812,neutral,0.8653,기후변화·온실가스,E,E_CLIMATE__SCOPE3_EMISSION,Scope 3 배출량,0.6981170773506165,총 외부 배출량을 의미하는 스코프 3(Scope 3) 관리 방안을 두고 논란이 확산됐다. 블룸버그는 과학기반 감축목표 이니셔티브(SBTi)가 발표한 탄소 상쇄 인정 정책이 결국 빅오일의 승리 이자 에너지 전환 실패로 이어질 것이라고 보도했다. SBTi가 당장 탄소 상쇄를 허용하지는 않을 것으로 보여졌다. 실제로 SBTi가 발표한 중간 보고서를 보면 다양한 종류의 탄소 상쇄권들이 의도된 기후위기 완화 효과성을 입증하지 못하고 있다 고 명시했다. SBTi는 올해 말 기업 넷제로 표준 개정안을 마련해 2025년에는 확정할 계획이다.
2841,opportunity,0.5429,positive,0.9998,에너지 관리,E,E_ENERGY__RENEWABLE_TRANSITION,신재생에너지 전환,0.542996346950531,"신성이엔지는 쌍용건설과 12MW 규모 태양광 모듈 공급 계약을 체결했다고 2일 밝혔다. 이번 계약은 단일 모듈 수출로는 최대 규모이며, 창사 이래 첫 수출 사례이다. 본격적인 해외시장 진출을 위한 첫걸음으로 평가됐다. 계약에 따라 신성이엔지는 오는 10월까지 12MW 규모 태양광 모듈을 쌍용건설에 공급한다. 쌍용건설은 해당 모듈을 중남미 아이티의 카라콜 산업단지에 구축되는 태양광 발전소 프로젝트에 사용하게 된다."
2842,context,0.1214,neutral,0.9953,기후변화·온실가스,E,E_CLIMATE__SCOPE3_EMISSION,Scope 3 배출량,0.40651625394821167,"인도네시아 정부가 니켈 투자를 촉진하는 데 역량을 집중했다. 자국 경제 성장을 촉진하기 위해 니켈 다운스트림 프로그램을 계속해서 장려한다는 방침이다. 에릭 토히르 인도네시아 국영기업부 장관은 자신의 인스타그램 계정을 통해, 인도네시아 자카르타에서 로산 로슬라니 인도네시아 투자부 장관 겸 투자조정위원회(BKPM) 위원장을 만나 인도네시아 니켈 투자와 니켈 다운스트림 개발에 대해 논의했다고 밝혔다."
2843,context,0.1561,neutral,0.9998,인적자원 관리,S,S_HR__DIVERSITY_INCLUSION,다양성 및 형평성 (DEI),0.5203559994697571,"정치가 ESG에 영향을 미치면서 기업 내 다양성, 포용성 이슈를 없애는 기업들이 늘었다. 로이터통신은 기업 성명서를 검토한 결과, JP 모건 체이스(JP Morgan Chase)를 포함한 최소 6개 주요 미국 기업이 2024년에 DEI 정책을 수정한 것으로 나타났다고 보도했다. 미국의 가정용품 소매업체 기업인 로우즈(Lowe s)는 회사 내부 문서를 통해, 더 이상 LGBTQ 권익 옹호 단체인 인권 캠페인(HRC)에 대한 설문 조사에 참여하지 않는다고 전했다. 할리 데이비슨(Harley-Davidson)은 성명을 통해, 데이비슨은 현재 DEI 기능 이 없으며 2024년 4월 이후로 그러한 프로그램을 운영하지 않았다고 말했다."
2844,opportunity,0.5345,positive,0.8874,에너지 관리,E,E_ENERGY__RENEWABLE_TRANSITION,신재생에너지 전환,0.6022871732711792,프랑스의 거대 에너지기업 토탈에너지스(TotalEnergies)와 인도 최대 재생에너지 기업인 아다니 그린(Adani Green Energy Limited)이 합작회사를 설립했다. 로이터는 두 회사가 인도 구자라트주의 카브다에 위치한 태양광 합작회사 설립 계약을 체결했다고 보도했다. 합작회사는 최대 1575메가와트(MW) 규모의 태양광 발전 프로젝트를 구축하게 된다. 로이터는 이번 합작투자가 인도의 재생에너지 시장을 겨냥한 두 회사의 전략적 제휴를 강화하는 동시에 인도의 청정 에너지 목표 달성에 기여할 것이라고 보도했다.
2845,context,0.1535,neutral,0.8663,안전보건,S,S_SAFETY__OCCUPATIONAL_HEALTH_MANAGEMENT,사업장 안전보건 관리체계,0.5907766819000244,"한국선급(KR)은 미국 휴스턴에서 열린 가스텍 2024에서 HD현대중공업과 위험성 평가를 통한 진보된 암모니아 연료 공급 시스템 개발 에 관한 업무협약을 17일 체결했다고 18일 밝혔다. HD현대중공업은 암모니아 운반선에 암모니아 연료를 적용하기 위한 주요 시스템 배치를 설계하고, KR은 암모니아 연료 공급 시스템에 대한 위험성 평가를 수행해 개념 승인(AIP)을 수여할 계획이다."
2846,context,0.1736,neutral,0.9987,에너지 관리,E,E_ENERGY__EFFICIENCY_CONSUMPTION,에너지 소비 및 효율화,0.5792150497436523,"환경부는 기후 변화에 대응해 대체 수자원 확보에 속도를 내고 있다. 우선, 내년부터 5년간 국고 354억5천만원을 투입하고 95억5천만원의 민간투자를 확보해, 세계 최고 수준의 해수담수화 기술을 확보할 방침이라고 밝혔다. 환경부는 이번 연구개발(R D)로 전처리와 역삼투 등 해수담수화 본 공정 에너지 소비량을 1 당 2.2kWh 이하로 낮추는 기술을 확보할 계획이다."
2847,opportunity,0.2917,positive,0.5978,ESG 데이터 거버넌스,G,G_DATA_GOVERNANCE__ESG_DATA_CONTROL,ESG 데이터 내부통제,0.4880341589450836,"한국지속가능성인증협회(KOSRA, Korea Sustainability Reporting Assurance Association)가 17일 한국프레스센터에서 창립총회를 열고 공식 출범했다."
2848,context,0.154,neutral,0.9986,기후변화·온실가스,E,E_CLIMATE__SCOPE3_EMISSION,Scope 3 배출량,0.5139468908309937,"독일 연방환경청(UBA)은 석유기업들이 중국의 기후 프로젝트를 통해 생성한 탄소크레딧 21만5000톤을 인정하지 않겠다고 발표했다. 바이오연료 생산기업들이 1년 전 해당 프로젝트에 대해 그린워싱 문제를 지적했는데, 정부가 이를 받아들인 결과다. 문제가 된 프로젝트들은 바이오 연료보다 상대적으로 저렴한 업스트림 배출 감축(UER) 프로젝트라고 로이터 통신은 전했다."
2849,context,0.1838,neutral,0.9996,에너지 관리,E,E_ENERGY__RENEWABLE_TRANSITION,신재생에너지 전환,0.6129397749900818,정부는 재생에너지 직접전력거래(PPA) 제도 개편을 통해 민간 중심 거래 확대를 추진한다. 전력거래소는 망 이용요금 산정의 투명성을 높이고 가격 예측 가능성을 개선하는 부가비용 산정 기준을 검토하고 있다. 제도 개편은 한전 중심 거래구조에서 벗어나 직접PPA 시장을 넓히는 방향으로 진행된다.
2850,context,0.1501,neutral,0.9999,에너지 관리,E,E_ENERGY__RENEWABLE_TRANSITION,신재생에너지 전환,0.5005106925964355,"미국 정치권의 반( ) ESG 영향력은 과장된 것이라는 분석이 나왔다. JP모건 지속가능솔루션 글로벌 책임자 추카 우문나는 런던에서 개최된 로이터 에너지 전환 컨퍼런스(Reuters Energy Transition conference)에서 최근 ESG에 대한 정치적 반발은 과장됐으며, 미국의 녹색경제는 오히려 성장하고 있다 고 밝혔다. ESG 용어의 사용 빈도가 전보다 줄어들었을 뿐 미국 투자자들의 실질적인 ESG 투자 흐름은 유럽 투자자들과 크게 다르지 않다는 것이다. 실제로 글로벌 자산운용사들은 미주 지역에서 활발한 ESG 투자 활동을 이어가고 있다."
2851,context,0.1717,neutral,0.9778,에너지 관리,E,E_ENERGY__RENEWABLE_TRANSITION,신재생에너지 전환,0.5855347514152527,"사우디아라비아 국부펀드 공공투자기금(PIF)이 그린수소(녹색수소) 분야에 약 13조5150억원을 투입할 방침이다. 블룸버그통신 등에 따르면, PIF는 그린수소 전력 생산을 위한 자금을 조달하기 위해 자회사 에너지솔루션스(Energy Solutions)를 설립할 예정이다. 이르면 이달 말 공식 출범할 것으로 알려졌다. PIF는 이를 통해 그린수소 분야에 최소 100억 달러(약 13조5150억원)를 투자할 전망이다. 사우디아라비아는 2030년에는 천연가스와 신재생 에너지만으로 전력을 생산하고 석유를 더 이상 전력원으로 활용하지 않을 계획이다. 이에 따라 태양, 풍력 등 신재생에너지 부문에도 대규모 투자 계획을 갖고 있다. 이 과정에서 그린수소를 생산에 수출한다는 방침이다."
2852,context,0.1399,neutral,0.9998,인적자원 관리,S,S_HR__DIVERSITY_INCLUSION,다양성 및 형평성 (DEI),0.46656712889671326,"30대 기업의 대다수(89.7%)가 지속가능경영 전략의 일환으로 다양성, 형평성 및 포용성 관련 정책(이하 DE I 및 DEI)을 고려하고 있는 것으로 나타났다. 지속가능경영보고서에 DE I를 비롯해 다양성 및 포용성 등을 표기한 곳은 26곳이며, 언급이 없는 곳은 이마트, HD한국조선해양, DB손해보험 등 3곳이었다. 특히, 8개 기업(삼성전자, 현대차, 기아, 현대모비스, LG에너지솔루션, 현대건설, 현대제철, 현대글로비스)은 구체적으로 DE I 관련 정책을 제정하고 있었다. 이 중 6곳이 현대그룹사에 해당했다. 30대 기업이 지속가능경영보고서에 DEI 성과로 가장 많이 언급한 것은 임직원 다양성 존중 을 비롯한 여성 임직원 확대 였다."
2853,opportunity,0.5745,positive,0.9998,에너지 관리,E,E_ENERGY__RENEWABLE_TRANSITION,신재생에너지 전환,0.5745830535888672,"현대엔지니어링이 세르비아에서 역대 최대 규모 태양광 발전 사업을 따냈다. 16일 건설업계에 따르면, 현대엔지니어링은 미국 태양광업체 UGT리뉴어블스와 컨소시엄을 이뤄 세르비아 정부가 발주한 태양광 발전소 사업을 수주했다. 지난해 11월 우선협상자로 선정된 지 약 11개월 만이다. 이 사업은 세르비아 남동부 지역에 1기가와트(GW) 규모의 태양광 발전소와 200메가와트(MW)급 전력저장 시스템을 짓는 사업이다. 현대엔지니어링은 설계 조달 시공(EPC)을 담당한다."
2854,opportunity,0.6103,positive,0.9906,에너지 관리,E,E_ENERGY__RENEWABLE_TRANSITION,신재생에너지 전환,0.6161169409751892,"두산퓨얼셀이 중국 최대 에너지 기업 중 하나인 중국에너지건설유한공사(China Energy Engineering Corporation Limited, CEEC) 등과 중국 내 신재생 수소에너지 분야 협력에 나섰다. 중국은 2025년 수소 산업 총생산액이 1조위안(약 191조원)에 달할 것으로 예상됐다. 중국 언론 스지신넝위안왕( 세기신에너지망)의 최근 보도에 따르면, 두산퓨얼셀은 CEEC, CEEC 자회사 CEEC수소에너지, 산시진준( )그룹과 수소 등 신재생에너지 관련 전략적 협약을 맺었다. 협약은 지난 8월에 이뤄졌지만 계약상 이유로 늦게 알려졌다."
2855,context,0.1114,neutral,0.8895,에너지 관리,E,E_ENERGY__RENEWABLE_TRANSITION,신재생에너지 전환,0.4173770546913147,"일본의 대표적인 에너지 기업 J-Power가 미국 내 화석연료 발전 사업을 축소하고 재생에너지 전환에 박차를 가한다고 밝혔다. J-Power에 따르면, 자사가 보유 중인 11개 미국 발전소 지분 중 최대 9개를 매각하고 이를 통해 확보한 자금을 해외 재생에너지 사업에 투자할 계획이다. 이번 결정은 미국 정부의 강화된 환경 규제와 급증하는 재생에너지 수요에 대응하기 위한 전략적 선택으로 풀이됐다. J-Power는 미국 화석연료 발전소 매각으로 확보한 자금을 호주와 동남아시아 지역의 재생에너지 사업에 투자할 계획이다."
2856,opportunity,0.4834,positive,0.9997,에너지 관리,E,E_ENERGY__RENEWABLE_TRANSITION,신재생에너지 전환,0.48350077867507935,"호주에 세계 최대 태양광 발전소를 건설하고 생산 전력을 4천여 길이 해저 케이블로 싱가포르에 공급하는 사업이 싱가포르 정부의 조건부 승인을 받아 속도를 내게 됐다. 로이터 블룸버그 통신에 따르면, 이 같은 내용의 호주-아시아 파워링크 프로젝트에 대해 싱가포르 에너지시장국(EMA)이 기술적 상업적 타당성 검토 절차를 거쳐 조건부 승인 결정을 내렸다고 이 사업을 추진하는 호주 기업 선케이블이 밝혔다. 선케이블은 호주 북부 노던 준주에 축구장 1만6천800개 또는 서울 강남 3구(강남 서초 송파)를 합한 면적인 120 규모의 태양광 발전소를 지을 계획이다."
2857,opportunity,0.6084,positive,0.9998,에너지 관리,E,E_ENERGY__RENEWABLE_TRANSITION,신재생에너지 전환,0.6085382699966431,"현대자동차는 현대건설, SK E S, GS E R, 엔라이튼과 국내 최대 규모의 재생에너지 공급 계약(PPA)을 체결했다고 30일 밝혔다. 현대차는 이번 PPA를 통해 향후 20년간 현대건설, SK E S, GS E R, 엔라이튼으로부터 국내 사업장에 재생에너지 연간 610GWh(기가와트시)를 공급받는다. 이는 84kWh의 배터리가 장착된 아이오닉5를 700만회 이상 완충할 수 있는 전력량이다. 또, 현대차는 판매 부진을 겪고 있는 중국을 재공략하고 신흥 시장으로 떠오른 인도 내 점유율을 빠르게 높이기 위해 현지 맞춤형 내장시스템 연구개발에 속도를 내고 있다."
2858,opportunity,0.3907,positive,0.9989,에너지 관리,E,E_ENERGY__RENEWABLE_TRANSITION,신재생에너지 전환,0.39112070202827454,애플은 인도 내 150MW급 재생에너지 설비 구축을 위해 10억루피를 투자할 계획이다. 이번 투자는 인도 재생에너지 인프라 확대와 친환경 기업 육성을 목표로 클린맥스와 협력하는 방식으로 추진된다. 애플은 2030년까지 가치사슬 전반의 탄소중립 달성을 추진하고 있다. 인도 공급망에서도 재생에너지 전환 속도를 높이는 흐름이다.
2859,context,0.1733,neutral,0.967,에너지 관리,E,E_ENERGY__RENEWABLE_TRANSITION,신재생에너지 전환,0.5972812175750732,"블룸버그는 주거용 태양광 및 배터리 시스템을 전문으로 하는 미국 태양광업체 선런(Sunrun)이 데이터센터 개발업체들과 분산형 태양광 발전을 공급하기 위해 논의 중이라고 보도했다. 선런의 CEO 메리 파월은 데르보스 2024 컨퍼런스에서 데이터센터 개발업체들과 분산형 태양광 발전 공급을 위한 몇 가지 협력 모델을 논의 중이라고 밝혔다. 전기 유틸리티와 협력해 신규 데이터센터에 맞춤형 태양광 시스템을 제공하거나, 인근 지역의 기존 선런 시스템을 활용하는 것이 포함될 수 있다고 파월은 말했다."
2860,context,0.1313,neutral,0.9971,에너지 관리,E,E_ENERGY__RENEWABLE_TRANSITION,신재생에너지 전환,0.43886131048202515,"독일 정부가 보조금을 받을 수 있는 태양광 발전소의 범위를 축소할 계획이라고 블룸버그가 보도했다. 블룸버그가 입수한 독일 정부의 보조금 축소 법안 초안에 따르면, 정부는 최근 재생에너지 전력 공급 확대로 보조금 지급 부담이 늘어난 것으로 보여졌다. 블룸버그가 입수한 법안 초안에 따르면, 현재는 100킬로와트(kW) 용량 이상의 태양광 발전소는 정부의 보조금 대상이 아니지만, 이러한 기준은 2026년에는 90킬로와트 이상으로 낮아진다. 2027년에는 75킬로와트로 낮아지고, 그 이후에는 25킬로와트로 낮아질 예정이다."
2861,context,0.1769,neutral,0.9981,인적자원 관리,S,S_HR__DIVERSITY_INCLUSION,다양성 및 형평성 (DEI),0.5909137725830078,"미국 공화당 중심 보수진영의 반ESG 공세 속에서도 지속가능성 공시(ESG 공시)에 나서는 미국 기업이 크게 늘었다고 로이터통신이 보도했다. ESG 투자 자문사 HIP 인베스터(HIP Investor)에 따르면, 지난해 미국 대기업의 85%가 세부적인 온실가스 배출량 정보를 공개했다. 2019년보다 온실가스 배출량 공개 기업이 54%나 증가했다. 인종이나 젠더 다양성 정보 공개도 크게 늘었다. 다양성 데이터를 추적하는 다이버IQ(DiverIQ)에 따르면, S P500 지수 편입 기업 중 올 9월 1일 임직원의 인종과 성별에 관한 정보를 공개한 기업 비중이 82.6%에 달했다. 2019년에는 이런 정보를 공개한 기업이 5.3%에 불과했다."
2862,context,0.2013,neutral,0.9997,이사회 구조,G,G_BOARD__COMPOSITION_INDEPENDENCE,이사회 구성 및 독립성,0.6712307333946228,"감사위원 전원 분리선출주(대주주 3% 의결권 제한), 집중투표제 의무화 등의 내용을 담은 상법 개정안이 통과되면, 자산 기준 30대 상장기업(지난해 말 기준) 중 8개사(26.7%)의 이사회가 외국 기관투자자 연합에 넘어갈 수 있다는 분석이 나왔다. 14일 한국경제인협회는 자산 2조원 이상 상장기업 150개(자산은 개별 기준)를 대상으로 지배구조 규제 강화 시 상장사 이사회 구성변화 분석 을 통해 이같이 밝히며, 현재 논의되고 있는 상법 개정안에 대한 우려를 표시했다."
2863,opportunity,0.6313,positive,0.9998,에너지 관리,E,E_ENERGY__RENEWABLE_TRANSITION,신재생에너지 전환,0.6314558386802673,"현대자동차가 인도 타밀나두 공장 운영을 위한 118MW 규모에 달하는 전력 공급망을 확보했다. 현지 재생에너지 기업과 25년 동안 재생에너지를 공급하는 내용을 골자로 한 전력구매계약을 체결하고 발전소 지분도 확보했다. 21일 업계에 따르면, 현대차 인도판매법인(HMIL)은 FPEL TN 풍력발전소와 재생에너지 공급계약(PPA)을 체결했다. 양사 PPA 기간은 FPEL TN이 HMIL를 위해 새로 마련하는 재생에너지 발전소 운영 시작일로부터 25년이다. 이를 위해 FPEL TN은 타밀나두 지역에 75MW 규모 태양광 발전소와 42.9MW 규모 풍력 발전소를 설립할 계획이다."
2864,opportunity,0.5533,positive,0.995,에너지 관리,E,E_ENERGY__RENEWABLE_TRANSITION,신재생에너지 전환,0.5560911893844604,"삼성물산 상사부문(이하 삼성물산)이 LS일렉트릭과 공동으로 글로벌 신재생에너지 사업을 추진했다. 삼성물산은 LS일렉트릭과 25일 글로벌 신사업 개발 공동 추진 양해각서(MOU) 서명식을 가졌다고 밝혔다. 양사는 합작사를 설립하고, 첫 협업 대상으로 현재 삼성물산이 미국에서 개발 중인 500메가와트(MW) 규모의 에너지저장장치(BESS) 프로젝트를 선정했다. 초기 개발 단계에 있는 프로젝트를 LS일렉트릭과 공동으로 진행하며 가치를 제고한다는 계획이다. 삼성물산은 각종 인허가 취득을 포함한 개발 분야를, LS일렉트릭은 전력 솔루션 제공 등 기술 분야를 담당한다."
2865,context,0.1707,neutral,0.9468,인적자원 관리,S,S_HR__DIVERSITY_INCLUSION,다양성 및 형평성 (DEI),0.6009179949760437,"미국 주요 기업들의 이사회 다양성 증가세가 둔화하고 있다는 보고서가 발표됐다. 비영리 싱크탱크 컨퍼런스 보드(Conference Board)가 ESG 데이터 분석업체 이에스게이지(ESGAUGE)의 데이터를 활용해 발표한 보고서 2024년 이사회 관행과 구성(Board Practices and Composition 2024 Edition)에 따르면, 다양성의 증가가 주춤하는 모습이다. 보고서에 따르면, S P 500 기업 이사회에서 히스패닉 라틴계를 포함한 백인이 아닌 이사의 비율은 2020년 20.4%에서 2023년 25.6%로 상승했다. 그러나 지난 1년 동안의 상승폭은 단 0.1%포인트에 그쳤다. 이사회 전체의 다양성 비율과 주요 리더십 직위의 다양성 비율 간 차이도 눈에 띄었다."
2866,opportunity,0.7171,positive,0.9987,에너지 관리,E,E_ENERGY__RENEWABLE_TRANSITION,신재생에너지 전환,0.7179956436157227,"GS에너지의 태양광 발전사업 자회사 넥스트리뉴어블스솔루션(NRS)이 RE100 수요자와의 직접전력공급사업(PPA)을 위한 자금 조달에 성공했다. GS에너지와 재생에너지 솔루션 기업 해줌이 각각 90%, 10%의 비율로 출자한 NRS는 KDB인프라자산운용 및 NH투자증권과 200억원 규모의 프로젝트파이낸싱(PF) 금융약정을 지난 6일 체결했다. 또, GS에너지는 NH투자증권과 향후 RE100 직접 PPA 사업 확대를 위한 업무협약(MOU)을 9일 체결했다."
2867,opportunity,0.5162,positive,0.9989,에너지 관리,E,E_ENERGY__RENEWABLE_TRANSITION,신재생에너지 전환,0.5168144106864929,"한화솔루션의 태양광 부문인 한화큐셀이 미국 에너지 회사 퓨짓 사운드 에너지(Puget Sound Energy, 이하 PSE) 가 발주한 애팔루사 태양광 프로젝트(Appaloosa Solar Project)에 참여한다. 유타주 풍력발전 단지 부지를 활용해 142 태양광 발전소를 짓는다. 내년부터 건설에 돌입해 2026년 말 가동하며, 북미에서 태양광 수주를 확대할 예정이다."
2868,opportunity,0.6058,positive,0.9999,에너지 관리,E,E_ENERGY__RENEWABLE_TRANSITION,신재생에너지 전환,0.6059028506278992,"OCI홀딩스의 미국 태양광 발전 자회사 OCI 에너지가 신규 에너지저장장치(ESS) 프로젝트를 수주했다. 9일 OCI 에너지에 따르면, 회사는 최근 CPS 에너지와 알라모 시티 ESS(Alamo City ESS) 라는 ESS 프로젝트를 위한 장기 계약을 체결했다. 이로써 텍사스주 벡사카운티 남동부 지역에 120MW(메가와트 480MWh)급 ESS를 구축한다. 이 ESS 프로젝트는 오는 2026년 말께 가동할 예정이며, 향후 20년 간 텍사스주 샌안토니오 지역의 에너지 공급원이 될 전망이다."
2869,context,0.1615,neutral,0.9216,에너지 관리,E,E_ENERGY__RENEWABLE_TRANSITION,신재생에너지 전환,0.5841655135154724,"일본이 원자력 발전소 20개 이상을 합친 것보다 많은 전력을 생산할 수 있는 슈퍼 태양광 발전소를 구축하겠다는 계획을 세계에서 처음으로 밝혔다. 친환경에너지 전문매체 ECO뉴스에 따르면, 일본 정부의 지원 속에 PSC 기술의 상업화를 추진 중인 세키스이화학공업은 PSC에 기반한 태양광 모듈을 2030년 이후 출시 목표로 현재 개발 중이라고 발표했다. ECO뉴스는 세키스이의 이번 발표는 글로벌 태양광 시장에서 뒤처진 일본이 다시 선도주자로 재도약하기 위한 움직임의 일환 이라고 전했다."
2870,opportunity,0.5087,positive,0.9997,에너지 관리,E,E_ENERGY__RENEWABLE_TRANSITION,신재생에너지 전환,0.5088554620742798,"필리핀이 세계 최대 규모의 태양광 발전소 건설에 착수하며 재생에너지 확대에 박차를 가했다. 필리핀 최대 전력 유통업체 메랄코(Meralco)는 수도 마닐라 북쪽에 3500 메가와트(MW) 규모의 태양광 발전소와 4500MWh 용량의 에너지 저장시설을 건설할 계획이라고 일본의 경제신문 닛케이 아시아가 보도했다. 총 35억달러(약 4조8000억원)가 투입되는 이 프로젝트는 2026년 1단계 가동을 시작으로, 2027년부터 본격적인 전력 생산에 돌입할 예정이다."
2871,risk,0.6175,negative,0.9496,인적자원 관리,S,S_HR__DIVERSITY_INCLUSION,다양성 및 형평성 (DEI),0.6502326130867004,"미국 항소법원은 나스닥이 상장사에게 이사회 다양성 데이터 공시를 요구하는 것이 부당하다고 판결했다. 나스닥은 2020년 미국 증권거래위원회(SEC)에 이사회 다양성 공시와 관련된 새로운 상장 규정을 채택하자는 제안서를 제출한 바 있다. 이후 1년 뒤인 2021년 8월 SEC는 이 규정을 승인했다. 그러나 나스닥의 다양성 목표 요구가 기업에게 불필요한 인원 할당을 요구한다고 여긴 싱크탱크인 국립 공공정책 연구 센터와 공정한 이사회 채용을 위한 연합(Alliance for Fair Board Recruitment, AFFBR) 이 SEC를 대상으로 소송을 제기했다. 이번 판결로 SEC가 소송에서 패소하면서 해당 규정은 무효화되었다고 로이터통신, 월스트리트저널 등이 보도했다."
2872,opportunity,0.4679,positive,0.9995,에너지 관리,E,E_ENERGY__RENEWABLE_TRANSITION,신재생에너지 전환,0.4681302309036255,"삼성물산 건설부문이 말레이시아 재생에너지 회사 솔라베스트와 태양광 사업에 협력하기로 했다. 삼성의 동남아시아 주요 사업장에 태양광 발전소 건설을 모색할 것으로 전망된다. 양사는 태양광 발전 사업 협력을 위한 업무협약을 체결했다. 세부 사업 계획은 정해지지 않았으나, 솔라베스트는 대만과 캄보디아, 말레이시아, 브루나이에 위치한 삼성 사업장에 태양광 발전소를 설치한다고 밝혔다. 삼성물산 건설부문에서 시공을, 솔라베스트에서 패널과 인버터 등 태양광 솔루션을 제공할 것으로 예상된다."
2873,context,0.1898,neutral,0.9998,기후변화·온실가스,E,E_CLIMATE__CLIMATE_GOVERNANCE_INVENTORY,기후 거버넌스·인벤토리,0.6328972578048706,"세계경제포럼과 협력해 설립된 기후 거버넌스 이니셔티브(CGI)가 내년 상반기 한국 본부를 열기로 했다. 국제 ESG협회는 CGI 한국 본부 유치를 결정했다. 딜로이트 그룹 ESG센터장은 한국 본부 출범 준비위원회 멤버로 참여해 협력하기로 했다. CGI는 전세계 73개국, 33개 챕터, 10만 이상의 이사회 네트워크를 보유하고 있다."
2874,opportunity,0.6132,positive,0.9998,에너지 관리,E,E_ENERGY__RENEWABLE_TRANSITION,신재생에너지 전환,0.6132994294166565,"LS머트리얼즈가 신재생에너지와 AI데이터센터 전력 안정화 사업을 확대하고 있다. 최근 전력 안정화를 위한 신제품 LS UltraGrid의 첫 출하식을 열었다. 이 제품은 MW급 전력을 안정적으로 공급할 수 있는 랙형 울트라커패시터 시스템으로, 풍력 태양광 등 신재생에너지 설비의 전력 안정화를 위해 공급될 예정이다."
2875,opportunity,0.5528,positive,0.9998,에너지 관리,E,E_ENERGY__RENEWABLE_TRANSITION,신재생에너지 전환,0.5529064536094666,기아가 현대자동차그룹 계열사 중 처음으로 재생에너지 전력구매계약(PPA) 사업을 진행하기로 했다. 내년 1분기 안으로 한 발전공기업과 PPA를 맺고 오토랜드 화성에 1.1MW 규모의 태양광 전력을 도입할 계획이다. 거래단가 협상까지 마무리된 것으로 알려졌다.
2876,opportunity,0.6814,positive,0.9998,에너지 관리,E,E_ENERGY__RENEWABLE_TRANSITION,신재생에너지 전환,0.6815381050109863,KT G가 2045년 탄소중립 달성을 위해 한화솔루션 큐셀부문과 재생에너지 직접전력구매계약(PPA)을 맺었다. KT G는 향후 20년간 연간 최대 8.8GWh의 재생전력을 공급받게 된다. 이를 통해 연간 전력 사용량의 4.5%가 재생전력으로 대체되고 온실가스 4050톤이 줄어들 것으로 예상했다.
2877,opportunity,0.6814,positive,0.9998,기후변화·온실가스,E,E_CLIMATE__SCOPE1_2_EMISSION,Scope 1·2 배출량,0.6815381050109863,KT G가 2045년 탄소중립 달성을 위해 한화솔루션 큐셀부문과 재생에너지 직접전력구매계약(PPA)을 맺었다. KT G는 향후 20년간 연간 최대 8.8GWh의 재생전력을 공급받게 된다. 이를 통해 연간 전력 사용량의 4.5%가 재생전력으로 대체되고 온실가스 4050톤이 줄어들 것으로 예상했다.
2878,opportunity,0.6237,positive,0.9998,에너지 관리,E,E_ENERGY__RENEWABLE_TRANSITION,신재생에너지 전환,0.6237778663635254,"CJ제일제당이 인도네시아 사료 생산시설에 태양광발전 설비를 준공하고 친환경 에너지 발전을 시작했다. 신재생에너지 사용 확대를 통한 탄소 배출량 감축에 앞장서겠다는 방침이다. CJ제일제당 자회사 CJ피드앤케어는 인도네시아 스마랑 지역에 자리한 사료 공장 전체에 태양관 패널을 설치했다. 인도네시아 다빈 에너지 솔루션(Dabin Energy Solution), 한국남방개발(KODECO) 등 파트너사들과 협력해 최대 989kWp(킬로와트피크) 규모의 전력을 생산할 수 있는 태양광발전 시설을 도입했다."
2879,context,0.135,neutral,0.817,에너지 관리,E,E_ENERGY__RENEWABLE_TRANSITION,신재생에너지 전환,0.5506914258003235,"S P 글로벌에 따르면 2025년 클린테크 분야 투자 규모가 약 978조원에 달해 화석연료 업스트림 부문 투자 규모를 처음으로 넘어설 전망이다. 특히 태양광 발전이 전체 투자의 절반을 차지할 것으로 예상되며, 배터리 에너지 저장장치(BESS)와 AI 기술이 시장 변화에 핵심 역할을 할 것으로 예측된다."
2880,context,0.135,neutral,0.817,기후변화·온실가스,E,E_CLIMATE__SCOPE3_EMISSION,Scope 3 배출량,0.5506914258003235,"S P 글로벌에 따르면 2025년 클린테크 분야 투자 규모가 약 978조원에 달해 화석연료 업스트림 부문 투자 규모를 처음으로 넘어설 전망이다. 특히 태양광 발전이 전체 투자의 절반을 차지할 것으로 예상되며, 배터리 에너지 저장장치(BESS)와 AI 기술이 시장 변화에 핵심 역할을 할 것으로 예측된다."
2881,context,0.1564,neutral,0.9975,기후변화·온실가스,E,E_CLIMATE__SCOPE1_2_EMISSION,Scope 1·2 배출량,0.5226362943649292,"한국거래소 발표에 따르면, 2024년 국내 대기업 집단의 약 70%가 지속가능경영보고서를 자율 공시했으며, 이는 전년 대비 27% 증가한 수치다. 주요 그룹별로는 현대차(11개사), 삼성(10개사), 롯데(9개사), SK(9개사), LG(9개사)가 포함됐다. 보고서 공시 기업 중 99%는 Scope 1 2 배출량을 공개했으나 연결기준 공시는 3%에 그쳤다."
2882,opportunity,0.5742,positive,0.9809,에너지 관리,E,E_ENERGY__RENEWABLE_TRANSITION,신재생에너지 전환,0.5853866338729858,"세계 최대 반도체 파운드리 기업 TSMC가 증가하는 전력 수요를 충족하기 위해 액화천연가스(LNG) 사용을 고려하고 있다. TSMC는 2040년까지 RE100(재생에너지 100%)을 달성하겠다고 선언했지만, LNG 의존이 증가하면 탄소 감축 목표 달성이 어려워질 수 있다. 환경단체들은 해당 계획이 기후 목표에 역행한다고 지적했다."
2883,risk,0.5316,negative,0.9971,에너지 관리,E,E_ENERGY__RENEWABLE_TRANSITION,신재생에너지 전환,0.5331666469573975,"국내 배터리 3사가 사상 첫 동반 적자가 예상되는 가운데, 에너지저장장치(ESS) 사업을 새로운 성장 동력으로 보고 있다. ESS 시장은 신재생에너지 확대와 함께 성장하면서 배터리 업체들에게 기회가 될 전망이다. 기업들은 ESS 기술 개발과 신규 프로젝트 수주에 집중하고 있다. 이를 통해 배터리 시장의 변동성을 극복하려는 전략이 추진되고 있다."
2884,context,0.1245,neutral,0.9933,인적자원 관리,S,S_HR__DIVERSITY_INCLUSION,다양성 및 형평성 (DEI),0.41790327429771423,"정부가 전기요금 차등제 도입을 추진하면서 지역 분할 기준을 둘러싼 논란이 확산되고 있다. 일부 지역에서는 전기요금 인상 우려가 나오고 있으며, 형평성 문제도 제기되고 있다. 정부는 지역별 에너지 소비 구조를 고려해 공정한 요금 체계를 마련할 계획이다. 이에 따른 기업과 소비자의 부담 변화에 관심이 집중되고 있다."
2885,context,0.1444,neutral,0.9936,에너지 관리,E,E_ENERGY__RENEWABLE_TRANSITION,신재생에너지 전환,0.4845973253250122,"국내 재생에너지 발전량이 RE100 가입 대기업들의 수요를 100% 충족하지 못하고 있다. 현재 공급량은 대기업 총 수요의 88.4% 수준으로, 기업들의 재생에너지 확보 경쟁이 심화될 것으로 예상된다. 기업들은 안정적인 재생에너지 확보를 위해 추가적인 정책 지원이 필요하다고 요구하고 있다. 이에 따라 정부의 재생에너지 확대 정책이 더욱 중요한 시점이다."
2886,opportunity,0.581,positive,0.9998,에너지 관리,E,E_ENERGY__RENEWABLE_TRANSITION,신재생에너지 전환,0.5810773968696594,"에너지 기후테크 기업 엔라이튼이 삼성전자의 공식 RE100 자가용 태양광 공급사업자로 선정돼 협력사들의 재생에너지 전환을 주도하는 핵심 파트너로 나선다고 밝혔다. 이번 사업의 첫 성과로, 엔라이튼은 리모트솔루션(리모컨 개발 제조)과 한국에바라정밀기계(반도체 제조용 기계 제조)와 계약을 체결하며 본격적인 사업에 착수했다."
2887,opportunity,0.4866,positive,0.9989,에너지 관리,E,E_ENERGY__RENEWABLE_TRANSITION,신재생에너지 전환,0.48717445135116577,"글로벌 에너지저장장치(ESS) 시장이 향후 10년간 현재의 7배 규모로 성장할 것으로 전망된다. 배터리 가격 하락과 인공지능(AI) 데이터센터, 신재생에너지 확대가 주요 성장 동력으로 예상된다. 시장조사업체 우드맥킨지는 향후 10년간 ESS 시장이 지난해 대비 7배 성장할 것으로 전망했다. 지난해 배터리 에너지저장장치(BESS) 설치 용량은 69GW 161GWh로, 전년 대비 44% 증가했다. 배터리 가격 하락이 ESS 시장 확대의 핵심 요인으로 작용하고 있다."
2888,context,0.1542,neutral,0.9993,에너지 관리,E,E_ENERGY__EFFICIENCY_CONSUMPTION,에너지 소비 및 효율화,0.5142646431922913,"한국경제인협회는 기업 10곳 중 8곳(82.7%)이 정부가 올해 UN에 제출할 2035 온실가스 감축목표(NDC) 설정 시 산업부문 감축목표를 현 수준으로 유지해야 한다고 주장한다고 밝혔다. 설문 결과에 따르면, 산업계가 평가하는 2030 산업부문 온실가스 감축목표의 달성가능성은 평균 38.6%로 낮음 수준으로 나타났다. 산업계는 감축목표 달성이 어려운 주요 원인으로 저탄소 산업구조로의 전환 어려움(31.0%)과 에너지효율 개선 지연(26.2%), 경제 및 생산 위축(20.2%), 저탄소기술 혁신 및 상용화 지연(19.0%)을 제시했다."
2889,context,0.107,neutral,0.9858,윤리경영·준법,G,G_ETHICS__ANTI_CORRUPTION_COMPLIANCE,반부패 및 컴플라이언스,0.36191239953041077,"노르웨이 국부펀드(NBIM)는 지난해 49개 기업에 대한 투자를 철회하며 ESG 리스크 관리를 강화했다. 이는 전년의 86개 기업 대비 감소한 수치다. 특히 기후 리스크 관련 5개, 인권 리스크 관리 미흡 15개, 반부패 노력 부족으로 8개 기업에 대한 투자를 중단했다. 이러한 결정은 미국을 중심으로 한 ESG 반발에도 불구하고 지속가능한 투자에 대한 NBIM의 의지를 보여준다."
2890,context,0.1616,neutral,0.9987,에너지 관리,E,E_ENERGY__RENEWABLE_TRANSITION,신재생에너지 전환,0.5392827391624451,"정부가 신규 대형 원자력발전 건설 목표를 3기에서 2기로 축소하고 재생에너지를 확대하는 제11차 전력수급기본계획 조정안을 마련했다. 산업통상자원부는 국회 산업통상중기벤처위원회에 2038년까지 태양광 발전 설비용량 2.4GW를 추가 확대하고, 대형 신규원전을 2기만 건설하는 내용의 조정안을 제출했다."
2891,opportunity,0.6508,positive,0.9999,에너지 관리,E,E_ENERGY__RENEWABLE_TRANSITION,신재생에너지 전환,0.6509145498275757,"토탈에너지스는 ST마이크로일렉트로닉스(ST)와 프랑스 내 ST 시설에 재생 에너지를 공급하기 위한 15년간의 전력구매계약(PPA)을 체결했다. 이번 계약은 2025년 1월부터 시작되며, 총 1.5테라와트시(TWh)의 재생 에너지가 공급될 예정이다. 토탈에너지스는 운영 중인 75메가와트(MW) 규모의 최신 풍력 및 태양광 발전소 두 곳에서 생산된 전력을 ST에 제공할 계획이다. 이 계약은 프랑스에서 이러한 유형의 15년 장기 계약으로는 최초 사례로, ST의 2027년까지 100% 재생 에너지 조달 목표 달성에 기여할 것으로 전망된다."
2892,context,0.1189,neutral,0.977,인적자원 관리,S,S_HR__DIVERSITY_INCLUSION,다양성 및 형평성 (DEI),0.4055899679660797,"트럼프 대통령 당선 이후, 메타, 구글 모회사 알파벳, 아마존, 맥도날드, 월마트 등 미국 대기업들이 다양성 형평성 포용성(DEI) 목표를 하향 조정하거나 관련 프로그램을 폐지하고 있다. 이러한 흐름 속에서도 세계 최대 의결권 자문기구인 ISS는 애플 투자자들에게 DEI 정책 폐지 제안에 반대할 것을 권고했다. ISS는 DEI 정책이 기업의 장기적인 가치 창출과 경쟁력 강화에 기여한다고 평가하며, 애플의 DEI 정책 유지를 지지했다."
2893,opportunity,0.5039,positive,0.9986,에너지 관리,E,E_ENERGY__RENEWABLE_TRANSITION,신재생에너지 전환,0.5046399831771851,삼성물산이 호주에서 250MW 규모의 태양광 ESS 프로젝트를 추진한다. 현재 환경 보호 및 생물다양성 보전법(EPBC) 승인 절차를 진행 중이다. 이번 프로젝트는 호주 정부의 친환경 에너지 확대 정책에 맞춰 추진된다. 삼성물산은 글로벌 신재생에너지 시장에서 입지를 확대할 계획이다.
2894,context,0.098,neutral,0.6689,인적자원 관리,S,S_HR__DIVERSITY_INCLUSION,다양성 및 형평성 (DEI),0.48827287554740906,"트랙터 서플라이, 디어 앤 컴퍼니, 포드, 로우스, 보잉 등은 DEI 부서를 해체하거나 외부 다양성 조사 참여를 중단했다. 아마존, 펩시코, 메타, 맥도날드, 구글 등도 DEI 관련 정책을 조용히 철회하며 연례 보고서에서 관련 내용을 삭제했다. 보수층 반발과 정치적 환경 변화 속에서 DEI 정책 후퇴가 가속화되는 흐름이다."
2895,context,0.143,neutral,0.9931,인적자원 관리,S,S_HR__DIVERSITY_INCLUSION,다양성 및 형평성 (DEI),0.48004424571990967,"미국 주요 기업들이 다양성(Diversity), 형평성(Equity), 포용성(Inclusion) 정책(DEI)을 폐지하거나 축소하고 있다. 2023년 미국 대법원의 소수자 우대 정책 폐지 판결과 2024년 트럼프 대통령 취임 이후 연방정부의 DEI 프로그램 종료가 기업들의 정책 변화에 영향을 미쳤다."
2896,context,0.0985,neutral,0.9991,에너지 관리,E,E_ENERGY__RENEWABLE_TRANSITION,신재생에너지 전환,0.32858794927597046,브라질 정부가 환경 논란에도 불구하고 아마존 강 하구 지역의 석유 탐사를 추진하면서 국제 사회의 주목을 받고 있다. 루이스 이나시우 룰라 다 실바 대통령은 기존에 거부됐던 석유 탐사 프로젝트 승인을 위해 국가환경규제기관(IBAMA)에 압력을 가하고 있는 것으로 알려졌다. 브라질 정부는 신규 화석연료 개발을 통해 확보한 수익이 오히려 재생에너지 전환을 가속화하는 데 도움이 될 것이라고 주장하고 있다.
2897,opportunity,0.3747,positive,0.6838,에너지 관리,E,E_ENERGY__EFFICIENCY_CONSUMPTION,에너지 소비 및 효율화,0.5479053258895874,"GS칼텍스가 정유 석유화학 산업 공정 최적화와 온실가스 배출 저감을 위해 AI 자율제조 플랫폼을 구축한다. 산업부 국책과제인 AI 자율제조 선도 프로젝트 의 일환으로 추진되며, 2028년까지 2단계에 걸쳐 진행될 예정이다. GS칼텍스는 AI 기반 제조 시스템을 개발하고 실증하는 역할을 맡아, 공정 자동화와 에너지 효율 개선을 목표로 한다."
2898,opportunity,0.6025,positive,0.9998,에너지 관리,E,E_ENERGY__RENEWABLE_TRANSITION,신재생에너지 전환,0.6026092171669006,"아랍에미리트(UAE)가 탄소중립 목표 달성을 위해 태양광과 에너지저장장치(ESS) 프로젝트를 추가 발주했다. 블룸버그에 따르면, 두바이 전력수자원국(PJSC)은 무함마드 빈 라쉬드 알 막툼 솔라파크에 1.6GW 규모의 태양광과 1GW 배터리 저장 장치를 통합하는 계획을 발표했다. 이는 에미레이트 항공이 추진하는 두 번째 태양광 발전 프로젝트로, 조만간 수주 업체를 선정할 예정이다. 해당 프로젝트는 2027 2029년 가동될 전망이다."
2899,context,0.1691,neutral,0.9999,기후변화·온실가스,E,E_CLIMATE__SCOPE1_2_EMISSION,Scope 1·2 배출량,0.5638059973716736,"더불어민주당이 상장사 대상 ESG 공시 의무화를 위한 법안을 상반기 내 통과시키는 방안을 추진하고 있다. 유럽연합(EU)의 ESG 공시 의무화 시행에 맞춰 국내에서도 조속한 입법이 필요하다는 입장이다. 그러나 기업들은 준비 기간 없이 해외 공장의 탄소배출량을 수시로 집계해야 한다면 현실적으로 불가능하다고 반발하고 있다. 해당 법안은 사업보고서와 반기보고서에 ESG 정보를 필수적으로 공시하도록 하며, 스코프3(온실가스 기타 간접 배출량)까지 포함될 가능성이 커 부담이 더욱 커질 전망이다."
2900,context,0.1979,neutral,0.9868,에너지 관리,E,E_ENERGY__RENEWABLE_TRANSITION,신재생에너지 전환,0.6684288382530212,"정부가 소규모 태양광 사업자의 난립을 초래했다는 지적을 받아온 재생에너지 공급인증서(REC) 제도를 폐지하기로 했다. 이에 따라 대형 발전사는 2027년부터 REC 구매 대신 직접 재생에너지 발전소를 짓거나 설비에 지분 투자하는 방식으로 의무공급비율을 충족해야 한다. 정부와 에너지 업계에 따르면, 산업통상자원부는 이를 포함한 신재생에너지 개발이용보급 촉진법 개정을 추진 중이다. 정책 변경으로 인해 재생에너지 시장의 구조적 변화가 예상된다."
2901,opportunity,0.5671,positive,0.9966,에너지 관리,E,E_ENERGY__RENEWABLE_TRANSITION,신재생에너지 전환,0.5690634846687317,일본에서 가장 오래된 중공업 기업인 IHI가 태양광발전소에서 발생하는 잉여 직류(DC) 전력을 탄소 배출 없는 증기로 변환하는 시스템을 개발했다고 발표했다. 2024년 4월부터 일본 후쿠시마 현 소마시 하수 처리장에서 시범 운영 중인 이 시스템은 현재까지 안정적인 성능을 보여줬다. 태양광 발전의 특성상 일조량 변동에 따라 발생하는 잉여 전력을 효과적으로 활용해 열에너지를 생성하고 저장하는 기술이다.
2902,opportunity,0.3839,positive,0.9985,에너지 관리,E,E_ENERGY__RENEWABLE_TRANSITION,신재생에너지 전환,0.3845164477825165,"삼성물산과 한국전력공사(KEPCO), 한국동서발전이 주도하는 한국 기업 컨소시엄(KES 요나 솔라)이 괌 요나 지역에 132MW 규모 태양광 발전소 건설 프로젝트를 최종 승인받았다. 이번 발전소는 괌 내 최대 규모로, 약 25만 개의 태양광 패널이 설치될 예정이다. 발전소 부지는 약 76만8291평 규모로, 삼성 E C 아메리카가 공사 수행을 맡았다."
2903,opportunity,0.5728,positive,0.9998,에너지 관리,E,E_ENERGY__RENEWABLE_TRANSITION,신재생에너지 전환,0.5728686451911926,"중국 전기차 배터리 제조업체 BYD의 에너지 저장 부문이 폴란드에서 1.6GWh 규모의 대형 에너지 저장 프로젝트 계약을 체결했다. 이 프로젝트는 BYD가 포르투갈의 그린볼트 그룹 자회사 그린볼트 파워와 공동으로 진행하며, 현재 현지 변전소 인프라 건설이 진행 중이다. BYD는 이번 프로젝트를 통해 유럽 에너지 저장 시스템(ESS) 시장 진출을 본격화했으며, 앞으로 유럽 내 신재생에너지 확대 및 전력망 안정화에 기여할 계획이다. 중국 배터리 기업들의 유럽 시장 진출 움직임이 더욱 가속화될 것으로 예상된다."
2904,context,0.1806,neutral,0.9994,인적자원 관리,S,S_HR__DIVERSITY_INCLUSION,다양성 및 형평성 (DEI),0.6024265289306641,글로벌 의결권 자문사 글래스루이스가 이사회의 다양성 평가 기준을 유지하기로 결정했다. 이는 또 다른 의결권 자문기관 ISS가 다양성 평가 기준을 폐지한 것과는 다른 결정으로 주목받고 있다. 글래스루이스의 결정으로 이사회 다양성을 유지하거나 높이려는 기업의 압박은 지속될 전망이다. 이사회의 다양성 기준을 유지한 글래스루이스와 폐지한 ISS 간 평가 결과의 차이가 커질 것으로 예상된다.
2905,context,0.166,neutral,0.9996,에너지 관리,E,E_ENERGY__RENEWABLE_TRANSITION,신재생에너지 전환,0.553630530834198,"중국 정부가 기후변화 대응을 위한 대규모 에너지 프로젝트 계획을 발표했다. 이번 프로젝트는 신재생에너지 인프라 확대와 에너지 효율화를 핵심 내용으로 하며, 글로벌 기후 리더십 확보를 목적으로 한다. 다만, 중국 정부는 석탄발전 비중을 당분간 유지한다고 밝혀 국제 사회의 우려가 이어지고 있다. 전문가들은 중국이 석탄 의존도를 낮추지 않으면 실질적인 탄소 감축 효과는 미미할 것이라고 지적했다."
2906,opportunity,0.5658,positive,0.9998,에너지 관리,E,E_ENERGY__RENEWABLE_TRANSITION,신재생에너지 전환,0.5659433007240295,"LS전선이 미국 태양광 발전단지에 메가볼트(MV)급 알루미늄 전력 케이블을 최초로 공급하며 미국 시장 진출을 가속화하고 있다고 6일 밝혔다. 이번 공급 규모는 총 2500만달러(약 363억원)에 이르며, LS에코에너지와 함께 미국 내 태양광 EPC(설계 조달 시공) 업체에 제공된다. LS전선은 이번 프로젝트를 통해 중국산 제품 의존도를 낮추는 탈중국 공급망 전략으로 경쟁력을 확보할 계획이다. 향후 LS전선은 미국 시장에서 전력 인프라 사업의 확대를 목표로 하고 있다."
2907,context,0.1229,neutral,0.7086,ESG 데이터 거버넌스,G,G_DATA_GOVERNANCE__ESG_DATA_CONTROL,ESG 데이터 내부통제,0.5782544016838074,"독일 금융기업 알리안츠가 보험업계 최초로 EU의 기업지속가능성보고지침(CSRD)을 준수한 보고서를 발표했다. 알리안츠는 이번 보고서에서 지속가능 투자 규모를 전년 대비 45억유로(약 7조1296억원) 증가시키고, 직원당 온실가스(GHG) 배출량을 61.5% 감축했다고 밝혔다. 이 보고서는 EU CSRD 규정을 준수하고 합리적 보증(Reasonable Assurance)을 받은 최초의 보험업계 보고서로, 타 금융기관들에 ESG 정보공개의 기준이 될 전망이다. 알리안츠의 보고서는 지속가능성 목표의 투명한 달성과 기업 간 ESG 성과 비교 가능성을 높였다는 평가를 받는다."
2908,context,0.1454,neutral,0.9995,인적자원 관리,S,S_HR__DIVERSITY_INCLUSION,다양성 및 형평성 (DEI),0.48501256108283997,"영국 금융행위감독청(FCA)과 프루덴셜규제청(PRA)이 금융기관에 다양성 형평성 포용성(DEI) 개선을 의무화하려던 규제 도입 계획을 철회했다. 두 금융당국은 2023년 DEI 규제 도입을 제안했으나, 최근 산업계의 강력한 반대와 규제 비용 우려를 이유로 규제를 진행하지 않기로 결정했다. 이번 결정은 트럼프 전 대통령 이후 미국에서 확산된 규제 완화 움직임과 비슷한 맥락이다. 다만 금융당국은 DEI 의무 규제는 철회하지만, 금융기관 내의 비재무적 부정행위(non-financial misconduct)와 같은 문화적 문제에 대한 감독은 계속 강화할 방침이다."
2909,context,0.1084,neutral,0.7906,에너지 관리,E,E_ENERGY__RENEWABLE_TRANSITION,신재생에너지 전환,0.456987589597702,"중국이 우주 공간에 초대형 태양광 발전소 건설 계획을 추진 중이라고 사우스차이나모닝포스트가 보도했다. 중국은 이를 위해 초중량급 재사용 로켓인 창정(Long March) 9호를 개발하고 있다. 해당 발전소는 길이가 약 1km에 달하는 초대형 태양광 패널을 지구에서 3만6000km 떨어진 정지궤도에 설치하는 방식이다. 이 프로젝트는 중국이 추진하는 미래형 에너지 전략의 일환으로, 향후 우주 에너지 개발 시장 선점을 위한 포석으로 해석된다."
2910,context,0.1864,neutral,0.9997,에너지 관리,E,E_ENERGY__RENEWABLE_TRANSITION,신재생에너지 전환,0.6213564872741699,"영국 정부가 2030년까지 풍력과 태양광 발전 등 다수의 청정 에너지 프로젝트를 최우선적으로 추진하기 위한 법안을 의회에 제출한다고 밝혔다. 이는 영국이 마련한 플랜포체인지(Plan for Change) 정책의 일환으로, 관련 프로젝트들을 우선적으로 전력망에 연결할 예정이다. 총 2000억파운드(약 332조원)의 투자를 통해 경제성장을 촉진하고 화석연료 시장의 불안정성에서 벗어나 에너지 안보를 강화하는 것이 목표다. 영국은 이번 조치로 글로벌 친환경 시장에서의 경쟁력을 높이고, 재생에너지 전환 속도를 가속화할 계획이다."
2911,opportunity,0.4155,positive,0.9756,에너지 관리,E,E_ENERGY__RENEWABLE_TRANSITION,신재생에너지 전환,0.425933301448822,삼성물산 상사부문이 유럽 신재생에너지 거점 확보를 위해 독일에 법인 설립을 추진했다. 북미와 호주 등 글로벌 시장에서 쌓은 신재생에너지 사업 노하우를 유럽에 이식해 저변 확대에 나섰다는 분석이다. 업계에서도 삼성물산 상사부문의 신재생에너지 사업 경쟁력을 높게 평가하고 있는 만큼 향후 유럽 시장에서의 행보에 관심이 모아졌다.
2912,opportunity,0.6144,positive,0.9998,에너지 관리,E,E_ENERGY__RENEWABLE_TRANSITION,신재생에너지 전환,0.6145104765892029,"고려아연의 호주 자회사 아크에너지가 한화에너지를 호주 최대 규모의 배터리에너지저장장치(BESS) 사업 파트너로 선정했다. 두 회사는 최근 BESS 공급 계약을 체결했으며, 2027년까지 호주 뉴사우스웨일스(NSW) 북부에 위치한 리치몬드 밸리 지역에서 500 규모의 태양광 발전과 연계한 BESS 사업을 추진할 계획이다. 이번 계약으로 한화에너지는 호주 시장에서의 입지를 강화하고, 기업공개(IPO)에도 긍정적 영향을 미칠 전망이다."
2913,context,0.1853,neutral,0.9983,윤리경영·준법,G,G_ETHICS__ANTI_CORRUPTION_COMPLIANCE,반부패 및 컴플라이언스,0.6187860369682312,"방위사업청이 국내 방산기업에 윤리경영 및 ESG 체계를 도입하고 이를 평가해 인센티브를 제공하는 방안을 추진한다. 방위사업청은 올해 하반기부터 본격적으로 방산기업 윤리경영 체계 도입을 위한 연구를 진행할 예정이다. 윤리경영 평가기준에는 투명성 강화와 반부패 등 ESG 핵심 요소가 포함될 계획이다. 방사청은 한국적 상황에 맞는 구체적인 ESG 평가기준을 마련하고, 기준을 충족한 방산기업에 대해 정부 차원에서 인센티브를 제공하는 제도를 검토 중이다."
2914,risk,0.423,negative,0.9997,인적자원 관리,S,S_HR__DIVERSITY_INCLUSION,다양성 및 형평성 (DEI),0.4230794608592987,구글이 백인 아시아계 직원 우대 및 소수 인종 차별 혐의로 제기된 집단소송에서 406억원 규모의 합의금을 지급하기로 했다. 해당 소송은 DEI 정책이 후퇴하는 가운데 제기돼 사회적 파장이 컸다. 캘리포니아 고등법원은 이 합의안에 대해 예비 승인을 내렸다. 구글은 반복되는 다양성 논란에 대한 대응을 강화해야 하는 상황에 처했다.
2915,context,0.1004,neutral,0.7621,에너지 관리,E,E_ENERGY__RENEWABLE_TRANSITION,신재생에너지 전환,0.4390266537666321,"애플이 중국에서 재생에너지 확대를 위해 1456억원 규모의 청정에너지 펀드를 조성한다. 이 펀드는 애플과 현지 협력사가 공동 출자해, 연간 55MWh의 풍력 태양광 발전 용량을 확보할 예정이다. 이는 2018년에 이어 두 번째 조성되는 대규모 펀드다. 애플은 100% 재생에너지 사용을 위한 글로벌 전략의 일환으로 추진 중이다."
2916,risk,0.3956,negative,0.8077,이사회 구조,G,G_BOARD__COMPOSITION_INDEPENDENCE,이사회 구성 및 독립성,0.4897784888744354,"국내 상장사들이 이사회 구성에서 전문성과 다양성이 부족하다는 지적이 제기됐다. 국제경영개발원(IMD) 자료에 따르면, 한국은 경영 관행 부문에서 67개국 중 28위에 머물렀다. 이사회 감독 기능이 약하고, 의사결정 체계가 불투명하다는 점이 평가에 반영됐다. 제도적 인센티브를 통해 우수한 이사회 운영 모델을 확산할 필요성이 커지고 있다."
2917,context,0.1075,neutral,0.9869,인적자원 관리,S,S_HR__DIVERSITY_INCLUSION,다양성 및 형평성 (DEI),0.36298519372940063,"도널드 트럼프 행정부가 프랑스 등 유럽 기업에도 다양성 형평성 포용성(DEI) 정책 폐지를 요구한 것으로 알려졌다. 프랑스 파리 주재 미국 대사관은 일부 프랑스 대기업에 트럼프 대통령의 행정명령을 준수하라는 서한을 전달했으며, 항공 방산 인프라 업계가 대상인 것으로 추정됐다. 프랑스 정부는 해당 요구를 주권 침해로 간주하고 받아들일 수 없는 개입 행위 라며 강하게 반발했다. ABC 등 미국 내 미디어그룹 단속에서 시작된 DEI 폐지 캠페인이 유럽으로 확산되고 있다."
2918,opportunity,0.6312,positive,0.9998,에너지 관리,E,E_ENERGY__RENEWABLE_TRANSITION,신재생에너지 전환,0.6313427686691284,"에퀴닉스가 트리나솔라의 일본 법인과 30MW 규모의 재생에너지 전력구매계약(PPA)을 체결했다. 이번 계약은 2028년부터 20년간 지속될 예정이며, 에퀴닉스는 해당 계약을 통해 일본 내 신규 재생에너지원을 확보하게 된다. 이는 일본 내 데이터센터 운영과 전력 수요 대응을 위한 장기 재생에너지 확보 전략의 일환이다. 글로벌 ICT 인프라 기업의 지역 맞춤형 에너지 전환 투자 사례로 주목받고 있다."
2919,context,0.1299,neutral,0.9999,에너지 관리,E,E_ENERGY__RENEWABLE_TRANSITION,신재생에너지 전환,0.43308842182159424,"김윤상 기획재정부 2차관이 칠레 산티아고에서 열린 제65차 미주개발은행(IDB) 연차총회에 참석해 리튬 구리 등 핵심광물 공급망 협력 방안을 논의했다. 김 차관은 칠레 재무장관과의 면담을 통해 신재생에너지, IT 등 경제협력 확대 의지도 확인했다. 한국은 올해 10월 APEC 재무장관회의 개최국으로서 칠레의 적극적인 참여를 요청했다. 양국 간 자원 기반 경제협력의 범위가 한층 넓어질 전망이다."
2920,context,0.1147,neutral,0.6562,인적자원 관리,S,S_HR__DIVERSITY_INCLUSION,다양성 및 형평성 (DEI),0.5829424262046814,"정부가 발전사에 부과되는 탄소배출권 유상 할당 비율을 현행 10%에서 30%로 상향하는 방안을 검토 중이다. 환경부는 제4차 계획기간(2026 2030) 국가배출권 할당계획 초안을 통해 이같은 조정을 추진하고 있으며, 에너지 업계는 비용 급증으로 인한 난방 요금 인상을 우려하고 있다. 발전 효율과 무관하게 일괄 적용될 경우 형평성 논란도 제기된다. 연간 600억원 규모의 추가 비용이 지역난방 요금에 전가될 수 있다는 지적도 나왔다."
2921,context,0.1448,neutral,0.9964,인적자원 관리,S,S_HR__DIVERSITY_INCLUSION,다양성 및 형평성 (DEI),0.4843565821647644,"미국 공화당 소속 12개 주의 법무장관들이 20개 대형 로펌에 대해 다양성 형평성 포용성(DEI) 관련 채용 관행 자료 제출을 요구했다. 이번 조치는 EEOC가 DEI 정책이 민권법 제7편을 위반할 수 있다고 본 판단에 따른 후속 대응이다. 텍사스주 법무장관 켄 팩스턴이 주도한 이 요청은 2025년 4월 15일까지 인종, 성별, 성적지향별 채용 보상 내역과 인턴십 장학금 운영 정보 등을 제출하라는 내용을 담았다."
2922,opportunity,0.576,positive,0.9997,에너지 관리,E,E_ENERGY__RENEWABLE_TRANSITION,신재생에너지 전환,0.5761234760284424,"중국 트리나솔라가 수소 생산 장치의 효율 신기록을 수립했다고 클린테크니카가 보도했다. 태양광 발전, 에너지 저장 시스템을 결합한 수소 생산 통합 솔루션도 개발 중이다. 연간 최대 500대 전해조 생산이 가능한 설비를 구축하고 있다. 산업용 수소 시장 공략이 목표로 제시됐다."
2923,opportunity,0.5867,positive,0.9998,에너지 관리,E,E_ENERGY__RENEWABLE_TRANSITION,신재생에너지 전환,0.5867819786071777,"LS전선은 싱가포르 전력청으로부터 230kV 초고압 전력 케이블 공급 계약을 수주했다. 케이블은 인도네시아 태양광 발전 전력을 싱가포르로 송전하는 프로젝트에 사용된다. 제조부터 시공, 설치까지 포함한 턴키 방식으로 수행된다. 추가 지중 케이블 구간에 대한 협상도 진행 중이다."
2924,context,0.1167,neutral,0.7559,에너지 관리,E,E_ENERGY__RENEWABLE_TRANSITION,신재생에너지 전환,0.5147973299026489,"사우디아라비아에서는 전력 보조금 삭감 이후 대형 사업체들이 에너지 비용 절감을 위해 태양광 발전으로 전환하고 있다고 FT는 전했다. 물류, 소매업 등 다양한 업종에서 지붕형 태양광 패널 설치가 확산되고 있다. 태양광 장비 가격 하락과 정부의 지속가능성 목표 설정도 보급 확대에 영향을 주고 있는 것으로 확인된다."
2925,context,0.1611,neutral,0.9985,에너지 관리,E,E_ENERGY__RENEWABLE_TRANSITION,신재생에너지 전환,0.5379398465156555,"애플은 연간 환경 보고서를 통해 2015년 대비 온실가스 배출량을 60% 이상 감축했다고 17일 밝혔다. 애플은 공급망 전반에 걸쳐 재생에너지 전환을 확대해 2024년 한 해 동안 약 4100만 톤의 온실가스 배출을 방지했다고 설명했다. 보고서에는 애플이 설정한 목표인 탄소 배출권 이전 기준 75% 감축 달성을 위해 재활용 소재 활용, 반도체 협력사의 불소화 온실가스 감축, 제품 설계 혁신 등을 지속해 나가겠다는 내용도 포함됐다. 리사 잭슨 부사장은 2030년 목표 달성을 위해서는 더욱 강력한 노력이 필요하다 며 혁신과 협력을 강조했다."
2926,context,0.1818,neutral,0.9999,기후변화·온실가스,E,E_CLIMATE__SCOPE3_EMISSION,Scope 3 배출량,0.6061360239982605,"금융위원회는 2026년부터 단계적으로 시행 예정인 ESG 공시 의무화에서 재무 중요도가 낮은 자회사를 제외하는 방안을 검토 중이다. 온실가스 공급망 배출(스코프3) 공시에 대해서도 정보 유용성과 국제 정합성 등을 고려해 일정 기간 유예하거나, 측정이 어려운 경우 추정을 허용하는 방안을 논의하고 있다. 김소영 금융위원회 부위원장은 EU의 2029년 역외기업 공시 의무화 일정을 참고해, 국내 공시 적용 시기를 조정할 수 있다고 밝혔다. 한국사회책임투자포럼(KoSIF)은 이에 대해 2029년 도입 검토 정황에 깊은 우려를 표한다 며, 공시 의무화 시기의 지연 가능성에 문제를 제기했다."
2927,opportunity,0.754,positive,0.9997,에너지 관리,E,E_ENERGY__RENEWABLE_TRANSITION,신재생에너지 전환,0.7542455196380615,"한화큐셀은 국내외 기업의 RE100 이행을 지원하기 위해 직접 전력구매계약(PPA) 사업을 본격화한다고 밝혔다. 탄소중립을 추진하는 기업들은 한화큐셀과 장기 계약을 통해 재생에너지를 안정적으로 공급받을 수 있으며, 태양광 발전사업자도 안정적인 수익을 기대할 수 있다. 한화큐셀은 2025년까지 누적 100MW 이상의 PPA 공급 규모를 달성하는 것을 목표로 하고 있다."
2928,context,0.1624,neutral,0.9998,인적자원 관리,S,S_HR__DIVERSITY_INCLUSION,다양성 및 형평성 (DEI),0.5415626168251038,"골드만삭스는 올해 주주총회에서 DEI(다양성 형평성 포용성) 정책 삭제를 요구하는 제안을 압도적 반대로 부결시켰다. 보수 성향 싱크탱크 NCPPR이 DEI 정책의 불법성과 리스크를 문제 삼아 독립 감사를 요구했지만, 두 건의 제안 모두 2% 찬성에 그쳤다. 이사회는 DEI가 골드만삭스의 사업 성공에 필수적이며 차별은 용납하지 않는다는 입장을 재확인했고, 데이비드 솔로몬 CEO도 포용성을 핵심 원칙으로 유지하겠다고 밝혔다. 미국 내 반DEI 흐름에도 불구하고 DEI 방침을 고수한 결정으로 평가된다."
2929,context,0.1797,neutral,0.9998,안전보건,S,S_SAFETY__OCCUPATIONAL_HEALTH_MANAGEMENT,사업장 안전보건 관리체계,0.5992045402526855,"고용노동부와 대한상공회의소가 전국 39개 지역 상공회의소를 돌며 중대재해처벌법 순회 설명회를 연다. 이번 설명회는 5월 9일 제주를 시작으로 6월 말까지 이어지며, 특히 위험성 평가 중심으로 구성된다. 전문가들은 지역 주요 업종별로 위험성 평가 개념 및 우수사례 안전보건관리체계 구축 방안 정부 지원제도를 설명할 예정이다. 2024년까지 법원 판결이 난 31건 중 24건이 위험성 평가 위반인 점에서 그 중요성이 강조되고 있으며, 대한상의는 이를 단순 교육이 아닌 정책 개선 제안의 장으로 활용할 방침이다. 법 시행 이후에도 재해 건수는 소폭 감소에 그친 만큼, 법 취지를 살리기 위해 실효성 중심의 제도 개선 필요성이 제기되고 있다."
2930,context,0.1454,neutral,0.9991,에너지 관리,E,E_ENERGY__RENEWABLE_TRANSITION,신재생에너지 전환,0.4851836860179901,노르웨이 국부펀드가 석탄 비중을 5% 이하로 줄인 독일 에너지기업 RWE에 대한 투자 제한을 해제했다. GPFG는 RWE의 재생에너지 전환과 해상풍력 프로젝트 지분 인수 등을 이유로 윤리 기준 충족을 인정했다. 특히 RWE는 2030년까지 갈탄 발전을 중단하기로 독일 정부와 합의해 탈석탄 성과를 입증했다.
2931,context,0.1636,neutral,0.9999,기후변화·온실가스,E,E_CLIMATE__CLIMATE_GOVERNANCE_INVENTORY,기후 거버넌스·인벤토리,0.545401394367218,오는 11월 브라질 벨렘에서 열릴 COP30의 의장국 브라질이 글로벌 기후 거버넌스 강화를 공식 제안했다. 의장 안드레 코레아 두 라고는 참여국에 서한을 보내 다자주의에 기반한 협약 체계 강화 필요성을 강조했다. 지정학적 긴장이 고조되는 상황에서 기후 대응의 일관성과 실행력을 높이기 위한 방안으로 제시됐다. 그는 UN 기후체제의 리더십 회복을 위한 국제적 결집을 요청했다.
2932,context,0.1486,neutral,0.9953,인적자원 관리,S,S_HR__DIVERSITY_INCLUSION,다양성 및 형평성 (DEI),0.49770399928092957,"트럼프 미국 대통령이 다양성 형평성 포용성(DEI) 정책 폐기를 추진하는 가운데, 글로벌 기업들이 여성할당제를 폐지하는 움직임을 보이고 있다. 독일 IT 대기업 SAP는 전체 직원의 40%를 여성으로 채용하던 여성할당제를 더 이상 유지하지 않겠다고 밝혔다. 미국 내 빅테크 기업들도 비슷한 방향으로 정책 전환을 시작했다."
2933,context,0.1564,neutral,0.9989,에너지 관리,E,E_ENERGY__RENEWABLE_TRANSITION,신재생에너지 전환,0.52180016040802,태양광 발전 비중이 2050년 50%로 확대될 경우 에너지저장장치(ESS) 설치에만 464조원이 소요된다는 분석이 나왔다. 전문가들은 ESS 구축비 부담이 전기요금 상승과 전력망 불안정성을 초래할 수 있다고 지적했다. 원자력 관련 14개 단체는 이에 대한 대응으로 원전 확대를 제안하는 정책 제안서를 이재명 후보 캠프에 전달했다.
2934,opportunity,0.4664,positive,0.9975,에너지 관리,E,E_ENERGY__RENEWABLE_TRANSITION,신재생에너지 전환,0.46752411127090454,"프랑스 토탈에너지스가 스페인 세비야에 유럽 최대 규모의 태양광 발전소를 가동하며 에너지 전환 전략을 강화했다. 해당 단지는 총 263MW 규모로 연간 5억1500만kWh 전력을 생산할 수 있고, 약 15만 가구에 전력 공급이 가능하다. 이를 통해 연간 24만5000톤의 탄소 배출 저감 효과도 기대된다."
2935,context,0.1581,neutral,0.9852,에너지 관리,E,E_ENERGY__RENEWABLE_TRANSITION,신재생에너지 전환,0.5347906351089478,"국내 RE100 가입 기업 36곳의 재생에너지 사용률이 지난해 24%로 전년 대비 1.2%포인트 상승했다. 그러나 국내 사업장 기준으로 이행률 50%를 넘긴 기업은 LG에너지솔루션(50%)과 LG이노텍(61%) 두 곳뿐이었다. 반면 해외 사업장에서는 SK하이닉스, 삼성디스플레이, SK스페셜티 등이 100%를 달성했고, 삼성전자와 아모레퍼시픽도 97%를 기록했다. 국내 전환 속도가 지지부진한 상황으로 분석됐다."
2936,context,0.1765,neutral,0.9993,에너지 관리,E,E_ENERGY__RENEWABLE_TRANSITION,신재생에너지 전환,0.5886352062225342,"2023년 국내 ESG 채권 발행 규모는 47조2000억원으로 전년 대비 12.2% 증가했다. 그러나 발행에 참여한 기업 수는 2021년 154개사에서 2023년 91개사로 줄어 성장성 저하 우려가 제기됐다. 특히 일반기업의 녹색채권 발행 참여가 크게 감소하며, 전기차 이차전지 기업의 이탈도 이어지고 있다. 한국신용평가는 신재생에너지 투자 회복이 탄소중립 및 RE100 이행을 위한 조건이라고 밝혔다."
2937,opportunity,0.5722,positive,0.9994,에너지 관리,E,E_ENERGY__RENEWABLE_TRANSITION,신재생에너지 전환,0.5725720524787903,"RGE와 토탈에너지스가 인도네시아 리아우주에 태양광 발전소와 BESS를 건설하는 공동 프로젝트에 착수했다. 양사는 50 50 출자 비율로 싱가 리뉴어블즈 를 설립해 단계적으로 사업을 추진한다. 전력은 현지 친환경 산업단지에 공급하고, 남는 전력은 싱가포르로 수출하는 방식이다. 해당 사업은 자카르타 대통령궁에서 공동 투자 계약을 체결하며 공식화됐다."
2938,context,0.157,neutral,0.9998,인적자원 관리,S,S_HR__DIVERSITY_INCLUSION,다양성 및 형평성 (DEI),0.5234102606773376,"월마트와 넷플릭스는 각각의 정기 주주총회에서 보수단체 NCPPR이 제출한 반 DEI(다양성 형평성 포용성) 주주제안을 1% 미만 찬성률로 부결시켰다. NCPPR은 월마트의 DEI 용어 삭제와 조직개편이 외부 압박에 따른 형식적 조치였는지 해명을 요구했으며, 넷플릭스에도 차별 리스크 평가 보고서를 요구했다. 양사 이사회는 각각 소속감 있는 문화 조성 , 법적 평등 기회 보장 등의 이유로 해당 제안에 반대 권고했다. 이번 결정은 최근 애플, 아마존 등에서도 유사 제안이 기각된 흐름과 맞물려 기업들이 DEI 정책을 유지하고 있다는 점을 보여줬다."
2939,opportunity,0.5742,positive,0.9986,에너지 관리,E,E_ENERGY__RENEWABLE_TRANSITION,신재생에너지 전환,0.5750486850738525,"현대모비스는 2026년까지 태양광 발전으로 생산된 알루미늄 CelestiAL 의 연간 공급량을 1만5000톤으로 늘리기로 했다. 공급사는 UAE의 EGA로, 현재 8000톤 공급 중이다. 이 알루미늄은 기존 생산 방식보다 탄소 배출이 크게 적다. 현대모비스는 소재 공급망 친환경화를 강화하고 있다."
2940,context,0.1824,neutral,0.9995,에너지 관리,E,E_ENERGY__RENEWABLE_TRANSITION,신재생에너지 전환,0.6081703901290894,"한국수출입은행이 7억5000만유로(약 1조1730억원) 규모의 글로벌본드 발행에 성공했다. 이번 채권은 3년 만기로, 신재생에너지 등 친환경 프로젝트에 자금을 조달하기 위한 그린본드로 발행됐다. 수은은 유럽 투자자의 수요를 반영해 유로화로 채권을 발행했으며, 조달 자금은 녹색 프로젝트에 전액 투입될 예정이다. 이는 수은의 ESG 금융 확대 전략의 일환이다."
2941,opportunity,0.3436,positive,0.5689,에너지 관리,E,E_ENERGY__RENEWABLE_TRANSITION,신재생에너지 전환,0.6039789319038391,"현대자동차 인도법인이 인도 FPEL TN 풍력발전소 지분 26.13%를 인수하고, 자사 공장에 재생에너지를 직접 공급하기 위한 기반을 마련했다. 이는 지난해 체결한 약 63억원 규모의 전력구매계약(PPA)에 따른 첫 투자로, 타밀나두 공장은 앞으로 25년간 고정된 가격으로 전력을 공급받게 된다. 현대차는 이번 조치를 지속가능성 로드맵의 일환으로 추진했다."
2942,context,0.1505,neutral,0.9886,에너지 관리,E,E_ENERGY__RENEWABLE_TRANSITION,신재생에너지 전환,0.507494330406189,"KB증권 분석에 따르면 지난해 5월부터 1년간 밸류업 프로그램에 참여한 상장사 143개 중 ESG 관련 내용을 공시한 기업은 42개로, 70% 이상이 ESG를 언급하지 않은 것으로 나타났다. ESG 내용을 공시한 기업도 대부분 대략적인 목표 수준에 그쳐, 구체성이 부족한 것으로 조사됐다. RE100 참여 의사를 밝힌 기업은 10곳, TCFD 공시 계획을 밝힌 기업은 3곳에 불과했다. KB증권은 이재명 정부의 정책 기조에 따라 수출 제조업 중심으로 ESG 공시가 확대될 것으로 전망했다."
2943,context,0.1654,neutral,0.9996,에너지 관리,E,E_ENERGY__RENEWABLE_TRANSITION,신재생에너지 전환,0.5514205098152161,"말레이시아와 인도네시아가 신재생에너지 협력 강화를 모색했다. 양국 간 협력을 확대해 지속 가능한 개발을 촉진한다는 계획이다. 관련 업계에 따르면, 다투크 세리 파딜라 유소프 말레이시아 부총리 겸 에너지 물 전환부 장관은 루훗 빈사르 판자이탄 인도네시아 해양투자업무 조정장관과 2024 인도네시아 지속가능포럼 에서 양자회담을 진행했다. 유소프 총리는 인도네시아와 에너지 공급망 및 신재생에너지 역량 강화를 위한 협력 방안을 모색했다고 발표했다. 또, 역내 국가 간 협력을 확대해 신재생에너지 전환 및 지속 가능한 개발을 촉진할 계획이라고 부연했다."
2944,context,0.1243,neutral,0.9993,에너지 관리,E,E_ENERGY__RENEWABLE_TRANSITION,신재생에너지 전환,0.4146604835987091,"마이크로소프트, 구글, 아마존 등이 포함된 미국 데이터센터연합은 신재생에너지 산업 지원을 축소하는 세액공제 종료안에 반대 입장을 밝혔다. 이들은 공화당 상원 원내대표에게 공식 서한을 보내며, 해당 정책 변화가 데이터센터 산업과 재생에너지 전환에 미치는 영향을 우려했다. 이에 따라 국내 K-태양광 기업들에 대한 세액공제 축소 가능성도 완화될 수 있다는 전망이 제기됐다."
2945,context,0.19,neutral,0.9997,기후변화·온실가스,E,E_CLIMATE__SCOPE3_EMISSION,Scope 3 배출량,0.6333449482917786,영국 에너지안보 넷제로부가 북해 석유 가스 사업 승인 시 스코프3 배출량을 의무적으로 반영하는 지침을 발표했다. 신규 사업뿐 아니라 기존 승인 사업에도 소급 적용돼 화석연료 산업 전반에 환경평가 기준이 강화될 전망이다. 환경영향평가(EIA) 시 다운스트림 배출까지 포함해 영향 분석이 이뤄져야 한다고 정부는 밝혔다. 이번 지침은 승인 절차 전반에 실질적 기후 기준을 도입한 첫 사례로 평가된다.
2946,context,0.0954,neutral,0.7047,에너지 관리,E,E_ENERGY__RENEWABLE_TRANSITION,신재생에너지 전환,0.45130395889282227,"미쓰비시상사가 2028년까지 미국 내 태양광 발전 용량을 현재보다 약 160% 확대하는 계획을 수립했다. 이를 위해 약 39억달러(5조3000억원)를 투입하며, 자회사 넥스앰프를 통해 2.9GW까지 발전자산을 확대할 예정이다. 이번 투자는 미국 내 친환경 에너지 보조금 및 공급망 현지화 유인을 반영한 것으로 분석된다. 닛케이에 따르면 총사업비는 5500억엔에 달하며, 태양광 설비뿐 아니라 지역 내 인프라 투자도 포함된다."
2947,opportunity,0.7247,positive,0.9989,에너지 관리,E,E_ENERGY__RENEWABLE_TRANSITION,신재생에너지 전환,0.7255370616912842,"현대건설은 중국 신재생에너지 기업 콩코드 뉴에너지 그룹과 전력구매계약(PPA)을 체결했다. 이번 계약은 강원도 평창에서 추진되는 21MW 규모의 개수리 태양광 프로젝트에 대한 것으로, 내년부터 30년 간 전력을 공급받게 된다. 두 회사는 이번 협력을 계기로 녹색에너지 분야에서의 공동 프로젝트 확대를 추진할 계획이다. 또한 지역 에너지 구조의 최적화 및 저탄소 전환도 함께 추진하기로 했다."
2948,context,0.1754,neutral,0.9996,인적자원 관리,S,S_HR__DIVERSITY_INCLUSION,다양성 및 형평성 (DEI),0.5849359631538391,"글로벌 지속가능성 기준기구(GSSB)는 다양성 포용성(GRI 405)과 비차별 기회 균등(GRI 406)을 중심으로 한 GRI 노동 기준 개정안을 공개하고, 9월 15일까지 의견 수렴을 시작했다. 이번 개정안은 국제노동기구(ILO) 핵심 협약을 반영해, GRI 405와 406 기준의 보고 범위를 확대하고 조직 전략 경영 책임까지 명시했다. 특히 직접적 간접적 차별, 소수집단 채용 기회 보장 여부 등을 구체적으로 공시하도록 요구했다. 개정안은 2026년 중반부터 단계적으로 적용될 예정이며, 인권 기반 접근법과 실사 기반 보고 원칙을 강화했다."
2949,context,0.1585,neutral,0.9988,에너지 관리,E,E_ENERGY__RENEWABLE_TRANSITION,신재생에너지 전환,0.5290705561637878,"한국사회책임투자포럼(KoSIF)과 김현정 의원실이 발표한 2024 화석연료금융 백서에 따르면, 국내 금융기관의 화석연료 관련 금융자산 보유액은 총 173조7000억원에 달했다. 여기에 보험 자산까지 포함하면 372조3000억원에 이르며, 이 중 55조2000억원이 한전과 자회사에 집중돼 구조적 쏠림 현상이 지적됐다. 반면, 같은 해 신재생에너지 투자 대출은 24조원에도 미치지 못한 것으로 나타났다. 이는 정부의 석탄화력 폐쇄와 에너지 전환 목표와는 다른 자금 흐름이라는 비판이 제기되고 있다."
2950,opportunity,0.5908,positive,0.9999,에너지 관리,E,E_ENERGY__RENEWABLE_TRANSITION,신재생에너지 전환,0.5908228158950806,"남동발전이 기아와 재생에너지 전력구매계약(PPA)을 체결해, 화성공장에 연간 1215MWh 규모의 태양광 전력을 직접 공급하고 있다. 이는 약 3200가구의 월간 전력 사용량에 해당하며, 전기차 1만5000대를 완충할 수 있는 수준이다. 공기업이 자가 설비에서 생산한 전력을 민간 기업에 직접 판매한 것은 국내 최초 사례다."
2951,opportunity,0.5908,positive,0.9999,기후변화·온실가스,E,E_CLIMATE__SCOPE1_2_EMISSION,Scope 1·2 배출량,0.5908228158950806,"남동발전이 기아와 재생에너지 전력구매계약(PPA)을 체결해, 화성공장에 연간 1215MWh 규모의 태양광 전력을 직접 공급하고 있다. 이는 약 3200가구의 월간 전력 사용량에 해당하며, 전기차 1만5000대를 완충할 수 있는 수준이다. 공기업이 자가 설비에서 생산한 전력을 민간 기업에 직접 판매한 것은 국내 최초 사례다."
2952,opportunity,0.4841,positive,0.9994,에너지 관리,E,E_ENERGY__RENEWABLE_TRANSITION,신재생에너지 전환,0.48439472913742065,"OCI홀딩스의 미국 자회사인 OCI에너지가 텍사스주에 위치한 120MW 규모 태양광 발전소 프로젝트 페퍼 를 튀르키예 에너지기업 사반치 리뉴어블스에 매각했다. 이번 거래는 양사 간 첫 협력 사례이며, OCI 측은 추가 프로젝트 매각도 검토 중이라고 밝혔다. 최근 태양광 개발 사업의 성과가 본격화되면서 OCI의 수익성 확대와 북미 재생에너지 시장 공략이 본궤도에 오르고 있다."
2953,context,0.1584,neutral,0.9999,에너지 관리,E,E_ENERGY__RENEWABLE_TRANSITION,신재생에너지 전환,0.5279974341392517,"정부가 울산을 후보지로 한 RE100 산업단지 조성에 속도를 내며 연내 가시화 목표를 설정했다. 산업통상자원부는 16일 관계부처 합동 태스크포스(TF)를 출범하고, 재생에너지 인프라 구축 및 기업 유치 전략을 논의했다. 회의 참석자들은 산단 개발, 정주 여건 조성 등 부처별 과제를 구체화하기로 했다. TF는 산업부 국토부 공동 주관으로 격주 정례회의를 이어가며 특별법 제정도 함께 추진할 계획이다."
2954,opportunity,0.3087,positive,0.6483,기후변화·온실가스,E,E_CLIMATE__SCOPE1_2_EMISSION,Scope 1·2 배출량,0.4761539101600647,"마이크로소프트는 AI 데이터센터 확대에 따른 전력 수요 급증으로 24시간 무탄소 전력 목표 후퇴를 검토하고 있다. 재검토 대상은 2021년 발표한 100 100 0 전략으로, 전력 사용량 전체를 24시간 무탄소 전력으로 충당하는 목표다. MS가 재생에너지 전략을 접는 것은 아니지만, 태양광 풍력 중심 조달만으로는 전력 수요 대응 부담이 커졌다. 빅테크 전력 조달은 재생에너지에 원전과 가스발전을 함께 편입하는 방향으로 바뀌고 있다."
2955,context,0.1368,neutral,0.997,에너지 관리,E,E_ENERGY__EFFICIENCY_CONSUMPTION,에너지 소비 및 효율화,0.4574105143547058,"구글이 2025년 환경보고서를 통해 2024년 데이터센터 탄소배출을 전년 대비 12% 감축했다고 밝혔다. AI 확산과 에너지 수요 증가에도 불구하고 인프라 효율 개선과 청정에너지 사용 확대가 주요 원인으로 분석됐다. 그러나 스코프3(공급망) 배출 증가로 전체 탄소발자국은 오히려 증가한 것으로 나타났다. 데이터센터의 전력 수요는 같은 기간 27% 증가했으며, AI 서비스 확대와 직결된 공급망 배출 관리가 과제로 부각되고 있다."
2956,context,0.1368,neutral,0.997,기후변화·온실가스,E,E_CLIMATE__SCOPE3_EMISSION,Scope 3 배출량,0.4574105143547058,"구글이 2025년 환경보고서를 통해 2024년 데이터센터 탄소배출을 전년 대비 12% 감축했다고 밝혔다. AI 확산과 에너지 수요 증가에도 불구하고 인프라 효율 개선과 청정에너지 사용 확대가 주요 원인으로 분석됐다. 그러나 스코프3(공급망) 배출 증가로 전체 탄소발자국은 오히려 증가한 것으로 나타났다. 데이터센터의 전력 수요는 같은 기간 27% 증가했으며, AI 서비스 확대와 직결된 공급망 배출 관리가 과제로 부각되고 있다."
2957,context,0.1516,neutral,0.9998,에너지 관리,E,E_ENERGY__RENEWABLE_TRANSITION,신재생에너지 전환,0.5054981708526611,"안토니우 구테흐스 유엔 사무총장이 AI 데이터센터의 전력원을 2030년까지 전면 재생에너지로 전환해야 한다고 강조했다. 구테흐스 총장은 재생에너지 전환이 선택이 아닌 필수라며, 태양광 풍력 활용을 통해 지속가능한 미래를 열어야 한다고 발언했다. 일부 기업과 국가의 화석연료 의존이 여전하지만, 전환 흐름은 되돌릴 수 없다고 언급했다."
2958,context,0.1885,neutral,0.9996,에너지 관리,E,E_ENERGY__RENEWABLE_TRANSITION,신재생에너지 전환,0.6285409927368164,"정부는 전기사업법 시행령 개정을 통해 재생에너지 발전사업자가 1MW 이하 설비로도 직접 PPA(전력구매계약)에 참여할 수 있도록 규제를 완화했다고 밝혔다. 해당 개정안은 7월 22일 국무회의를 통과했으며, 산업단지 내 중소 중견기업의 RE100 이행을 촉진할 수 있을 것으로 기대된다. 기존에는 발전 용량 1MW를 초과해야만 직접 PPA에 참여할 수 있었으나, 이번 개정으로 소규모 사업자의 시장 진입이 가능해졌다."
2959,context,0.1796,neutral,0.9999,에너지 관리,E,E_ENERGY__RENEWABLE_TRANSITION,신재생에너지 전환,0.598737895488739,"산업통상자원부가 에너지 다소비 산업단지를 대상으로 탄소중립산단 대표 모델 구축 사업 공모를 시작했다. 선정된 한 곳의 산단에 2029년까지 국비 500억원이 투입되며, 민간 자본을 포함하면 총 1300억원 규모의 투자가 집행된다. 사업은 신재생에너지 설비 확대와 입주 기업의 에너지 고효율화를 통해 탄소 배출 저감을 목표로 한다. 이번 공모는 9월 4일까지 접수를 받는다."
2960,context,0.1731,neutral,0.9991,인적자원 관리,S,S_HR__DIVERSITY_INCLUSION,다양성 및 형평성 (DEI),0.5775893330574036,"트럼프 행정부가 연방기금을 받는 공공기관의 다양성 형평성 포용성(DEI) 프로그램을 제한하도록 촉구하는 9페이지 분량의 비구속 메모를 배포했다. 이번 지침은 학력 기반 장학금, 채용 기준, 교육훈련 등 DEI 관련 사례를 차별적 이라고 규정하고, 연방기금이 DEI 활동이나 이를 지원하는 제3자에게 사용되는 것을 금지했다. 특히 저소득층 지리적 소외지역 퍼스트 제너레이션 학생 지원 등이 인종 성별을 대리하는 수단으로 간주될 수 있다고 명시했다. 메모를 작성한 팸 본디 법무장관은 소수집단 전용 학습공간, 다양성 워크숍, 채용 과정의 문화적 배경에 대한 설명 요구 등 대학 내 관행과 트랜스젠더 여성의 여성 공간 포함도 문제 삼았다."
2961,opportunity,0.5296,positive,0.8126,에너지 관리,E,E_ENERGY__RENEWABLE_TRANSITION,신재생에너지 전환,0.6516923308372498,"LS일렉트릭이 태양광 발전소 매매와 가상발전소(VPP) 참여가 가능한 디지털 플랫폼 햇빛길중개 를 출시했다. 발전소 거래 시 과거 발전량 데이터를 기반으로 수익성을 분석하고, VPP 사업자 등록도 지원한다."
2962,context,0.1624,neutral,0.9998,윤리경영·준법,G,G_ETHICS__ANTI_CORRUPTION_COMPLIANCE,반부패 및 컴플라이언스,0.5414203405380249,유럽은행감독청(EBA)이 자본요건규제(CRR3) 내 ESG 위험 공시 의무 항목 가운데 일부에 대해 집행 유예를 권고했다. EBA는 노 액션 레터 를 통해 옴니버스 I 법안이 확정되기 전까지 각국 당국이 관련 의무를 추진하지 말 것을 요청했다. 이는 CRR3 개정안과 옴니버스 법안이 동시에 ESG 공시 체계를 손질할 가능성이 높다는 점에서 비롯됐다. 금융기관이 상충 규제나 과도한 컴플라이언스 부담에 직면하는 상황을 방지하기 위한 조치다.
2963,context,0.1636,neutral,0.9892,에너지 관리,E,E_ENERGY__EFFICIENCY_CONSUMPTION,에너지 소비 및 효율화,0.5514050126075745,"포스코가 500억원 규모의 기업형벤처캐피탈(CVC) 1호 펀드 를 결성한다. 포스코가 400억원, 포스코기술투자가 100억원을 출자했으며, 결성 총회는 29일 열린다. 투자 대상은 디지털 전환, 에너지 절감, 탄소저감, 재생에너지 등 핵심 기술을 보유한 벤처기업이다. 전체 펀드의 20%는 해외 유망 벤처기업에도 투자해 글로벌 혁신 생태계와의 연계를 강화할 계획이다."
2964,context,0.1564,neutral,0.9997,에너지 관리,E,E_ENERGY__RENEWABLE_TRANSITION,신재생에너지 전환,0.5215574502944946,"환경부는 기업 탄소배출권 중 유상할당 비중을 현행 10%에서 내년부터 발전 외 부문은 15%로, 발전 부문은 2030년까지 50%로 점진적으로 상향한다. 2026 2030년 배출허용총량은 직전 5년 대비 82% 수준으로 줄어든다. 이는 제4차 배출권 할당계획 의 일환으로, 배출권 가격 정상화와 온실가스 감축을 촉진하려는 목적이다. 정부는 재생에너지 전환과 탈석탄을 본격적으로 유도한다는 방침이다."
2965,context,0.1321,neutral,0.9841,기후변화·온실가스,E,E_CLIMATE__SCOPE3_EMISSION,Scope 3 배출량,0.44764626026153564,"말레이시아 정부가 가공되지 않은 희토류 금속 수출을 전면 금지했다. 이는 세계 최대 공급국인 중국을 견제하며, 미국 등 서방의 투자 유치와 자국 다운스트림 산업 육성을 목표로 한 조치다. 외국인 투자자는 현지에서 광물 가공, 일자리 창출, 기술 이전 프로젝트에 참여해야만 희토류 부문에 진입할 수 있다. SCMP는 이번 결정이 글로벌 희토류 공급망 재편을 가속화할 수 있다고 전했다."
2966,context,0.1483,neutral,0.9882,에너지 관리,E,E_ENERGY__RENEWABLE_TRANSITION,신재생에너지 전환,0.500414252281189,현대건설이 녹색채권 수요예측 목표액의 5배가 넘는 주문을 확보했다. 당초 2000억원의 수요를 예측했으나 1조900억원이 몰리며 시장 인기를 입증했다. 현대건설은 이에 3100억원으로 증액하여 발행하기로 했다. 조달 자금은 LUCY 태양광 발전 등 친환경 건축 사업에 투입될 예정이다.
2967,context,0.1489,neutral,0.9998,에너지 관리,E,E_ENERGY__RENEWABLE_TRANSITION,신재생에너지 전환,0.4963502287864685,"산업통상자원부가 2026년도 예산안을 역대 최대 규모인 13조8778억원으로 확정했다. 관행적 지출과 유사 중복 사업을 정비해 절감한 재원은 첨단산업 육성, 에너지 전환, 공급망 강화 등에 재배치했다. 재생에너지 예산은 전년 대비 42% 늘어난 1조2703억원으로 확대됐다. 특히 신재생에너지 금융지원사업은 6480억원으로 두 배 수준으로 증액됐다."
2968,context,0.1198,neutral,0.9945,에너지 관리,E,E_ENERGY__RENEWABLE_TRANSITION,신재생에너지 전환,0.40149182081222534,정부가 내년도 RE100 산업단지와 차세대 전력망 구축에 4조2000억원을 배정했다. 올해보다 50% 늘어난 규모다. 통상 대응 예산은 300억원에서 2조1000억원으로 70배 확대됐다. 이재명 정부의 첫 예산안은 29일 국무회의에서 의결됐다.
2969,context,0.1935,neutral,0.9999,에너지 관리,E,E_ENERGY__RENEWABLE_TRANSITION,신재생에너지 전환,0.6449744701385498,"소니가 중기 환경경영 계획 그린 매니지먼트 2030 을 발표하며 협력사에 100% 재생에너지 전환을 요구했다. 소니는 2026 2030년 5년간 그룹 온실가스 배출량을 2025년 대비 25% 이상 감축한다는 목표를 세웠다. 스코프 1 2 배출량은 60% 줄이고, 스코프 3도 25% 감축하며, 잔여분은 탄소 제거로 상쇄한다는 방침이다. 이를 위해 제품 효율 개선과 글로벌 재생에너지 확대, 공급망 감축 관리가 병행된다."
2970,context,0.1935,neutral,0.9999,에너지 관리,E,E_ENERGY__EFFICIENCY_CONSUMPTION,에너지 소비 및 효율화,0.6449744701385498,"소니가 중기 환경경영 계획 그린 매니지먼트 2030 을 발표하며 협력사에 100% 재생에너지 전환을 요구했다. 소니는 2026 2030년 5년간 그룹 온실가스 배출량을 2025년 대비 25% 이상 감축한다는 목표를 세웠다. 스코프 1 2 배출량은 60% 줄이고, 스코프 3도 25% 감축하며, 잔여분은 탄소 제거로 상쇄한다는 방침이다. 이를 위해 제품 효율 개선과 글로벌 재생에너지 확대, 공급망 감축 관리가 병행된다."
2971,context,0.1811,neutral,0.9999,이사회 구조,G,G_BOARD__COMPOSITION_INDEPENDENCE,이사회 구성 및 독립성,0.603818416595459,코스피200 기업의 70%가 이사회 구성의 적정성을 평가하는 이사회 역량 진단표(BSM) 를 공시한 것으로 나타났다. 그러나 작성 관리 활용까지 체계적으로 운영하는 기업은 26%에 불과했다. 한국 딜로이트그룹 기업지배기구발전센터(CCG)가 발표한 보고서는 코스피200 기업의 BSM 공시 현황을 분석하고 국내외 모범사례와 시사점을 제시했다.
2972,context,0.1075,neutral,0.6482,인적자원 관리,S,S_HR__DIVERSITY_INCLUSION,다양성 및 형평성 (DEI),0.552996814250946,"국내 500대 기업의 올해 다양성 지수가 57점으로 집계되며 3년 연속 개선세를 이어갔다. 여성 임원 비중은 처음으로 8%를 넘어섰고, 여성 평균 급여도 남성의 70%를 돌파했다. 근속연수 격차 축소 역시 지수 상승을 견인한 요인으로 꼽혔다. 이번 평가는 리더스인덱스와 사단법인 위민인이노베이션(WIN)이 사업보고서를 제출한 376개사를 대상으로 진행됐다."
2973,context,0.186,neutral,0.9999,에너지 관리,E,E_ENERGY__RENEWABLE_TRANSITION,신재생에너지 전환,0.6200670599937439,"산업통상자원부가 제6차 신재생에너지 기본계획 수립 작업에 본격 착수했다. 이번 계획은 신재생에너지법에 따른 법정 중장기 계획으로 10년 단위로 수립되고, 5년마다 개정된다. 정부는 올해 말까지 최종안을 확정해 재생에너지 중심의 에너지 전환 전략을 구체화할 방침이다."
2974,context,0.1648,neutral,0.9916,에너지 관리,E,E_ENERGY__RENEWABLE_TRANSITION,신재생에너지 전환,0.5541402101516724,독일 정부가 재생에너지 전력구매계약(PPA) 확대를 위해 5억유로(약 8143억원) 규모 지원책을 추진한다. 이는 제조업 전력비 부담을 낮추고 산업 경쟁력을 유지하기 위한 조치다. 독일은 EU 집행위원회와 협의에 착수했다. 재생에너지 전환 속도 둔화와 산업계 비용 압박이 논의의 배경으로 꼽힌다.
2975,opportunity,0.4776,positive,0.9998,에너지 관리,E,E_ENERGY__RENEWABLE_TRANSITION,신재생에너지 전환,0.4777379333972931,"현대건설이 호주 최대 전력망 사업자인 오스넷과 업무협약을 맺고 전력망 재구축 사업에 참여한다. 양사는 송변전 인프라, 태양광 해상풍력 수소 등 신재생에너지 분야 협력을 확대하기로 했다. 현대건설은 지난해 시드니 지사를 설립하고 남호주 주정부와 협약을 체결하는 등 호주 시장 기반을 강화해왔다. 이번 협력으로 오세아니아 에너지 인프라 시장 진출이 본격화될 전망이다."
2976,opportunity,0.5478,positive,0.9998,에너지 관리,E,E_ENERGY__RENEWABLE_TRANSITION,신재생에너지 전환,0.547947883605957,"삼성물산 건설 부문이 카타르 국영에너지회사 카타르에너지가 발주한 2000MW 규모 태양광 발전 프로젝트를 단독 수주했다. EPC 금액만 약 1조4600억원 규모로, 설계부터 시공까지 전 과정을 삼성물산이 수행한다. 태양 추적식 트래커와 고온 환경에 최적화된 인버터를 적용해 발전 효율을 극대화할 계획이다. 이번 프로젝트는 카타르 최대 규모 태양광 사업으로 꼽힌다."
2977,context,0.1552,neutral,0.9999,인적자원 관리,S,S_HR__DIVERSITY_INCLUSION,다양성 및 형평성 (DEI),0.5173519849777222,블랙록과 뱅가드가 올해 기업 경영진과의 미팅 횟수를 크게 줄였다. 미국 증권거래위원회(SEC)가 기후변화와 다양성 등 ESG 이슈 논의를 제한하는 새 지침을 발표한 이후 나타난 변화다. 이번 지침은 공시와 의결권 자문사 역할을 축소하려는 공화당 흐름과 맞물려 있다.
2978,opportunity,0.6196,positive,0.9998,에너지 관리,E,E_ENERGY__RENEWABLE_TRANSITION,신재생에너지 전환,0.6197406053543091,"한국중부발전이 오만 수 전력 조달공사와 이브리3 태양광 BESS 발전 사업 전력 판매 계약 을 체결했다. 이브리3는 오만에서 발주된 최대 용량의 BESS(배터리형 에너지저장장치) 연계형 태양광 발전 프로젝트다. 중부발전은 UAE 국영기업 마스다르, 오만 국영 OQAE, 알 카드라와 컨소시엄을 구성해 사업에 참여했다."
2979,context,0.1915,neutral,0.9999,에너지 관리,E,E_ENERGY__RENEWABLE_TRANSITION,신재생에너지 전환,0.6385627388954163,"전력거래소가 전국 재생에너지 발전 현황을 실시간으로 감시 제어할 수 있는 재생e 통합관제체계 구축에 나섰다. 이번 사업은 태양광 풍력뿐 아니라 한전이 관리하던 PPA 기반 소규모 재생에너지 발전량까지 통합해 관리하는 시스템으로, 총 23억6100만원이 투입된다. 구축이 완료되면 송전망 중심의 기존 체계가 배전망 단위까지 확대돼 분산형 재생에너지의 실측 데이터 관리와 전압 안정도 예측이 가능해진다. 전력거래소는 출력제어 알림을 실시간으로 전송하는 모바일 앱과 3D 가상 홍보관도 함께 도입해 전국 재생에너지 운영을 통합 관리할 계획이다."
2980,risk,0.497,negative,0.9878,에너지 관리,E,E_ENERGY__RENEWABLE_TRANSITION,신재생에너지 전환,0.5031182765960693,"영국 광고심의위원회(ASA)는 셸의 태양광 전력구매계약(PPA) 광고가 소비자를 오도하지 않았다고 판정하며 그린워싱 제소를 기각했다. 해당 광고는 베이커휴즈와의 협력을 강조하며 석유 가스 사업을 언급하지 않아 논란이 일었지만, ASA는 이를 기업 간 거래(B2B) 광고로 판단했다. ASA는 광고가 셸의 전체 사업 모델이나 저탄소 전략을 대표한다고 보기 어렵고, 일반 소비자 대상이 아니기 때문에 오해 소지가 낮다고 설명했다. 이에 따라 셸은 별도의 광고 수정이나 철회 없이 해당 광고를 유지할 수 있게 됐다."
2981,context,0.1681,neutral,0.9998,기후변화·온실가스,E,E_CLIMATE__SCOPE1_2_EMISSION,Scope 1·2 배출량,0.5606333017349243,"세일즈포스가 2030년까지 절대 배출량을 절반 줄이겠다는 기존 약속을 철회하고, 배출 집약도 감축으로 목표를 수정했다. 이는 배출 총량이 늘더라도 수익 증가 속도가 더 빠르면 목표 달성이 가능해 사실상 완화된 기준이라는 지적이 나왔다. 세일즈포스는 AI 데이터센터 확장과 인수 합병으로 스코프3 배출이 급증했으며, 이미 2019년 이후 집약도를 62% 줄여 새 목표(68%)에 근접한 상태다. 기후 전문매체 트렐리스와 뉴클라이밋연구소는 이번 조정이 숫자 맞추기식 ESG 로 흐를 우려가 크다고 비판했다."
2982,context,0.1767,neutral,0.9809,에너지 관리,E,E_ENERGY__RENEWABLE_TRANSITION,신재생에너지 전환,0.6004117727279663,"국내 기업이 사용하는 재생에너지의 85%가 실질적인 온실가스 감축 효과가 없는 것으로 나타났다. 국회 기후에너지환경노동위원회 이용우 의원에 따르면, K-RE100 참여기업 967곳이 사용한 38TWh 중 33TWh가 녹색프리미엄 방식으로, 감축 효과 없이 금전으로 친환경 인증을 대체한 구조다. 제도는 기업의 재생에너지 전환을 유도하기 위해 도입됐으나 실질적 전환을 저해한다는 비판이 제기됐다. 전문가들은 실질 감축을 위한 추가성 기준 강화와 제도 개편이 필요하다고 지적했다."
2983,context,0.1827,neutral,0.9979,에너지 관리,E,E_ENERGY__RENEWABLE_TRANSITION,신재생에너지 전환,0.6103734374046326,"정부가 30년 이상 된 액화천연가스(LNG) 화력발전소를 신설할 때 기존 설비의 절반 용량만 허용하는 방안을 검토 중이다. 김성환 기후에너지환경부 장관이 탈원전 시즌2 를 예고한 가운데, 탈가스 전환까지 병행될 경우 전력 수급 불안정과 요금 상승이 우려된다는 지적이 나온다. 발전 공기업 다섯 곳은 해당 방안에 대한 정부 요청을 받고 의견 수렴에 착수했다. 발전업계는 이번 조치를 재생에너지 전환 속도를 높이기 위한 정부의 구조적 개편으로 보고 있다."
2984,opportunity,0.5275,positive,0.9941,에너지 관리,E,E_ENERGY__RENEWABLE_TRANSITION,신재생에너지 전환,0.5306024551391602,"SK그룹이 베트남 칸호아성에 대규모 에너지 물류 복합 단지 투자를 제안했다. 베트남 현지 언론에 따르면 SK는 베트남 정부에 3개 핵심 사업을 포함한 녹색성장 프로젝트를 제시했다. 주요 사업은 카나와 반퐁 지역에 최대 3000MW 규모의 LNG 발전소 건설, 카나 지역 물류 인프라 확충, 신재생에너지 기술 연구개발이다. 이번 제안은 SK의 동남아 친환경 에너지 포트폴리오 확장 전략의 일환으로 평가된다."
2985,context,0.164,neutral,0.9896,에너지 관리,E,E_ENERGY__RENEWABLE_TRANSITION,신재생에너지 전환,0.5525931715965271,"인도 정부가 2070년 탄소중립과 빈곤 탈피라는 두 목표를 동시에 달성하기 위한 국가 청사진을 공개했다. 초안에 따르면 향후 45년간 최대 21조달러(약 2경9841조원)가 투입돼, 산업 주거 인프라 저탄소 전환과 신재생에너지 확대, 원전 건설, 탄소포집기술 개발에 사용된다. 이는 인도 누적 GDP의 연평균 5 7%에 해당하는 규모다. 블룸버그통신은 이번 계획이 기후목표와 경제성장을 병행하기 위한 첫 국가 단위 자금 산출 사례라고 전했다."
2986,opportunity,0.4647,positive,0.9896,에너지 관리,E,E_ENERGY__RENEWABLE_TRANSITION,신재생에너지 전환,0.4695734977722168,"삼성물산 상사부문 일본 법인이 현지 신재생에너지 기업 이렉스와 손잡고 에너지저장장치(ESS) 사업을 확대한다. 양사는 50대50 출자 비율로 합작법인을 설립하고, 일본 전역에 대규모 ESS 인프라를 구축할 계획이다. 첫 프로젝트는 미야자키현 구시마시에서 진행 중인 2000 규모 ESS 사업이며, 이후 20 이상 대형 프로젝트로 확대할 예정이다. 삼성물산은 양산 기술 개발과 설비 구축을 담당한다."
2987,opportunity,0.6168,positive,0.9998,에너지 관리,E,E_ENERGY__RENEWABLE_TRANSITION,신재생에너지 전환,0.6168925762176514,"머크 라이프사이언스가 SK이노베이션 E S와 20년 장기 전력구매계약(PPA)을 체결했다. 이는 머크가 아시아태평양 지역에서 체결한 최장기 재생에너지 계약으로, 16MW 규모의 재생에너지를 공급받는다. 대전과 송도 생산시설에 매년 2만1000MWh가량의 전력이 공급돼 한국 사업장 전체 전력 수요의 약 75%를 충당할 수 있다. 계약은 2027년 12월부터 본격 시행된다."
2988,context,0.2094,neutral,0.977,에너지 관리,E,E_ENERGY__RENEWABLE_TRANSITION,신재생에너지 전환,0.7143718004226685,"기후에너지환경부가 바이오가스 공급인증제 도입을 위한 제도 설계에 착수했다. 이번 제도는 신재생에너지 공급인증서(REC) 제도를 참고해, 생산자가 인증서를 거래하거나 발전소 도시가스망에 바이오가스를 공급할 수 있도록 하는 방식이다. 정부는 내년 중 제도안을 마련하고, 2027년 시행을 목표로 관련 법령 개정을 추진한다."
2989,opportunity,0.4611,positive,0.8626,기후변화·온실가스,E,E_CLIMATE__SCOPE1_2_EMISSION,Scope 1·2 배출량,0.5345163941383362,"캐나다 스타트업 큐라가 고온 가열(킬른) 대신 전기화학 분해 방식을 적용한 시멘트 생산 기술을 공개했다. 이 공정은 생산 과정의 이산화탄소 배출을 최대 85% 줄일 수 있다. 전력 사용량은 늘지만, 재생에너지 기반 전력을 활용하면 전체 탄소배출을 크게 낮출 수 있다."
2990,opportunity,0.5671,positive,0.9999,에너지 관리,E,E_ENERGY__RENEWABLE_TRANSITION,신재생에너지 전환,0.5671634674072266,"메타가 엔지 북미법인과 600MW 규모의 전력구매계약(PPA)을 체결하고, 트리티오크 클린에너지와 385MW 계약을 추가로 맺었다. 두 계약은 총 1GW 규모로, 미국 텍사스주와 루이지애나주에서 2027년 이후 전력을 공급받게 된다. 이는 AI 데이터센터 전력 수요 급증에 대응하기 위한 조치다. 메타는 100% 재생에너지 전력 사용 원칙을 유지하며 이번 계약을 추진했다."
2991,context,0.1632,neutral,0.9996,인적자원 관리,S,S_HR__DIVERSITY_INCLUSION,다양성 및 형평성 (DEI),0.5440930724143982,"한국거래소는 2024년 사업연도 기준 기업지배구조 보고서를 공시한 기업이 총 549개로 집계됐다고 밝혔다. 자산총액 5000억원 이상 의무공시 기업은 541개였으며 핵심지표 준수율은 전반적으로 높아졌다. 다만 자산 2조원 이상 기업의 준수율은 67.1%였고 자산 5000억원 이상 기업은 38.6%로 격차가 나타났다. 내부감사기구 외부감사인 소통, 이사회 내 성별 다양성, 배당 정책 통지 등 항목에서 차이가 두드러졌다."
2992,context,0.2148,neutral,0.9998,기후변화·온실가스,E,E_CLIMATE__SCOPE3_EMISSION,Scope 3 배출량,0.7162118554115295,"과학기반감축목표 이니셔티브(SBTi)가 기업의 넷제로 검증 체계를 전면 개편한 기업 넷제로 표준 V2 초안을 공개했다. 새 기준은 업종과 규모별로 다양한 감축 경로를 선택할 수 있도록 유연성을 확대했다. 직접배출(Scope 1)은 선형 감축, 저탄소 활동 확대, 자산 탈탄소화 계획 등 세 가지 접근을 병행할 수 있게 했다. 간접배출(Scope 2)과 가치사슬 배출(Scope 3)은 기업 유형에 따라 단기 장기 목표 설정 방식과 지표 선택 방식을 조정했다."
2993,context,0.2148,neutral,0.9998,기후변화·온실가스,E,E_CLIMATE__SCOPE1_2_EMISSION,Scope 1·2 배출량,0.7162118554115295,"과학기반감축목표 이니셔티브(SBTi)가 기업의 넷제로 검증 체계를 전면 개편한 기업 넷제로 표준 V2 초안을 공개했다. 새 기준은 업종과 규모별로 다양한 감축 경로를 선택할 수 있도록 유연성을 확대했다. 직접배출(Scope 1)은 선형 감축, 저탄소 활동 확대, 자산 탈탄소화 계획 등 세 가지 접근을 병행할 수 있게 했다. 간접배출(Scope 2)과 가치사슬 배출(Scope 3)은 기업 유형에 따라 단기 장기 목표 설정 방식과 지표 선택 방식을 조정했다."
2994,context,0.2014,neutral,0.9997,에너지 관리,E,E_ENERGY__RENEWABLE_TRANSITION,신재생에너지 전환,0.6715924143791199,쿠웨이트 민간협력청이 샤가야 재생에너지 단지 내 500MW(메가와트) 규모의 태양광 발전소 2곳의 개발 입찰을 본격화했다. 10월 사전 자격 심사를 통과한 주요 사업자에게 입찰 제안서 제출이 요청됐으며 한국서부발전도 포함됐다. 사업자는 EPC와 함께 소유 운영 유지보수 등을 맡게 된다. 운영권은 30년간 보장된다.
2995,opportunity,0.7418,positive,0.9998,에너지 관리,E,E_ENERGY__RENEWABLE_TRANSITION,신재생에너지 전환,0.7419259548187256,"SK이터닉스(SK eternix)가 100MW 규모 태양광 전력 공급을 위한 직접전력거래계약(Power Purchase Agreement, PPA)을 25일 체결했다고 밝혔다. 회사는 향후 25년간 총 5023억원 규모의 태양광 전력을 RE100 이행 기업에 공급할 계획이다. 이번 계약은 지난해 11월과 올해 6월에 이어 세 번째 대규모 직접 PPA 성과다."
2996,opportunity,0.5862,positive,0.9999,에너지 관리,E,E_ENERGY__RENEWABLE_TRANSITION,신재생에너지 전환,0.5862461924552917,LS일렉트릭이 미국 대형 민간 전력 유틸리티(IOU)와 4598억원 규모의 초고압 변압기 공급 계약을 체결했다고 26일 밝혔다. 계약 규모는 회사가 체결한 단일 초고압 변압기 계약 중 역대 최대다. LS일렉트릭은 2027 2029년 미국 동남부 데이터센터 전력을 공급할 신재생에너지 발전소에 525kV급 변압기를 납품하며 기존 115kV 354kV 중심 공급 범위를 확대한다.
2997,context,0.1892,neutral,0.9984,에너지 관리,E,E_ENERGY__RENEWABLE_TRANSITION,신재생에너지 전환,0.6317884922027588,정부가 2030년까지 육상풍력을 6GW 규모로 보급하고 발전단가를 1kWh당 150원으로 낮추는 목표를 제시했다. 기후에너지환경부는 육상풍력 보급 가속 전담반 첫 회의를 열어 입찰 확대와 민간 직접 PPA 활성화 방안을 논의했다. 정부는 2035년까지 육상풍력을 12GW로 늘리고 내년 상반기 중 입찰 로드맵을 발표할 계획이다. 또한 국내에서 터빈 300기 이상을 공급해 산업 경쟁력을 강화하겠다고 밝혔다.
2998,context,0.076,neutral,0.4874,에너지 관리,E,E_ENERGY__RENEWABLE_TRANSITION,신재생에너지 전환,0.5194616913795471,"전력직접구매제(PPA) 확산에 따라 산업계의 탈한전 움직임이 가속화되고 있다. 산업용 전력 수요처 중 29%를 차지하는 을( )요금 기업들이 직접 전력시장에 참여하면, 한전의 연간 매출 손실이 최대 14조원에 이를 수 있다는 분석이 나왔다."
2999,opportunity,0.5873,positive,0.9999,에너지 관리,E,E_ENERGY__RENEWABLE_TRANSITION,신재생에너지 전환,0.5873287916183472,넥스트에라 에너지가 구글과 메타 등 빅테크 기업과 대규모 전력구매계약(PPA)을 체결했다. 회사는 재생에너지뿐 아니라 천연가스와 원자력 발전까지 포함하는 공급 체계를 구축하고 있다. 동시에 가스 소매업체 인수와 신규 가스 발전소 개발에도 나섰다. AI 확산으로 증가하는 전력 수요에 대응하기 위한 전략으로 풀이된다.
3000,context,0.1956,neutral,0.9993,에너지 관리,E,E_ENERGY__RENEWABLE_TRANSITION,신재생에너지 전환,0.6523222327232361,정부가 신재생에너지공급의무화 제도를 폐지하고 재생에너지 입찰제도로 전환하는 방안을 추진 중이다. 이에 따라 태양광 현물시장 물량이 RE100 이행용 전력으로 거래될 수 있는 구조가 마련된다. 업계는 약 7GW 규모의 태양광 물량이 대상이 될 수 있다고 보고 있다. 실제 물량 이동 규모는 입찰 단가와 PPA 가격에 따라 결정될 것으로 전해졌다.
3001,opportunity,0.5903,positive,0.9672,에너지 관리,E,E_ENERGY__RENEWABLE_TRANSITION,신재생에너지 전환,0.6103148460388184,"중국 밍양 스마트에너지그룹이 독자 개발한 30메가와트(MW)급 순수 수소 가스터빈 목성 1호 가 발전에 성공했다. 이는 풍력 태양광 발전과 전기분해 기반 수소 생산을 결합한 실증 프로젝트가 실제 운영 단계에 들어섰다는 의미다. 해당 프로젝트는 재생에너지로 수소를 생산하고, 그 수소로 다시 전력을 생산하는 구조다. 중국은 이를 통해 전기와 수소를 연계한 에너지 전환 모델을 구축하고 있다."
3002,context,0.1731,neutral,0.9991,기후변화·온실가스,E,E_CLIMATE__SCOPE1_2_EMISSION,Scope 1·2 배출량,0.5775976181030273,국내 상장사의 지속가능경영보고서 공시는 증가했지만 기후 리스크의 정량적 재무 영향 공시는 여전히 부족한 것으로 나타났다. 한국거래소는 지난해 유가증권시장 상장사 225곳이 지속가능경영보고서를 공시했다고 밝혔다. 기후 시나리오 분석을 수행한 기업은 85곳으로 늘었으나 전체 대비 비중은 38%에 그쳤다. 온실가스 배출 공시에서 Scope 1 2는 대부분 공개했지만 연결기준으로 공시한 기업은 3곳에 불과했다.
3003,risk,0.3195,negative,0.5207,이사회 구조,G,G_BOARD__COMPOSITION_INDEPENDENCE,이사회 구성 및 독립성,0.6136358380317688,"유럽연합(EU)이 2026년부터 기업 경영진에 직접 법적 책임을 묻는 강력한 정보기술 보안 규제를 시행한다. 네트워크 정보 시스템 지침(NIS2)과 금융 부문 디지털운영탄력성법(DORA)이 핵심으로, 침해 사고 발생 시 경영진이 충분한 주의를 기울였음을 입증하도록 요구한다. 규정을 위반할 경우 기업은 최대 1000만 유로 또는 전 세계 연간 매출액의 상당 부분에 해당하는 벌금을 부과받을 수 있다. 적절한 거버넌스 체계를 갖추지 못한 상태에서 사고가 발생하면 이사회 구성원이 개인적으로 법적 책임을 질 수 있을 것으로 전망된다."
3004,context,0.1653,neutral,0.9998,ESG 데이터 거버넌스,G,G_DATA_GOVERNANCE__ESG_DATA_CONTROL,ESG 데이터 내부통제,0.5509727597236633,"기후에너지환경부가 올해 녹색정책금융 활성화 사업을 통해 기업 대출 이자 지원 규모를 3조원으로 확대한다. 기후부는 18일 신규 대출에 대한 이차보전 규모를 지난해 1조5500억원 대비 약 2배 수준으로 늘려 추진한다고 밝혔다. 지원 대상은 온실가스 감축 목적의 기업 투자 대출이다. 중소 중견기업의 접근성을 높이기 위해 100억원 이하 대출의 감축계획 외부검증 절차를 간소화하고, 금융회사의 녹색여신 검증으로 대체해 비용과 행정 부담을 줄일 방침이다."
3005,opportunity,0.6775,positive,0.9998,에너지 관리,E,E_ENERGY__RENEWABLE_TRANSITION,신재생에너지 전환,0.6776284575462341,"탑솔라가 현대건설과 국내 최대 규모의 재생에너지 전력 공급 협약을 체결했다. 탑솔라는 19일 현대건설과 재생에너지 전력공급계약(PPA) 체결을 위한 협약을 맺었다고 밝혔다. 합의된 전력 공급량은 총 1.5GW로, 대형 원전 1기 발전용량에 해당한다. 이는 국내 단일 기업 간 직접 전력 거래 가운데 최대 규모다. 공급되는 전력은 현대건설을 통해 RE100 이행을 추진하는 국내 주요 기업들에 전달될 예정이다."
3006,context,0.1547,neutral,0.9984,에너지 관리,E,E_ENERGY__RENEWABLE_TRANSITION,신재생에너지 전환,0.5164926052093506,"클라이밋 그룹과 탄소공개정보프로젝트(CDP) 위원회가 20일 발간한 RE100 2024 연례보고서 에 따르면, 한국에서 재생에너지 조달에 어려움을 겪은 기업은 70곳으로 조사됐다. 이는 미국(20곳)의 3.5배 수준이다. 2022년 대비 약 80% 증가했다. 응답 기업의 51.4%는 높은 비용을 주요 애로사항으로 꼽았다."
3007,context,0.1787,neutral,0.9994,에너지 관리,E,E_ENERGY__RENEWABLE_TRANSITION,신재생에너지 전환,0.5960132479667664,"인도 정부가 희토류 영구자석 제조 생태계 구축을 위한 보조금 계획을 확정했다. 블룸버그 통신에 따르면, 총 지원 규모는 730억 루피로 집계됐다. 전기차와 신재생에너지 산업에 필수적인 자석을 직접 생산해 중국 의존도 90%에서 벗어나는 것이 목표다. 인도 정부는 7년 내 연간 6000톤 규모의 생산 능력을 확보할 계획이며, 베단타와 JSW 그룹, 소나BLW 등이 참여 의사를 밝혔다."
3008,opportunity,0.5627,positive,0.9998,에너지 관리,E,E_ENERGY__RENEWABLE_TRANSITION,신재생에너지 전환,0.5628066658973694,"GS건설은 인도 마하라슈트라주에 위치한 파투르 태양광 발전단지 를 준공하고 상업운전에 돌입했다고 27일 밝혔다. 해당 발전단지는 총 12.75MWp 규모다. 연간 약 1800만 2000만kWh의 전력을 생산할 수 있다. GS건설은 개발사업자로 참여해 시공과 운영을 맡으며, 생산 전력 중 약 69%에 해당하는 13.9GWh를 일진글로벌 인디아에 25년간 공급할 예정이다."
3009,opportunity,0.5344,positive,0.9563,에너지 관리,E,E_ENERGY__RENEWABLE_TRANSITION,신재생에너지 전환,0.5588579773902893,"현대건설은 미국 태양광 개발 사업 루시(LUCY) 의 본공사에 착수했다고 28일 밝혔다. 현대건설은 27일 미국 텍사스주 댈러스에서 350MW 규모 태양광 발전 사업 착공식을 개최했다. 해당 프로젝트는 텍사스주 콘초 카운티 일대에 대규모 태양광 발전소를 건설 운영하는 사업이다. 현대건설, 한국중부발전, 한국해외인프라도시개발지원공사(KIND), EIP자산운용, PIS펀드 등이 참여한 팀 코리아 가 공동 추진하며, 현대건설은 개발 단계부터 지분 투자와 기술 검토, 태양광 모듈 공급을 담당한다."
3010,opportunity,0.6119,positive,0.9103,에너지 관리,E,E_ENERGY__RENEWABLE_TRANSITION,신재생에너지 전환,0.6721985340118408,아랍에미리트 국영 재생에너지 기업 마스다르는 우즈베키스탄에서 태양광과 에너지저장장치(ESS)를 결합한 최대 1GW 규모 재생에너지 프로젝트를 검토하고 있다. 마스다르는 22일 아부다비 지속가능성 주간(ADSW) 2026에서 우즈베키스탄 에너지부와 에미리트 유틸리티 개발회사(EUDC)와 협력 계약을 체결했다고 밝혔다. 이번 협력은 대규모 태양광 발전과 배터리를 결합해 연중무휴 전력을 공급하는 구조를 목표로 한다. 해당 프로젝트는 중앙아시아 지역에서 기저부하 재생에너지 모델을 구현하려는 시도로 소개됐다.
3011,opportunity,0.4524,positive,0.9682,에너지 관리,E,E_ENERGY__RENEWABLE_TRANSITION,신재생에너지 전환,0.4673038721084595,전력업계에 따르면 미국 전력회사의 설비투자액은 2024년 1730억달러에서 지난해 2147억달러로 24.1% 증가했다. 2000억달러를 넘어선 것은 이번이 처음이다. 이는 인공지능(AI) 데이터센터와 태양광 등 신재생에너지 단지 확산에 따른 전력 수요 증가에 대응하기 위한 투자다. 미국 전력기기 시장이 확대 국면에 진입한 흐름으로 전해졌다.
3012,context,0.1637,neutral,0.9998,에너지 관리,E,E_ENERGY__RENEWABLE_TRANSITION,신재생에너지 전환,0.5456619262695312,글로벌 금융그룹 ING는 2일(현지시각) 에너지 전망 2026 보고서를 발표했다. 보고서는 2026년 태양광과 풍력 성장이 이어지겠지만 전력망 제약과 무역 보호주의 정책으로 설치 과정이 복잡해질 것이라고 분석했다. EU가 중국산 칩과 부품을 공급망에서 배제할 경우 비용 상승과 설치 지연이 발생할 수 있다는 진단이다. 재생에너지 전환이 단기적으로 부담 요인에 직면했다고 평가했다.
3013,opportunity,0.3837,positive,0.9653,에너지 관리,E,E_ENERGY__RENEWABLE_TRANSITION,신재생에너지 전환,0.3974890410900116,월스트리트저널은 2일(현지시각) 구글 모회사 알파벳이 풍력 태양광 발전업체 인터섹트를 47억5000만달러(약 6조9000억원)에 인수하기로 했다고 보도했다. 인수가 완료되면 구글은 미국 빅테크 기업 중 발전 자회사를 보유한 유일한 기업이 된다. 이번 인수는 인공지능(AI) 데이터센터에 공급할 전력을 직접 확보하기 위한 조치다. 월스트리트저널은 이를 통해 구글이 경쟁사 대비 차별화된 전력 조달 구조를 갖추게 된다고 분석했다.
3014,opportunity,0.5487,positive,0.9996,에너지 관리,E,E_ENERGY__RENEWABLE_TRANSITION,신재생에너지 전환,0.5489668250083923,"한국전력은 3일 미국 괌에서 5억달러(약 7000억원) 규모의 태양광 에너지저장장치(ESS) 연계 재생에너지 사업 프로젝트파이낸스(PF) 계약을 체결했다고 밝혔다. 해당 사업은 괌 전력청이 발주했으며, 요나 지역에 태양광 132MW와 ESS 84MW 325MWh를 구축하는 프로젝트다. 모회사 상환보증 없이 현지 법인의 사업성과 장기 전력판매계약(PPA)을 기반으로 자금을 조달하는 구조다. 완공 시 연간 약 222GWh 전력 공급이 가능하다."
3015,opportunity,0.5412,positive,0.967,에너지 관리,E,E_ENERGY__RENEWABLE_TRANSITION,신재생에너지 전환,0.5597145557403564,태양광 업계에 따르면 삼성물산은 최근 펀드를 조성해 전국 소규모 태양광 발전소를 매입하고 있다. 이는 분산된 태양광과 에너지저장장치(ESS) 자원을 묶어 판매하는 애그리게이터 사업 진출을 위한 조치다. 애그리게이터는 분산 에너지 자원을 포트폴리오화해 기업과 전력시장에 공급하는 사업자를 의미한다. 국내에서는 SK이터닉스와 브라이트에너지파트너스 등이 관련 사업을 영위하고 있다.
3016,context,0.1858,neutral,0.9619,에너지 관리,E,E_ENERGY__RENEWABLE_TRANSITION,신재생에너지 전환,0.6437972187995911,공공기관의 재생에너지 사용 확대를 위한 K-RE100 이 출범했다. 정부는 올해부터 경영평가 대상 88개 공공기관에 K-RE100 가입 및 이행실적 을 평가지표로 반영한다. 이에 따라 공공기관은 매년 재생에너지 사용 실적을 평가받게 된다. 기후부는 현재 평균 14% 수준인 공공기관 재생에너지 사용 비율을 2030년까지 60%로 높인다는 계획이다.
3017,context,0.209,neutral,0.9997,ESG 데이터 거버넌스,G,G_DATA_GOVERNANCE__ESG_DATA_CONTROL,ESG 데이터 내부통제,0.6968280673027039,EU 집행위원회는 3일(현지시각) 유럽감사감독기구위원회(CEAOB)에 9월 30일까지 지속가능성 검증 기준 개발을 위한 기술 자문을 제출해달라고 요청했다. 이는 개정된 기업지속가능성보고지침(CSRD)에 따라 2027년 7월까지 제한적 보증(limited assurance) 기준을 담은 위임입법(Delegated Act)을 채택해야 하기 때문이다. 제한적 보증은 검증인이 ESG 보고서를 검토한 결과 중요한 오류가 발견되지 않았다는 소극적 결론을 제시하는 방식이다. 이는 질문과 분석적 절차 중심으로 수행되며 재무제표 반기 검토와 유사한 수준으로 설명됐다.
3018,context,0.0789,neutral,0.52,인적자원 관리,S,S_HR__DIVERSITY_INCLUSION,다양성 및 형평성 (DEI),0.5057842135429382,"미국 연방 고용평등기회위원회(EEOC)가 나이키의 다양성 형평성 포용성(DEI) 정책이 백인 직원에 대한 역차별에 해당하는지 여부를 조사하고 있다. EEOC는 2월 4일 미주리 동부 연방법원에 소환장 집행을 요청하는 문건을 제출했으며, 해당 문건에서 나이키가 DEI 프로그램과 관련해 의도적 인종 차별을 했을 가능성이 있다 고 밝히고 공식 조사에 착수했다고 설명했다. 이번 사안에서는 나이키가 공시한 DEI 목표와 활동 정보가 정부 조사 근거로 활용됐다는 점이 주목된다. EEOC는 나이키가 백인 직원과 지원자, 교육 프로그램 참가자에게 불리한 대우를 했는지 여부를 확인하고 있다."
3019,opportunity,0.6645,positive,0.9987,에너지 관리,E,E_ENERGY__RENEWABLE_TRANSITION,신재생에너지 전환,0.6653997302055359,영국 정부가 신재생에너지 차액계약제도(CfD)를 통해 14 15GW 규모의 신규 재생에너지 발전용량을 확보했다고 가디언이 10일(현지시간) 보도했다. 이는 2014년 하반기 CfD 시행 이후 최대 규모 계약이다. 태양광이 가장 큰 비중을 차지하며 육상풍력과 조력 발전도 포함됐다. 정부는 향후 수년간 해당 설비를 순차적으로 완공해 전력망에 연결할 계획이다.
3020,opportunity,0.608,positive,0.9998,에너지 관리,E,E_ENERGY__RENEWABLE_TRANSITION,신재생에너지 전환,0.6081240177154541,"메타는 미국에서 최대 6.6GW 규모의 원전 전력 확보를 목표로 비스트라 테라파워 오클로와 2035년까지의 계약을 체결했다. 20년간 전력구매계약(PPA)과 원전 개발 자금 지원, 기존 원전 수명 연장을 포함하는 합의로 AI 데이터센터 확장을 뒷받침하기로 했다. 나트리움 원전 2기 자금 지원과 최대 2.8GW 확대 계획, 오하이오주 원전 수명 연장 및 433MW 용량 증강 지원이 포함됐다. 이는 전력 공급망 안정과 지역사회 영향 확대를 고려한 조치로 설명됐다."
3021,opportunity,0.2984,positive,0.5554,에너지 관리,E,E_ENERGY__RENEWABLE_TRANSITION,신재생에너지 전환,0.5372421741485596,"SK그룹은 글로벌 사모펀드 운용사 KKR과 신재생에너지 사업 통합을 추진한다. SK이터닉스와 SK이노베이션 E S, SK에코플랜트의 신재생에너지 사업을 KKR에 패키지로 매각한 뒤 합작법인(JV) 지분을 취득하는 구조다. 매각 대상에는 SK디스커버리가 보유한 SK이터닉스 경영권 지분 30.98%도 포함됐다. 이를 통해 신재생에너지 사업을 통합 운영하는 체계를 구축할 계획이다."
3022,context,0.175,neutral,0.9959,에너지 관리,E,E_ENERGY__RENEWABLE_TRANSITION,신재생에너지 전환,0.585831880569458,정부가 분산형 전력망 확대를 위해 총 3210억원을 투입하는 계획을 추진했다. 올해 20개를 시작으로 2030년까지 배전망 85곳에 에너지저장장치(ESS)를 구축하는 방안이 포함됐다. 이를 통해 약 485MW 규모의 태양광 발전 추가 접속이 가능해질 것으로 제시됐다. 제주 시범 운영을 기반으로 육지 확대와 전력 시장 제도 개편도 함께 추진된다.
3023,context,0.1513,neutral,0.9994,에너지 관리,E,E_ENERGY__RENEWABLE_TRANSITION,신재생에너지 전환,0.5046456456184387,AI 데이터센터를 국가 전략 인프라로 육성하기 위한 특별법이 국회 법안소위원회에 상정됐다. 법안 논의에서는 전력 직접거래(PPA) 허용과 전력계통영향평가 면제 여부가 핵심 쟁점으로 부각됐다. 1GW급 데이터센터의 연간 전기요금이 약 1조원에 달하는 만큼 안정적인 전력 조달 체계 마련이 산업 경쟁력과 직결되는 사안으로 제시됐다. 법안의 실효성은 전력 특례의 적용 범위와 방식에 따라 달라질 가능성이 제기됐다.
3024,opportunity,0.6631,positive,0.9903,에너지 관리,E,E_ENERGY__RENEWABLE_TRANSITION,신재생에너지 전환,0.6695858836174011,글로벌 식품 기업 마스(Mars)는 스웨덴 쾨발렌 풍력발전소 발전량의 약 70%를 장기 전력구매계약(PPA)을 통해 확보했다. 해당 풍력발전소는 설비용량 277.2MW로 연간 약 670GWh 전력을 생산한다. 마스는 이 전력을 자사 운영 시설뿐 아니라 공급망 전반에 활용할 계획이라고 밝혔다. 이번 계약은 유럽 가치사슬의 탈탄소화를 추진하는 동시에 프로젝트 금융 조달 안정성 확보에도 기여하는 구조로 설명됐다.
3025,opportunity,0.6095,positive,0.9842,에너지 관리,E,E_ENERGY__RENEWABLE_TRANSITION,신재생에너지 전환,0.6192905902862549,OCI홀딩스 자회사 OCI에너지는 아라바파워(Arava Power)와 공동 개발 중인 미국 텍사스 Sun Roper 태양광 프로젝트의 금융 조달을 완료했다. 조달 규모는 약 3억9400만달러이며 ING Capital이 단독 주관사로 참여했다. 발전 용량은 260MW이며 텍사스 전력시장과 20년 전력구매계약(PPA)을 체결해 수익 구조를 확보했다. 해당 프로젝트는 투자세액공제(ITC) 30%와 에너지 커뮤니티 보너스 10%를 합쳐 최대 40%의 투자비 환급이 가능하며 2027년 3분기 상업 운전을 시작할 예정이다.
3026,context,0.1954,neutral,0.9994,에너지 관리,E,E_ENERGY__RENEWABLE_TRANSITION,신재생에너지 전환,0.6516298651695251,AI 데이터센터(AIDC) 진흥 법안의 핵심 쟁점인 전력 직접구매계약(PPA) 허용 여부를 두고 과학기술정보통신부와 기후에너지환경부 간 의견 차이가 발생하면서 법안 처리가 보류됐다. PPA는 발전사업자와 직접 계약을 체결해 전력 비용을 절감하고 전력 수요를 지방으로 분산하는 방식이다. 해당 제도는 대규모 전력 수요가 발생하는 데이터센터 산업의 경쟁력과 직결되는 정책으로 논의되고 있다. 글로벌 사례로는 오픈AI의 스타게이트(Stargate) 프로젝트에 약 5000억달러 규모 투자가 추진되는 점이 언급됐다.
3027,opportunity,0.5923,positive,0.9885,에너지 관리,E,E_ENERGY__RENEWABLE_TRANSITION,신재생에너지 전환,0.5992091298103333,"SK온은 전기차 배터리 중심 사업 구조에서 벗어나 데이터센터용 에너지 솔루션 중심 전략으로 전환하고 있다. 그룹 차원의 합병과 사업 재편을 통해 전력망, ESS, 냉각 기술을 결합한 통합 시스템을 구축했다. LNG와 신재생에너지 역량, 액침냉각 기술을 활용한 대응 전략이 제시됐다. 글로벌 데이터센터 전력 수요는 2026년 1000TWh를 넘어서며 2배 이상 증가할 것으로 언급됐다."
3028,context,0.1734,neutral,0.997,에너지 관리,E,E_ENERGY__EFFICIENCY_CONSUMPTION,에너지 소비 및 효율화,0.5798788070678711,구글과 테슬라 등이 참여한 산업 연합 유틸라이즈 가 공식 출범했다. 해당 연합은 기존 전력망의 유휴 용량을 활용해 전력 수요 증가에 대응하는 방안을 제시했다. 미국 전력망 평균 가동률은 약 53% 수준으로 제시됐다. 버지니아주에서는 전력망 활용도 지표 도입 법안이 통과되며 정책 방향이 설비 확충에서 이용 효율 개선으로 전환되는 흐름이 나타났다.
3029,opportunity,0.5265,positive,0.9937,에너지 관리,E,E_ENERGY__EFFICIENCY_CONSUMPTION,에너지 소비 및 효율화,0.5297881960868835,"SK엔무브는 하이브리드 차량용 윤활유 지크(ZIC) 를 중국 6개 완성차 브랜드에 공급했다. 제품은 BYD, 지리, 창안, 광저우자동차, 체리 등 주요 업체 차량에 적용됐다. 저온 시동성과 효율 개선이 주요 기술 요소로 제시됐다."
3030,context,0.1702,neutral,0.9929,기후변화·온실가스,E,E_CLIMATE__CLIMATE_GOVERNANCE_INVENTORY,기후 거버넌스·인벤토리,0.5713090300559998,"탄소회계 플랫폼 그린리(Greenly)는 3월 9일 주요 플래그십 스마트폰의 생애주기 탄소배출 분석 보고서를 발표했다. 분석 결과 스마트폰 탄소배출의 약 80 85%가 제조 단계에서 발생했으며, 갤럭시 S25는 제조 단계 배출량 42.7kg CO e로 가장 낮았다. 반면 구글 픽셀10은 약 73.8kg으로 가장 높았고, 샤오미 14(47.2kg), 아이폰17 프로(51.2kg)가 뒤를 이었다. 재활용 소재 확대는 기기당 약 3.3kg CO e 수준 감축에 그쳐 전체 배출량의 약 5 6% 영향에 머무는 것으로 나타났다."
3031,context,0.1745,neutral,0.998,ESG 데이터 거버넌스,G,G_DATA_GOVERNANCE__ESG_DATA_CONTROL,ESG 데이터 내부통제,0.5827171802520752,EY는 3월 공개한 조사에서 금융회사 25곳 중 70%가 지속가능성 공시 대응에 AI 활용 계획을 밝혔다. ESG 공시 기능이 전담 조직에서 재무 리스크 컴플라이언스 부서로 이동하며 내부통제 체계도 재무 기준 중심으로 재편되고 있다. 데이터 거버넌스 취약성과 규제 변화에도 불구하고 자동화 도입이 확대되는 흐름이다. 금융사들은 데이터 정확성과 소유권 요구에 대응하며 공시 체계를 고도화하고 있다.
3032,context,0.1745,neutral,0.998,윤리경영·준법,G,G_ETHICS__ANTI_CORRUPTION_COMPLIANCE,반부패 및 컴플라이언스,0.5827171802520752,EY는 3월 공개한 조사에서 금융회사 25곳 중 70%가 지속가능성 공시 대응에 AI 활용 계획을 밝혔다. ESG 공시 기능이 전담 조직에서 재무 리스크 컴플라이언스 부서로 이동하며 내부통제 체계도 재무 기준 중심으로 재편되고 있다. 데이터 거버넌스 취약성과 규제 변화에도 불구하고 자동화 도입이 확대되는 흐름이다. 금융사들은 데이터 정확성과 소유권 요구에 대응하며 공시 체계를 고도화하고 있다.
3033,context,0.2015,neutral,0.9973,기후변화·온실가스,E,E_CLIMATE__SCOPE1_2_EMISSION,Scope 1·2 배출량,0.6735566258430481,국립환경과학원은 CBAM 확정기에 대응하기 위해 기업이 현장에서 활용할 수 있는 배출량 산정 지침 고도화 작업에 착수했다. 적용 대상은 시멘트 비료 철강 알루미늄 수소 전력 6개 품목으로 직접 간접 배출량이 모두 포함된다. 정부는 기지불 탄소가격 산정 체계와 공동인정심사 체계를 구축해 이중 부담을 완화하는 방안을 추진하고 있다. EU 인증 절차 수용을 위한 국내 대응 체계 정비가 본격화된 상황이다.
3034,opportunity,0.6389,positive,0.9989,에너지 관리,E,E_ENERGY__RENEWABLE_TRANSITION,신재생에너지 전환,0.6395809650421143,"LG전자 인도법인은 힌두자 리뉴어블스와 선슈어 에너지와 25년 재생에너지 전력구매계약(PPA)을 체결하고 지분 인수를 진행했다. 푸네 공장 27.7MWp, 노이다 공장 82.5MWp 규모 태양광 발전소에서 전력을 공급받는 구조다. 계약은 올해 2분기부터 가동될 예정이다. 인도 생산거점의 전력 공급망 안정화와 탄소중립 대응이 추진됐다."
3035,context,0.208,neutral,0.9999,기후변화·온실가스,E,E_CLIMATE__CLIMATE_GOVERNANCE_INVENTORY,기후 거버넌스·인벤토리,0.6936001777648926,정부는 EU 탄소국경조정제도와 ESG 공시 의무 강화에 대응해 기업의 온실가스 배출량 산정 역량 강화 정책을 추진하고 있다. 전력 배출계수 고도화와 전 과정목록 데이터베이스 구축이 포함됐다. 해당 데이터는 올해 하반기부터 매년 업데이트될 예정이다. 3월 26일 정책토론회를 통해 제도 보완과 기업 지원 방향 논의가 진행된다.
3036,opportunity,0.6262,positive,0.9995,에너지 관리,E,E_ENERGY__RENEWABLE_TRANSITION,신재생에너지 전환,0.6265309453010559,"LX인터내셔널과 PLN 인도네시아 파워는 재생에너지 개발 협력을 위한 업무협약을 체결하고, 현지 프로젝트 발굴과 점진적 사업화 가능성을 공동으로 검토하기로 했다. LX인터내셔널은 인도네시아에서 자원개발과 민자발전 사업 경험, 현지 네트워크를 바탕으로 신재생에너지 분야로의 사업 확장을 추진하고 있다. LX인터내셔널은 2월 인도네시아 정부로부터 하상 수력발전소의 탄소감축 실적 기반 탄소배출권 사업 승인을 받은 바 있다. 이에 따라 향후 관련 사업의 수익화 기반이 갖춰진 점이 함께 주목됐다."
3037,context,0.1425,neutral,0.9731,에너지 관리,E,E_ENERGY__EFFICIENCY_CONSUMPTION,에너지 소비 및 효율화,0.4882794916629791,"미국 정부는 2026 2027년 바이오연료 사용량을 사상 최대 수준으로 확대하는 방안을 추진하고 있다. 환경보호청(EPA)은 바이오연료 사용 목표를 270억갤런으로 제시했고, 이는 2025년 대비 60% 증가한 규모다. 그러나 수요 확대에 따라 대두유와 팜유 수입 의존도가 커질 수 있어 열대우림 파괴와 이산화탄소 배출 증가 우려가 제기됐다. 전문가와 연구기관은 전 주기 평가와 공급망 관리 없이 시행될 경우 환경적 이익이 줄고 비용이 크게 늘 수 있다고 지적했다."
3038,opportunity,0.6242,positive,0.95,에너지 관리,E,E_ENERGY__EFFICIENCY_CONSUMPTION,에너지 소비 및 효율화,0.657036542892456,"GS칼텍스와 베올리아는 여수공장 유틸리티 운영 혁신과 ESG 경영 강화를 위한 포괄적 업무협약을 체결했다. 양사는 사업전환과 디지털 AI 전환, 그린전환을 아우르는 통합 솔루션을 공동 개발하는 전략적 파트너십으로 협력 범위를 넓혔다. 이번 협력은 수처리 중심에서 나아가 폐수 재이용과 냉각 시스템 효율 개선, AI 기반 실시간 데이터 분석을 통해 에너지와 물 사용량, 온실가스 배출을 줄이는 데 초점을 맞췄다."
3039,context,0.1083,neutral,0.6079,에너지 관리,E,E_ENERGY__RENEWABLE_TRANSITION,신재생에너지 전환,0.5940769910812378,"정부는 신재생에너지 100GW 보급 목표 달성 시점을 2030년으로 앞당기고 산업단지와 대형 공장 건설 시 지붕형 태양광 설치를 의무화하는 방안을 추진하고 있다. 다만 국내 태양광 시장의 지난해 신규 설치량은 약 3GW에 머물렀고, 중국 기업의 저가 공세로 국내 수요가 잠식될 수 있다는 우려가 제기됐다. 국내 1위 태양광 기업인 한화솔루션 큐셀부문의 국내 공장 가동률도 20% 수준으로 제시됐다."
3040,context,0.1233,neutral,0.671,에너지 관리,E,E_ENERGY__RENEWABLE_TRANSITION,신재생에너지 전환,0.6124456524848938,중국 국영 에너지 기업 중국총핵발전그룹은 라오스 북부에 1GW 규모의 태양광 발전 단지를 준공하고 초기 단계 설비를 전력망에 연결했다. 이 단지는 약 223만개의 패널을 바탕으로 연간 약 16억5000만kWh의 전력을 생산하도록 설계됐다. 사업 측은 이를 통해 표준 석탄 사용량 50만톤 절감과 이산화탄소 배출 130만톤 감소 효과를 제시했다. 이번 프로젝트는 동남아시아 최대 규모 태양광 사업 가운데 하나로 소개되며 중국과 라오스의 에너지 협력 확대 사례로 제시됐다.
3041,opportunity,0.6466,positive,0.9996,에너지 관리,E,E_ENERGY__RENEWABLE_TRANSITION,신재생에너지 전환,0.6468927264213562,젤레스트라와 EDP는 스페인 카세레스주 피사로소 태양광 발전소에 160MWh 규모의 배터리 에너지저장장치를 추가하는 전력구매계약을 체결했다. 이번 계약은 기존 재생에너지 자산에 배터리를 결합한 첫 사례로 제시됐다. 이를 통해 발전량 변동성을 낮추고 전력망 수요에 따라 보다 유연하게 설비를 운영할 수 있게 됐다. 신규 설비 건설이 아닌 기존 자산의 활용도를 높이는 방식이라는 점에서 재생에너지 저장 확산의 새로운 모델로 제시됐다.
3042,context,0.1611,neutral,0.9785,에너지 관리,E,E_ENERGY__EFFICIENCY_CONSUMPTION,에너지 소비 및 효율화,0.5489358901977539,"네이버는 인공지능 시대의 전력 및 탄소 리스크 관리를 위해 1조6212억원 규모의 그린본드를 발행했다. 발행 물량은 5년 만기 달러 채권 5억달러와 7년 만기 유로 채권 5억유로로 구성됐고, 글로벌 수요는 100억달러를 넘었다. 조달 자금은 친환경 데이터센터 구축과 에너지 효율 개선에 사용된다. 네이버는 이를 통해 2030년 재생에너지 60% 목표와 2040년 카본 네거티브 전략을 추진하고, 유럽 투자자 기반도 넓힐 계획이다."
3043,opportunity,0.6114,positive,0.9998,에너지 관리,E,E_ENERGY__RENEWABLE_TRANSITION,신재생에너지 전환,0.6114743947982788,네이버는 GS풍력발전과 재생에너지 직접거래(PPA) 계약을 체결하고 발전소 지분 30%를 인수했다. 이번 계약은 RE100 가입 기업이 재생에너지 발전법인에 직접 투자하는 방식으로 재생에너지를 확보한 첫 사례로 언급됐다. GS풍력발전은 2028년 상반기 상업 운전을 시작한 뒤 네이버 데이터센터에 전력을 공급할 예정이다. 네이버는 2029년 기준 회사 전체 전력사용량의 약 46%까지 재생에너지 전환율을 높일 것으로 전망됐다.
3044,opportunity,0.6838,positive,0.9998,에너지 관리,E,E_ENERGY__RENEWABLE_TRANSITION,신재생에너지 전환,0.6839586496353149,한국산업은행이 현대차그룹 미국 현지법인의 RE100 달성을 지원하기 위해 200MW 규모의 태양광 프로젝트파이낸싱 금융주선 계약을 완료했다. 이번 사업은 15년간의 전력구매계약과 재생에너지 공급인증서 발급을 통해 장기 전력구매 구조를 마련했다. 이를 통해 연간 약 476GWh의 재생에너지를 확보하고 약 17만7800톤의 온실가스를 감축할 것으로 제시됐다.
3045,context,0.1803,neutral,0.9993,에너지 관리,E,E_ENERGY__RENEWABLE_TRANSITION,신재생에너지 전환,0.6013295650482178,"정부가 RE100의 금융화를 추진하기 위해 약 3500억원 규모의 RE100 생산적 금융 펀드를 출범했다. 펀드는 위탁운용사를 통해 관리되며, 모펀드 아래 다수의 하위펀드를 두고 지분투자와 대출, 채권 등 다양한 금융수단으로 재생에너지 발전사업에 자금을 공급하는 구조로 설계됐다. 정부는 기업이 부담하던 녹색프리미엄 비용을 자본으로 재구성해 생산적 금융으로 전환하는 방식을 제시했다. 민간 투자자를 유치해 펀드 운용 규모를 확대하는 방향도 함께 추진했다."
3046,context,0.2163,neutral,0.9999,기후변화·온실가스,E,E_CLIMATE__SCOPE3_EMISSION,Scope 3 배출량,0.7210645079612732,기후부와 한국환경산업기술원은 철강업종의 Scope 3 배출량 산정 안내서를 처음 발간했다. 안내서는 GHG 프로토콜의 15개 카테고리 중 구매한 제품 서비스와 판매된 제품의 사용을 중심으로 원자재 목록과 산정 방법을 제시했다. 철강업은 국내 공시 체계와 글로벌 탄소 규제가 맞물리면서 공급망 배출량 관리 필요성이 커지고 있다. 철강기업의 공급망 탄소 데이터 구축이 규제 대응과 경쟁력 확보의 핵심 과제로 떠올랐다.
3047,opportunity,0.3476,positive,0.9137,기후변화·온실가스,E,E_CLIMATE__SCOPE3_EMISSION,Scope 3 배출량,0.3804611563682556,"프랑스의 토탈에너지는 루이스 에너지 그룹과 텍사스 이글 포드 분지에 있는 일부 건식 가스 생산 자산의 지분 45%를 인수하는 계약을 체결해 미국 내 천연가스 발자국을 확장하고 있다고 밝혔다. 토탈에너지의 탐사 및 생산 사장인 니콜라스 테라즈는 이번 인수로 미국 내 업스트림 가스 입지가 더욱 강화되고, 저렴한 업스트림 가스 공급으로 통합 LNG 입지에 기여하게 됐다 고 말했다."
3048,opportunity,0.5176,positive,0.9746,에너지 관리,E,E_ENERGY__RENEWABLE_TRANSITION,신재생에너지 전환,0.5310415029525757,"고려아연이 지분 30%를 보유한 호주 남반구 최대 풍력발전소가 가동을 시작했다. 영풍 MBK파트너스와 경영권 분쟁을 겪는 와중에도 최윤범 회장이 이끌어온 신재생에너지 등 신( ) 사업이 순항하고 있다는 평가가 나왔다. 8일 고려아연은 호주 자회사 아크에너지가 지분 투자한 맥킨타이어(MacIntyre) 풍력발전소가 지난 4일 첫 가동에 들어갔다고 밝혔다. 2022년 3월 착공에 들어가 현재 공정율은 85%가 넘어섰으며, 이번에 1차로 27개의 풍력 터빈의 부분가동을 통해 첫 전력을 생산한다."
